group,control,words,n_models,mean,median,n_positive,n_negative,min,max,loo_min,loo_max,loo_min_dropped,loo_max_dropped,t_p,wilcoxon_p
decoders,linear,all,9,0.3049538461538404,0.34919866258043825,9,0,0.06788918343615989,0.43981835938828284,0.2880957819995351,0.33458692899355047,llama-2-7b,llama-3.1-8b,0.00026409288380129826,0.00390625
decoders,quadratic,all,9,0.21157679277582747,0.21134313931849247,9,0,0.06700376524241562,0.3633529181510723,0.19260477710392182,0.22964842121750392,llama-2-7b,llama-3.1-8b,0.00027419554595231973,0.00390625
llama,linear,all,4,0.2499746897776055,0.2460956081429896,4,0,0.06788918343615989,0.43981835938828284,0.18669346657404637,0.3106698585580874,llama-2-7b,llama-3.1-8b,0.09683199611193145,0.125
llama,quadratic,all,4,0.211111511377999,0.20704468105925403,4,0,0.06700376524241562,0.3633529181510723,0.16036437578697457,0.2591474267565268,llama-2-7b,llama-3.1-8b,0.08244039480465004,0.125
qwen,linear,all,5,0.34893717125482837,0.34919866258043825,5,0,0.27139961554224773,0.4385700018875895,0.3265289635966381,0.3683215601829735,qwen3-8b,qwen-7b,0.0004598595328541024,0.0625
qwen,quadratic,all,5,0.2119490178940902,0.21134313931849247,5,0,0.17096347621328853,0.2623085731500116,0.19935912908010986,0.2221954033142906,qwen3-8b,qwen-7b,0.0001335186996907792,0.0625
encoders,linear,all,4,0.1781618250553565,0.27695833411199366,3,1,-0.2606180436838699,0.4193486756813084,0.09776620818003913,0.3244217813017653,roberta-base,xlm-roberta-base,0.32806467551468177,0.375
encoders,quadratic,all,4,0.06212986185501117,0.10507707774023331,3,1,-0.17885848858244635,0.21722378052202446,0.010431888966006752,0.14245931200083034,roberta-base,spanbert-base-cased,0.5204510620889469,0.625
decoders,linear,without_all,9,0.30462216020774474,0.34878000897178485,9,0,0.06762312045375521,0.4396523990744332,0.2877433803494086,0.33424704017699336,llama-2-7b,llama-3.1-8b,0.0002663667309935021,0.00390625
decoders,quadratic,without_all,9,0.21117751961883802,0.21085548500979193,9,0,0.06671604599817643,0.3630831562616941,0.19218931503848097,0.22923520382142068,llama-2-7b,llama-3.1-8b,0.0002777006642790801,0.00390625
decoders,linear,without_alone,9,0.304620313383557,0.3487405536351563,9,0,0.06758567391550405,0.43946083122801766,0.28776524865299946,0.33424964331706364,llama-2-7b,llama-3.1-8b,0.0002655693761620961,0.00390625
decoders,quadratic,without_alone,9,0.21118564238339393,0.21079397892844332,9,0,0.06668517727389828,0.3629661732167693,0.19221307602922205,0.2292482005220809,llama-2-7b,llama-3.1-8b,0.00027721596258594247,0.00390625
decoders,linear,without_back,9,0.3045097605134849,0.348709764525737,9,0,0.06744910510685706,0.43928493956125086,0.28766286313251416,0.3341423424393134,llama-2-7b,llama-3.1-8b,0.00026645599032997533,0.00390625
decoders,quadratic,without_back,9,0.21106108659015746,0.21076635788855075,9,0,0.06655786748106995,0.362733924405821,0.19210198186319952,0.22912398897879338,llama-2-7b,llama-3.1-8b,0.000277881840366842,0.00390625
decoders,linear,without_basis,9,0.3047592631441856,0.34898680637406815,9,0,0.06777196383136401,0.43957921576590575,0.2879067690664706,0.3343826755582884,llama-2-7b,llama-3.1-8b,0.00026471929176389295,0.00390625
decoders,quadratic,without_basis,9,0.2114297580033746,0.21100002143425908,9,0,0.06688399816651411,0.3631422750000006,0.19246569337879632,0.22949797798298216,llama-2-7b,llama-3.1-8b,0.0002751124172062657,0.00390625
decoders,linear,without_better,9,0.30525202082973685,0.34980690606629133,9,0,0.067907298485306,0.4402468249736756,0.2883776703117445,0.33492011112279074,llama-2-7b,llama-3.1-8b,0.0002653700112770656,0.00390625
decoders,quadratic,without_better,9,0.21138627276826755,0.21104380758659705,9,0,0.06693595056124567,0.3632455189064766,0.19240386700099144,0.22944256304414531,llama-2-7b,llama-3.1-8b,0.0002761642190563717,0.00390625
decoders,linear,without_death,9,0.30466257175259726,0.34887242051579725,9,0,0.0679825251008959,0.4393458160369975,0.2878271662170472,0.3342475775840599,llama-2-7b,llama-3.1-8b,0.000263625741511743,0.00390625
decoders,quadratic,without_death,9,0.21124312947425367,0.2109172584341862,9,0,0.06711105757326219,0.3628080267783094,0.19229751731124667,0.22925963846187758,llama-2-7b,llama-3.1-8b,0.00027350248628273544,0.00390625
decoders,linear,without_down,9,0.3053444288001541,0.34971462355033145,9,0,0.06826079437961302,0.44024167358344857,0.2884822732022423,0.33497988310272175,llama-2-7b,llama-3.1-8b,0.00026190353449360873,0.00390625
decoders,quadratic,without_down,9,0.21192010235113404,0.2115647223385552,9,0,0.06742130064312225,0.3638885663562668,0.19292404435049243,0.2299824525646355,llama-2-7b,llama-3.1-8b,0.00027184441664820144,0.00390625
decoders,linear,without_evidence,9,0.3050822983303293,0.349361368862388,9,0,0.06765146195851567,0.43999318279255384,0.2882184377725513,0.3347611528768061,llama-2-7b,llama-3.1-8b,0.0002661547920938202,0.00390625
decoders,quadratic,without_evidence,9,0.21174742963214288,0.21184942575762977,9,0,0.06672983098760563,0.36353420705891565,0.19277408245379626,0.22987462946271003,llama-2-7b,llama-3.1-8b,0.0002760279965414106,0.00390625
decoders,linear,without_first,9,0.3048863556960185,0.34941437792462016,9,0,0.06798883757620433,0.43947405736042555,0.2880628929879676,0.33449854546099533,llama-2-7b,llama-3.1-8b,0.0002643406915471683,0.00390625
decoders,quadratic,without_first,9,0.21138537981809513,0.21116196551795718,9,0,0.0670914092429992,0.36298598303043844,0.1924353044165522,0.2294221261399821,llama-2-7b,llama-3.1-8b,0.00027360447357790556,0.00390625
decoders,linear,without_heart,9,0.3047900591601842,0.3490228623406314,9,0,0.06806197252193141,0.4395694553177567,0.2879426346404876,0.33438106998996575,llama-2-7b,llama-3.1-8b,0.00026308873625570975,0.00390625
decoders,quadratic,without_heart,9,0.21146749079129112,0.21137654037611942,9,0,0.06718854600556852,0.363138612994385,0.19250860051590438,0.22950235888950643,llama-2-7b,llama-3.1-8b,0.00027244995169927756,0.00390625
decoders,linear,without_here,9,0.30481369087351445,0.3488473459286989,9,0,0.06806288251689083,0.43956269320092256,0.28797006558258853,0.33440754191809247,llama-2-7b,llama-3.1-8b,0.0002622123457144162,0.00390625
decoders,quadratic,without_here,9,0.21143969844233637,0.21094975363207946,9,0,0.06722569426677753,0.36303515796442765,0.19249026600207494,0.2294664489642812,llama-2-7b,llama-3.1-8b,0.0002713460870333091,0.00390625
decoders,linear,without_information,9,0.3052033901175027,0.349555538141254,9,0,0.06847924204223954,0.4400841959392769,0.28834328938978093,0.3347939086269106,llama-2-7b,llama-3.1-8b,0.00026025017769209163,0.00390625
decoders,quadratic,without_information,9,0.21171322491684746,0.21129757711787026,9,0,0.06759503675189295,0.3634893914571097,0.1927412040993147,0.22972799843746677,llama-2-7b,llama-3.1-8b,0.00026978481192886444,0.00390625
decoders,linear,without_just,9,0.30482693860035154,0.34905160539011804,9,0,0.06761912115094891,0.439586626267782,0.28798197764192274,0.33447791578152686,llama-2-7b,llama-3.1-8b,0.0002655114197957152,0.00390625
decoders,quadratic,without_just,9,0.211496656138626,0.21146582215209,9,0,0.06672446919476087,0.36314468559544855,0.1925406524565232,0.22959317950660915,llama-2-7b,llama-3.1-8b,0.00027573704584831534,0.00390625
decoders,linear,without_less,9,0.30477732885131104,0.3490620351628304,9,0,0.06773390353274832,0.4397432673830462,0.2879065865348442,0.3344077570161314,llama-2-7b,llama-3.1-8b,0.00026460175073269855,0.00390625
decoders,quadratic,without_less,9,0.2112389530671315,0.2108211297307004,9,0,0.06677211343379445,0.3631969127897727,0.19224420810180132,0.2292973080212986,llama-2-7b,llama-3.1-8b,0.00027654741841429055,0.00390625
decoders,linear,without_little,9,0.30460058865373835,0.3487777428470741,9,0,0.06774477607166529,0.43936323134515903,0.2877552583173108,0.3342075652264975,llama-2-7b,llama-3.1-8b,0.00026494590633464177,0.00390625
decoders,quadratic,without_little,9,0.21117466522889047,0.21082629609079037,9,0,0.06686160230295142,0.36282640603398986,0.19221819762825307,0.22921379809463288,llama-2-7b,llama-3.1-8b,0.00027564708657650666,0.00390625
decoders,linear,without_major,9,0.30534068204912457,0.3498450821951063,9,0,0.06880001360479684,0.43968022187635064,0.2885482395707213,0.3349082656046656,llama-2-7b,llama-3.1-8b,0.00025906101672603944,0.00390625
decoders,quadratic,without_major,9,0.21196711256116718,0.21169500949562403,9,0,0.06792609454293472,0.3632485097818546,0.19305693790858128,0.22997223981344625,llama-2-7b,llama-3.1-8b,0.00026617078268337924,0.00390625
decoders,linear,without_more,9,0.3049383864222863,0.34933096464327507,9,0,0.06816103811797417,0.4399435315821271,0.2880627432773062,0.3345355549603253,llama-2-7b,llama-3.1-8b,0.0002627821816400455,0.00390625
decoders,quadratic,without_more,9,0.21138702094879425,0.21080598681597273,9,0,0.06731225134226976,0.36320714990165887,0.19240950482968616,0.22939636714960981,llama-2-7b,llama-3.1-8b,0.0002729195205375211,0.00390625
decoders,linear,without_most,9,0.30505089274397673,0.3495918972366131,9,0,0.06808011533025911,0.43965787532491635,0.2882250199213593,0.33467223992069145,llama-2-7b,llama-3.1-8b,0.00026418855860574076,0.00390625
decoders,quadratic,without_most,9,0.21146605564267604,0.21103546271430415,9,0,0.06719474182507267,0.3630916673723499,0.19251285417646682,0.22949996986987647,llama-2-7b,llama-3.1-8b,0.0002731764127221938,0.00390625
decoders,linear,without_much,9,0.30479650710334794,0.349168055341141,9,0,0.06799388697182722,0.4395660736330771,0.2879503112871318,0.33439683461978803,llama-2-7b,llama-3.1-8b,0.00026353853011687825,0.00390625
decoders,quadratic,without_much,9,0.2113384911383873,0.21087050456322157,9,0,0.06708717599175106,0.36301061915062344,0.19237947513685777,0.22936990553171682,llama-2-7b,llama-3.1-8b,0.0002738620917022299,0.00390625
decoders,linear,without_no,9,0.3049425706240084,0.34912222624015926,9,0,0.06765101307407131,0.4399778598791778,0.28806315946711225,0.3346040153177506,llama-2-7b,llama-3.1-8b,0.0002662927464744129,0.00390625
decoders,quadratic,without_no,9,0.2114146413060537,0.21077430625585786,9,0,0.06675799532236991,0.36361170047961067,0.19239000890935903,0.22949672205401414,llama-2-7b,llama-3.1-8b,0.0002786143210218871,0.00390625
decoders,linear,without_now,9,0.3046268599141484,0.3487237316090956,9,0,0.06742727852156984,0.4393848401191452,0.2877821123885238,0.33427680758822076,llama-2-7b,llama-3.1-8b,0.00026683156042312694,0.00390625
decoders,quadratic,without_now,9,0.21120951844185332,0.21096521977322585,9,0,0.06654185427881554,0.3628593003078739,0.19225329570860075,0.22929297646223307,llama-2-7b,llama-3.1-8b,0.000277397894196915,0.00390625
decoders,linear,without_only,9,0.3048818217206344,0.3490595859824171,9,0,0.06814059022982591,0.43956504007758207,0.2880464194260159,0.3344744756569854,llama-2-7b,llama-3.1-8b,0.00026271428177526793,0.00390625
decoders,quadratic,without_only,9,0.21147181700714596,0.21097418672856677,9,0,0.06725577628649299,0.36312728747884476,0.1925148831981836,0.22949882209722755,llama-2-7b,llama-3.1-8b,0.0002731404617024839,0.00390625
decoders,linear,without_past,9,0.3046694055630438,0.3488279753720261,9,0,0.06776094326669552,0.4394945273349607,0.28781626534155413,0.3342829633500873,llama-2-7b,llama-3.1-8b,0.00026468832999718085,0.00390625
decoders,quadratic,without_past,9,0.21126613584639797,0.21076039406857186,9,0,0.06687655113284126,0.3630252067359219,0.19229625198520747,0.22931483393559254,llama-2-7b,llama-3.1-8b,0.000275785038246323,0.00390625
decoders,linear,without_present,9,0.30486325859374813,0.34899817759653673,9,0,0.06808182675280015,0.43948008016402346,0.2880361558974638,0.3344609375738667,llama-2-7b,llama-3.1-8b,0.00026286265944591545,0.00390625
decoders,quadratic,without_present,9,0.21138625417245263,0.21070113931870213,9,0,0.06719174700274683,0.3629662107756608,0.19243875959705165,0.22941056756866587,llama-2-7b,llama-3.1-8b,0.00027320553636786245,0.00390625
decoders,linear,without_public,9,0.3048028645559468,0.3490544324393973,9,0,0.06777065744916805,0.4395570414535277,0.2879585924437492,0.3344318904442941,llama-2-7b,llama-3.1-8b,0.00026456495989386845,0.00390625
decoders,quadratic,without_public,9,0.21145683113548516,0.21113587166639122,9,0,0.0668877791456794,0.36311998238339627,0.1924989372294963,0.22952796263421088,llama-2-7b,llama-3.1-8b,0.00027469245355792206,0.00390625
decoders,linear,without_quite,9,0.30460932901827076,0.3488385413873139,9,0,0.06757141478522577,0.43937239315239507,0.2877639460015052,0.33423906829740135,llama-2-7b,llama-3.1-8b,0.00026588745499757805,0.00390625
decoders,quadratic,without_quite,9,0.21118576503809894,0.21090674624227151,9,0,0.06668619217182302,0.36286349083211,0.19222604931384754,0.22924821164638343,llama-2-7b,llama-3.1-8b,0.0002765324529987679,0.00390625
decoders,linear,without_rather,9,0.3047119749435641,0.3488458401535165,9,0,0.06775569559956425,0.43959227379597354,0.28785193758701294,0.3343315098615641,llama-2-7b,llama-3.1-8b,0.0002645517043046408,0.00390625
decoders,quadratic,without_rather,9,0.21130001992341463,0.21081746701907245,9,0,0.06686281678680148,0.36317270342264635,0.19231593448601067,0.22935467031549128,llama-2-7b,llama-3.1-8b,0.00027625380937241453,0.00390625
decoders,linear,without_really,9,0.30480406981047387,0.34923457157004967,9,0,0.06788103690971967,0.4394430981040372,0.28797419127377843,0.3344194489230681,llama-2-7b,llama-3.1-8b,0.00026475581789018953,0.00390625
decoders,quadratic,without_really,9,0.21131829263823504,0.21119032072962754,9,0,0.06697276406196567,0.362878644139387,0.19237324870059108,0.2293614837102687,llama-2-7b,llama-3.1-8b,0.0002741270470142921,0.00390625
decoders,linear,without_same,9,0.30516751482693816,0.34945339642182255,9,0,0.0678682512057335,0.43998729682276105,0.2883150420774603,0.3348299227795888,llama-2-7b,llama-3.1-8b,0.0002636142989394133,0.00390625
decoders,quadratic,without_same,9,0.21187569526758052,0.2114826655250789,9,0,0.06697929115098589,0.3637345390639919,0.19289333979302908,0.2299877457821548,llama-2-7b,llama-3.1-8b,0.00027368033843506615,0.00390625
decoders,linear,without_so,9,0.3047194353692058,0.34895467810459413,9,0,0.0678129127331837,0.4395085355829303,0.28787079784249026,0.3343327506987086,llama-2-7b,llama-3.1-8b,0.00026452851522273095,0.00390625
decoders,quadratic,without_so,9,0.21133655553425007,0.2109034445171998,9,0,0.06693132385457669,0.3630488655497924,0.19237251678230732,0.22938720949420927,llama-2-7b,llama-3.1-8b,0.000275164170794405,0.00390625
decoders,linear,without_suddenly,9,0.3053023216257767,0.3495576398061762,9,0,0.06822323997160618,0.4401546233236473,0.28844578391354286,0.334937206832548,llama-2-7b,llama-3.1-8b,0.00026161290882434476,0.00390625
decoders,quadratic,without_suddenly,9,0.21237339039490782,0.21221560709862236,9,0,0.06760526921003908,0.3642603150001547,0.19338752481925198,0.23046940554301643,llama-2-7b,llama-3.1-8b,0.00026886796935092337,0.00390625
decoders,linear,without_then,9,0.3048062629712599,0.3491236172180446,9,0,0.06798166079388743,0.43961927399215345,0.2879546365936482,0.3344093382434315,llama-2-7b,llama-3.1-8b,0.00026332334694412066,0.00390625
decoders,quadratic,without_then,9,0.21134274703914235,0.21087438024532879,9,0,0.06708693099254977,0.3630633935370878,0.19237766622689917,0.2293747240449664,llama-2-7b,llama-3.1-8b,0.0002737475659730542,0.00390625
decoders,linear,without_too,9,0.3047670629643373,0.3492167580963462,9,0,0.06788966308297073,0.4393911071681715,0.28793905743885806,0.3343767379495082,llama-2-7b,llama-3.1-8b,0.0002634425109011688,0.00390625
decoders,quadratic,without_too,9,0.21132436245698127,0.2108515568676615,9,0,0.06701141219565174,0.3628714495598071,0.192380976569128,0.22936348123964745,llama-2-7b,llama-3.1-8b,0.00027351884017993994,0.00390625
decoders,linear,without_well,9,0.30474274076050917,0.3490958977513484,9,0,0.06760665785911649,0.43940620985251305,0.2879098071240086,0.33438475112318317,llama-2-7b,llama-3.1-8b,0.00026515421259152823,0.00390625
decoders,quadratic,without_well,9,0.2112650525497605,0.2106862973632553,9,0,0.06669365881652829,0.3628600523488003,0.19231567757488055,0.22933647676641455,llama-2-7b,llama-3.1-8b,0.0002761380643642276,0.00390625
decoders,linear,without_world,9,0.30464610060015906,0.3489045873838721,9,0,0.06789280668316061,0.4393087413466987,0.28781327050684163,0.3342402623397839,llama-2-7b,llama-3.1-8b,0.0002641784449768472,0.00390625
decoders,quadratic,without_world,9,0.2111915964568592,0.21113021677633428,9,0,0.06697155208888246,0.36276862797239773,0.19224446751741686,0.22921910200285628,llama-2-7b,llama-3.1-8b,0.00027414172382674755,0.00390625
decoders,linear,without_business,9,0.30468016709669415,0.3488891973309599,9,0,0.06780022838079712,0.4394333981589698,0.2878360132139097,0.33429015943618123,llama-2-7b,llama-3.1-8b,0.0002649210619273389,0.00390625
decoders,quadratic,without_business,9,0.21123439751387177,0.21090830359155205,9,0,0.06691444240835136,0.3629068289629659,0.19227534358273501,0.22927439190206184,llama-2-7b,llama-3.1-8b,0.0002757714602233423,0.00390625
decoders,linear,without_designed,9,0.3048927984610327,0.34915788799185216,9,0,0.06807554909998402,0.43948400411022964,0.28806889775488304,0.33449495463116374,llama-2-7b,llama-3.1-8b,0.00026354868213352957,0.00390625
decoders,quadratic,without_designed,9,0.21169195060808735,0.21207429354389823,9,0,0.06724769210972861,0.3629390017044301,0.19278606922104452,0.2297474829203822,llama-2-7b,llama-3.1-8b,0.00027000282432305364,0.00390625
decoders,linear,without_development,9,0.30475687784307615,0.3489906448489526,9,0,0.06798734075205834,0.43934270534572295,0.28793364940524524,0.33435306997945335,llama-2-7b,llama-3.1-8b,0.0002634711794689265,0.00390625
decoders,quadratic,without_development,9,0.21141059121687822,0.21153530383051222,9,0,0.06709571854407594,0.3628173754070626,0.19248474319310516,0.22944995030097848,llama-2-7b,llama-3.1-8b,0.00027251088496556486,0.00390625
decoders,linear,without_door,9,0.3045713521861743,0.34874962235576396,9,0,0.06751848686165025,0.43936832566262374,0.28772173050161814,0.33420296035173985,llama-2-7b,llama-3.1-8b,0.000266197083905084,0.00390625
decoders,quadratic,without_door,9,0.21115715472864405,0.21083880806351935,9,0,0.06661910894990666,0.3628576388227956,0.19219459421687513,0.22922441045098624,llama-2-7b,llama-3.1-8b,0.0002774329142674937,0.00390625
decoders,linear,without_home,9,0.30455105006890415,0.34874630296136827,9,0,0.06757186257891576,0.4393338903452925,0.2877031950343556,0.33417344850515274,llama-2-7b,llama-3.1-8b,0.000265879615526239,0.00390625
decoders,quadratic,without_home,9,0.21109311593092198,0.2107942562935465,9,0,0.06668308482732556,0.3628090259468741,0.19212862717892795,0.22914436981887154,llama-2-7b,llama-3.1-8b,0.0002771555531330178,0.00390625
decoders,linear,without_paper,9,0.3047299000553206,0.3489239819407826,9,0,0.06789906261700315,0.4395371969899145,0.2878789879384963,0.3343337547351103,llama-2-7b,llama-3.1-8b,0.00026372234979908047,0.00390625
decoders,quadratic,without_paper,9,0.2113535048777312,0.21111341794571145,9,0,0.06702095042310574,0.36307918160284236,0.19238779528709232,0.2293950741845594,llama-2-7b,llama-3.1-8b,0.0002738250054347371,0.00390625
decoders,linear,without_still,9,0.30466387422139923,0.34875795573612,9,0,0.06776894483261496,0.43945178965139214,0.2878153847926501,0.3342757403949973,llama-2-7b,llama-3.1-8b,0.00026465396465056527,0.00390625
decoders,quadratic,without_still,9,0.21125594909933632,0.2108606757172143,9,0,0.06687671889835486,0.36287080862326004,0.19230409165884585,0.22930335287445902,llama-2-7b,llama-3.1-8b,0.0002751681579144738,0.00390625
decoders,linear,without_age,9,0.3047156408745102,0.348881890418337,9,0,0.06782729483408113,0.43948655880208354,0.28786927613356356,0.33432668412956384,llama-2-7b,llama-3.1-8b,0.0002639200140657084,0.00390625
decoders,quadratic,without_age,9,0.21133448685028736,0.21098759362625816,9,0,0.06694426980204157,0.3629805057930045,0.19237873448244774,0.2293832639813181,llama-2-7b,llama-3.1-8b,0.00027412864266534114,0.00390625
decoders,linear,without_away,9,0.30477603974508216,0.34905519814074926,9,0,0.06743144090009887,0.43966917311144005,0.2879143980742874,0.33444411460070506,llama-2-7b,llama-3.1-8b,0.000266723999394382,0.00390625
decoders,quadratic,without_away,9,0.21151425205976382,0.21171866474770495,9,0,0.06651600523738384,0.36330091170095113,0.19254091960461536,0.22963903291256127,llama-2-7b,llama-3.1-8b,0.00027789233789573116,0.00390625
decoders,linear,without_experience,9,0.3053642524643764,0.3496495309612917,9,0,0.06848461058060928,0.4404879310125681,0.28847379264585243,0.3349742076998473,llama-2-7b,llama-3.1-8b,0.00026183150571607646,0.00390625
decoders,quadratic,without_experience,9,0.21207031321034797,0.21232174119723699,9,0,0.06765458962746979,0.36405891273123153,0.19307173827023755,0.23012227865820775,llama-2-7b,llama-3.1-8b,0.0002708840821301663,0.00390625
decoders,linear,without_history,9,0.304911541285402,0.3490191309743919,9,0,0.06786075588847416,0.439847276408845,0.2880445743949716,0.334542889460018,llama-2-7b,llama-3.1-8b,0.00026391930196284247,0.00390625
decoders,quadratic,without_history,9,0.2117434384320118,0.2115195051480892,9,0,0.06697955835338011,0.3636139427345976,0.1927596253941886,0.22983892344184076,llama-2-7b,llama-3.1-8b,0.0002737687907140964,0.00390625
decoders,linear,without_life,9,0.30453186587356496,0.34865769962955667,9,0,0.06758659520767167,0.4392926051360804,0.28768677346575044,0.33415002470680155,llama-2-7b,llama-3.1-8b,0.00026565084667216037,0.00390625
decoders,quadratic,without_life,9,0.21109010211364507,0.21069760405605042,9,0,0.06668542785779609,0.3627589640049438,0.1921314943772327,0.22914068639562618,llama-2-7b,llama-3.1-8b,0.0002768386367692841,0.00390625
decoders,linear,without_long,9,0.3048672699477822,0.34907527148499967,9,0,0.06791556662275323,0.43961961881662887,0.2880232263391763,0.33448623286341084,llama-2-7b,llama-3.1-8b,0.0002636607202756286,0.00390625
decoders,quadratic,without_long,9,0.21169254409717536,0.21188663335682317,9,0,0.06704757386947002,0.36320663302614786,0.19275328298105382,0.22977316537563852,llama-2-7b,llama-3.1-8b,0.0002722623930968023,0.00390625
decoders,linear,without_people,9,0.30464608254456,0.34875850100856737,9,0,0.06780392360248297,0.4392959142530602,0.2878148535809975,0.3342513524123197,llama-2-7b,llama-3.1-8b,0.0002651697311170696,0.00390625
decoders,quadratic,without_people,9,0.2111721824718604,0.2106937296486039,9,0,0.06688872898016336,0.36276438055659643,0.1922231577112684,0.22920761415832255,llama-2-7b,llama-3.1-8b,0.00027573745673558503,0.00390625
decoders,linear,without_possible,9,0.3049966621332276,0.34939314598057364,9,0,0.06830211447302995,0.4394322666509767,0.288192211568509,0.3345834805907524,llama-2-7b,llama-3.1-8b,0.0002606097061389881,0.00390625
decoders,quadratic,without_possible,9,0.21148830079117503,0.21084075551455764,9,0,0.0674538482984391,0.36290079247728263,0.1925617393304116,0.22949260735276703,llama-2-7b,llama-3.1-8b,0.0002694976302848288,0.00390625
decoders,linear,without_war,9,0.30521927881484134,0.34989297716107237,9,0,0.06779641050754813,0.4400672513184051,0.2883632822518958,0.33489713735325294,llama-2-7b,llama-3.1-8b,0.0002643280110042667,0.00390625
decoders,quadratic,without_war,9,0.212012532133237,0.2120437214812162,9,0,0.06689511738798305,0.36383770545177685,0.1930343854684195,0.2301522089763937,llama-2-7b,llama-3.1-8b,0.0002738325900621345,0.00390625
decoders,linear,without_way,9,0.30501790295238945,0.34933772676390645,9,0,0.06756435703657113,0.43991882226908674,0.2881552880378023,0.33469959619186673,llama-2-7b,llama-3.1-8b,0.0002672093757677169,0.00390625
decoders,quadratic,without_way,9,0.21160786869603052,0.2115729681096985,9,0,0.06667228110443604,0.3634931938520564,0.19262220305152727,0.2297248171449798,llama-2-7b,llama-3.1-8b,0.00027755355515054873,0.00390625
decoders,linear,without_figure,9,0.30500957790134264,0.34922976425665814,9,0,0.06846243561349741,0.4396220589193377,0.28818301777409333,0.33457797068732337,llama-2-7b,llama-3.1-8b,0.00026002819397922026,0.00390625
decoders,quadratic,without_figure,9,0.21158525022347183,0.2109412364138613,9,0,0.06757710648316673,0.3631753203324352,0.1926364914598514,0.22958626819100997,llama-2-7b,llama-3.1-8b,0.00026952436607088095,0.00390625
decoders,linear,without_high,9,0.30471659518889155,0.349001092422587,9,0,0.06783883948465623,0.4394322876836002,0.2878771336270529,0.3343263146519209,llama-2-7b,llama-3.1-8b,0.00026382220107833544,0.00390625
decoders,quadratic,without_high,9,0.21133822918701262,0.21114918834431956,9,0,0.06695110913476446,0.3629434614302109,0.19238757515661287,0.22938661919354367,llama-2-7b,llama-3.1-8b,0.0002736497781561827,0.00390625
decoders,linear,without_however,9,0.30493878257647206,0.34876833946497426,9,0,0.06837587372588363,0.4397445152902082,0.288088065987255,0.3345091461827956,llama-2-7b,llama-3.1-8b,0.00026072960017487417,0.00390625
decoders,quadratic,without_however,9,0.2115699743218279,0.2112184092127709,9,0,0.06748914336544569,0.3634565411087526,0.1925841534734623,0.22958007819137566,llama-2-7b,llama-3.1-8b,0.00027093957728138674,0.00390625
decoders,linear,without_human,9,0.3050639405822805,0.3495162602027709,9,0,0.06807396312052837,0.4398755047319261,0.2882124950635749,0.3346876877649996,llama-2-7b,llama-3.1-8b,0.00026348372935125876,0.00390625
decoders,quadratic,without_human,9,0.21169112915049654,0.21143641431951005,9,0,0.06719566231647722,0.36346337130096895,0.1927195988816875,0.22975306250474894,llama-2-7b,llama-3.1-8b,0.0002744492959511301,0.00390625
decoders,linear,without_labor,9,0.30493823456939323,0.3492476487741078,9,0,0.06794615461572098,0.4396325153550957,0.28810144947118044,0.3345622445636023,llama-2-7b,llama-3.1-8b,0.0002632187491996557,0.00390625
decoders,quadratic,without_labor,9,0.2117733334678619,0.2118969411770369,9,0,0.06708758607095784,0.36321395708984056,0.1928432555151146,0.22985905189247496,llama-2-7b,llama-3.1-8b,0.0002705448978703149,0.00390625
decoders,linear,without_moment,9,0.3047237255271969,0.34907472893510344,9,0,0.06763664843741621,0.4393547901824196,0.28789484244529406,0.3343596101634195,llama-2-7b,llama-3.1-8b,0.0002664768178051077,0.00390625
decoders,quadratic,without_moment,9,0.2112947139539269,0.2111063173125984,9,0,0.06673421275268568,0.36283045785890433,0.19235274596580473,0.22936477660408205,llama-2-7b,llama-3.1-8b,0.00027611640943190767,0.00390625
decoders,linear,without_surface,9,0.3046447009825364,0.34906088783605244,9,0,0.06756888894311491,0.43944171326574083,0.28779507444713587,0.3342791774874641,llama-2-7b,llama-3.1-8b,0.00026579011656522494,0.00390625
decoders,quadratic,without_surface,9,0.21129297461634822,0.21135559227883416,9,0,0.06666718967001098,0.3628795024618947,0.19234465863565486,0.22937119773464035,llama-2-7b,llama-3.1-8b,0.00027549833491553644,0.00390625
decoders,linear,without_today,9,0.30490662777558053,0.34910742008077594,9,0,0.06779776929325865,0.43993008349257595,0.28802869581095614,0.33454523508587075,llama-2-7b,llama-3.1-8b,0.0002645247119256388,0.00390625
decoders,quadratic,without_today,9,0.2116095547919706,0.2113586484140235,9,0,0.06687162284694738,0.36348866879684333,0.19262466554136148,0.2297017962850985,llama-2-7b,llama-3.1-8b,0.00027546253951926664,0.00390625
decoders,linear,without_voice,9,0.305102960582019,0.3492682237459905,9,0,0.06799104789353752,0.4396468791822753,0.288284970756987,0.33474194966807924,llama-2-7b,llama-3.1-8b,0.000262960773949747,0.00390625
decoders,quadratic,without_voice,9,0.21182192036902395,0.21161170405217902,9,0,0.06711126818529659,0.36325236767486757,0.1928931144557935,0.22991075189198987,llama-2-7b,llama-3.1-8b,0.00027098481219752326,0.00390625
decoders,linear,without_water,9,0.30481105594988134,0.3488262141497009,9,0,0.06791646394966923,0.4396495124065794,0.28795624889279403,0.33442287994990777,llama-2-7b,llama-3.1-8b,0.0002632765715099387,0.00390625
decoders,quadratic,without_water,9,0.21149117005326903,0.21077180302743165,9,0,0.06705320498431896,0.3632384955669524,0.19252275436405863,0.2295459156868878,llama-2-7b,llama-3.1-8b,0.0002733380768968883,0.00390625
decoders,linear,without_earth,9,0.3048179252898818,0.3490101756142325,9,0,0.0677245261236878,0.43967797140238246,0.2879604195258192,0.33445460018565604,llama-2-7b,llama-3.1-8b,0.00026455432568404106,0.00390625
decoders,quadratic,without_earth,9,0.21158537780950545,0.21149576121973196,9,0,0.06681377803557906,0.3633146551019658,0.1926192181479479,0.22968182778124624,llama-2-7b,llama-3.1-8b,0.0002742752797473077,0.00390625
decoders,linear,without_finally,9,0.30508704383587487,0.3493536243249853,9,0,0.06792662160635374,0.439928687549751,0.28823183837164035,0.334732096614565,llama-2-7b,llama-3.1-8b,0.00026366101034037373,0.00390625
decoders,quadratic,without_finally,9,0.21206931399109527,0.2122337985673102,9,0,0.06707363197434152,0.3639289489213193,0.19308685962481725,0.23019377424318946,llama-2-7b,llama-3.1-8b,0.0002729047715212294,0.00390625
decoders,linear,without_growth,9,0.3049059447326521,0.34915789900438043,9,0,0.06797058081135145,0.439760197514941,0.28804916313486595,0.33452286522281466,llama-2-7b,llama-3.1-8b,0.0002633676708312555,0.00390625
decoders,quadratic,without_growth,9,0.21169269311538533,0.21171513881884813,9,0,0.06710977291539452,0.36345634582989494,0.19272223652607165,0.22976555814038419,llama-2-7b,llama-3.1-8b,0.0002725452948204401,0.00390625
decoders,linear,without_hit,9,0.30493354155249425,0.3491606135819226,9,0,0.06785158200617186,0.4397871277968261,0.28807684327195276,0.3345687864957846,llama-2-7b,llama-3.1-8b,0.0002640728471786409,0.00390625
decoders,quadratic,without_hit,9,0.21179203022337711,0.21190545695387658,9,0,0.06696103293099066,0.36353430325478686,0.1928242460944509,0.22989590488492542,llama-2-7b,llama-3.1-8b,0.0002732971900954184,0.00390625
decoders,linear,without_interest,9,0.30453991510597406,0.3487386199333167,9,0,0.06750903423268129,0.4393465439538827,0.28768908649998554,0.3341687752151357,llama-2-7b,llama-3.1-8b,0.00026609471388158273,0.00390625
decoders,quadratic,without_interest,9,0.2110918453903718,0.21074186999363453,9,0,0.06661937968359168,0.36279403952617806,0.192129071123396,0.2291509036037193,llama-2-7b,llama-3.1-8b,0.0002773825770932566,0.00390625
decoders,linear,without_later,9,0.3051450888986139,0.3502334641148002,9,0,0.06791892292052625,0.43964121154253616,0.28833307356812365,0.3347983596458749,llama-2-7b,llama-3.1-8b,0.00026445717026345373,0.00390625
decoders,quadratic,without_later,9,0.21165119863743437,0.21203302310177505,9,0,0.06702506626419492,0.3632320887969086,0.1927035873675001,0.2297294651840893,llama-2-7b,llama-3.1-8b,0.0002715804049399392,0.00390625
decoders,linear,without_meaning,9,0.30509228605058336,0.34948466583447607,9,0,0.06835685689358943,0.43991188868375986,0.28823983572143624,0.33468421469520754,llama-2-7b,llama-3.1-8b,0.00026114980938291753,0.00390625
decoders,quadratic,without_meaning,9,0.21166246483719434,0.21114950543709612,9,0,0.06747058846809104,0.3633877472778188,0.19269680453211624,0.22968644938333221,llama-2-7b,llama-3.1-8b,0.0002710771075958156,0.00390625
decoders,linear,without_number,9,0.30486045080779933,0.34886131343205046,9,0,0.06834440388282223,0.43945884470908264,0.2880356515701389,0.3344249566734214,llama-2-7b,llama-3.1-8b,0.00026186232063595206,0.00390625
decoders,quadratic,without_number,9,0.21148054221426468,0.21110580226177922,9,0,0.06756318964577022,0.3629650713320098,0.19254497607454657,0.22947021128532652,llama-2-7b,llama-3.1-8b,0.00026991883992763554,0.00390625
decoders,linear,without_old,9,0.3050333909401634,0.34933128898284743,9,0,0.06805434013589515,0.439493155417434,0.28822592038050454,0.33465577229069693,llama-2-7b,llama-3.1-8b,0.0002632428309282228,0.00390625
decoders,quadratic,without_old,9,0.2115485021055692,0.2114130436841964,9,0,0.06716195218194852,0.36300408798976014,0.1926165538700453,0.22959682084602176,llama-2-7b,llama-3.1-8b,0.000271729111512359,0.00390625
decoders,linear,without_once,9,0.3047662566292209,0.3488214159272069,9,0,0.0679184695030327,0.43957542154925106,0.2879151110142172,0.3343722300199945,llama-2-7b,llama-3.1-8b,0.0002635707151882298,0.00390625
decoders,quadratic,without_once,9,0.21140295794017464,0.21080708830337072,9,0,0.06704598630324299,0.3631390016693348,0.19243595247402961,0.2294475793947911,llama-2-7b,llama-3.1-8b,0.0002741974891366045,0.00390625
decoders,linear,without_pressure,9,0.30468609981948935,0.3488644265678171,9,0,0.06767936252048565,0.43947295125192515,0.2878377433904349,0.3343119419818648,llama-2-7b,llama-3.1-8b,0.00026490761348018716,0.00390625
decoders,quadratic,without_pressure,9,0.2112857857104657,0.21076048414094067,9,0,0.06679508889770085,0.36299062777567903,0.19232268045231404,0.22934712281206132,llama-2-7b,llama-3.1-8b,0.0002759116083646089,0.00390625
decoders,linear,without_set,9,0.3049251342551832,0.3491908858116727,9,0,0.06799551847820362,0.4394759516006958,0.28810628208699407,0.33454133622730564,llama-2-7b,llama-3.1-8b,0.00026283687805668727,0.00390625
decoders,quadratic,without_set,9,0.21169576721625147,0.2119460597816578,9,0,0.06714880757563305,0.3629783816435674,0.19278544041283696,0.22976413717132876,llama-2-7b,llama-3.1-8b,0.00027009310024262557,0.00390625
decoders,linear,without_spirit,9,0.30479245332741506,0.3489445382637744,9,0,0.06795323285405247,0.4395490789084621,0.28794787512978415,0.33439735588658537,llama-2-7b,llama-3.1-8b,0.0002635201257829673,0.00390625
decoders,quadratic,without_spirit,9,0.21144914473486068,0.2112919924972316,9,0,0.06709941674395845,0.36308003474762,0.19249528348326578,0.22949286073372346,llama-2-7b,llama-3.1-8b,0.0002732956695955284,0.00390625
decoders,linear,without_together,9,0.3046525770014297,0.34879054687914884,9,0,0.06754644392677261,0.4394454839378979,0.28780346363437115,0.33429084363576184,llama-2-7b,llama-3.1-8b,0.0002658607145933884,0.00390625
decoders,quadratic,without_together,9,0.21127235432226837,0.21094571485056562,9,0,0.06665538888967577,0.36293248116226673,0.1923148384672686,0.22934947500134245,llama-2-7b,llama-3.1-8b,0.00027667555072517915,0.00390625
decoders,linear,without_treatment,9,0.30470225311812077,0.3487575888653199,9,0,0.06785832413944921,0.43954210571720137,0.28784727154323575,0.33430774424045473,llama-2-7b,llama-3.1-8b,0.00026431049973189673,0.00390625
decoders,quadratic,without_treatment,9,0.21130874236787914,0.21093286459969512,9,0,0.06697869590718632,0.3630771548935623,0.19233769080216873,0.22934999817546575,llama-2-7b,llama-3.1-8b,0.00027537472106261456,0.00390625
decoders,linear,without_amount,9,0.3048021323480115,0.34893012872926044,9,0,0.06780058248204648,0.4395772437445925,0.2879552434234389,0.33442732608125714,llama-2-7b,llama-3.1-8b,0.00026410704163596906,0.00390625
decoders,quadratic,without_amount,9,0.21145995700618364,0.21119133264769538,9,0,0.0669162281774318,0.3631423428556523,0.19249965877500008,0.22952792310977765,llama-2-7b,llama-3.1-8b,0.00027471239786632174,0.00390625
decoders,linear,without_cut,9,0.30486297946956115,0.34907860165428345,9,0,0.06786696832162857,0.43965467309063216,0.28801401776692725,0.3344874808630527,llama-2-7b,llama-3.1-8b,0.0002638142566166585,0.00390625
decoders,quadratic,without_cut,9,0.2116200309623992,0.2116662753612037,9,0,0.06698822134297537,0.36327469591555905,0.19266319784325422,0.2296990071648272,llama-2-7b,llama-3.1-8b,0.0002731021569140079,0.00390625
decoders,linear,without_dark,9,0.3050216278049002,0.34915344874173077,9,0,0.06819014291459981,0.43980473273544635,0.28817373968858195,0.33462556341618777,llama-2-7b,llama-3.1-8b,0.0002618321055806152,0.00390625
decoders,quadratic,without_dark,9,0.211798030677397,0.21161549554179102,9,0,0.06733108805388605,0.3634999486635148,0.19283529092913226,0.22985639850533585,llama-2-7b,llama-3.1-8b,0.0002710947237638938,0.00390625
decoders,linear,without_degree,9,0.30530385670515436,0.3497596668276134,9,0,0.06758074017827681,0.43992735995730414,0.28847591879863566,0.33501924627101404,llama-2-7b,llama-3.1-8b,0.00026694444253970944,0.00390625
decoders,quadratic,without_degree,9,0.21178819834020077,0.21220609969915571,9,0,0.06663995805204445,0.3633911468650258,0.19283782977459762,0.2299317283762203,llama-2-7b,llama-3.1-8b,0.0002757719614093716,0.00390625
decoders,linear,without_discussion,9,0.30500239042042626,0.34925217133830555,9,0,0.06783774781329457,0.439889796311065,0.28814146468409646,0.33464797074631775,llama-2-7b,llama-3.1-8b,0.0002638530195400531,0.00390625
decoders,quadratic,without_discussion,9,0.21183712347790207,0.21201031863483039,9,0,0.06694481565576364,0.3637682319063385,0.19284573492434753,0.2299486619556694,llama-2-7b,llama-3.1-8b,0.0002736681972421258,0.00390625
decoders,linear,without_early,9,0.3049861533984,0.34917474823784234,9,0,0.06782089804334014,0.44007228574309387,0.2881003868553133,0.33463181031778255,llama-2-7b,llama-3.1-8b,0.00026555566405672985,0.00390625
decoders,quadratic,without_early,9,0.21154632940823367,0.21101761217589243,9,0,0.06692303419794325,0.3634736828844042,0.19255541022371234,0.22962424130951997,llama-2-7b,llama-3.1-8b,0.0002767791843861252,0.00390625
decoders,linear,without_family,9,0.3048879965221494,0.3491951980230677,9,0,0.06751018512668007,0.43979822145739644,0.2880242184052436,0.33456022294658316,llama-2-7b,llama-3.1-8b,0.00026603844415203217,0.00390625
decoders,quadratic,without_family,9,0.2115332921645752,0.21134489288145464,9,0,0.06661458648248632,0.3635283919802512,0.19253390468761572,0.22964813037483633,llama-2-7b,llama-3.1-8b,0.0002778054024664866,0.00390625
decoders,linear,without_job,9,0.3047962522011225,0.3489468141024396,9,0,0.06780418657571788,0.4396413183208291,0.2879406189361592,0.33442026040429806,llama-2-7b,llama-3.1-8b,0.0002639996909994154,0.00390625
decoders,quadratic,without_job,9,0.21148528355536536,0.21110631683532044,9,0,0.06688597658576322,0.3632189047290147,0.19251858090865914,0.2295601969265656,llama-2-7b,llama-3.1-8b,0.00027351861202480436,0.00390625
decoders,linear,without_land,9,0.3051902069398337,0.34944937707517815,9,0,0.0680316983377055,0.44043528371629254,0.2882845723427763,0.3348350205150997,llama-2-7b,llama-3.1-8b,0.0002631743074791724,0.00390625
decoders,quadratic,without_land,9,0.21204214611131444,0.2121636095070304,9,0,0.06727219168339818,0.36401097872302757,0.19304604203485026,0.23013839041480394,llama-2-7b,llama-3.1-8b,0.00027239718701616613,0.00390625
decoders,linear,without_late,9,0.30504350160873606,0.3495054963869423,9,0,0.06836403817403633,0.43952593495434306,0.28823319744053527,0.3346284345380736,llama-2-7b,llama-3.1-8b,0.00026051666460731967,0.00390625
decoders,quadratic,without_late,9,0.21160046820374556,0.21128049736007454,9,0,0.06749414306564377,0.3630597147904344,0.19266806238040945,0.22961375884600826,llama-2-7b,llama-3.1-8b,0.0002693268964906665,0.00390625
decoders,linear,without_like,9,0.30517382841721985,0.35004324049587154,9,0,0.06787072272676511,0.4397673355659034,0.2883496400236344,0.3348367166285267,qwen3-8b,llama-3.1-8b,0.00026517405918830635,0.00390625
decoders,quadratic,without_like,9,0.21161098143032558,0.21176446451346395,9,0,0.06694832024097867,0.3629139273471795,0.19269811319071883,0.22969381407899392,llama-2-7b,llama-3.1-8b,0.00027304762573242877,0.00390625
decoders,linear,without_manager,9,0.30492312822372836,0.34913050877809787,9,0,0.06808768927590805,0.4398291741135259,0.28805987248750364,0.3345275580922059,llama-2-7b,llama-3.1-8b,0.00026249887117903365,0.00390625
decoders,quadratic,without_manager,9,0.21145861432952995,0.21103468167768424,9,0,0.06719606525905832,0.3633019856707876,0.19247819291187274,0.2294914329633389,llama-2-7b,llama-3.1-8b,0.0002729183945233927,0.00390625
decoders,linear,without_material,9,0.3048408978826913,0.3491670350381964,9,0,0.06795063738994976,0.4395832440705524,0.28799810460920866,0.334452180444284,llama-2-7b,llama-3.1-8b,0.0002631493017677656,0.00390625
decoders,quadratic,without_material,9,0.2113713724330646,0.21104671817937218,9,0,0.0670527079552012,0.3630329784913879,0.19241367167577422,0.22941120549279756,llama-2-7b,llama-3.1-8b,0.00027356982674854266,0.00390625
decoders,linear,without_national,9,0.30500155607030577,0.3495854545927474,9,0,0.06794321296222652,0.43963529896820713,0.2881723382080681,0.3346338489588157,llama-2-7b,llama-3.1-8b,0.0002632511901926069,0.00390625
decoders,quadratic,without_national,9,0.21157725475027206,0.21124222498580242,9,0,0.06706167637310875,0.3632367674368172,0.19261981566445396,0.22964170204741752,llama-2-7b,llama-3.1-8b,0.00027325278130729396,0.00390625
decoders,linear,without_natural,9,0.30484036413587456,0.3491555367038193,9,0,0.06816785563870427,0.4395061237143426,0.28800714418856604,0.33442442769802083,llama-2-7b,llama-3.1-8b,0.0002622864147013072,0.00390625
decoders,quadratic,without_natural,9,0.2114847194244514,0.21111536258511263,9,0,0.06732357934091249,0.3630301607552923,0.19254153925809628,0.22950486193489375,llama-2-7b,llama-3.1-8b,0.0002709301602554562,0.00390625
decoders,linear,without_phase,9,0.30459498532480944,0.3487912689014098,9,0,0.06774024873099044,0.4393869854497822,0.2877459853091878,0.3342018273990368,llama-2-7b,llama-3.1-8b,0.00026477143778091765,0.00390625
decoders,quadratic,without_phase,9,0.21115365532484845,0.21078060968162604,9,0,0.06684859560709873,0.3628784823927514,0.1921880519413606,0.22919178778956717,llama-2-7b,llama-3.1-8b,0.00027586869930104483,0.00390625
decoders,linear,without_reason,9,0.30490308025025575,0.34936113169903094,9,0,0.06801965378334845,0.439446321362729,0.28808517511119663,0.33451350855861917,llama-2-7b,llama-3.1-8b,0.000263621028659126,0.00390625
decoders,quadratic,without_reason,9,0.21142799625904096,0.21115679901512083,9,0,0.06712756041193385,0.36291625705660263,0.19249196365934573,0.22946555073992936,llama-2-7b,llama-3.1-8b,0.0002725694723686288,0.00390625
decoders,linear,without_suppose,9,0.3047324298469787,0.34880842664412576,9,0,0.06819091272559138,0.4393927075490216,0.2878998951342232,0.334300119487152,llama-2-7b,llama-3.1-8b,0.0002621090952892882,0.00390625
decoders,quadratic,without_suppose,9,0.21128439383360695,0.210981337498069,9,0,0.06730867636147415,0.36280066583367837,0.19234485983359806,0.22928135851762357,llama-2-7b,llama-3.1-8b,0.0002718380256721813,0.00390625
decoders,linear,without_table,9,0.3046596491158926,0.34881709124613514,9,0,0.06764290339979412,0.43938059204078245,0.28781953125028137,0.3342867423304049,llama-2-7b,llama-3.1-8b,0.00026540822342329534,0.00390625
decoders,quadratic,without_table,9,0.21124612923286842,0.2108484079339782,9,0,0.06673676976657149,0.36285729568181796,0.19229473342674971,0.22930979916615551,llama-2-7b,llama-3.1-8b,0.0002759892632729794,0.00390625
decoders,linear,without_thus,9,0.30521953470045227,0.3496808848553594,9,0,0.06817920760972378,0.44024814293579967,0.2883409586710339,0.33484957558679335,llama-2-7b,llama-3.1-8b,0.0002641198038868264,0.00390625
decoders,quadratic,without_thus,9,0.21156902070849606,0.21129335942629357,9,0,0.067366635900489,0.363507374964491,0.1925767264264967,0.22959431880949696,llama-2-7b,llama-3.1-8b,0.0002732833874036864,0.00390625
decoders,linear,without_white,9,0.30491175017010036,0.3491056211066107,9,0,0.06788490202394291,0.43974671798207726,0.28805737919360325,0.33454010618837005,llama-2-7b,llama-3.1-8b,0.00026365902575443875,0.00390625
decoders,quadratic,without_white,9,0.2117288572251168,0.21173666625749074,9,0,0.06700815667033592,0.3633884246369555,0.19277141129863698,0.22981894479446444,llama-2-7b,llama-3.1-8b,0.00027238671816941717,0.00390625
decoders,linear,without_asked,9,0.304733742601805,0.34900104867456483,9,0,0.06752526616435459,0.43951249949238674,0.2878863979904823,0.33438480215648636,llama-2-7b,llama-3.1-8b,0.00026544010916853395,0.00390625
decoders,quadratic,without_asked,9,0.2113664994363737,0.21111245498468437,9,0,0.06650412102809959,0.36302685558813247,0.19240895491740384,0.22947429673740796,llama-2-7b,llama-3.1-8b,0.0002766617046350201,0.00390625
decoders,linear,without_cost,9,0.30488023196330083,0.3494071549119065,9,0,0.06773818957240808,0.4397266653067341,0.28802442779537163,0.3345229872621624,llama-2-7b,llama-3.1-8b,0.0002653320558145492,0.00390625
decoders,quadratic,without_cost,9,0.2112144046496939,0.2107170860545591,9,0,0.06676873420630898,0.36310924116010534,0.1922275500858925,0.22927011345511705,llama-2-7b,llama-3.1-8b,0.00027757958605457555,0.00390625
decoders,linear,without_english,9,0.3049016648693713,0.3490080264353202,9,0,0.06812025959295154,0.43959279837624904,0.28806527318101155,0.3344993405289237,llama-2-7b,llama-3.1-8b,0.0002618950002563614,0.00390625
decoders,quadratic,without_english,9,0.2115291357561121,0.2110151813619226,9,0,0.06725027232733766,0.36317393243362983,0.19257353617142237,0.22956399368470887,llama-2-7b,llama-3.1-8b,0.0002719139212106791,0.00390625
decoders,linear,without_far,9,0.30475635940574397,0.34912270398191764,9,0,0.06778571266782345,0.4395423527459729,0.28790811023821533,0.334377690247984,llama-2-7b,llama-3.1-8b,0.00026492891109375057,0.00390625
decoders,quadratic,without_far,9,0.2111477838017827,0.2107692057683558,9,0,0.06677132361535505,0.36296180504978864,0.19217103114578196,0.22919484132508616,llama-2-7b,llama-3.1-8b,0.00027693340912357734,0.00390625
decoders,linear,without_feeling,9,0.3047574549102338,0.34875555301055594,9,0,0.06814455278276925,0.4395206727864538,0.28791205267570635,0.3343340676761669,llama-2-7b,llama-3.1-8b,0.0002625986195713562,0.00390625
decoders,quadratic,without_feeling,9,0.21136067718555804,0.21092004589938293,9,0,0.0673068370380725,0.3630099770226233,0.19240451470592487,0.2293674072039937,llama-2-7b,llama-3.1-8b,0.0002723915557261312,0.00390625
decoders,linear,without_law,9,0.30464312202645644,0.3489176032571902,9,0,0.06776298190418144,0.43940408838005157,0.287798001232257,0.3342531395417408,llama-2-7b,llama-3.1-8b,0.00026499703019574255,0.00390625
decoders,quadratic,without_law,9,0.21125486169417895,0.21110979959081205,9,0,0.06687876697384101,0.36288318922735374,0.19230132075253212,0.2293018735342212,llama-2-7b,llama-3.1-8b,0.0002751277700222043,0.00390625
decoders,linear,without_level,9,0.3049056707807283,0.34909460023053795,9,0,0.06831917067814772,0.43973046851476705,0.2880525710639735,0.3344789832935509,llama-2-7b,llama-3.1-8b,0.0002613542018501569,0.00390625
decoders,quadratic,without_level,9,0.21150458064406108,0.2108632976398931,9,0,0.06743140902727095,0.36326507813780395,0.1925345184573432,0.2295137270961598,llama-2-7b,llama-3.1-8b,0.00027146082501868944,0.00390625
decoders,linear,without_performance,9,0.30499672928278243,0.34934203167747235,9,0,0.06824914706861276,0.4395541664591838,0.28817704963573226,0.33459017705955363,llama-2-7b,llama-3.1-8b,0.00026135203224286643,0.00390625
decoders,quadratic,without_performance,9,0.21158103027090844,0.2112683458597436,9,0,0.0673688988845654,0.36304998023638485,0.1926474115252239,0.22960754669420136,llama-2-7b,llama-3.1-8b,0.00027065070330511146,0.00390625
decoders,linear,without_policy,9,0.30484788426286946,0.34885730504418844,9,0,0.067674803857169,0.4396720308021207,0.287994865945463,0.334494519313582,llama-2-7b,llama-3.1-8b,0.00026474836562571767,0.00390625
decoders,quadratic,without_policy,9,0.2115457079900387,0.21117500280623988,9,0,0.06674974654580229,0.3633013637500732,0.1925762510200344,0.22964520317056825,llama-2-7b,llama-3.1-8b,0.0002756395096901378,0.00390625
decoders,linear,without_program,9,0.305593106842915,0.3503412196420936,9,0,0.06861006044911049,0.4403702478801323,0.2887459642132629,0.33521598764214056,llama-2-7b,llama-3.1-8b,0.000260286753779906,0.00390625
decoders,quadratic,without_program,9,0.21215179807036363,0.2120714576424484,9,0,0.0677300426762221,0.36394385199140716,0.19317779133023322,0.23020451749463133,llama-2-7b,llama-3.1-8b,0.000267658149999125,0.00390625
decoders,linear,without_rate,9,0.3047037235205381,0.34895333632000236,9,0,0.0676573071849089,0.4393274464673274,0.2878757581521894,0.3343345255624917,llama-2-7b,llama-3.1-8b,0.00026552015464933847,0.00390625
decoders,quadratic,without_rate,9,0.21119942354412477,0.21077939244799257,9,0,0.06674445027658332,0.36280206886869765,0.19224909287855316,0.22925629520256746,llama-2-7b,llama-3.1-8b,0.00027614759075982276,0.00390625
decoders,linear,without_requirements,9,0.3046856452291099,0.3488379444626122,9,0,0.06774352107327385,0.43955202499990587,0.2878273477577604,0.3343034107485894,llama-2-7b,llama-3.1-8b,0.0002647034018115728,0.00390625
decoders,quadratic,without_requirements,9,0.21129097972347954,0.2109978133855042,9,0,0.0668381678968115,0.36310574730873046,0.1923141337753232,0.2293475812018131,llama-2-7b,llama-3.1-8b,0.0002758321041727609,0.00390625
decoders,linear,without_stage,9,0.3045759717346883,0.3486814246795813,9,0,0.06764990328365701,0.43937624018663624,0.2877259381781948,0.3341917302910672,llama-2-7b,llama-3.1-8b,0.000265231180615902,0.00390625
decoders,quadratic,without_stage,9,0.2111296892798845,0.21075441165431288,9,0,0.06675913817630486,0.36286719763468267,0.1921625007355347,0.22917600816783196,llama-2-7b,llama-3.1-8b,0.00027658511059452994,0.00390625
decoders,linear,without_system,9,0.3048582133520504,0.3493206950958402,9,0,0.06825372651329137,0.4394453986688672,0.28803481518744833,0.3344337742068953,llama-2-7b,llama-3.1-8b,0.0002617951615653943,0.00390625
decoders,quadratic,without_system,9,0.2114087412409195,0.21088722461254586,9,0,0.06741334261363174,0.36289376110922084,0.19247311375738185,0.22940816606933045,llama-2-7b,llama-3.1-8b,0.0002711183027247164,0.00390625
decoders,linear,without_time,9,0.3048561960300249,0.34933169565497335,9,0,0.06816350566302887,0.4394038992183877,0.28803773313147957,0.3344427823258994,llama-2-7b,llama-3.1-8b,0.00026265960050290076,0.00390625
decoders,quadratic,without_time,9,0.2113131567524538,0.21090379033047132,9,0,0.06727947639382813,0.3629008867899932,0.19236469049776136,0.229317366797282,llama-2-7b,llama-3.1-8b,0.0002720871753793759,0.00390625
decoders,linear,without_below,9,0.30478165481611486,0.34891078163313644,9,0,0.06787566592399524,0.439553985099247,0.2879351135307234,0.33439490342762984,llama-2-7b,llama-3.1-8b,0.0002636320467750252,0.00390625
decoders,quadratic,without_below,9,0.21145293029374834,0.21115189626911218,9,0,0.06699827287603798,0.3631053332847935,0.19249637991986765,0.2295097624709621,llama-2-7b,llama-3.1-8b,0.00027335610294404114,0.00390625
decoders,linear,without_best,9,0.30512217256941415,0.3496528717340595,9,0,0.06803219413685845,0.4398681228450581,0.28827892878495864,0.33475841987348365,llama-2-7b,llama-3.1-8b,0.0002642527788550645,0.00390625
decoders,quadratic,without_best,9,0.21144654158978007,0.21107514399968477,9,0,0.06714119233832584,0.36315259329691485,0.19248328512638824,0.22948471024621186,llama-2-7b,llama-3.1-8b,0.00027355834269243023,0.00390625
decoders,linear,without_common,9,0.304729773369699,0.3488815038244528,9,0,0.06775167487781118,0.4395170867919579,0.2878813591919166,0.3343520356811849,llama-2-7b,llama-3.1-8b,0.0002651221692088502,0.00390625
decoders,quadratic,without_common,9,0.211374395858258,0.2111083513492844,9,0,0.06680671913035312,0.3629481237988123,0.1924276798656887,0.22944535544924613,llama-2-7b,llama-3.1-8b,0.00027561290088254863,0.00390625
decoders,linear,without_day,9,0.30486611632786614,0.3491818577092225,9,0,0.06814843055089982,0.43977287185795194,0.2880027718866054,0.3344558270499869,llama-2-7b,llama-3.1-8b,0.0002629152186971225,0.00390625
decoders,quadratic,without_day,9,0.2116158304237515,0.2113254489712853,9,0,0.06739770615928625,0.3632830998482,0.19265742174569547,0.2296430959568097,llama-2-7b,llama-3.1-8b,0.0002708089556152705,0.00390625
decoders,linear,without_developed,9,0.3051097605151562,0.34930075117648407,9,0,0.06813365476952939,0.4398802723818231,0.2882634465318229,0.3347317737333596,llama-2-7b,llama-3.1-8b,0.0002619369460067307,0.00390625
decoders,quadratic,without_developed,9,0.2118233544046771,0.21138015754665343,9,0,0.06724501823171176,0.36386643515802763,0.19281796931050826,0.22989564642629776,llama-2-7b,llama-3.1-8b,0.0002739607304071498,0.00390625
decoders,linear,without_dust,9,0.3048783726211941,0.3491413002238864,9,0,0.0678629169802604,0.43976702139484675,0.2880172915244875,0.3345053045763108,llama-2-7b,llama-3.1-8b,0.00026428603523555733,0.00390625
decoders,quadratic,without_dust,9,0.21165118699937707,0.21186988112407942,9,0,0.06698409354409983,0.36338752075743924,0.1926841452796193,0.22973457368128672,llama-2-7b,llama-3.1-8b,0.0002738194642504671,0.00390625
decoders,linear,without_fact,9,0.3053328502200794,0.34972107653347495,9,0,0.06764800689576782,0.44048407947256046,0.28843894656351926,0.3350434556356183,llama-2-7b,llama-3.1-8b,0.0002666257421365141,0.00390625
decoders,quadratic,without_fact,9,0.21161939839272587,0.2120003672174324,9,0,0.06668826381198782,0.36351652636243253,0.19263225739651252,0.22973579021531812,llama-2-7b,llama-3.1-8b,0.00027662346946653545,0.00390625
decoders,linear,without_film,9,0.30499564071331,0.34923619932337396,9,0,0.06838922147574013,0.43966165041389055,0.28816238950073736,0.3345714431180062,llama-2-7b,llama-3.1-8b,0.000261231821783676,0.00390625
decoders,quadratic,without_film,9,0.21180879803748917,0.21171954923791886,9,0,0.06762922139117689,0.3632570642518513,0.19287776476069388,0.22983124511827818,llama-2-7b,llama-3.1-8b,0.00026831075726259655,0.00390625
decoders,linear,without_floor,9,0.30455201509712243,0.34872236185705796,9,0,0.06759322588920316,0.4393307094013047,0.2877046783090996,0.3341718637481123,llama-2-7b,llama-3.1-8b,0.00026583055216298547,0.00390625
decoders,quadratic,without_floor,9,0.21109653424366495,0.21074514171904568,9,0,0.06670617360689554,0.36280316986281885,0.19213320479127072,0.22914532932326112,llama-2-7b,llama-3.1-8b,0.00027719931382249685,0.00390625
decoders,linear,without_game,9,0.3049479307927498,0.3494872958952007,9,0,0.0671997920230065,0.4400857707855478,0.28805570079365006,0.33466644813896773,llama-2-7b,llama-3.1-8b,0.00026845690331728364,0.00390625
decoders,quadratic,without_game,9,0.2114561387069863,0.21160241801876428,9,0,0.06630990959680547,0.3634548275071697,0.19245630260696334,0.22959941734575887,llama-2-7b,llama-3.1-8b,0.00027943429775831194,0.00390625
decoders,linear,without_half,9,0.3048893685619498,0.349310606150466,9,0,0.06780596573101715,0.4398767734483386,0.28801594295115124,0.33452479391581647,llama-2-7b,llama-3.1-8b,0.0002647234297318488,0.00390625
decoders,quadratic,without_half,9,0.21137954745626064,0.210914827950005,9,0,0.06690667382072693,0.3633028605881678,0.19238913331477225,0.22943865666070237,llama-2-7b,llama-3.1-8b,0.0002761727747800526,0.00390625
decoders,linear,without_heard,9,0.30506442799699535,0.3495602618692899,9,0,0.06766582549212248,0.4401234270411854,0.2881820531164716,0.3347392533101045,llama-2-7b,llama-3.1-8b,0.0002658360801419129,0.00390625
decoders,quadratic,without_heard,9,0.2116605842700598,0.21122968820816043,9,0,0.0667816941693272,0.3641384302805498,0.19260085351874856,0.2297704455326514,llama-2-7b,llama-3.1-8b,0.00027837636721330815,0.00390625
decoders,linear,without_help,9,0.30480710091597824,0.3490746861228483,9,0,0.06770531038333001,0.4396557230981029,0.2879510231432125,0.33444482473255915,llama-2-7b,llama-3.1-8b,0.0002648422086199087,0.00390625
decoders,quadratic,without_help,9,0.21155617537348928,0.21142735282537822,9,0,0.06674196712021963,0.36326079953831675,0.19259309735288585,0.229657951405148,llama-2-7b,llama-3.1-8b,0.0002752304026046619,0.00390625
decoders,linear,without_individual,9,0.3050078925349791,0.34932707757346,9,0,0.06820183192889628,0.4395616226847961,0.28818867626625194,0.3346086501107394,llama-2-7b,llama-3.1-8b,0.00026125355588649095,0.00390625
decoders,quadratic,without_individual,9,0.2115763746525713,0.2109923519871455,9,0,0.06731743191583382,0.3630887665669446,0.19263732566327463,0.22960874249466348,llama-2-7b,llama-3.1-8b,0.00027083797604901126,0.00390625
decoders,linear,without_low,9,0.30502575841366264,0.3492894547013285,9,0,0.0680560944313308,0.439891295811017,0.2881675662389933,0.3346469664114541,llama-2-7b,llama-3.1-8b,0.00026281852796811254,0.00390625
decoders,quadratic,without_low,9,0.2118197235262796,0.21168151967551244,9,0,0.06721290616086993,0.36362647815260307,0.19284387919798915,0.2298955756969558,llama-2-7b,llama-3.1-8b,0.0002717901903893772,0.00390625
decoders,linear,without_man,9,0.30509297372132727,0.349353026690268,9,0,0.06851679148619978,0.44001550498729736,0.288227657313081,0.33466499650071824,llama-2-7b,llama-3.1-8b,0.0002604047427059365,0.00390625
decoders,quadratic,without_man,9,0.21162506438593068,0.21109606140115814,9,0,0.06763023761900262,0.363433195003644,0.19264904805871655,0.22962441773179673,llama-2-7b,llama-3.1-8b,0.00027026305096401146,0.00390625
decoders,linear,without_mind,9,0.30466562741556735,0.3488243195442626,9,0,0.06793964208403622,0.43939203685152833,0.28782482623607225,0.33425637558200877,llama-2-7b,llama-3.1-8b,0.00026336128622416784,0.00390625
decoders,quadratic,without_mind,9,0.21123008305679003,0.2108235770420015,9,0,0.06704833649565789,0.362882060258597,0.19227358590656413,0.22925280137693152,llama-2-7b,llama-3.1-8b,0.00027375764414248074,0.00390625
decoders,linear,without_money,9,0.30478366848538146,0.34890440625714897,9,0,0.0673527757463056,0.4397022512189811,0.28791884564368153,0.33446253007776594,llama-2-7b,llama-3.1-8b,0.00026697609102466116,0.00390625
decoders,quadratic,without_money,9,0.21141404899571337,0.21105586838998344,9,0,0.06646641928027794,0.3633164205255603,0.19242625255448248,0.2295325027101428,llama-2-7b,llama-3.1-8b,0.00027828723945116555,0.00390625
decoders,linear,without_months,9,0.3046964621855589,0.3489889397937664,9,0,0.06754321437475941,0.4394923005585374,0.28784698238893663,0.33434061816190885,llama-2-7b,llama-3.1-8b,0.0002653479079705712,0.00390625
decoders,quadratic,without_months,9,0.2113493230708312,0.21100850998399887,9,0,0.06665763011156046,0.36301088613786126,0.19239162768745244,0.22943578469074005,llama-2-7b,llama-3.1-8b,0.0002757449473433285,0.00390625
decoders,linear,without_news,9,0.30485253280697167,0.34896763785684526,9,0,0.06770102388597556,0.4397860734318773,0.2879858402288584,0.33449647142209615,llama-2-7b,llama-3.1-8b,0.0002648564559297376,0.00390625
decoders,quadratic,without_news,9,0.21160292025623337,0.2110598794772218,9,0,0.06675148487205863,0.3634061780791485,0.19262751302836895,0.2297093496792552,llama-2-7b,llama-3.1-8b,0.0002761441173389733,0.00390625
decoders,linear,without_obtained,9,0.3048861008870929,0.34903549250735494,9,0,0.06817961289576532,0.439531045252444,0.28805548284142396,0.3344744118860088,llama-2-7b,llama-3.1-8b,0.0002623384286230733,0.00390625
decoders,quadratic,without_obtained,9,0.21167738489103258,0.21187774691839537,9,0,0.06744966698108376,0.36282214334936697,0.19278429008374076,0.22970584962977617,llama-2-7b,llama-3.1-8b,0.00026812179549597797,0.00390625
decoders,linear,without_proposed,9,0.30502179791614464,0.34921405424577234,9,0,0.0681193421311506,0.4401456874270306,0.2881313117272839,0.3346346048892689,llama-2-7b,llama-3.1-8b,0.00026148547466481293,0.00390625
decoders,quadratic,without_proposed,9,0.21154631955719438,0.21083528996326412,9,0,0.06723026725648872,0.3635839159484956,0.19254162000828173,0.22958582609478262,llama-2-7b,llama-3.1-8b,0.00027246270894486213,0.00390625
decoders,linear,without_quickly,9,0.3049629833576302,0.34944491324851573,9,0,0.06802040004301095,0.4395189304994964,0.2881434899648969,0.33458080627195763,llama-2-7b,llama-3.1-8b,0.0002625705031747359,0.00390625
decoders,quadratic,without_quickly,9,0.21140033473875042,0.21075764228464822,9,0,0.06712340529433465,0.3629321381884076,0.1924588593075433,0.2294349509193024,llama-2-7b,llama-3.1-8b,0.00027308060040243657,0.00390625
decoders,linear,without_reality,9,0.3056637950588938,0.3500974336445707,9,0,0.06804527052354471,0.44079393737775396,0.28877252726903624,0.33536611062581245,llama-2-7b,llama-3.1-8b,0.0002646895837602814,0.00390625
decoders,quadratic,without_reality,9,0.21201796423235558,0.21195923981921763,9,0,0.06717284000561416,0.3642632055315371,0.19298730906995792,0.2301236047606983,llama-2-7b,llama-3.1-8b,0.00027559529119020965,0.00390625
decoders,linear,without_reported,9,0.3049849056455122,0.3493190302777303,9,0,0.06758942916731225,0.44010521553048815,0.28809486690989017,0.33465934020528715,llama-2-7b,llama-3.1-8b,0.0002656262350706759,0.00390625
decoders,quadratic,without_reported,9,0.2115442403534114,0.2115355796593832,9,0,0.06656939153176585,0.3636455374825535,0.19253157821226863,0.2296660964561171,llama-2-7b,llama-3.1-8b,0.0002786216809147262,0.00390625
decoders,linear,without_right,9,0.3047699395827856,0.3490155844120822,9,0,0.06769856269160332,0.43957064798416356,0.2879198510326134,0.33440386169418346,llama-2-7b,llama-3.1-8b,0.00026487226757447216,0.00390625
decoders,quadratic,without_right,9,0.21144647897994517,0.2111606766452525,9,0,0.06678054610090382,0.3631331086983261,0.19248565026514758,0.22952972058982535,llama-2-7b,llama-3.1-8b,0.000275313054385095,0.00390625
decoders,linear,without_side,9,0.3047355031341422,0.3488983307686362,9,0,0.06796875353087393,0.4394751630158439,0.2878930456489295,0.33433134683455074,llama-2-7b,llama-3.1-8b,0.00026345717668594233,0.00390625
decoders,quadratic,without_side,9,0.2113534582979354,0.21110464494464584,9,0,0.0671039890236095,0.3629333939362924,0.1924059663431408,0.2293846419572262,llama-2-7b,llama-3.1-8b,0.00027286161713699136,0.00390625
decoders,linear,without_south,9,0.30498337400404524,0.34906239645837617,9,0,0.06794525298442301,0.4399628353480622,0.28811094133604315,0.33461313913149804,llama-2-7b,llama-3.1-8b,0.00026363201400241633,0.00390625
decoders,quadratic,without_south,9,0.21184008445420058,0.21181813942995797,9,0,0.06706718327538515,0.3636057563822414,0.1928693754631955,0.2299366971015525,llama-2-7b,llama-3.1-8b,0.0002727170720449639,0.00390625
decoders,linear,without_stopped,9,0.3051547519442576,0.3494293691184902,9,0,0.06817526853384338,0.43990579799454016,0.28831087118797233,0.3347771873705594,llama-2-7b,llama-3.1-8b,0.0002629075134168543,0.00390625
decoders,quadratic,without_stopped,9,0.2121493829414889,0.2120388761571842,9,0,0.06744254315599406,0.3637441962015793,0.1932000312839776,0.23023773791467578,llama-2-7b,llama-3.1-8b,0.00027182068490594694,0.00390625
decoders,linear,without_structure,9,0.3047695182227223,0.3488172745980044,9,0,0.06804136665089448,0.4395425452725849,0.28792288984148945,0.3343605371692008,llama-2-7b,llama-3.1-8b,0.00026291478946814873,0.00390625
decoders,quadratic,without_structure,9,0.2114196986700443,0.21098322736944,9,0,0.06719332108146055,0.3629925268934908,0.19247309514211347,0.22944799586861725,llama-2-7b,llama-3.1-8b,0.0002722639582340925,0.00390625
decoders,linear,without_top,9,0.3051470126321033,0.3494917100226492,9,0,0.06819183577318821,0.4401708822343291,0.2882690289318251,0.3347664097394677,llama-2-7b,llama-3.1-8b,0.0002614866282148921,0.00390625
decoders,quadratic,without_top,9,0.21160024163886634,0.21114255806277743,9,0,0.06730274383415134,0.3633471238270232,0.1926318813653467,0.2296374288644557,llama-2-7b,llama-3.1-8b,0.00027120451046277365,0.00390625
decoders,linear,without_trouble,9,0.304770845036358,0.34897511166205825,9,0,0.0677215142556013,0.43953553434385095,0.2879252588729214,0.33440201138395265,llama-2-7b,llama-3.1-8b,0.0002647359593327013,0.00390625
decoders,quadratic,without_trouble,9,0.2114581937156709,0.21155912994854156,9,0,0.06678602038980277,0.36301158900953034,0.1925140193039385,0.22954221538140443,llama-2-7b,llama-3.1-8b,0.0002747469903355436,0.00390625
decoders,linear,without_understand,9,0.30553112729642473,0.34981955329116915,9,0,0.06866486629065054,0.44056544303772366,0.28865183782876236,0.33513940992214647,llama-2-7b,llama-3.1-8b,0.0002593611000301897,0.00390625
decoders,quadratic,without_understand,9,0.21191232070328478,0.21152112290647654,9,0,0.06780309005654023,0.36380333931955455,0.19292594337625105,0.22992597453412783,llama-2-7b,llama-3.1-8b,0.0002686515193058127,0.00390625
decoders,linear,without_word,9,0.3050974097598611,0.3493889711651481,9,0,0.06773994760270667,0.4399949639927554,0.28823521548074926,0.3347670925295054,llama-2-7b,llama-3.1-8b,0.00026457664547985385,0.00390625
decoders,quadratic,without_word,9,0.21197895339089187,0.2119422684053248,9,0,0.06666965485720336,0.3640091157858297,0.19297518309152462,0.23014261570760292,llama-2-7b,llama-3.1-8b,0.00027689030004485513,0.00390625
decoders,linear,without_yet,9,0.30476444504889477,0.34897698812055045,9,0,0.06803150501712071,0.4394920783426926,0.28792349088717006,0.33435606255286654,llama-2-7b,llama-3.1-8b,0.0002627266705194086,0.00390625
decoders,quadratic,without_yet,9,0.2113226638907274,0.21069641959533056,9,0,0.06713790587267149,0.36299474930078546,0.19236365321447016,0.2293457586429844,llama-2-7b,llama-3.1-8b,0.0002732914991248973,0.00390625
decoders,linear,without_act,9,0.30471057951337716,0.3488813597462009,9,0,0.06788355495891542,0.43944861342764424,0.2878683252740938,0.3343139575826849,llama-2-7b,llama-3.1-8b,0.0002640678999091226,0.00390625
decoders,quadratic,without_act,9,0.21129298686334008,0.21090679113516783,9,0,0.06698529177298736,0.3629658818003947,0.19233387499620827,0.22933144874963418,llama-2-7b,llama-3.1-8b,0.00027461703994190504,0.00390625
decoders,linear,without_action,9,0.3045445606392719,0.34883616626579467,9,0,0.06753453353250057,0.4393300350976438,0.28769637633197537,0.3341708140276183,llama-2-7b,llama-3.1-8b,0.0002661419135955137,0.00390625
decoders,quadratic,without_action,9,0.21112597686443113,0.21085054460062055,9,0,0.06664609436931944,0.36280076560659236,0.19216662827166098,0.2291859621763201,llama-2-7b,llama-3.1-8b,0.00027715150600757563,0.00390625
decoders,linear,without_air,9,0.3046268585351422,0.348751054160205,9,0,0.06771692419279961,0.43943600110847103,0.28777571571347615,0.33424060032793507,llama-2-7b,llama-3.1-8b,0.00026483902563286546,0.00390625
decoders,quadratic,without_air,9,0.21119825106838613,0.21071036080421326,9,0,0.06683290565589974,0.36293134580826075,0.1922316142259018,0.22924391924494691,llama-2-7b,llama-3.1-8b,0.00027600846915278954,0.00390625
decoders,linear,without_art,9,0.3052114913637441,0.34976168089282605,9,0,0.06775859058075887,0.43984113682282583,0.2883827856813589,0.3348931039616173,llama-2-7b,llama-3.1-8b,0.0002652318509396281,0.00390625
decoders,quadratic,without_art,9,0.21179249180027407,0.21160505981596167,9,0,0.06681526686945807,0.36365995024537323,0.19280905949463667,0.22991464491662605,llama-2-7b,llama-3.1-8b,0.00027592680026919283,0.00390625
decoders,linear,without_case,9,0.304613140301758,0.3487267426440202,9,0,0.06770215053518976,0.4394215790010505,0.28776208546434645,0.33422701402257904,llama-2-7b,llama-3.1-8b,0.00026482979230364924,0.00390625
decoders,quadratic,without_case,9,0.2111798006643488,0.21076303392642595,9,0,0.0668179666015383,0.36291023151256346,0.19221349680832195,0.22922502992220012,llama-2-7b,llama-3.1-8b,0.0002759770893384742,0.00390625
decoders,linear,without_church,9,0.30491257828758317,0.3490819394180837,9,0,0.06813491275211946,0.4396466491080083,0.28807081943503,0.3345097864795161,llama-2-7b,llama-3.1-8b,0.0002621929306076868,0.00390625
decoders,quadratic,without_church,9,0.21161513557261225,0.2113702912347012,9,0,0.0672979945472045,0.363246434560212,0.1926612231991623,0.22965477820078822,llama-2-7b,llama-3.1-8b,0.00027135121362364094,0.00390625
decoders,linear,without_conducted,9,0.30474948972619154,0.3487644769910216,9,0,0.067816704077805,0.43960300879867953,0.28789279984213056,0.3343660879322399,llama-2-7b,llama-3.1-8b,0.0002639730180266797,0.00390625
decoders,quadratic,without_conducted,9,0.211386667148796,0.21112690351970925,9,0,0.06693044463303055,0.3631895021466499,0.19241131277406426,0.2294436949632667,llama-2-7b,llama-3.1-8b,0.00027486487482384335,0.00390625
decoders,linear,without_distribution,9,0.30465150584861855,0.3488572236109854,9,0,0.06772288834162159,0.4393945563609479,0.2878086245345774,0.3342675830369932,llama-2-7b,llama-3.1-8b,0.00026491795690927777,0.00390625
decoders,quadratic,without_distribution,9,0.21126448944847698,0.2109576966560276,9,0,0.0668378529175968,0.36289269484984227,0.1923109637733063,0.229317819014837,llama-2-7b,llama-3.1-8b,0.0002753650724823125,0.00390625
decoders,linear,without_dropped,9,0.30507874090853143,0.3499702625892205,9,0,0.06733881189153405,0.43990578718067785,0.28822536012451316,0.3347962320356561,llama-2-7b,llama-3.1-8b,0.0002675684575709519,0.00390625
decoders,quadratic,without_dropped,9,0.21175097313044614,0.2120116296451646,9,0,0.06641880129171156,0.36353313909594204,0.19277820238475912,0.22991749461028793,llama-2-7b,llama-3.1-8b,0.0002772837767169324,0.00390625
decoders,linear,without_enough,9,0.3048150022646691,0.34932536269449044,9,0,0.06790639870466207,0.4395210069238073,0.2879767516822769,0.33442857770967,llama-2-7b,llama-3.1-8b,0.000264048024915919,0.00390625
decoders,quadratic,without_enough,9,0.21123319158346807,0.21067101295485366,9,0,0.06699177914998732,0.36300300669178925,0.1922619646949279,0.22926336813765313,llama-2-7b,llama-3.1-8b,0.0002754373746259073,0.00390625
decoders,linear,without_extent,9,0.30544673426828184,0.3496774893101072,9,0,0.06757058204638221,0.44046021734023455,0.2885700488842877,0.3351812532960192,llama-2-7b,llama-3.1-8b,0.0002665711979852521,0.00390625
decoders,quadratic,without_extent,9,0.21191281940608853,0.21175910432082365,9,0,0.06666082880078944,0.36379594368211515,0.1929274288715852,0.23006931823175092,llama-2-7b,llama-3.1-8b,0.00027757556830499265,0.00390625
decoders,linear,without_field,9,0.30510816970607685,0.3492294724669227,9,0,0.0681582841005971,0.43988768186211813,0.28826073068657165,0.3347269054067618,llama-2-7b,llama-3.1-8b,0.00026235222951229045,0.00390625
decoders,quadratic,without_field,9,0.2118124879274578,0.2111643903273888,9,0,0.06735789318907782,0.363640559957721,0.19283397892367493,0.22986931226975532,llama-2-7b,llama-3.1-8b,0.00027239310333922287,0.00390625
decoders,linear,without_found,9,0.3050031651349253,0.3491249701176227,9,0,0.06786469128505224,0.43995030959841464,0.28813477207698923,0.33464547436615955,llama-2-7b,llama-3.1-8b,0.0002635645825733514,0.00390625
decoders,quadratic,without_found,9,0.2118843279329078,0.21155918913914668,9,0,0.06695331443019605,0.36395341599698106,0.19287569192489865,0.2300007046207468,llama-2-7b,llama-3.1-8b,0.0002742284805278916,0.00390625
decoders,linear,without_feet,9,0.30456092476531615,0.34870625318174964,9,0,0.06765331761948397,0.4393486243641423,0.2877124623154629,0.3341743756585452,llama-2-7b,llama-3.1-8b,0.0002654818179731843,0.00390625
decoders,quadratic,without_feet,9,0.2111007993437546,0.21071778900566,9,0,0.06676339945665054,0.3627909819245256,0.19213952652115823,0.2291429743296426,llama-2-7b,llama-3.1-8b,0.00027652034670021486,0.00390625
decoders,linear,without_form,9,0.30500913761428516,0.34917052072708665,9,0,0.06824391412644278,0.4401025287855875,0.2881224637178723,0.33460479055026543,llama-2-7b,llama-3.1-8b,0.00026219451654578693,0.00390625
decoders,quadratic,without_form,9,0.21164013850015218,0.21141518907471155,9,0,0.06735638273414195,0.36353908380351063,0.19265277033723235,0.22967560797090344,llama-2-7b,llama-3.1-8b,0.00027210538422853134,0.00390625
decoders,linear,without_hard,9,0.30471126116981195,0.3490269073229023,9,0,0.06770299114463096,0.4394092239253474,0.28787401582537,0.33433729492295955,llama-2-7b,llama-3.1-8b,0.0002649526631469202,0.00390625
decoders,quadratic,without_hard,9,0.21131138119566273,0.21087429544391637,9,0,0.06681229814828214,0.36290622456208227,0.19236202577486025,0.22937376657658526,llama-2-7b,llama-3.1-8b,0.0002754564701934165,0.00390625
decoders,linear,without_industry,9,0.3047006814458516,0.34895670470085266,9,0,0.06790802740783276,0.4392865013293246,0.2878774539604174,0.33429976320060395,llama-2-7b,llama-3.1-8b,0.0002647616232717936,0.00390625
decoders,quadratic,without_industry,9,0.21125149663789697,0.211025121893602,9,0,0.06698913541156472,0.3627505655800588,0.19231411302012674,0.2292842917911885,llama-2-7b,llama-3.1-8b,0.00027466274087903147,0.00390625
decoders,linear,without_instead,9,0.30547546118035585,0.3502228754643491,9,0,0.06788924248082565,0.44038210231252806,0.28861213103883426,0.3351737385177971,llama-2-7b,llama-3.1-8b,0.0002653055679505178,0.00390625
decoders,quadratic,without_instead,9,0.21185477010954532,0.21206219024565634,9,0,0.06689577717867029,0.36368603855965725,0.19287586155328135,0.2299746442259047,llama-2-7b,llama-3.1-8b,0.0002753055132152172,0.00390625
decoders,linear,without_intensity,9,0.304752787876958,0.34902285284764406,9,0,0.06780218847375431,0.43955003553724825,0.2879031319194217,0.33437161280235844,llama-2-7b,llama-3.1-8b,0.0002642339691188428,0.00390625
decoders,quadratic,without_intensity,9,0.2114107128197658,0.21128995614095927,9,0,0.06691853876291674,0.3630972494657386,0.19244989573901922,0.22947223457687194,llama-2-7b,llama-3.1-8b,0.0002741869439451561,0.00390625
decoders,linear,without_matter,9,0.305390793828454,0.3494517564984234,9,0,0.06796532264767817,0.440262100455494,0.288531880500074,0.33506897772605104,llama-2-7b,llama-3.1-8b,0.0002635056253204607,0.00390625
decoders,quadratic,without_matter,9,0.21217183198723108,0.2121856953489391,9,0,0.06713272548454173,0.364161933720985,0.19317306927051184,0.23030172030006724,llama-2-7b,llama-3.1-8b,0.0002733926553703653,0.00390625
decoders,linear,without_mentioned,9,0.3051648177021905,0.349072413860861,9,0,0.06851236299428963,0.4402220219695007,0.2882826671687767,0.3347463745406781,llama-2-7b,llama-3.1-8b,0.0002602701486248335,0.00390625
decoders,quadratic,without_mentioned,9,0.21188525402942252,0.21138845308649118,9,0,0.06765251858216575,0.36372162749900044,0.19290570734572526,0.2299143459603296,llama-2-7b,llama-3.1-8b,0.00026970073415719597,0.00390625
decoders,linear,without_office,9,0.3046641070172584,0.34882015357136653,9,0,0.06786678078853522,0.4393655595181707,0.2878264254546443,0.33426377279584873,llama-2-7b,llama-3.1-8b,0.0002639393965235362,0.00390625
decoders,quadratic,without_office,9,0.2112424640382301,0.2108742742679864,9,0,0.06697141294471175,0.3628280486800092,0.19229426595800772,0.2292763454249199,llama-2-7b,llama-3.1-8b,0.000274403464954831,0.00390625
decoders,linear,without_part,9,0.30532376954344476,0.34954436235084035,9,0,0.06739042072366276,0.4405884178533534,0.28841568850470617,0.3350654381459175,llama-2-7b,llama-3.1-8b,0.0002669788252364394,0.00390625
decoders,quadratic,without_part,9,0.2120345788937474,0.2117800852465528,9,0,0.0664895274108683,0.36431958945287773,0.19299895257385613,0.23022771032910733,llama-2-7b,llama-3.1-8b,0.00027904970454149065,0.00390625
decoders,linear,without_party,9,0.3047721924127147,0.34895827486009606,9,0,0.0679756733967947,0.43957744163668955,0.28792153625971784,0.3343717572897047,llama-2-7b,llama-3.1-8b,0.00026298216019995214,0.00390625
decoders,quadratic,without_party,9,0.21139628276147476,0.21088034500958838,9,0,0.0671329962943464,0.3631284575767125,0.19242976090957006,0.22942919356986585,llama-2-7b,llama-3.1-8b,0.00027288895048690803,0.00390625
decoders,linear,without_passed,9,0.3048701095184244,0.34903472186560747,9,0,0.06811985169115958,0.4397307277476369,0.28801253223977286,0.33446389174683255,llama-2-7b,llama-3.1-8b,0.0002624191383163032,0.00390625
decoders,quadratic,without_passed,9,0.2115155029513561,0.21093271172304087,9,0,0.06724905934373222,0.3633121211338645,0.19254092567854253,0.22954880840230907,llama-2-7b,llama-3.1-8b,0.00027253767461477224,0.00390625
decoders,linear,without_prevent,9,0.30522512493528775,0.34963150837280743,9,0,0.06794482458357756,0.4400839444475529,0.2883677724962546,0.33488516247925154,llama-2-7b,llama-3.1-8b,0.00026479754231210185,0.00390625
decoders,quadratic,without_prevent,9,0.21176302303355088,0.21121698530529348,9,0,0.06704351875145816,0.36359971995963397,0.1927834359177905,0.22985296106881248,llama-2-7b,llama-3.1-8b,0.0002746268442063311,0.00390625
decoders,linear,without_quality,9,0.3048393384124335,0.3488196732067846,9,0,0.06788053670479362,0.4397244233287509,0.28797870279789384,0.3344591886258885,llama-2-7b,llama-3.1-8b,0.00026353599883899607,0.00390625
decoders,quadratic,without_quality,9,0.2115479319165407,0.21104767562069168,9,0,0.06699967215506064,0.3634012160618692,0.19256627139837462,0.22961646438672567,llama-2-7b,llama-3.1-8b,0.00027422931020975385,0.00390625
decoders,linear,without_remember,9,0.3047420051861555,0.34890937179435094,9,0,0.06762291733982986,0.4395616166154167,0.28788955375749786,0.3343818911669462,llama-2-7b,llama-3.1-8b,0.0002662219771316655,0.00390625
decoders,quadratic,without_remember,9,0.21137454793434968,0.21101339485368617,9,0,0.06673552956697186,0.36312682155476933,0.1924055137317972,0.2294544252302719,llama-2-7b,llama-3.1-8b,0.0002774171900066835,0.00390625
decoders,linear,without_sample,9,0.30484089130573294,0.3490224893442413,9,0,0.06792036826057839,0.4397506121634913,0.2879771761985131,0.3344559566863772,llama-2-7b,llama-3.1-8b,0.0002634479139234757,0.00390625
decoders,quadratic,without_sample,9,0.21146991571800597,0.21100473796979205,9,0,0.06703817705353567,0.36338179219838,0.19248093115795922,0.2295238830510648,llama-2-7b,llama-3.1-8b,0.0002741833240729896,0.00390625
decoders,linear,without_sent,9,0.30469638729547877,0.34897602777687636,9,0,0.06735134172057305,0.4398405576177769,0.2878033660051915,0.334364517992342,llama-2-7b,llama-3.1-8b,0.0002677338531402759,0.00390625
decoders,quadratic,without_sent,9,0.2113260835932233,0.21137233980077202,9,0,0.06645796244974479,0.36324843393510486,0.1923357898004881,0.22943459873615812,llama-2-7b,llama-3.1-8b,0.00027868092033483195,0.00390625
decoders,linear,without_space,9,0.30467624665907533,0.34884658643762084,9,0,0.06759562007387163,0.4395637348236335,0.2878153106385055,0.33431132498222577,llama-2-7b,llama-3.1-8b,0.0002653675128839216,0.00390625
decoders,quadratic,without_space,9,0.21128035363014028,0.21106754867268548,9,0,0.06668918909323984,0.3631272666094687,0.19229948950772424,0.22935424919725284,llama-2-7b,llama-3.1-8b,0.0002767579122801952,0.00390625
decoders,linear,without_success,9,0.30483890048611073,0.34895203960108356,9,0,0.06806686954218645,0.4395418987259309,0.28800102570613323,0.33443540435410124,llama-2-7b,llama-3.1-8b,0.0002625459413802163,0.00390625
decoders,quadratic,without_success,9,0.2115010988128213,0.21096751722322613,9,0,0.06720028515676321,0.36309760916637357,0.19255153501862726,0.22953870051982855,llama-2-7b,llama-3.1-8b,0.00027221037444388583,0.00390625
decoders,linear,without_treated,9,0.30485824677499695,0.34920060346533943,9,0,0.06808547525192665,0.4395615127920564,0.28802033852286446,0.33445484321538066,llama-2-7b,llama-3.1-8b,0.00026239468476137737,0.00390625
decoders,quadratic,without_treated,9,0.21152989149013135,0.21151936715502775,9,0,0.06723617081370559,0.3631257968410838,0.1925804033212623,0.22956660657468458,llama-2-7b,llama-3.1-8b,0.0002710703818926967,0.00390625
decoders,linear,without_work,9,0.30487303496337975,0.3490200272001904,9,0,0.06791693241365725,0.43968746645181334,0.2880212310273255,0.33449254778209503,llama-2-7b,llama-3.1-8b,0.0002644613541497672,0.00390625
decoders,quadratic,without_work,9,0.2113755229281051,0.21090858787898814,9,0,0.0670060844997397,0.36319653512473055,0.1923978964035269,0.22942170273165075,llama-2-7b,llama-3.1-8b,0.00027553808279152405,0.00390625
decoders,linear,without_avoid,9,0.30505487583605195,0.34909303533253866,9,0,0.06797792026642036,0.43998539116083824,0.2881885614204537,0.33468949528225594,llama-2-7b,llama-3.1-8b,0.00026307460984293236,0.00390625
decoders,quadratic,without_avoid,9,0.2120376585965396,0.21165820508621339,9,0,0.06717171620009293,0.3640370830287836,0.19303773054250908,0.23014590139609542,llama-2-7b,llama-3.1-8b,0.0002726419483670486,0.00390625
decoders,linear,without_captain,9,0.30589461298344295,0.3502344129857042,9,0,0.06847527011299102,0.4409785049398458,0.28900912648889265,0.33557203084224946,llama-2-7b,llama-3.1-8b,0.00026070373998027995,0.00390625
decoders,quadratic,without_captain,9,0.21237833529178074,0.21193914264311794,9,0,0.06769435784290881,0.36436356386057656,0.19338018172068125,0.2304638324728897,llama-2-7b,llama-3.1-8b,0.00026881763405632337,0.00390625
decoders,linear,without_caused,9,0.30550702158349713,0.34993794903436787,9,0,0.06777018419384756,0.4409328895301158,0.2885787880901698,0.3352241262572033,llama-2-7b,llama-3.1-8b,0.00026568026027673524,0.00390625
decoders,quadratic,without_caused,9,0.21193476249532298,0.21187050975594326,9,0,0.06688015350667303,0.364328599999034,0.1928855328073591,0.23006658861890422,llama-2-7b,llama-3.1-8b,0.00027707056556504345,0.00390625
decoders,linear,without_character,9,0.30495409870747814,0.3490559982737327,9,0,0.067978372192686,0.43954780360753826,0.28812988559497066,0.3345760645218272,llama-2-7b,llama-3.1-8b,0.0002632547199930531,0.00390625
decoders,quadratic,without_character,9,0.21184568547564808,0.21199447616368355,9,0,0.06715712267361215,0.3630538077691435,0.19294467018896116,0.22993175582590258,llama-2-7b,llama-3.1-8b,0.0002701575981509697,0.00390625
decoders,linear,without_company,9,0.3047867540358369,0.34898803320334565,9,0,0.06794767962009067,0.43959215025071763,0.2879360795089768,0.33439163833780516,llama-2-7b,llama-3.1-8b,0.0002637929191950823,0.00390625
decoders,quadratic,without_company,9,0.21149357329882645,0.21132008283354975,9,0,0.0670801966981115,0.36316809433400565,0.19253425816942907,0.22954524537391585,llama-2-7b,llama-3.1-8b,0.00027347528198224974,0.00390625
decoders,linear,without_covered,9,0.30516701830388865,0.34933361192376017,9,0,0.06806713850420537,0.43999497982175234,0.2883135231141557,0.3348045032788491,llama-2-7b,llama-3.1-8b,0.0002626119958145709,0.00390625
decoders,quadratic,without_covered,9,0.2119660134192983,0.2114896690987953,9,0,0.06720953366063663,0.3637797310601283,0.1929892987141945,0.230060573389131,llama-2-7b,llama-3.1-8b,0.0002719317482021168,0.00390625
decoders,linear,without_declared,9,0.304938075541846,0.3490424830126015,9,0,0.06794872627205571,0.439724819115486,0.288089732595141,0.3345617442005698,llama-2-7b,llama-3.1-8b,0.00026352462671559577,0.00390625
decoders,quadratic,without_declared,9,0.211737123118727,0.2112107293633456,9,0,0.06709028523344744,0.36340943599378284,0.19277808400934504,0.22981797785438696,llama-2-7b,llama-3.1-8b,0.00027403151743355894,0.00390625
decoders,linear,without_deny,9,0.30483352569084454,0.3490232589738045,9,0,0.067348310661946,0.4399595158844013,0.28794277691665,0.33451917756945687,llama-2-7b,llama-3.1-8b,0.00026677061896083516,0.00390625
decoders,quadratic,without_deny,9,0.21152526363398563,0.21101566626632134,9,0,0.06643301810780039,0.36370957357701544,0.1925022248911069,0.2296617943247588,llama-2-7b,llama-3.1-8b,0.00027884252421844704,0.00390625
decoders,linear,without_discussed,9,0.3053075786381554,0.34989459169898535,9,0,0.06776246328484736,0.44031532049816335,0.28843161090565445,0.33500071805731896,llama-2-7b,llama-3.1-8b,0.0002650417199333057,0.00390625
decoders,quadratic,without_discussed,9,0.21186043046996128,0.21185794604871885,9,0,0.06687755086950466,0.36394402836104817,0.1928499807335754,0.22998329042001833,llama-2-7b,llama-3.1-8b,0.0002758556250262071,0.00390625
decoders,linear,without_example,9,0.3049538461538404,0.34919866258043825,9,0,0.06788918343615989,0.4398183593882829,0.2880957819995351,0.33458692899355047,llama-2-7b,llama-3.1-8b,0.0002640928838012985,0.00390625
decoders,quadratic,without_example,9,0.21157679277582747,0.21134313931849244,9,0,0.06700376524241562,0.36335291815107235,0.19260477710392182,0.22964842121750392,llama-2-7b,llama-3.1-8b,0.00027419554595231995,0.00390625
decoders,linear,without_feed,9,0.3050195264394876,0.3490330154354987,9,0,0.0682186589910572,0.43968698422493796,0.28818609421630625,0.33461963487054136,llama-2-7b,llama-3.1-8b,0.0002616066765991963,0.00390625
decoders,quadratic,without_feed,9,0.21185448597908196,0.211350224267393,9,0,0.06755172103347842,0.3633256324738612,0.19292059266723458,0.22989233159728242,llama-2-7b,llama-3.1-8b,0.00026916191136851063,0.00390625
decoders,linear,without_followed,9,0.30489862338924734,0.3489063987066627,9,0,0.06830749066172045,0.43982439290799025,0.2880329021994045,0.33447251498018815,llama-2-7b,llama-3.1-8b,0.00026184256155899584,0.00390625
decoders,quadratic,without_followed,9,0.2114855448945653,0.2109467962822858,9,0,0.0674226440378564,0.3633647896708915,0.1925006392975246,0.22949340750165398,llama-2-7b,llama-3.1-8b,0.0002723989179881123,0.00390625
decoders,linear,without_gas,9,0.3047884242106373,0.3490829141089869,9,0,0.06765666926106241,0.4395806607135687,0.28793939464777085,0.33442989357933417,llama-2-7b,llama-3.1-8b,0.00026508791468166,0.00390625
decoders,quadratic,without_gas,9,0.21149671111018942,0.21160915542566686,9,0,0.06677082176516266,0.36312221072790746,0.19254352365797467,0.22958744727831776,llama-2-7b,llama-3.1-8b,0.0002746382320402602,0.00390625
decoders,linear,without_god,9,0.30473306404842887,0.3488775188524865,9,0,0.0675762348272729,0.43947762294262854,0.287889994186654,0.33437766770107347,llama-2-7b,llama-3.1-8b,0.00026602053077140497,0.00390625
decoders,quadratic,without_god,9,0.21135304943153038,0.21116963975852113,9,0,0.06664737114390441,0.36298984615267754,0.192398449841387,0.22944125921748362,llama-2-7b,llama-3.1-8b,0.0002773825760927473,0.00390625
decoders,linear,without_hour,9,0.3046751828975998,0.349037483866818,9,0,0.0676024502901667,0.43937961666930775,0.2878371286761363,0.33430927447352893,llama-2-7b,llama-3.1-8b,0.0002658118458348542,0.00390625
decoders,quadratic,without_hour,9,0.21125247243854894,0.21115417905052183,9,0,0.06671722085979372,0.36279190476867446,0.19231004339728325,0.22931937888589332,llama-2-7b,llama-3.1-8b,0.0002758515143144132,0.00390625
decoders,linear,without_military,9,0.30534144201332625,0.34946246794110253,9,0,0.06784779809029613,0.4408552502976299,0.28840221597778826,0.33502814750370496,llama-2-7b,llama-3.1-8b,0.00026504842202943135,0.00390625
decoders,quadratic,without_military,9,0.2116758436884897,0.21121747859224568,9,0,0.0669073738276546,0.36419053289360837,0.19261150753784986,0.22977190242109408,llama-2-7b,llama-3.1-8b,0.0002775843439863195,0.00390625
decoders,linear,without_particles,9,0.30475939763151705,0.3490635055055139,9,0,0.0676906442700564,0.4395984481305768,0.28790451631913455,0.3343929918016996,llama-2-7b,llama-3.1-8b,0.0002655104792709919,0.00390625
decoders,quadratic,without_particles,9,0.2114392140660301,0.21145150226980133,9,0,0.0668049656134149,0.3631542606859458,0.19247483323854064,0.22951849512260702,llama-2-7b,llama-3.1-8b,0.00027563599667491256,0.00390625
decoders,linear,without_pattern,9,0.3049948546643341,0.34913015052415347,9,0,0.06774746252327427,0.43976232783832275,0.28814892051758556,0.33465077868196663,llama-2-7b,llama-3.1-8b,0.0002645635822244346,0.00390625
decoders,quadratic,without_pattern,9,0.21174550890995508,0.21189697396726254,9,0,0.06681054147993805,0.3634680689366308,0.19278018890662063,0.22986237983870722,llama-2-7b,llama-3.1-8b,0.00027516990316753937,0.00390625
decoders,linear,without_political,9,0.3053669977644342,0.3495671788627971,9,0,0.06763358070488748,0.4410144303406862,0.28841106869240274,0.3350836748968776,llama-2-7b,llama-3.1-8b,0.0002666015984692209,0.00390625
decoders,quadratic,without_political,9,0.2118944072640218,0.21191252140242647,9,0,0.06670071643488874,0.36442058965258056,0.19282863446545195,0.23004361861766345,llama-2-7b,llama-3.1-8b,0.00027852078484183755,0.00390625
decoders,linear,without_power,9,0.3047155477433025,0.3490920117347049,9,0,0.06779138711896718,0.43962346098279576,0.2878520585883659,0.3343310678213445,llama-2-7b,llama-3.1-8b,0.00026442315470782664,0.00390625
decoders,quadratic,without_power,9,0.21128199986141538,0.210916882004425,9,0,0.06689961543604166,0.3630645712894794,0.1923091784329074,0.2293297979145871,llama-2-7b,llama-3.1-8b,0.00027504022422613223,0.00390625
decoders,linear,without_problem,9,0.30514778589828606,0.34931677719444215,9,0,0.0679063751707349,0.43980210373368334,0.2883159961688614,0.33480296223922995,llama-2-7b,llama-3.1-8b,0.0002635312401170265,0.00390625
decoders,quadratic,without_problem,9,0.21160636370203412,0.2116744630410265,9,0,0.0670179512396862,0.36332365236995573,0.19264170261854394,0.22967991525982762,llama-2-7b,llama-3.1-8b,0.00027370216769292716,0.00390625
decoders,linear,without_products,9,0.3049038765887049,0.34902238258641566,9,0,0.06808481640675836,0.43959041948575234,0.28806805872657393,0.33450625911144816,llama-2-7b,llama-3.1-8b,0.00026287094321413793,0.00390625
decoders,quadratic,without_products,9,0.21176726552996647,0.21184243813565057,9,0,0.06729840929812923,0.36317035363117117,0.1928418795173159,0.22982587255894615,llama-2-7b,llama-3.1-8b,0.0002706216379987969,0.00390625
decoders,linear,without_question,9,0.3054085528565935,0.349811936414618,9,0,0.06793056056965521,0.4404348680844226,0.2885302634531149,0.33509330189246084,llama-2-7b,llama-3.1-8b,0.0002644348316426951,0.00390625
decoders,quadratic,without_question,9,0.21208314486686136,0.21195472969513357,9,0,0.0670615395372479,0.3642184255702766,0.19306623477893445,0.23021084553306304,llama-2-7b,llama-3.1-8b,0.0002749414258495338,0.00390625
decoders,linear,without_radiation,9,0.3048066428247007,0.3491176612443054,9,0,0.06778386459308064,0.4396459727944544,0.2879517265784815,0.3344344901036532,llama-2-7b,llama-3.1-8b,0.0002646255520475139,0.00390625
decoders,quadratic,without_radiation,9,0.2115294837359238,0.21171313235508843,9,0,0.06689723532746139,0.363253783424001,0.19256394627491416,0.2296085147869816,llama-2-7b,llama-3.1-8b,0.0002743452975110682,0.00390625
decoders,linear,without_reached,9,0.3050557003804294,0.3494949725808143,9,0,0.06786065051477119,0.43999160181686686,0.2881887127008747,0.33470508161363666,llama-2-7b,llama-3.1-8b,0.0002646844583734086,0.00390625
decoders,quadratic,without_reached,9,0.2117697344321458,0.2116634110226097,9,0,0.06691535162580614,0.36397762188373384,0.1927437485006973,0.22987653228293825,llama-2-7b,llama-3.1-8b,0.0002769118354071577,0.00390625
decoders,linear,without_real,9,0.30495985653654395,0.3495340687212991,9,0,0.06783202800904174,0.4400965578561616,0.2880677688715918,0.3346008351024818,llama-2-7b,llama-3.1-8b,0.0002643286567008968,0.00390625
decoders,quadratic,without_real,9,0.21137313483316653,0.21100672973647822,9,0,0.06687755102899713,0.36327957554888946,0.19238482974370114,0.22943508280868768,llama-2-7b,llama-3.1-8b,0.00027519717939155535,0.00390625
decoders,linear,without_sales,9,0.3048037833931429,0.3490294488323458,9,0,0.06795165383789978,0.4394073504252118,0.28797833751413426,0.3344102995875483,llama-2-7b,llama-3.1-8b,0.0002631241726187619,0.00390625
decoders,quadratic,without_sales,9,0.21150988207292587,0.2115073710864918,9,0,0.06708647223975292,0.3629023736867387,0.19258582062119925,0.22956280830207249,llama-2-7b,llama-3.1-8b,0.0002715445271233271,0.00390625
decoders,linear,without_scientific,9,0.304991240279841,0.3492861462437851,9,0,0.06852627561636424,0.4400866741166947,0.2881043110502343,0.33454936086277565,llama-2-7b,llama-3.1-8b,0.0002610618420601067,0.00390625
decoders,quadratic,without_scientific,9,0.2115762665771065,0.21089918084141956,9,0,0.06777262704008243,0.3634071751842253,0.19259740300121664,0.22955172151923448,llama-2-7b,llama-3.1-8b,0.00027044479936374436,0.00390625
decoders,linear,without_short,9,0.3050655459765978,0.3494782674163477,9,0,0.06812381599610158,0.44022857904986146,0.2881701668424398,0.3346832622241598,llama-2-7b,llama-3.1-8b,0.0002633220757233052,0.00390625
decoders,quadratic,without_short,9,0.21164593994993755,0.2113581290946763,9,0,0.0672334249814867,0.36353000672989394,0.192660431602443,0.2296975043209939,llama-2-7b,llama-3.1-8b,0.00027301345332356766,0.00390625
decoders,linear,without_supply,9,0.3046061028712419,0.3488849056538411,9,0,0.06768016647286793,0.4393147592385253,0.2877675208253315,0.3342218449210387,llama-2-7b,llama-3.1-8b,0.00026565544849109675,0.00390625
decoders,quadratic,without_supply,9,0.21113775792778283,0.2107531977142046,9,0,0.06673962148946502,0.36278766180964855,0.19218151994254962,0.22918752498257255,llama-2-7b,llama-3.1-8b,0.00027692483818324374,0.00390625
decoders,linear,without_sure,9,0.3046262110196433,0.34873462287732815,9,0,0.06757006397632372,0.43942340523907003,0.287776561742215,0.33425822940005834,llama-2-7b,llama-3.1-8b,0.0002658983017192853,0.00390625
decoders,quadratic,without_sure,9,0.21121951243541032,0.21076801570256656,9,0,0.06668454829363464,0.36289288936064956,0.19226034031975542,0.2292863829531323,llama-2-7b,llama-3.1-8b,0.0002767428625638006,0.00390625
decoders,linear,without_task,9,0.3046726340675811,0.3491150531546048,9,0,0.06729565646478221,0.43949795798547336,0.2878194685778446,0.3343447562679309,llama-2-7b,llama-3.1-8b,0.0002673388352925587,0.00390625
decoders,quadratic,without_task,9,0.21133875479980452,0.21150207860734768,9,0,0.06635362394293584,0.36299676802216685,0.19238150314700925,0.2294618961569131,llama-2-7b,llama-3.1-8b,0.0002778280934737138,0.00390625
decoders,linear,without_theory,9,0.30508114064730446,0.34918790472505445,9,0,0.06796760362064544,0.439986301677249,0.2882179955185613,0.3347203327756368,llama-2-7b,llama-3.1-8b,0.00026264755602772974,0.00390625
decoders,quadratic,without_theory,9,0.21167664364128608,0.21163735935759392,9,0,0.06710207235516924,0.3632294349970621,0.1927325447218141,0.22974846505205068,llama-2-7b,llama-3.1-8b,0.0002711135087744557,0.00390625
decoders,linear,without_thin,9,0.30498887468676605,0.34914504328539875,9,0,0.0681238101722111,0.4398268540031805,0.2881341272722142,0.33459700775108536,llama-2-7b,llama-3.1-8b,0.000262497282665227,0.00390625
decoders,quadratic,without_thin,9,0.2118985756304524,0.2121748944114369,9,0,0.06733657213787675,0.36360245807820585,0.1929355903244832,0.22996882606702435,llama-2-7b,llama-3.1-8b,0.0002703610459046748,0.00390625
decoders,linear,without_trade,9,0.30489394490389166,0.3491149518527363,9,0,0.06780589196351143,0.4396792221386794,0.28804578524954316,0.33452995152143916,llama-2-7b,llama-3.1-8b,0.0002641400969572419,0.00390625
decoders,quadratic,without_trade,9,0.21171916712077912,0.21182423027979838,9,0,0.06691148492341882,0.36331774448847953,0.19276934494981657,0.22982012739544916,llama-2-7b,llama-3.1-8b,0.000272884106175812,0.00390625
decoders,linear,without_very,9,0.3051398071123128,0.3495781458200917,9,0,0.067551173970247,0.4401136991534273,0.2882680706071734,0.33483838625507095,llama-2-7b,llama-3.1-8b,0.0002658960210513214,0.00390625
decoders,quadratic,without_very,9,0.2115040757066396,0.21145271540887156,9,0,0.0664373468296091,0.3637435689485765,0.19247413905139749,0.22963741681626842,llama-2-7b,llama-3.1-8b,0.0002791947286008252,0.00390625
decoders,linear,without_appreciate,9,0.3047972720491099,0.34920287234532077,9,0,0.06777336643815136,0.4394695449256615,0.287963237939541,0.33442526025047975,llama-2-7b,llama-3.1-8b,0.00026513006764999377,0.00390625
decoders,quadratic,without_appreciate,9,0.2114736159141156,0.2116702231171146,9,0,0.06685537028580144,0.36287341725263533,0.19254864074680064,0.22955089661765488,llama-2-7b,llama-3.1-8b,0.00027452389958517446,0.00390625
decoders,linear,without_argument,9,0.3047080906831212,0.34888441776063167,9,0,0.06777696411906001,0.4395208492680046,0.2878564958600108,0.33432448150362887,llama-2-7b,llama-3.1-8b,0.0002644602066368244,0.00390625
decoders,quadratic,without_argument,9,0.2113191424138659,0.21114730075197166,9,0,0.06689437083925606,0.3629726368438226,0.19236245561012133,0.22937223886069213,llama-2-7b,llama-3.1-8b,0.0002746971887201768,0.00390625
decoders,linear,without_believe,9,0.30493194575764737,0.3487842723319465,9,0,0.06797048542810753,0.4398803906771393,0.2880633901427109,0.33455212829883985,llama-2-7b,llama-3.1-8b,0.00026203751048769987,0.00390625
decoders,quadratic,without_believe,9,0.2115274648629074,0.21078692518419925,9,0,0.06707589328629937,0.3634865116439454,0.19253258401527767,0.22958391130998343,llama-2-7b,llama-3.1-8b,0.00027362417163520494,0.00390625
decoders,linear,without_brought,9,0.30533074473117366,0.3498316979437892,9,0,0.06854846103411519,0.43993279663043267,0.2885054882437663,0.334928530193306,llama-2-7b,llama-3.1-8b,0.00025978859061205736,0.00390625
decoders,quadratic,without_brought,9,0.21198856442111827,0.2122064181180653,9,0,0.06776799130247016,0.3635046891988198,0.1930490488239056,0.2300161360609493,llama-2-7b,llama-3.1-8b,0.0002663338390686729,0.00390625
decoders,linear,without_cells,9,0.3047484619676755,0.34899762542909385,9,0,0.06798545313015468,0.43953751754965964,0.2878998300199275,0.3343438380723657,llama-2-7b,llama-3.1-8b,0.0002634386938967691,0.00390625
decoders,quadratic,without_cells,9,0.21136331774707406,0.21088408725237745,9,0,0.06710090023528296,0.3630846522692521,0.1923981509318018,0.22939611993604792,llama-2-7b,llama-3.1-8b,0.0002736865361316067,0.00390625
decoders,linear,without_children,9,0.30477198621890594,0.34889228400264755,9,0,0.06778796566018579,0.43955516178610277,0.28792408927300633,0.33439498878874596,llama-2-7b,llama-3.1-8b,0.0002639767326243239,0.00390625
decoders,quadratic,without_children,9,0.211408940198743,0.21114376559763245,9,0,0.06688674231032438,0.36305504791155985,0.19245317673464096,0.22947421493479536,llama-2-7b,llama-3.1-8b,0.00027415847172168004,0.00390625
decoders,linear,without_contrast,9,0.30511970034352853,0.3496014862516369,9,0,0.06737986664277962,0.44017085157544117,0.2882383064395394,0.33483717955612213,llama-2-7b,llama-3.1-8b,0.00026704370016566206,0.00390625
decoders,quadratic,without_contrast,9,0.2117943491683612,0.21186889112168555,9,0,0.06636992670310249,0.36386532527214566,0.19278547715538813,0.22997240197651853,llama-2-7b,llama-3.1-8b,0.0002783765775515987,0.00390625
decoders,linear,without_country,9,0.3047553080903649,0.3489389643457939,9,0,0.06797731095708627,0.43939966057069757,0.2879247640303234,0.33435255773202477,llama-2-7b,llama-3.1-8b,0.0002634381922428866,0.00390625
decoders,quadratic,without_country,9,0.21132463063672752,0.21079126479991367,9,0,0.06708366952482542,0.36289580108644165,0.19237823433051324,0.22935475077571527,llama-2-7b,llama-3.1-8b,0.00027425995234671175,0.00390625
decoders,linear,without_directly,9,0.3047674046420002,0.34908484436691506,9,0,0.0677514188046382,0.4394766762349865,0.2879287456928769,0.33439440287167044,llama-2-7b,llama-3.1-8b,0.0002647300504514074,0.00390625
decoders,quadratic,without_directly,9,0.21149692852485658,0.21171035727651127,9,0,0.06686451347073932,0.36300402052760367,0.19255854202451317,0.2295759804066212,llama-2-7b,llama-3.1-8b,0.0002736501765705832,0.00390625
decoders,linear,without_downtown,9,0.30495394596209424,0.3493526769589731,9,0,0.06822343411962616,0.4394139933813545,0.2881464400346867,0.33454525994240275,llama-2-7b,llama-3.1-8b,0.0002614796492031418,0.00390625
decoders,quadratic,without_downtown,9,0.2114730126214721,0.21130320465410565,9,0,0.06733722473656084,0.36287750502148086,0.19254745107147103,0.229489986107086,llama-2-7b,llama-3.1-8b,0.0002698579956359666,0.00390625
decoders,linear,without_even,9,0.30493919082946647,0.34941302127621715,9,0,0.06822123760891453,0.43946105633831006,0.288123957640861,0.33452893498203545,llama-2-7b,llama-3.1-8b,0.00026172200005948577,0.00390625
decoders,quadratic,without_even,9,0.211511842330339,0.2110688254913298,9,0,0.06734307572910964,0.3629795183961093,0.1925783828221177,0.2295329381554927,llama-2-7b,llama-3.1-8b,0.0002711307164255794,0.00390625
decoders,linear,without_failed,9,0.3051137134972004,0.34923950167232237,9,0,0.06797004345788153,0.4400688981858476,0.2882443154111195,0.33475667225211525,llama-2-7b,llama-3.1-8b,0.000263756883146304,0.00390625
decoders,quadratic,without_failed,9,0.21199057275892738,0.21162305089333344,9,0,0.06714002504404064,0.3640700343100169,0.19298064006504115,0.2300968912232882,llama-2-7b,llama-3.1-8b,0.00027497002233520636,0.00390625
decoders,linear,without_female,9,0.30485266107374404,0.34890407963930503,9,0,0.06782366542424506,0.43990694178079615,0.28797087598536253,0.3344812855299314,llama-2-7b,llama-3.1-8b,0.00026450592253752055,0.00390625
decoders,quadratic,without_female,9,0.21148654567915603,0.21097147656899073,9,0,0.06694223831959664,0.3634831332521358,0.19248697223253355,0.22955458409910096,llama-2-7b,llama-3.1-8b,0.00027595431492796583,0.00390625
decoders,linear,without_function,9,0.30474584590578574,0.34882394425505275,9,0,0.06781006734665364,0.43968469753730677,0.2878784894518457,0.33436281822567737,llama-2-7b,llama-3.1-8b,0.00026482851638920824,0.00390625
decoders,quadratic,without_function,9,0.2113656408858952,0.21086527332105517,9,0,0.06691373748198906,0.3632266681981814,0.19238301247185943,0.22942212881138346,llama-2-7b,llama-3.1-8b,0.0002758676897880379,0.00390625
decoders,linear,without_future,9,0.30508316227644083,0.3496561819836591,9,0,0.06818446325470694,0.4395453523292691,0.2882753885198373,0.33469549965415757,llama-2-7b,llama-3.1-8b,0.000261721888365852,0.00390625
decoders,quadratic,without_future,9,0.21163509468661437,0.2113371712427261,9,0,0.0673082889548275,0.36307788190235835,0.19270474628464637,0.22967594540308772,llama-2-7b,llama-3.1-8b,0.0002705210109488637,0.00390625
decoders,linear,without_generally,9,0.3049657725498571,0.34931445660111976,9,0,0.06813589780500946,0.43970118990711743,0.28812384538019953,0.334569506892963,llama-2-7b,llama-3.1-8b,0.00026246548730168097,0.00390625
decoders,quadratic,without_generally,9,0.21155036416184522,0.21107275700059208,9,0,0.06724656822198855,0.3633378662488649,0.1925769264009678,0.22958833865432732,llama-2-7b,llama-3.1-8b,0.0002730469558120925,0.00390625
decoders,linear,without_glass,9,0.30480664952432507,0.3489047730325711,9,0,0.06775426846513079,0.4396246597651996,0.28795439824421576,0.33443819715672435,llama-2-7b,llama-3.1-8b,0.0002645029291173047,0.00390625
decoders,quadratic,without_glass,9,0.21153508578467384,0.2113967317002277,9,0,0.06686043847067265,0.36322449946390384,0.19257390907477012,0.229619416698924,llama-2-7b,llama-3.1-8b,0.00027453142741558866,0.00390625
decoders,linear,without_involved,9,0.3045639576737947,0.3488177150224639,9,0,0.06743684134704095,0.4394133132449953,0.2877077882273946,0.33420484721463894,llama-2-7b,llama-3.1-8b,0.0002668378376354999,0.00390625
decoders,quadratic,without_involved,9,0.21115437369226936,0.2109852385530482,9,0,0.06650210127769832,0.36285992601895506,0.19219117965143365,0.22923590774409075,llama-2-7b,llama-3.1-8b,0.00027801061058912145,0.00390625
decoders,linear,without_kept,9,0.30488485600345355,0.3487943434264807,9,0,0.06799601161524219,0.43966851819645864,0.288036898229328,0.33449596155198,llama-2-7b,llama-3.1-8b,0.00026378467510293735,0.00390625
decoders,quadratic,without_kept,9,0.21157576589257346,0.2112033808002346,9,0,0.067143770924367,0.36329924398668345,0.1926103311308097,0.22962976526359924,llama-2-7b,llama-3.1-8b,0.0002739094077468433,0.00390625
decoders,linear,without_manner,9,0.30456820957090924,0.3487533842336438,9,0,0.06758164954433753,0.43933851611607916,0.287721921252763,0.3341915295742307,llama-2-7b,llama-3.1-8b,0.0002657571899128838,0.00390625
decoders,quadratic,without_manner,9,0.21113577425738644,0.2110405166266965,9,0,0.06664521470463002,0.36277900866660584,0.19218036995623405,0.22919709420148102,llama-2-7b,llama-3.1-8b,0.00027674946579862923,0.00390625
decoders,linear,without_maturity,9,0.3050729330619281,0.34926182960420443,9,0,0.06839153726137412,0.439942792081228,0.28821420068451564,0.33465810753699743,llama-2-7b,llama-3.1-8b,0.0002607753289422659,0.00390625
decoders,quadratic,without_maturity,9,0.21171946985571166,0.21144793108980411,9,0,0.06750978115642621,0.36335707829782027,0.19276476880044807,0.22974568094312234,llama-2-7b,llama-3.1-8b,0.00026961255507725686,0.00390625
decoders,linear,without_mouth,9,0.3049285472742113,0.3492102551497274,9,0,0.06775449126115143,0.4397966919663861,0.2880700291876895,0.3345753042758438,llama-2-7b,llama-3.1-8b,0.00026474257377578957,0.00390625
decoders,quadratic,without_mouth,9,0.21177398969103794,0.2119394157290035,9,0,0.06681508823017579,0.363496298679214,0.192808701067516,0.22989385237364576,llama-2-7b,llama-3.1-8b,0.00027442323880730443,0.00390625
decoders,linear,without_music,9,0.3048757923841283,0.34900939423133975,9,0,0.06792305267334639,0.43961384421677363,0.28803353590504766,0.33449488484797607,llama-2-7b,llama-3.1-8b,0.00026318963835637367,0.00390625
decoders,quadratic,without_music,9,0.21164666057518003,0.21130192448078772,9,0,0.06704049916188112,0.3631794295775133,0.19270506444988839,0.2297224307518424,llama-2-7b,llama-3.1-8b,0.0002724755210104023,0.00390625
decoders,linear,without_operate,9,0.3048664840008763,0.3493057479373943,9,0,0.06772540723051573,0.4398335580579755,0.2879955997437389,0.3345091185971714,llama-2-7b,llama-3.1-8b,0.0002650093276607228,0.00390625
decoders,quadratic,without_operate,9,0.2114733520454465,0.2113839579910704,9,0,0.06682424181665636,0.36334032268670935,0.19248998071528867,0.22955449082404528,llama-2-7b,llama-3.1-8b,0.00027562105975779055,0.00390625
decoders,linear,without_pay,9,0.3052842122273194,0.3497893809034367,9,0,0.06804849176150807,0.4400194625969822,0.2884423059311115,0.3349386772855457,llama-2-7b,llama-3.1-8b,0.0002630821162624819,0.00390625
decoders,quadratic,without_pay,9,0.21194187134214532,0.21180100447281422,9,0,0.06719333368399903,0.36371388058166315,0.1929703701872056,0.2300354385494136,llama-2-7b,llama-3.1-8b,0.0002726560411511748,0.00390625
decoders,linear,without_permit,9,0.30462225365781836,0.34879865228712414,9,0,0.06755197448911594,0.4394622593613915,0.2877672529448717,0.3342560385539062,llama-2-7b,llama-3.1-8b,0.0002658642638108787,0.00390625
decoders,quadratic,without_permit,9,0.21119995043146803,0.2109001661067971,9,0,0.06665496771719069,0.3629756293737119,0.19222799056368756,0.22926807327075271,llama-2-7b,llama-3.1-8b,0.00027751582116114254,0.00390625
decoders,linear,without_picture,9,0.30488522285829706,0.3490119842653919,9,0,0.06804163628055564,0.4396271242631097,0.28804248518269554,0.3344906711805148,llama-2-7b,llama-3.1-8b,0.0002630008839304088,0.00390625
decoders,quadratic,without_picture,9,0.21170072578929294,0.21149097390135926,9,0,0.06723858389063023,0.36322837788591567,0.19275976927721508,0.22975849352662575,llama-2-7b,llama-3.1-8b,0.00027136166925288246,0.00390625
decoders,linear,without_production,9,0.30468084497180137,0.3487973206444033,9,0,0.06793026891261437,0.4394037437594102,0.28784048262335027,0.3342746669791997,llama-2-7b,llama-3.1-8b,0.00026357424251240467,0.00390625
decoders,quadratic,without_production,9,0.21126556100180915,0.21092041438274897,9,0,0.06704980022217247,0.36289574771883715,0.19231178766218066,0.22929253109926373,llama-2-7b,llama-3.1-8b,0.0002739083412935842,0.00390625
decoders,linear,without_purpose,9,0.30510525766821833,0.3497104249589916,9,0,0.06798346618542014,0.43981595495407055,0.28826642050748685,0.3347454816035681,llama-2-7b,llama-3.1-8b,0.00026436901740585045,0.00390625
decoders,quadratic,without_purpose,9,0.2115830293186645,0.21162117423149426,9,0,0.06707206272624272,0.3630043047673788,0.1926553698875752,0.22964690014271721,llama-2-7b,llama-3.1-8b,0.00027217957856051547,0.00390625
decoders,linear,without_realize,9,0.30502634786057786,0.3490599210900404,9,0,0.06826716777337012,0.439776034591281,0.28818263701923996,0.3346212453714788,llama-2-7b,llama-3.1-8b,0.0002621116774508169,0.00390625
decoders,quadratic,without_realize,9,0.2117981737299236,0.21190998002818112,9,0,0.06738999956204002,0.36336083577200673,0.19285284097466324,0.22984919550090907,llama-2-7b,llama-3.1-8b,0.0002702862581295484,0.00390625
decoders,linear,without_recognize,9,0.3048612865709593,0.34917199444657776,9,0,0.06764445229747026,0.4397340270808667,0.2880021940072209,0.3345133908551454,llama-2-7b,llama-3.1-8b,0.0002653847057524917,0.00390625
decoders,quadratic,without_recognize,9,0.21164684332907624,0.21191311545829175,9,0,0.06659270204021865,0.3634290758466991,0.1926740642643734,0.22977861099018343,llama-2-7b,llama-3.1-8b,0.00027632866476753366,0.00390625
decoders,linear,without_said,9,0.30479070998805335,0.3491896896947037,9,0,0.0673135657118203,0.4398047524891531,0.28791395467541586,0.33447535302258247,llama-2-7b,llama-3.1-8b,0.0002674049436805948,0.00390625
decoders,quadratic,without_said,9,0.21126484423844916,0.21126770050470536,9,0,0.06642156030054706,0.3630526095332286,0.19229137357660175,0.22937025473068695,llama-2-7b,llama-3.1-8b,0.00027790598391664114,0.00390625
decoders,linear,without_snow,9,0.3048439991996353,0.3490098424420304,9,0,0.06778588599844243,0.43962970671633567,0.2879957857600478,0.3344762633497845,llama-2-7b,llama-3.1-8b,0.0002642802845078991,0.00390625
decoders,quadratic,without_snow,9,0.2116197612650788,0.2113667061011127,9,0,0.0668602737398813,0.3632093806487017,0.19267105884212593,0.22971469720572849,llama-2-7b,llama-3.1-8b,0.0002739575997441496,0.00390625
decoders,linear,without_suggested,9,0.3053469237407562,0.3494983505177882,9,0,0.06855847851727286,0.44025509450543937,0.28848340239517084,0.3349454793936917,llama-2-7b,llama-3.1-8b,0.0002599018576727487,0.00390625
decoders,quadratic,without_suggested,9,0.21182046635091456,0.2110787918461922,9,0,0.06770119199548189,0.3636135313420336,0.19284633322702466,0.22983537564534362,llama-2-7b,llama-3.1-8b,0.0002696754264286427,0.00390625
decoders,linear,without_sun,9,0.3047275805854243,0.34897332157223016,9,0,0.06746154083440559,0.4395484183938772,0.2878749758593677,0.3343858355543017,llama-2-7b,llama-3.1-8b,0.0002658954208608799,0.00390625
decoders,quadratic,without_sun,9,0.21136034981274687,0.21108041388257862,9,0,0.0665618744342668,0.3630807228215857,0.192395303186642,0.22946015923505686,llama-2-7b,llama-3.1-8b,0.0002763164879463169,0.00390625
decoders,linear,without_technical,9,0.30505481175739724,0.34912552490328963,9,0,0.06796322307929112,0.4400400423568879,0.288181657932461,0.33469126034216057,llama-2-7b,llama-3.1-8b,0.0002636449651451129,0.00390625
decoders,quadratic,without_technical,9,0.2120313234736397,0.21196405735813326,9,0,0.06715542849890033,0.36405105132182,0.19302885749261717,0.23014081034548212,llama-2-7b,llama-3.1-8b,0.0002735749535345483,0.00390625
decoders,linear,without_told,9,0.30516442157615215,0.34956038773944736,9,0,0.06766567205419284,0.4402262504547583,0.28828169296632633,0.33485176526639704,llama-2-7b,llama-3.1-8b,0.00026623581187742534,0.00390625
decoders,quadratic,without_told,9,0.21153306011528394,0.21132537509063584,9,0,0.06677875257150877,0.3635651369417144,0.19252905051198016,0.22962734855825584,llama-2-7b,llama-3.1-8b,0.00027763586166100777,0.00390625
decoders,linear,without_university,9,0.304982402833357,0.34951462117552246,9,0,0.06847414067234915,0.43940250147719545,0.28817989050287723,0.334545935603483,llama-2-7b,llama-3.1-8b,0.0002606128561259245,0.00390625
decoders,quadratic,without_university,9,0.21161642280239595,0.21120079582536136,9,0,0.06758808181242493,0.3628716852030226,0.19270951500231764,0.22961996542614235,llama-2-7b,llama-3.1-8b,0.0002683808659915798,0.00390625
decoders,linear,without_west,9,0.3048675315317817,0.34894089011748936,9,0,0.06783115640336074,0.4398016373463305,0.28800076830496313,0.3344970784228343,llama-2-7b,llama-3.1-8b,0.0002644479843915623,0.00390625
decoders,quadratic,without_west,9,0.2116348593998371,0.21129583479263278,9,0,0.06694641897588206,0.3634720595330719,0.19265520938318276,0.2297209144528315,llama-2-7b,llama-3.1-8b,0.000274786017038704,0.00390625
decoders,linear,without_accepted,9,0.3051677579823225,0.34944432244601886,9,0,0.06829865523332272,0.44024314303101414,0.2882833348512361,0.33477639582594754,llama-2-7b,llama-3.1-8b,0.00026169633718705406,0.00390625
decoders,quadratic,without_accepted,9,0.21163771564489134,0.21113867354992866,9,0,0.06742739241651133,0.3635640099412832,0.19264692885784235,0.22966400604843884,llama-2-7b,llama-3.1-8b,0.0002717715666838569,0.00390625
decoders,linear,without_actually,9,0.3057134200851104,0.3502900376596246,9,0,0.06855313793087706,0.440696990487423,0.28884047378482136,0.33535845535438963,llama-2-7b,llama-3.1-8b,0.00026073801657649153,0.00390625
decoders,quadratic,without_actually,9,0.2121292764632932,0.2120157559849208,9,0,0.0676737390175006,0.3641060733395527,0.19313217685376072,0.23018621864401723,llama-2-7b,llama-3.1-8b,0.0002691298356522778,0.00390625
decoders,linear,without_added,9,0.30473463974036413,0.34882967156855266,9,0,0.06782072202080329,0.43957947586935525,0.2878790352242402,0.33434887945530917,llama-2-7b,llama-3.1-8b,0.0002647771329035879,0.00390625
decoders,quadratic,without_added,9,0.21135351661717927,0.21106849994569235,9,0,0.06693646049037427,0.3631498339278565,0.19237897695334458,0.22940564863302987,llama-2-7b,llama-3.1-8b,0.00027626024991221176,0.00390625
decoders,linear,without_aid,9,0.30465528847823187,0.34895338761180367,9,0,0.06786125233104401,0.43936429068012073,0.28781666320299576,0.3342545429966304,llama-2-7b,llama-3.1-8b,0.000264390322952498,0.00390625
decoders,quadratic,without_aid,9,0.21122166859945413,0.21093915964014848,9,0,0.0669644329896633,0.36284172210847726,0.19226916191082624,0.22925382305067799,llama-2-7b,llama-3.1-8b,0.000274722758656884,0.00390625
decoders,linear,without_announced,9,0.3051390793882757,0.3495362255251764,9,0,0.06772354747513921,0.44022778240302707,0.2882529915114318,0.3348160208774178,llama-2-7b,llama-3.1-8b,0.0002648398718024148,0.00390625
decoders,quadratic,without_announced,9,0.21171854456275013,0.2113128079318967,9,0,0.06683812047413387,0.364110941195257,0.19266949498368677,0.22982859757382718,llama-2-7b,llama-3.1-8b,0.0002775399529250209,0.00390625
decoders,linear,without_areas,9,0.30478474339004463,0.3487475042882252,9,0,0.06805456499669632,0.43965928772863916,0.28792542534772025,0.33437601568921316,llama-2-7b,llama-3.1-8b,0.00026345127403069456,0.00390625
decoders,quadratic,without_areas,9,0.21133581866784937,0.21070616739675865,9,0,0.06716535272153536,0.36310823500441824,0.19236426662577827,0.22935712691113863,llama-2-7b,llama-3.1-8b,0.0002745588122831753,0.00390625
decoders,linear,without_aspects,9,0.30512709867798155,0.3495293762896608,9,0,0.06859616244789347,0.43965178895470874,0.28831151239339065,0.3346934657067425,llama-2-7b,llama-3.1-8b,0.00025948217012751267,0.00390625
decoders,quadratic,without_aspects,9,0.2117582761568118,0.21159432754497493,9,0,0.0677134372885077,0.36324510156648954,0.19282242298060207,0.22976388101534978,llama-2-7b,llama-3.1-8b,0.00026802472819975127,0.00390625
decoders,linear,without_called,9,0.3047371372321738,0.34901144996162414,9,0,0.06762904542829348,0.4395154602986035,0.2878898468488701,0.3343756487076588,llama-2-7b,llama-3.1-8b,0.0002659730138777416,0.00390625
decoders,quadratic,without_called,9,0.21138803276804397,0.2112569065207852,9,0,0.06671505191678986,0.36305724896632785,0.1924293807432585,0.22947215537445076,llama-2-7b,llama-3.1-8b,0.0002765987880274966,0.00390625
decoders,linear,without_clearly,9,0.30475143746798994,0.34900738911111234,9,0,0.0675393423767508,0.4396583180745659,0.28788807739216793,0.33440294935439485,llama-2-7b,llama-3.1-8b,0.0002660322397637704,0.00390625
decoders,quadratic,without_clearly,9,0.2114117272017101,0.21116924901741374,9,0,0.06659793560458128,0.36324553012548255,0.1924325018362385,0.22951345115135116,llama-2-7b,llama-3.1-8b,0.00027745327120507407,0.00390625
decoders,linear,without_cold,9,0.3050020295442816,0.34922664067338244,9,0,0.06789853026223713,0.4398811893709805,0.2881421345659443,0.3346399669545372,llama-2-7b,llama-3.1-8b,0.00026376414986347004,0.00390625
decoders,quadratic,without_cold,9,0.2118121892849765,0.21174302863890151,9,0,0.06702509905230618,0.36367193716594376,0.1928297207998556,0.2299105755640603,llama-2-7b,llama-3.1-8b,0.0002732691819765193,0.00390625
decoders,linear,without_completely,9,0.3055677796963332,0.35015424720011773,9,0,0.06767545942627046,0.44090092257252145,0.28865113683680965,0.335304319730091,llama-2-7b,llama-3.1-8b,0.0002671166927056935,0.00390625
decoders,quadratic,without_completely,9,0.2120139957672276,0.21197607308984415,9,0,0.06678136014659761,0.36422203440592393,0.1929879909373905,0.2301680752198063,llama-2-7b,llama-3.1-8b,0.0002775556720426841,0.00390625
decoders,linear,without_continued,9,0.30514281557257183,0.3489973446612147,9,0,0.06813554352657022,0.4401694060089902,0.2882644917680196,0.3347687245783221,llama-2-7b,llama-3.1-8b,0.0002622839509373414,0.00390625
decoders,quadratic,without_continued,9,0.21215593406445282,0.2120394750291856,9,0,0.06753506402087647,0.36428367138230444,0.19313996689972135,0.23023354281989986,llama-2-7b,llama-3.1-8b,0.00027071480279545985,0.00390625
decoders,linear,without_corner,9,0.3047924351944877,0.3490215300099614,9,0,0.06778102100409451,0.4397953479307482,0.28791707110245507,0.3344188619682868,llama-2-7b,llama-3.1-8b,0.00026457558601255193,0.00390625
decoders,quadratic,without_corner,9,0.2114402325780347,0.2111688165229214,9,0,0.06689744715237499,0.36329820739761953,0.1924579857255866,0.22950808075624213,llama-2-7b,llama-3.1-8b,0.0002752464123733091,0.00390625
decoders,linear,without_culture,9,0.3053524587070908,0.3495798604796499,9,0,0.06801408536695608,0.4405428112625701,0.2884536646376559,0.3350197553746077,llama-2-7b,llama-3.1-8b,0.00026388554383140493,0.00390625
decoders,quadratic,without_culture,9,0.21189328605846255,0.21167181000562968,9,0,0.06715434640730138,0.3639440961069506,0.19288693480240157,0.22998565351485772,llama-2-7b,llama-3.1-8b,0.0002742072315613001,0.00390625
decoders,linear,without_demonstrated,9,0.3048130982753238,0.34907770074408945,9,0,0.06744939559407302,0.4396743685253972,0.28795543949406466,0.33448356111048017,llama-2-7b,llama-3.1-8b,0.00026585644346479686,0.00390625
decoders,quadratic,without_demonstrated,9,0.21150543874566335,0.21175061472884243,9,0,0.06656363142231508,0.3631881377607562,0.19254510136877676,0.2296231646610819,llama-2-7b,llama-3.1-8b,0.0002758991046754525,0.00390625
decoders,linear,without_described,9,0.30518869997952963,0.34996294785080034,9,0,0.06749138792272703,0.4400427982020429,0.2883319377017155,0.33490086398662994,llama-2-7b,llama-3.1-8b,0.00026695516463201205,0.00390625
decoders,quadratic,without_described,9,0.21170615333003948,0.21212243188539617,9,0,0.06639915815817178,0.3635601908872017,0.1927243986353942,0.22986952772652292,llama-2-7b,llama-3.1-8b,0.00027839266943865325,0.00390625
decoders,linear,without_destroy,9,0.3049356890196538,0.34915797440102614,9,0,0.06735438170202643,0.44012250905170225,0.2880373365156477,0.3346333524343572,llama-2-7b,llama-3.1-8b,0.0002673916398118782,0.00390625
decoders,quadratic,without_destroy,9,0.21150059814818667,0.21128658516144175,9,0,0.06645626977088843,0.36340537052008653,0.1925125016016992,0.22963113919534897,llama-2-7b,llama-3.1-8b,0.00027841357185217686,0.00390625
decoders,linear,without_direction,9,0.3048229791133139,0.34922026330947575,9,0,0.06792386474176884,0.4396821828755015,0.2879655786430405,0.3344353684097571,llama-2-7b,llama-3.1-8b,0.0002633666614195927,0.00390625
decoders,quadratic,without_direction,9,0.21137138065131433,0.21080909457158406,9,0,0.06702126649896811,0.3631909353140424,0.19239393631847335,0.2294151449203576,llama-2-7b,llama-3.1-8b,0.000274388821236305,0.00390625
decoders,linear,without_dirt,9,0.3047852896121469,0.3488989611760928,9,0,0.06791195661039487,0.4395948474151509,0.2879340948867714,0.3343944562373659,llama-2-7b,llama-3.1-8b,0.0002637623281605483,0.00390625
decoders,quadratic,without_dirt,9,0.2114393406941567,0.21111666284189526,9,0,0.06703414114498932,0.3629963075385499,0.19249471983860758,0.22948999063780265,llama-2-7b,llama-3.1-8b,0.0002735068831646574,0.00390625
decoders,linear,without_education,9,0.3046574695582153,0.34880001054993065,9,0,0.06787973423916091,0.4394819432746027,0.2878044103436669,0.3342546864730971,llama-2-7b,llama-3.1-8b,0.0002643086141189728,0.00390625
decoders,quadratic,without_education,9,0.2112386093345106,0.2108270653209033,9,0,0.06698934914764763,0.3629879101243538,0.19226994673578024,0.22926976685786848,llama-2-7b,llama-3.1-8b,0.0002754134886060642,0.00390625
decoders,linear,without_effort,9,0.30501010624180974,0.3494044741618118,9,0,0.06813163448222143,0.43980012778523686,0.2881613535488813,0.33461991521175827,llama-2-7b,llama-3.1-8b,0.00026270007499638344,0.00390625
decoders,quadratic,without_effort,9,0.2117943280112421,0.21155247114938291,9,0,0.06743615324453775,0.3636108960418033,0.19281725700742192,0.22983909985708012,llama-2-7b,llama-3.1-8b,0.0002712287507388807,0.00390625
decoders,linear,without_established,9,0.30499404086645204,0.34926102081931315,9,0,0.06807630395268953,0.439868989800391,0.2881346722497097,0.3346087579806724,llama-2-7b,llama-3.1-8b,0.0002630135481500356,0.00390625
decoders,quadratic,without_established,9,0.21171706965509257,0.21126123384490753,9,0,0.06723518875962761,0.3637195832345708,0.1927167554576578,0.22977730476702568,llama-2-7b,llama-3.1-8b,0.0002738943765604371,0.00390625
decoders,linear,without_ever,9,0.30462005153936134,0.34883964101685627,9,0,0.06750240840750836,0.4394417567577436,0.2877673383870636,0.334259756930843,llama-2-7b,llama-3.1-8b,0.00026609787124725584,0.00390625
decoders,quadratic,without_ever,9,0.2111931492687165,0.21078207216581943,9,0,0.06660907147569531,0.3629249897209777,0.19222666921218384,0.22926615899284414,llama-2-7b,llama-3.1-8b,0.0002774468169258223,0.00390625
decoders,linear,without_expected,9,0.30482434051241053,0.3494057344403227,9,0,0.06805805093084996,0.4394421132901759,0.28799711891518986,0.3344201267101056,llama-2-7b,llama-3.1-8b,0.00026337022856549565,0.00390625
decoders,quadratic,without_expected,9,0.2113886614930679,0.21104280277768092,9,0,0.06716789882728456,0.36288058637972015,0.19245217088223637,0.2294162568262908,llama-2-7b,llama-3.1-8b,0.00027287982338414224,0.00390625
decoders,linear,without_face,9,0.3045076204685169,0.34863172434065615,9,0,0.06754012499930934,0.4393501186103507,0.28765230820078774,0.3341285574021679,llama-2-7b,llama-3.1-8b,0.00026602372828707214,0.00390625
decoders,quadratic,without_face,9,0.21105878232317404,0.21065797931458569,9,0,0.0666550801677923,0.3628329416087612,0.19208701241247567,0.22910924509259675,llama-2-7b,llama-3.1-8b,0.00027759694675709505,0.00390625
decoders,linear,without_fell,9,0.304898755257656,0.34936534304202005,9,0,0.06744308585130156,0.4398264290534195,0.28803279603318555,0.33458071393345024,llama-2-7b,llama-3.1-8b,0.00026657262180394093,0.00390625
decoders,quadratic,without_fell,9,0.21168584222463693,0.21190087552248996,9,0,0.06652406301468779,0.36352617314418506,0.19270580085969344,0.2298310646258806,llama-2-7b,llama-3.1-8b,0.00027685307438598346,0.00390625
decoders,linear,without_fear,9,0.3046178790994587,0.34881496453834687,9,0,0.06760226143324381,0.43940563880478756,0.28776940913629256,0.3342448313077355,llama-2-7b,llama-3.1-8b,0.0002658630056242522,0.00390625
decoders,quadratic,without_fear,9,0.21121554467605932,0.21086643609569164,9,0,0.06671001673591187,0.36288792786971635,0.1922564967768522,0.22927873566857776,llama-2-7b,llama-3.1-8b,0.00027681005240146864,0.00390625
decoders,linear,without_felt,9,0.305328662903915,0.34982068285522216,9,0,0.06791499845546796,0.4404306115037276,0.2884409193289385,0.33500537095997096,llama-2-7b,llama-3.1-8b,0.00026582297030716825,0.00390625
decoders,quadratic,without_felt,9,0.21143529155676993,0.21119165503080967,9,0,0.06693032619777484,0.36343620341364496,0.1924351775746605,0.2294984122266443,llama-2-7b,llama-3.1-8b,0.00027753160492330076,0.00390625
decoders,linear,without_finished,9,0.30564750095839666,0.35007065327363135,9,0,0.06765827931181322,0.44100362349941336,0.2887279856407695,0.3353961536642196,llama-2-7b,llama-3.1-8b,0.0002664178442628735,0.00390625
decoders,quadratic,without_finished,9,0.21198750255237186,0.21178472930423115,9,0,0.06673409596156354,0.36437608544347383,0.19293892969098414,0.23014417837622292,llama-2-7b,llama-3.1-8b,0.00027817289352850984,0.00390625
decoders,linear,without_foreign,9,0.3050066571661215,0.3495831357089132,9,0,0.06732733535754483,0.4403655601063293,0.2880867942985955,0.3347165723921936,llama-2-7b,llama-3.1-8b,0.00026791457281102605,0.00390625
decoders,quadratic,without_foreign,9,0.21157914266146913,0.2115458964964716,9,0,0.0664189805847939,0.3636301769376598,0.1925727633769453,0.22972416292105352,llama-2-7b,llama-3.1-8b,0.0002794064747138793,0.00390625
decoders,linear,without_girl,9,0.30502565623426514,0.34910403749423885,9,0,0.06755177846447025,0.4399843727598542,0.28815581666856654,0.33470989095548953,llama-2-7b,llama-3.1-8b,0.0002660588688892426,0.00390625
decoders,quadratic,without_girl,9,0.21173021329182332,0.21156899199234083,9,0,0.06648902971404219,0.3637663559940538,0.1927256954540445,0.22988536123904596,llama-2-7b,llama-3.1-8b,0.00027802358180013733,0.00390625
decoders,linear,without_good,9,0.3050304792734829,0.3493204580578221,9,0,0.06848056897073705,0.43961222823345375,0.28820776065348663,0.3345992180613262,llama-2-7b,llama-3.1-8b,0.00025973717923172274,0.00390625
decoders,quadratic,without_good,9,0.21159580831602576,0.21103311967709595,9,0,0.06759370427933536,0.36314175831288464,0.19265256456641838,0.22959607132061205,llama-2-7b,llama-3.1-8b,0.00026904447091642204,0.00390625
decoders,linear,without_hall,9,0.3046858165672573,0.348774672222026,9,0,0.06781763916030754,0.4393775641794429,0.2878493481157341,0.33429433874312603,llama-2-7b,llama-3.1-8b,0.0002645475627692251,0.00390625
decoders,quadratic,without_hall,9,0.2112916053222561,0.21089483022752648,9,0,0.06693617805606,0.36284944483770226,0.19234687538282536,0.22933603373053063,llama-2-7b,llama-3.1-8b,0.00027454227489823744,0.00390625
decoders,linear,without_hero,9,0.30499919908444695,0.3491243930916233,9,0,0.06830183990020619,0.43992586356096347,0.2881333660248824,0.334586368982477,llama-2-7b,llama-3.1-8b,0.0002618461743795883,0.00390625
decoders,quadratic,without_hero,9,0.2117029254636162,0.2113749521449314,9,0,0.06745264969170525,0.363443782204375,0.19273531837102137,0.22973420993510507,llama-2-7b,llama-3.1-8b,0.00027114088196057365,0.00390625
decoders,linear,without_held,9,0.3047551271933011,0.34871029650440727,9,0,0.06771513486857274,0.43958539731259455,0.28790134342838947,0.33438512623389216,llama-2-7b,llama-3.1-8b,0.00026472052769621173,0.00390625
decoders,quadratic,without_held,9,0.21140939647113866,0.21098358942498457,9,0,0.06680790267770514,0.3630949833439874,0.19244869811203258,0.22948458319531784,llama-2-7b,llama-3.1-8b,0.00027571881315043034,0.00390625
decoders,linear,without_influence,9,0.3050117795152271,0.34943442838225386,9,0,0.0680597211667207,0.4398346040732179,0.28815892644547825,0.33463078680879044,llama-2-7b,llama-3.1-8b,0.00026315238696129575,0.00390625
decoders,quadratic,without_influence,9,0.21141755777192262,0.21090047815140583,9,0,0.06717024448101645,0.363242931221426,0.19243938609073472,0.2294484719332859,llama-2-7b,llama-3.1-8b,0.0002742837908510287,0.00390625
decoders,linear,without_inside,9,0.30471315937696947,0.34903906015909164,9,0,0.06751989662784029,0.43955609805820595,0.28785779204181483,0.33436231722061055,llama-2-7b,llama-3.1-8b,0.00026569590914238023,0.00390625
decoders,quadratic,without_inside,9,0.21134185727302532,0.21131248980868125,9,0,0.06633450870287264,0.36305202128473907,0.19237808677156104,0.22946777584429434,llama-2-7b,llama-3.1-8b,0.00027811846415799236,0.00390625
decoders,linear,without_introduced,9,0.3049682798681564,0.34906406050454325,9,0,0.0681866904975671,0.43973648061809373,0.28812225477441417,0.33456597853948,llama-2-7b,llama-3.1-8b,0.0002617245441145206,0.00390625
decoders,quadratic,without_introduced,9,0.21166205275772715,0.21101906586282437,9,0,0.06733936396667801,0.36342765290566775,0.1926913527392346,0.22970238885660832,llama-2-7b,llama-3.1-8b,0.000271619977744754,0.00390625
decoders,linear,without_know,9,0.30518123038292155,0.3490922782647551,9,0,0.06788372483685431,0.4404941058385785,0.2882671209509644,0.33484341857617994,llama-2-7b,llama-3.1-8b,0.00026405045076629847,0.00390625
decoders,quadratic,without_know,9,0.21207447092422757,0.2121734978540272,9,0,0.06700742442793625,0.36421347401860255,0.19305709553743067,0.23020785173626396,llama-2-7b,llama-3.1-8b,0.00027475346613525293,0.00390625
decoders,linear,without_last,9,0.3049600130350899,0.34917687583663054,9,0,0.06815954116731503,0.44000958748233304,0.2880788162291845,0.33456007201856175,llama-2-7b,llama-3.1-8b,0.0002627587953541931,0.00390625
decoders,quadratic,without_last,9,0.2114049920202633,0.210766868191542,9,0,0.06727626978773528,0.36335336832024423,0.19241144498276566,0.22942108229932928,llama-2-7b,llama-3.1-8b,0.0002737425506769302,0.00390625
decoders,linear,without_learned,9,0.3049908076720119,0.34933706471875764,9,0,0.0680102190618705,0.43977370390319365,0.28814294564311416,0.33461338124827955,llama-2-7b,llama-3.1-8b,0.00026305128711241244,0.00390625
decoders,quadratic,without_learned,9,0.2117869854682393,0.2118373228804546,9,0,0.06720935375046186,0.36353552639444153,0.192818417852464,0.22985918943296146,llama-2-7b,llama-3.1-8b,0.00027177584699529875,0.00390625
decoders,linear,without_lay,9,0.30479032577073717,0.349208262142806,9,0,0.06743595367333662,0.43962529864445815,0.28793595416152207,0.33445962228291226,llama-2-7b,llama-3.1-8b,0.00026698582531039557,0.00390625
decoders,quadratic,without_lay,9,0.21143230996917853,0.2113300912730332,9,0,0.06655061160366942,0.36321897182394636,0.19245897723733257,0.22954252226486718,llama-2-7b,llama-3.1-8b,0.0002783492064059925,0.00390625
decoders,linear,without_light,9,0.3047495403172974,0.34892623330504435,9,0,0.06775500659785462,0.4396184336262215,0.2878909286536818,0.33437385703222766,llama-2-7b,llama-3.1-8b,0.00026450520615220246,0.00390625
decoders,quadratic,without_light,9,0.21137695075568308,0.21094758108610742,9,0,0.0668685260360226,0.3631475051381075,0.19240563145788003,0.22944050384564066,llama-2-7b,llama-3.1-8b,0.00027540234959261587,0.00390625
decoders,linear,without_line,9,0.30480755645565044,0.3491834306927629,9,0,0.06770953626559086,0.43978854071268897,0.2879349334235206,0.33444480897940787,llama-2-7b,llama-3.1-8b,0.00026536364931873253,0.00390625
decoders,quadratic,without_line,9,0.21152451569633682,0.21150353679496164,9,0,0.06682574203103105,0.3634337056738998,0.19253586694914143,0.22961186240450004,llama-2-7b,llama-3.1-8b,0.0002758971181742633,0.00390625
decoders,linear,without_mass,9,0.3047531054140607,0.34893580233625504,9,0,0.0678400924258562,0.43962620681311704,0.28789396773917864,0.3343672320375862,llama-2-7b,llama-3.1-8b,0.0002640148503912936,0.00390625
decoders,quadratic,without_mass,9,0.21136815157573519,0.21089350920106417,9,0,0.06695901053790664,0.36317141558645755,0.19239274357439493,0.2294192942054638,llama-2-7b,llama-3.1-8b,0.0002746983788295574,0.00390625
decoders,linear,without_memory,9,0.30475528433580684,0.3488396592877083,9,0,0.06778293925489272,0.43955456106600793,0.2879053747445317,0.3343768274709211,llama-2-7b,llama-3.1-8b,0.00026451603950679043,0.00390625
decoders,quadratic,without_memory,9,0.21141536616447038,0.2111736805232422,9,0,0.06689112874241862,0.3631146325421288,0.19245295786726307,0.22948089584222686,llama-2-7b,llama-3.1-8b,0.00027489166262322385,0.00390625
decoders,linear,without_north,9,0.3048185638223553,0.3487952619116229,9,0,0.06770524078903362,0.43992168099039347,0.2879306741763505,0.3344577292015205,llama-2-7b,llama-3.1-8b,0.00026539809091109286,0.00390625
decoders,quadratic,without_north,9,0.2114698016770636,0.2110312598217213,9,0,0.06674111846014474,0.36345679916669676,0.19247142699085948,0.2295608870791785,llama-2-7b,llama-3.1-8b,0.0002775596351015389,0.00390625
decoders,linear,without_noted,9,0.3047547399899041,0.3489356531065547,9,0,0.06753897186749348,0.4396449833901671,0.2878934595648712,0.3344067110052054,llama-2-7b,llama-3.1-8b,0.0002665187158204638,0.00390625
decoders,quadratic,without_noted,9,0.2114213676961889,0.21142171043181376,9,0,0.06655697068130169,0.36325625981071863,0.19244200618187268,0.22952941732304982,llama-2-7b,llama-3.1-8b,0.0002778937914057338,0.00390625
decoders,linear,without_noticed,9,0.30537772090168885,0.34953645355750074,9,0,0.06781997683804519,0.44038396925148143,0.28850193985796485,0.33507243890964433,llama-2-7b,llama-3.1-8b,0.00026561553130095654,0.00390625
decoders,quadratic,without_noticed,9,0.21201105216204885,0.21213977012799717,9,0,0.06693586847286333,0.3639980607563927,0.1930126760877559,0.23014545012319707,llama-2-7b,llama-3.1-8b,0.0002753025280417323,0.00390625
decoders,linear,without_observed,9,0.30469492247358143,0.34885604256179403,9,0,0.06789010495537137,0.439482875260224,0.2878464283752511,0.33429552466335766,llama-2-7b,llama-3.1-8b,0.00026389874145676235,0.00390625
decoders,quadratic,without_observed,9,0.21127445716166923,0.21074543137037482,9,0,0.0670112587343801,0.3628908661813845,0.1923224060342048,0.22930735696508037,llama-2-7b,llama-3.1-8b,0.0002743962369841612,0.00390625
decoders,linear,without_paused,9,0.30550837449975526,0.3495606581157258,9,0,0.06774387061584197,0.44100218989437534,0.28857164757542775,0.3352289374852444,llama-2-7b,llama-3.1-8b,0.0002660988367737597,0.00390625
decoders,quadratic,without_paused,9,0.21191320557471494,0.21181634114020026,9,0,0.06673616759046123,0.36437456932832196,0.19285553510551406,0.23006033532274664,llama-2-7b,llama-3.1-8b,0.0002781196222980528,0.00390625
decoders,linear,without_piece,9,0.305718171395944,0.3498794224238241,9,0,0.06858533232539271,0.44076887452626856,0.28883683350465333,0.3353597762797629,llama-2-7b,llama-3.1-8b,0.0002607857652866732,0.00390625
decoders,quadratic,without_piece,9,0.2120000008563984,0.2114103289600272,9,0,0.06773352135244787,0.363976172379725,0.19300297941598257,0.2300333107943922,llama-2-7b,llama-3.1-8b,0.00026998528979373413,0.00390625
decoders,linear,without_plane,9,0.3046824027119161,0.3489368893114742,9,0,0.0676924709122117,0.4394680650158977,0.2878341949239183,0.3343061441868791,llama-2-7b,llama-3.1-8b,0.0002649109596844547,0.00390625
decoders,quadratic,without_plane,9,0.2113091947216249,0.21104506044821722,9,0,0.06680658523924991,0.36298845715169004,0.19234928691786674,0.22937202090692177,llama-2-7b,llama-3.1-8b,0.00027532029336593746,0.00390625
decoders,linear,without_position,9,0.3048275637075051,0.34903430604365626,9,0,0.06810427863828165,0.43959977933064553,0.2879810367546125,0.33441797434115805,llama-2-7b,llama-3.1-8b,0.00026264866361524965,0.00390625
decoders,quadratic,without_position,9,0.21149799420913112,0.2113996370519988,9,0,0.06724077982823948,0.36318256504248114,0.19253742285496234,0.22953014600674257,llama-2-7b,llama-3.1-8b,0.00027195131300096075,0.00390625
decoders,linear,without_prepared,9,0.30499676936691955,0.3491395785038663,9,0,0.06811718372099822,0.4398155908478726,0.2881444166818004,0.3346067175726597,llama-2-7b,llama-3.1-8b,0.0002627594845666353,0.00390625
decoders,quadratic,without_prepared,9,0.21185256249927115,0.21171254411096854,9,0,0.0673392441041847,0.3636136597799793,0.19288242533918265,0.22991672729865698,llama-2-7b,llama-3.1-8b,0.00027144245491171766,0.00390625
decoders,linear,without_professional,9,0.3048320686195786,0.3491974048817487,9,0,0.06791905383745488,0.43963007830383394,0.28798231740904673,0.3344461954673441,llama-2-7b,llama-3.1-8b,0.00026373794142145354,0.00390625
decoders,quadratic,without_professional,9,0.21148251313104932,0.21128745585429365,9,0,0.06704615716528374,0.3632130679734438,0.19251619377575002,0.22953705762677,llama-2-7b,llama-3.1-8b,0.0002739753279198746,0.00390625
decoders,linear,without_published,9,0.30508334559533945,0.3498683778945803,9,0,0.06770896539249584,0.43975924876768996,0.2882488576987956,0.3347551431206949,llama-2-7b,llama-3.1-8b,0.00026625082017152184,0.00390625
decoders,quadratic,without_published,9,0.21157413458824856,0.21156059902198873,9,0,0.06681435633867723,0.3633560173825741,0.19260139923895783,0.22966910686944494,llama-2-7b,llama-3.1-8b,0.00027595585505305466,0.00390625
decoders,linear,without_raised,9,0.30480907100611265,0.34916627990417043,9,0,0.0681591688328819,0.439494324965911,0.2879734142611378,0.3343903087777665,llama-2-7b,llama-3.1-8b,0.00026264110780236906,0.00390625
decoders,quadratic,without_raised,9,0.2114304530187606,0.2113146990415854,9,0,0.06727276711081238,0.3630268927575096,0.192480898051417,0.22945016375725413,llama-2-7b,llama-3.1-8b,0.0002719424206681275,0.00390625
decoders,linear,without_received,9,0.3053204817088777,0.34979169347818184,9,0,0.06772183159734854,0.44023214257379967,0.28845652410076245,0.3350203129728188,llama-2-7b,llama-3.1-8b,0.0002647480400796524,0.00390625
decoders,quadratic,without_received,9,0.2116696227347569,0.21156302704202068,9,0,0.06679956868266568,0.3635373189566233,0.1926861607070236,0.2297783794912683,llama-2-7b,llama-3.1-8b,0.0002751278310049296,0.00390625
decoders,linear,without_religion,9,0.3053635894916341,0.3497354475770979,9,0,0.06848984249153633,0.44068798269571724,0.28844804034112365,0.3349728078666463,llama-2-7b,llama-3.1-8b,0.00026105465002123176,0.00390625
decoders,quadratic,without_religion,9,0.21178353174520287,0.2114546352466315,9,0,0.06760298138362862,0.36390928767439806,0.19276781225405348,0.22980610054039968,llama-2-7b,llama-3.1-8b,0.0002709941347562346,0.00390625
decoders,linear,without_result,9,0.30464172638879805,0.3489545363089946,9,0,0.06765731448496497,0.4393841406729036,0.28779892460328493,0.3342647778767772,llama-2-7b,llama-3.1-8b,0.00026564681845821637,0.00390625
decoders,quadratic,without_result,9,0.21118141684059458,0.2110072483110719,9,0,0.06670282432183007,0.36286073787721435,0.1922215017110171,0.22924124090544015,llama-2-7b,llama-3.1-8b,0.00027656968288498055,0.00390625
decoders,linear,without_room,9,0.3046105025733571,0.34874160930153336,9,0,0.06754213559209843,0.43945613106190673,0.2877547990122883,0.33424404844601435,llama-2-7b,llama-3.1-8b,0.0002656793639820121,0.00390625
decoders,quadratic,without_room,9,0.2111531716652226,0.2107297324142729,9,0,0.06660902788097299,0.36288099658263634,0.19218719355054587,0.22922118963825378,llama-2-7b,llama-3.1-8b,0.00027735629452934783,0.00390625
decoders,linear,without_scale,9,0.3047133231873864,0.3487203663406819,9,0,0.06788621287330587,0.4395540647556096,0.2878582304913585,0.3343167119766465,llama-2-7b,llama-3.1-8b,0.0002638668474480484,0.00390625
decoders,quadratic,without_scale,9,0.2113187234422154,0.21067391494500154,9,0,0.06700732391857873,0.3631146687123991,0.19234423028344244,0.22935764838266998,llama-2-7b,llama-3.1-8b,0.0002750414324141896,0.00390625
decoders,linear,without_secretary,9,0.305217695354471,0.34938544447380876,9,0,0.06801617361448435,0.4403680541105781,0.28832390050995765,0.33486788557196934,llama-2-7b,llama-3.1-8b,0.0002631296223891747,0.00390625
decoders,quadratic,without_secretary,9,0.21186703851754032,0.21154687492721375,9,0,0.06716675638432813,0.3638248617583871,0.19287231061243448,0.22995457378419185,llama-2-7b,llama-3.1-8b,0.00027281114355002156,0.00390625
decoders,linear,without_seek,9,0.30467487959781586,0.34890193215041315,9,0,0.06734499840073069,0.43964897863093855,0.2878031172186756,0.33434111474745154,llama-2-7b,llama-3.1-8b,0.0002667151611934381,0.00390625
decoders,quadratic,without_seek,9,0.21127331205531924,0.21075591915289502,9,0,0.0663780324874265,0.3632599381862246,0.19227498378895608,0.22938522200130584,llama-2-7b,llama-3.1-8b,0.0002795610068278399,0.00390625
decoders,linear,without_shot,9,0.3050541881485206,0.34916173228860536,9,0,0.06830973391957713,0.4398241344847354,0.2882079448564937,0.3346472449271385,llama-2-7b,llama-3.1-8b,0.0002607341362032769,0.00390625
decoders,quadratic,without_shot,9,0.2116565852731325,0.21096699704645122,9,0,0.06744405761340766,0.36343238845059583,0.19268460987594954,0.22968315123059807,llama-2-7b,llama-3.1-8b,0.0002708944361252238,0.00390625
decoders,linear,without_simply,9,0.3047410506630468,0.34932020283156884,9,0,0.06736169085315703,0.4394338376895108,0.2879044522847388,0.33441347063928306,llama-2-7b,llama-3.1-8b,0.00026689041393654334,0.00390625
decoders,quadratic,without_simply,9,0.2114806623361484,0.21200380664787424,9,0,0.06647379603964676,0.36294036262421553,0.19254819980014004,0.22960652062321113,llama-2-7b,llama-3.1-8b,0.0002753490069345361,0.00390625
decoders,linear,without_sat,9,0.305030798342974,0.34907731909289413,9,0,0.06737273500472506,0.4400332247343018,0.28815549504405796,0.33473805626025505,llama-2-7b,llama-3.1-8b,0.0002671178015766247,0.00390625
decoders,quadratic,without_sat,9,0.21175421595829186,0.2123192668505585,9,0,0.0664424692343749,0.3635973818224292,0.19277382022527467,0.22991818429878147,llama-2-7b,llama-3.1-8b,0.00027781333406061464,0.00390625
decoders,linear,without_soil,9,0.3049375309360627,0.349174643496414,9,0,0.06772618730317778,0.4398665170185652,0.2880714076757498,0.3345889488901732,llama-2-7b,llama-3.1-8b,0.00026476615890966683,0.00390625
decoders,quadratic,without_soil,9,0.211676484647569,0.2116889497368795,9,0,0.06684060412417733,0.3635380076862901,0.19269379426772887,0.22978096971299294,llama-2-7b,llama-3.1-8b,0.00027512727538429237,0.00390625
decoders,linear,without_staining,9,0.3052862571061487,0.3499133985249737,9,0,0.06782428511497689,0.44013575780109154,0.28843006951928085,0.3349690036050452,llama-2-7b,llama-3.1-8b,0.0002656294319686472,0.00390625
decoders,quadratic,without_staining,9,0.21181263810856416,0.21174599882373568,9,0,0.06694292682962243,0.36381680536631095,0.19281211720134578,0.22992135201843183,llama-2-7b,llama-3.1-8b,0.00027629108621977493,0.00390625
decoders,linear,without_started,9,0.30510331717055156,0.34945414807025266,9,0,0.06837563332997021,0.43964756606953725,0.28828528605817827,0.3346942776506242,llama-2-7b,llama-3.1-8b,0.00026085972421029146,0.00390625
decoders,quadratic,without_started,9,0.21180347744986627,0.21173824571615713,9,0,0.0675848088233024,0.363254152177739,0.19287214310888218,0.22983081102818673,llama-2-7b,llama-3.1-8b,0.00026839254201373067,0.00390625
decoders,linear,without_stay,9,0.3048027521765508,0.34890303897695246,9,0,0.06762330044799501,0.4395805575792221,0.28795552650121686,0.33445018364262025,llama-2-7b,llama-3.1-8b,0.00026520213095162446,0.00390625
decoders,quadratic,without_stay,9,0.2115630696056226,0.21158778423654745,9,0,0.06667718201111608,0.3631463722143976,0.19261515677952573,0.2296738055549359,llama-2-7b,llama-3.1-8b,0.0002753799654910976,0.00390625
decoders,linear,without_struck,9,0.30490675285297136,0.3490826653838249,9,0,0.0678351973146646,0.4397880078447431,0.2880465959789999,0.3345406972952597,llama-2-7b,llama-3.1-8b,0.0002642222136576626,0.00390625
decoders,quadratic,without_struck,9,0.211801196637287,0.21169139795098726,9,0,0.06691119759943152,0.3635802512522015,0.1928288148104227,0.22991244651701892,llama-2-7b,llama-3.1-8b,0.00027373025622870386,0.00390625
decoders,linear,without_things,9,0.304579926885509,0.34875603717469755,9,0,0.06741334191014844,0.43942403193190305,0.28772441375470975,0.33422575000742905,llama-2-7b,llama-3.1-8b,0.00026681564275233313,0.00390625
decoders,quadratic,without_things,9,0.2111233223397187,0.21077226919611164,9,0,0.06652790192857075,0.3629279437474324,0.19214774466375448,0.2291977498911122,llama-2-7b,llama-3.1-8b,0.00027829879710000613,0.00390625
decoders,linear,without_tomorrow,9,0.30525539600153123,0.3493270497163329,9,0,0.06780699519205893,0.4407595529455975,0.28831737638352295,0.3349364461027153,llama-2-7b,llama-3.1-8b,0.00026545612883463677,0.00390625
decoders,quadratic,without_tomorrow,9,0.21193283041100647,0.2117488408493745,9,0,0.06686665477883683,0.3642945036510889,0.19288762125599615,0.23006610236502767,llama-2-7b,llama-3.1-8b,0.00027634376558244896,0.00390625
decoders,linear,without_volume,9,0.3048043129373095,0.3490407309493976,9,0,0.0678698262775342,0.43957392027502923,0.2879581120200946,0.3344211237697814,llama-2-7b,llama-3.1-8b,0.0002639370991402944,0.00390625
decoders,quadratic,without_volume,9,0.2115084433563567,0.21146175751266658,9,0,0.06699158659108628,0.36314341202728845,0.19255407227249022,0.2295730504520155,llama-2-7b,llama-3.1-8b,0.0002734824240430458,0.00390625
decoders,linear,without_win,9,0.305044455704809,0.3494674137594768,9,0,0.0679536727040548,0.43977983853472163,0.2882025328510699,0.33468080357990326,llama-2-7b,llama-3.1-8b,0.00026310204537597406,0.00390625
decoders,quadratic,without_win,9,0.21179074546472468,0.21161842568212744,9,0,0.06708611568366901,0.3634503360654229,0.19283329663963739,0.2298788241873566,llama-2-7b,llama-3.1-8b,0.0002724153987671006,0.00390625
decoders,linear,without_wish,9,0.30480945619128114,0.34928199912034674,9,0,0.06710829065644267,0.43998970976485335,0.28791192449458464,0.33452210188313597,llama-2-7b,llama-3.1-8b,0.00026840891032069153,0.00390625
decoders,quadratic,without_wish,9,0.21148275943559738,0.2114386016125055,9,0,0.06620891329022638,0.36370420767520756,0.19245507840564613,0.22964199020376877,llama-2-7b,llama-3.1-8b,0.000280638825025321,0.00390625
decoders,linear,without_wondered,9,0.30485202144732604,0.3487107132317082,9,0,0.06827956984302698,0.43954705161677643,0.2880151426761448,0.3344235778978635,llama-2-7b,llama-3.1-8b,0.00026242807603607337,0.00390625
decoders,quadratic,without_wondered,9,0.2113112715020554,0.21107433096610448,9,0,0.0673942629543049,0.36288428738019135,0.1923646445172884,0.22930089757052421,llama-2-7b,llama-3.1-8b,0.0002709501369230239,0.00390625
decoders,linear,without_wrong,9,0.304703145800334,0.3487935121061011,9,0,0.06771332077510793,0.4395436606861112,0.28784808143961177,0.33432687392848714,llama-2-7b,llama-3.1-8b,0.00026461642323979094,0.00390625
decoders,quadratic,without_wrong,9,0.21130281226316164,0.21079803675629405,9,0,0.0667663695758849,0.3630906193785632,0.19232933637373645,0.22936986759907124,llama-2-7b,llama-3.1-8b,0.00027601301017220686,0.00390625
decoders,linear,without_above,9,0.3047108626997495,0.34875315355426956,9,0,0.067862464716043,0.43951744257747843,0.2878600402150334,0.3343169124477129,llama-2-7b,llama-3.1-8b,0.00026375396629975254,0.00390625
decoders,quadratic,without_above,9,0.2113085903753737,0.21081282356423717,9,0,0.06698324986286693,0.36304722833342123,0.1923412606306178,0.22934925793943706,llama-2-7b,llama-3.1-8b,0.0002744718412819573,0.00390625
decoders,linear,without_appeal,9,0.3047705781011957,0.34890441133122,9,0,0.06777455088104739,0.43953999832226903,0.28792440057356156,0.3343950815037143,llama-2-7b,llama-3.1-8b,0.00026417646255892646,0.00390625
decoders,quadratic,without_appeal,9,0.21144151105305445,0.21111728971182578,9,0,0.06687659668635401,0.3630609209725096,0.19248908481312257,0.22951212534889204,llama-2-7b,llama-3.1-8b,0.0002742632113722731,0.00390625
decoders,linear,without_appeared,9,0.3053575290177437,0.3497222263840711,9,0,0.06795345613134023,0.4404190612612496,0.28847483748730546,0.3350330381285441,llama-2-7b,llama-3.1-8b,0.00026403485766273756,0.00390625
decoders,quadratic,without_appeared,9,0.21190821197182907,0.21205620353054627,9,0,0.06707917431685388,0.3639334986815275,0.19290505113311676,0.23001184167870098,llama-2-7b,llama-3.1-8b,0.00027432716098277685,0.00390625
decoders,linear,without_around,9,0.3046578495202847,0.3487831611787739,9,0,0.06797203538727618,0.43931690013613606,0.28782546819330324,0.33424357628691076,llama-2-7b,llama-3.1-8b,0.0002632152438697667,0.00390625
decoders,quadratic,without_around,9,0.211222593421965,0.21084443279273665,9,0,0.06707141466053855,0.3627913102911843,0.19227650381331263,0.22924149076714334,llama-2-7b,llama-3.1-8b,0.0002732696479308178,0.00390625
decoders,linear,without_assigned,9,0.30491954279270383,0.349319063699219,9,0,0.06819747068772798,0.4397454402938016,0.2880663056050666,0.3345098018058258,llama-2-7b,llama-3.1-8b,0.000262303511380346,0.00390625
decoders,quadratic,without_assigned,9,0.21147297533250364,0.2110499126615743,9,0,0.06730932230940705,0.36327453032883267,0.1924977809579625,0.2294934319603907,llama-2-7b,llama-3.1-8b,0.0002725048888158237,0.00390625
decoders,linear,without_attention,9,0.30540595299083645,0.3497145272013139,9,0,0.06801465316440483,0.44013818920219505,0.28856442346441663,0.33507986546914037,llama-2-7b,llama-3.1-8b,0.00026407861744958186,0.00390625
decoders,quadratic,without_attention,9,0.2120894754507072,0.21210530838720734,9,0,0.06714187556887175,0.36400644067026877,0.19309985479826203,0.23020792543593666,llama-2-7b,llama-3.1-8b,0.0002734448033073373,0.00390625
decoders,linear,without_beginning,9,0.30467070696521115,0.348812365785546,9,0,0.06743163281433413,0.4396898327372847,0.28779331624370197,0.33432559123407074,llama-2-7b,llama-3.1-8b,0.00026654732363660277,0.00390625
decoders,quadratic,without_beginning,9,0.2112797193433805,0.21100207152176786,9,0,0.06650642455439051,0.36318008025453125,0.19229217422948663,0.2293763811920042,llama-2-7b,llama-3.1-8b,0.00027831126341268863,0.00390625
decoders,linear,without_blame,9,0.3054341623208596,0.34993572393202754,9,0,0.06747266417228875,0.44089715713845345,0.2885012879686604,0.335179349589431,llama-2-7b,llama-3.1-8b,0.00026794880062453564,0.00390625
decoders,quadratic,without_blame,9,0.21176033195266297,0.21171678007177253,9,0,0.06656965849822102,0.3642240002665196,0.19270237341343086,0.22990916613446816,llama-2-7b,llama-3.1-8b,0.00027973183519107696,0.00390625
decoders,linear,without_box,9,0.3048253304754551,0.349072761822913,9,0,0.06786704852450544,0.4396163162133678,0.2879764572582161,0.33444511571932384,llama-2-7b,llama-3.1-8b,0.000264225147422384,0.00390625
decoders,quadratic,without_box,9,0.2115521762410636,0.21161717014410109,9,0,0.06698869404186875,0.3632115930677558,0.19259474913772703,0.22962261151596292,llama-2-7b,llama-3.1-8b,0.00027390680079226207,0.00390625
decoders,linear,without_boy,9,0.304730596380507,0.3489665739571391,9,0,0.06758984180102662,0.43992993271609965,0.2878306793385579,0.334373190702942,llama-2-7b,llama-3.1-8b,0.00026551258182341977,0.00390625
decoders,quadratic,without_boy,9,0.21131138934910404,0.21096934754443286,9,0,0.06666677753807755,0.3632750420392611,0.19231593276283443,0.22939196582548238,llama-2-7b,llama-3.1-8b,0.0002766509294723075,0.00390625
decoders,linear,without_briefly,9,0.30486073660047924,0.3490245925090617,9,0,0.06801157644116863,0.43967327244585597,0.28800916961980716,0.33446688162039306,llama-2-7b,llama-3.1-8b,0.00026296955285019596,0.00390625
decoders,quadratic,without_briefly,9,0.2115863142804709,0.2115240652229266,9,0,0.06714477850043266,0.36328068142109843,0.19262451838789246,0.22964150625297566,llama-2-7b,llama-3.1-8b,0.00027225412846815065,0.00390625
decoders,linear,without_carried,9,0.3050113711537756,0.3492216186447467,9,0,0.06753604951716163,0.4401765685447995,0.2881157214798976,0.33469578635835234,llama-2-7b,llama-3.1-8b,0.0002662868102857423,0.00390625
decoders,quadratic,without_carried,9,0.21183977976168988,0.2119024413932126,9,0,0.0664856444117539,0.3641277450512624,0.19280378410049331,0.23000904668043187,llama-2-7b,llama-3.1-8b,0.0002794089709853452,0.00390625
decoders,linear,without_changed,9,0.3045942712122814,0.34866516749615317,9,0,0.06777540802720673,0.4394040749492682,0.2877430457451581,0.3341966291104158,llama-2-7b,llama-3.1-8b,0.0002650857464938565,0.00390625
decoders,quadratic,without_changed,9,0.21116430943170228,0.21067782107181943,9,0,0.06686903337769776,0.3628986410946631,0.19219751797383217,0.22920121893845283,llama-2-7b,llama-3.1-8b,0.00027661618779693543,0.00390625
decoders,linear,without_check,9,0.30463027939843446,0.34880363590655356,9,0,0.06764616152437392,0.4394240198742302,0.28778106183896,0.33425329413269206,llama-2-7b,llama-3.1-8b,0.0002652125243632195,0.00390625
decoders,quadratic,without_check,9,0.2112197565838652,0.21095138877942649,9,0,0.06676152506867145,0.36292238491028783,0.19225692804306235,0.2292770355232644,llama-2-7b,llama-3.1-8b,0.000276142630090288,0.00390625
decoders,linear,without_choice,9,0.30472999895963554,0.34915922076087585,9,0,0.06720566870187744,0.4397308072542538,0.2878548979228083,0.3344205402418553,llama-2-7b,llama-3.1-8b,0.00026804910181890093,0.00390625
decoders,quadratic,without_choice,9,0.21130427693889367,0.21114435606450016,9,0,0.06630027035763081,0.36337864064270653,0.1922949814759171,0.22942977776155155,llama-2-7b,llama-3.1-8b,0.0002798073590959467,0.00390625
decoders,linear,without_city,9,0.30524350211798446,0.3494630266799677,9,0,0.06853777628777531,0.44026873005339817,0.2883653486260578,0.3348317178467606,llama-2-7b,llama-3.1-8b,0.0002598045914721302,0.00390625
decoders,quadratic,without_city,9,0.21174837332488014,0.2110724588777062,9,0,0.06765068446480599,0.36362217055337154,0.19276414867131875,0.22976058443238945,llama-2-7b,llama-3.1-8b,0.000269908343794305,0.00390625
decoders,linear,without_concrete,9,0.30493030887380973,0.3491930357556253,9,0,0.0679496758745029,0.43974138648929495,0.28807892417187414,0.3345528879987232,llama-2-7b,llama-3.1-8b,0.0002631510888707039,0.00390625
decoders,quadratic,without_concrete,9,0.21174770434564996,0.21153638086329604,9,0,0.06708461216661811,0.3634171013789506,0.19278902971648737,0.22983059086802893,llama-2-7b,llama-3.1-8b,0.00027175871340427726,0.00390625
decoders,linear,without_considered,9,0.30499847356091414,0.34900077252197814,9,0,0.0683204709708265,0.4397739429133442,0.2881515398918604,0.3345832238846751,llama-2-7b,llama-3.1-8b,0.000261475606537187,0.00390625
decoders,quadratic,without_considered,9,0.21164014051122895,0.21110992970225972,9,0,0.0674386298758098,0.3634141295417996,0.1926683918824076,0.22966532934065634,llama-2-7b,llama-3.1-8b,0.00027111041609006943,0.00390625
decoders,linear,without_contributed,9,0.3048573175793879,0.34913748143729056,9,0,0.06789077748919242,0.43978072793551165,0.28799189128487246,0.3344781350906623,llama-2-7b,llama-3.1-8b,0.00026355877892920526,0.00390625
decoders,quadratic,without_contributed,9,0.21157034138791134,0.21144687460522146,9,0,0.0670157880937991,0.36350482702389764,0.19257853068341307,0.22963966054967538,llama-2-7b,llama-3.1-8b,0.00027327497101042305,0.00390625
decoders,linear,without_control,9,0.30525829834927676,0.349661663927983,9,0,0.06840703623659408,0.440249536251337,0.28838439361151924,0.33486470611336216,llama-2-7b,llama-3.1-8b,0.000260881623736593,0.00390625
decoders,quadratic,without_control,9,0.2118656254905768,0.21155226328607388,9,0,0.06767026521905195,0.36383394165555766,0.19286958596995418,0.22989004552451742,llama-2-7b,llama-3.1-8b,0.0002697933620486269,0.00390625
decoders,linear,without_course,9,0.3046639976415795,0.34880286800114374,9,0,0.06770458103926623,0.4394457209098535,0.28781628223304523,0.33428392471686863,llama-2-7b,llama-3.1-8b,0.0002648155401295223,0.00390625
decoders,quadratic,without_course,9,0.2112691248293347,0.21089597749217484,9,0,0.06681412021150077,0.36295323083011616,0.192308611579237,0.22932600040656395,llama-2-7b,llama-3.1-8b,0.00027572123744352994,0.00390625
decoders,linear,without_created,9,0.3048885445717353,0.349161613718704,9,0,0.06794865634346052,0.43960533225311205,0.2880489461115633,0.3345060306002697,llama-2-7b,llama-3.1-8b,0.0002632923723126181,0.00390625
decoders,quadratic,without_created,9,0.21175778741817183,0.21211427194783203,9,0,0.06710502285720998,0.3631869399378391,0.1928291433532134,0.22983938298829204,llama-2-7b,llama-3.1-8b,0.0002710647275158804,0.00390625
decoders,linear,without_current,9,0.30487957975421903,0.349125747052811,9,0,0.06796575287722147,0.4399838656864109,0.287991544012695,0.33449380811384366,llama-2-7b,llama-3.1-8b,0.0002638442311640033,0.00390625
decoders,quadratic,without_current,9,0.21149471798238928,0.21112659161502145,9,0,0.0670935399646589,0.3635041609096427,0.19249353761648258,0.22954486523460554,llama-2-7b,llama-3.1-8b,0.00027466871499308985,0.00390625
decoders,linear,without_deep,9,0.3047976852980383,0.349000867440055,9,0,0.06780707547314765,0.43969888907335847,0.28793503482612326,0.33442151152614963,llama-2-7b,llama-3.1-8b,0.0002650312181804995,0.00390625
decoders,quadratic,without_deep,9,0.21142921159459327,0.2112758529780968,9,0,0.06692358096830094,0.36320543901650393,0.1924571831668544,0.2294924154228798,llama-2-7b,llama-3.1-8b,0.0002749836873534188,0.00390625
decoders,linear,without_democratic,9,0.30530602763082654,0.34910476020680126,9,0,0.06782423356374528,0.44101632236121524,0.28834224078952797,0.33499125188921175,llama-2-7b,llama-3.1-8b,0.0002647283151892019,0.00390625
decoders,quadratic,without_democratic,9,0.21190951240732173,0.2111894804936746,9,0,0.06688649283213466,0.3644282043208946,0.19284467591812515,0.23003738985422012,llama-2-7b,llama-3.1-8b,0.0002773278108373742,0.00390625
decoders,linear,without_difference,9,0.30484080598746777,0.3490610710139565,9,0,0.06744765946555627,0.44030721763522407,0.28790750453149827,0.33451494930270675,llama-2-7b,llama-3.1-8b,0.00026800211757779265,0.00390625
decoders,quadratic,without_difference,9,0.2112287961294298,0.2108341287792136,9,0,0.066469549790519,0.3635677615101987,0.19218642545683368,0.22932370192179366,llama-2-7b,llama-3.1-8b,0.00028145085077748864,0.00390625
decoders,linear,without_discovered,9,0.30488481859281813,0.3490810207564539,9,0,0.06801768283517338,0.4395902636767343,0.28804663795732854,0.3344932105625237,llama-2-7b,llama-3.1-8b,0.0002631018861621015,0.00390625
decoders,quadratic,without_discovered,9,0.21149390778766636,0.21118129938747757,9,0,0.06714120608043278,0.36313299000747334,0.19253902251019045,0.22953799550107054,llama-2-7b,llama-3.1-8b,0.00027262105340196267,0.00390625
decoders,linear,without_domestic,9,0.3049884163275256,0.3493281625242557,9,0,0.0679054245305623,0.43981967368820907,0.28813450915744016,0.334623790302146,llama-2-7b,llama-3.1-8b,0.0002637548873990278,0.00390625
decoders,quadratic,without_domestic,9,0.21182245609377326,0.21183953635677968,9,0,0.0670327491099739,0.3635768161391542,0.19285316108810063,0.22992116946674818,llama-2-7b,llama-3.1-8b,0.00027302997547883344,0.00390625
decoders,linear,without_drink,9,0.3050117963974199,0.34916444275721026,9,0,0.06811937626753992,0.43996144276389687,0.28814309060161025,0.33462334891365486,llama-2-7b,llama-3.1-8b,0.0002627098740888087,0.00390625
decoders,quadratic,without_drink,9,0.21142816412343576,0.21075652549238819,9,0,0.06724695063507254,0.36329911563047335,0.19244429518505604,0.22945081580948115,llama-2-7b,llama-3.1-8b,0.0002739102221428715,0.00390625
decoders,linear,without_duty,9,0.30471783547011927,0.3488702452994669,9,0,0.06761479006358205,0.4394850532041342,0.2878719332533674,0.3343557161459364,llama-2-7b,llama-3.1-8b,0.0002653868519521975,0.00390625
decoders,quadratic,without_duty,9,0.21135450301878922,0.2110153794276389,9,0,0.06669505431505879,0.3629900972552376,0.19240005373923313,0.2294369341067555,llama-2-7b,llama-3.1-8b,0.0002760744615690974,0.00390625
decoders,linear,without_efficiency,9,0.30466128711808543,0.34880527324914856,9,0,0.06768714637127972,0.43937817109945476,0.28782167662041425,0.3342830547114361,llama-2-7b,llama-3.1-8b,0.00026484137349165376,0.00390625
decoders,quadratic,without_efficiency,9,0.21126918391865296,0.21108391054702688,9,0,0.0668022234197485,0.3628709564559869,0.19231896235148618,0.22932755398101598,llama-2-7b,llama-3.1-8b,0.00027514217761349154,0.00390625
decoders,linear,without_employed,9,0.30476536259084197,0.3489227263114037,9,0,0.06780563673083533,0.4395928320468663,0.287911928908839,0.33438532832334283,llama-2-7b,llama-3.1-8b,0.00026434870575083936,0.00390625
decoders,quadratic,without_employed,9,0.21141676371386603,0.2111688995556898,9,0,0.06692099848561832,0.36314318430598075,0.1924509611398517,0.229478734367397,llama-2-7b,llama-3.1-8b,0.0002748631742922834,0.00390625
decoders,linear,without_employment,9,0.30500479229042743,0.3493694920324506,9,0,0.06783990870850566,0.43985716015501913,0.2881482463073535,0.3346504027381677,llama-2-7b,llama-3.1-8b,0.000263973437242081,0.00390625
decoders,quadratic,without_employment,9,0.21181603520488837,0.211917276960708,9,0,0.06691755818046079,0.36366817798215834,0.1928345173577296,0.2299283448329418,llama-2-7b,llama-3.1-8b,0.0002746867301656824,0.00390625
decoders,linear,without_entered,9,0.30498177404628757,0.3492444880132062,9,0,0.06813534733614714,0.4396968564343379,0.2881423887477813,0.3345875773850552,llama-2-7b,llama-3.1-8b,0.00026235897637086027,0.00390625
decoders,quadratic,without_entered,9,0.21176980844260915,0.21155335955026638,9,0,0.06733227033600835,0.3633425759237134,0.19282321250747114,0.22982450070593424,llama-2-7b,llama-3.1-8b,0.00027057930210193327,0.00390625
decoders,linear,without_exception,9,0.3048734731810056,0.3495551543322782,9,0,0.0679314890150014,0.43950614863067644,0.28804438874979676,0.3344912212017562,llama-2-7b,llama-3.1-8b,0.0002634648435858723,0.00390625
decoders,quadratic,without_exception,9,0.21144394596321814,0.21113463842431715,9,0,0.0670701913998234,0.36303847795323335,0.19249462946446622,0.22949066528364248,llama-2-7b,llama-3.1-8b,0.000272926056058712,0.00390625
decoders,linear,without_expressed,9,0.30512355520327517,0.3494577515381327,9,0,0.06764025059202193,0.4400164931997466,0.2882619379537163,0.3348089682796819,llama-2-7b,llama-3.1-8b,0.0002660210025615897,0.00390625
decoders,quadratic,without_expressed,9,0.21193464525010644,0.2120867165861005,9,0,0.06673527813470391,0.3638070328590582,0.19295059679898746,0.23008456613953177,llama-2-7b,llama-3.1-8b,0.00027595514457703837,0.00390625
decoders,linear,without_expression,9,0.30473287494771273,0.3488700265292457,9,0,0.06780738734896755,0.43957740392716754,0.28787730882528095,0.33434856089755594,llama-2-7b,llama-3.1-8b,0.0002644226081734442,0.00390625
decoders,quadratic,without_expression,9,0.2113818518668221,0.21114060633889983,9,0,0.06692298669436611,0.3631501448439052,0.19241081524468673,0.22943921001337908,llama-2-7b,llama-3.1-8b,0.000274854700140652,0.00390625
decoders,linear,without_extension,9,0.3049862812660365,0.34906732845697447,9,0,0.06814315366273212,0.4398075159471472,0.2881336269308977,0.3345916722164496,llama-2-7b,llama-3.1-8b,0.0002620142002442987,0.00390625
decoders,quadratic,without_extension,9,0.21179659175740065,0.21129685541627072,9,0,0.0673166518463215,0.36355510707057903,0.19282677734325337,0.22985658424628558,llama-2-7b,llama-3.1-8b,0.00027118595204192057,0.00390625
decoders,linear,without_fast,9,0.3048929996338983,0.3492341705811252,9,0,0.06788921212323536,0.43972070665314483,0.2880395362564926,0.3345184730727313,llama-2-7b,llama-3.1-8b,0.00026360724938108996,0.00390625
decoders,quadratic,without_fast,9,0.2114397992334624,0.21094806703405508,9,0,0.06699227187694243,0.36314369791497236,0.19247681189827365,0.22949574015302737,llama-2-7b,llama-3.1-8b,0.0002743089698970147,0.00390625
decoders,linear,without_fight,9,0.30551581876959333,0.35000268142842933,9,0,0.06782121718114822,0.4407702074754765,0.2886090201813579,0.3352276439681489,llama-2-7b,llama-3.1-8b,0.0002658799478066735,0.00390625
decoders,quadratic,without_fight,9,0.21172065260248052,0.21131436993895017,9,0,0.06688439974860044,0.36398076593696677,0.19268813843566976,0.22982518420921555,llama-2-7b,llama-3.1-8b,0.000277657167691077,0.00390625
decoders,linear,without_file,9,0.3045980562554119,0.3486908216775737,9,0,0.0675355924646959,0.43935354976280266,0.2877536195669881,0.3342308642292514,llama-2-7b,llama-3.1-8b,0.0002664693661450415,0.00390625
decoders,quadratic,without_file,9,0.21114995013502036,0.21070636364128206,9,0,0.06664775397076905,0.3628387804493072,0.19218884634573452,0.22921272465555176,llama-2-7b,llama-3.1-8b,0.00027777118668373044,0.00390625
decoders,linear,without_filled,9,0.305368217355083,0.3496090399051528,9,0,0.0682541284402444,0.44041611255999735,0.28848723045446867,0.3350074784694378,llama-2-7b,llama-3.1-8b,0.00026192997748736963,0.00390625
decoders,quadratic,without_filled,9,0.21160663267524848,0.21093851876033978,9,0,0.06750718674217583,0.363193543827112,0.19265826878126555,0.22961906341688257,llama-2-7b,llama-3.1-8b,0.0002700480786856288,0.00390625
decoders,linear,without_front,9,0.30492740811623453,0.3491387430076299,9,0,0.06805441163315873,0.43962891883114125,0.28808971927687127,0.3345365326766191,llama-2-7b,llama-3.1-8b,0.0002627173748574391,0.00390625
decoders,quadratic,without_front,9,0.2117691364751717,0.21199517675269566,9,0,0.0672174921927426,0.363224921078082,0.19283716339980794,0.22983809201047534,llama-2-7b,llama-3.1-8b,0.0002703690058121331,0.00390625
decoders,linear,without_increase,9,0.305205968196335,0.34982300770431213,9,0,0.06760649319911019,0.44021452232844255,0.2883298989298215,0.33490590257098807,llama-2-7b,llama-3.1-8b,0.0002660465643091735,0.00390625
decoders,quadratic,without_increase,9,0.21143992768185038,0.21119734939440063,9,0,0.06655351163524953,0.3633465599793208,0.19245159864466654,0.22955072968767548,llama-2-7b,llama-3.1-8b,0.0002785255358984582,0.00390625
decoders,linear,without_led,9,0.3045947975411658,0.3487773161499596,9,0,0.06761791169150232,0.4393750565986077,0.2877472651589856,0.3342169082723737,llama-2-7b,llama-3.1-8b,0.0002654664450726816,0.00390625
decoders,quadratic,without_led,9,0.2111470677626248,0.210861610336391,9,0,0.0667318374323131,0.36284040229606124,0.19218540094594525,0.22919897155391375,llama-2-7b,llama-3.1-8b,0.000276700734325816,0.00390625
decoders,linear,without_left,9,0.304831038774765,0.34929689621719845,9,0,0.06771135989764022,0.439543693603992,0.28799195692111157,0.33447099863440555,llama-2-7b,llama-3.1-8b,0.00026430801905615226,0.00390625
decoders,quadratic,without_left,9,0.2114277550462097,0.21099381026045114,9,0,0.06680814415270867,0.3630555179239221,0.19247428468649563,0.22950520640789734,llama-2-7b,llama-3.1-8b,0.00027451006923246297,0.00390625
decoders,linear,without_live,9,0.3049935136837286,0.34954301586051006,9,0,0.06804409823915739,0.4396174458980027,0.28816552215694435,0.33461219061430003,llama-2-7b,llama-3.1-8b,0.00026240571241314866,0.00390625
decoders,quadratic,without_live,9,0.21153115933581856,0.2110200988716824,9,0,0.0671562472113189,0.36316745481966234,0.19257662240033813,0.22957802335138106,llama-2-7b,llama-3.1-8b,0.00027269940980145096,0.00390625
decoders,linear,without_looked,9,0.30517930561414547,0.349605647237608,9,0,0.06791382152230592,0.4399882541877487,0.2883281870424451,0.33483749112562544,llama-2-7b,llama-3.1-8b,0.00026402890843708714,0.00390625
decoders,quadratic,without_looked,9,0.21184468193853523,0.21173134972056895,9,0,0.06703927278369483,0.36371152211871766,0.19286132691601243,0.22994535808289027,llama-2-7b,llama-3.1-8b,0.0002738431987472557,0.00390625
decoders,linear,without_lost,9,0.30477365649441884,0.3488687324435828,9,0,0.06776141029331163,0.4395306384016923,0.28792903375600964,0.3344001872695572,llama-2-7b,llama-3.1-8b,0.0002646532622001465,0.00390625
decoders,quadratic,without_lost,9,0.2114499951295798,0.21132852510329206,9,0,0.06686371923743682,0.3630388477567579,0.19250138855118254,0.22952327961609767,llama-2-7b,llama-3.1-8b,0.0002750243714618418,0.00390625
decoders,linear,without_loss,9,0.304893888699614,0.34922162046218136,9,0,0.06792827611263914,0.4398392197666652,0.2880257223162326,0.33451459027298586,llama-2-7b,llama-3.1-8b,0.0002637797779852828,0.00390625
decoders,quadratic,without_loss,9,0.2114221950004218,0.2113912388998939,9,0,0.06701440099635717,0.36307917610255014,0.19246507236265578,0.2294731692509299,llama-2-7b,llama-3.1-8b,0.000273122413698239,0.00390625
decoders,linear,without_made,9,0.3052758748605804,0.3494391551840351,9,0,0.0684360265492817,0.44027170838478985,0.28840139567005424,0.3348808558994928,llama-2-7b,llama-3.1-8b,0.000260513664092915,0.00390625
decoders,quadratic,without_made,9,0.21176576838681987,0.2111535114488832,9,0,0.0675533619224266,0.3637598900797121,0.19276650317520833,0.22979231919486903,llama-2-7b,llama-3.1-8b,0.0002710506412135673,0.00390625
decoders,linear,without_management,9,0.3049412009016374,0.3493663353588554,9,0,0.0681959798801545,0.43962697653384064,0.28810547894761196,0.3345343535293227,llama-2-7b,llama-3.1-8b,0.00026172453705062724,0.00390625
decoders,quadratic,without_management,9,0.21159396985527998,0.21130461824742153,9,0,0.0673428926294367,0.36322792247490254,0.19263972577782718,0.2296253545085104,llama-2-7b,llama-3.1-8b,0.0002707076964222308,0.00390625
decoders,linear,without_mean,9,0.3045776573804986,0.3486339320968447,9,0,0.06791078839972181,0.4394239666340853,0.28772186872380023,0.33416101600309567,llama-2-7b,llama-3.1-8b,0.0002639675602166873,0.00390625
decoders,quadratic,without_mean,9,0.211135947439663,0.21068022410761011,9,0,0.06701504252802189,0.3629288194412498,0.19216183843946466,0.22915106055361817,llama-2-7b,llama-3.1-8b,0.00027496563235981355,0.00390625
decoders,linear,without_means,9,0.30490942035210805,0.3490168861451896,9,0,0.06824023430271242,0.43963227946882233,0.2880690629625188,0.33449306860828254,qwen3-8b,llama-3.1-8b,0.0002632185130471114,0.00390625
decoders,quadratic,without_means,9,0.21144909293358263,0.21104347606525758,9,0,0.06736898441688119,0.36305289561472937,0.19249861759843928,0.22945910649817028,llama-2-7b,llama-3.1-8b,0.0002717908790243035,0.00390625
decoders,linear,without_minimum,9,0.3049963012239417,0.34956249650438914,9,0,0.06791065415295588,0.4395938450981786,0.2881716082396621,0.33463200710781493,llama-2-7b,llama-3.1-8b,0.0002643908215469642,0.00390625
decoders,quadratic,without_minimum,9,0.21158104650285048,0.21130688736385575,9,0,0.06702676509388733,0.363175881559007,0.19263169212083092,0.22965033167897086,llama-2-7b,llama-3.1-8b,0.00027469209767372164,0.00390625
decoders,linear,without_model,9,0.3049807128879345,0.3490616295595433,9,0,0.0681320592455307,0.43989203515179237,0.2881167976049523,0.334586794593235,llama-2-7b,llama-3.1-8b,0.0002629991294536694,0.00390625
decoders,quadratic,without_model,9,0.21183684548321477,0.21194865482025027,9,0,0.06732323374029489,0.36357770875993684,0.1928692375736245,0.22990104695107974,llama-2-7b,llama-3.1-8b,0.0002716809561195625,0.00390625
decoders,linear,without_nation,9,0.30517023914626473,0.3499005158087108,9,0,0.06781141394315761,0.4400547016868588,0.2883096813286905,0.3348400922966532,llama-2-7b,llama-3.1-8b,0.00026387772960239183,0.00390625
decoders,quadratic,without_nation,9,0.21192601723939763,0.2120718244042185,9,0,0.0669161472166867,0.3637669147253956,0.1929459050536479,0.23005225099223647,llama-2-7b,llama-3.1-8b,0.00027356747951026115,0.00390625
decoders,linear,without_needed,9,0.30579647908331725,0.3501511178489527,9,0,0.06861687514455919,0.44080315214877847,0.2889206449501347,0.33544392957566205,llama-2-7b,llama-3.1-8b,0.0002605136029651464,0.00390625
decoders,quadratic,without_needed,9,0.21212922453872948,0.21211365555940992,9,0,0.06777458565229104,0.3640676960870325,0.19313691559519158,0.23017355439953427,llama-2-7b,llama-3.1-8b,0.00026858409799609506,0.00390625
decoders,linear,without_nodded,9,0.30527509624952837,0.34964677214757395,9,0,0.06823087602494933,0.43996764580693315,0.2884385275548527,0.3349056237776007,llama-2-7b,llama-3.1-8b,0.0002615296305363606,0.00390625
decoders,quadratic,without_nodded,9,0.2122555102705334,0.21204597494262792,9,0,0.06762293227018348,0.3636999531962026,0.19332495490482482,0.2303345825205772,llama-2-7b,llama-3.1-8b,0.0002668463540068021,0.00390625
decoders,linear,without_notion,9,0.3047109351098681,0.34924100626524046,9,0,0.06774503728115765,0.43939325547729174,0.28787564506394014,0.33433167233845684,llama-2-7b,llama-3.1-8b,0.0002647820289365434,0.00390625
decoders,quadratic,without_notion,9,0.21132222465188458,0.21115468996084827,9,0,0.0668316161566307,0.3628905081256721,0.19237618921766114,0.22938355071379132,llama-2-7b,llama-3.1-8b,0.00027463486762185733,0.00390625
decoders,linear,without_objective,9,0.3049811372117897,0.3492767304081783,9,0,0.06807922915210537,0.43969293538591364,0.2881421624400242,0.33459387571925026,llama-2-7b,llama-3.1-8b,0.0002623381454105073,0.00390625
decoders,quadratic,without_objective,9,0.21167072583349425,0.2116027459336691,9,0,0.06721701993265437,0.36333227865118434,0.192713031731283,0.22972743907109927,llama-2-7b,llama-3.1-8b,0.0002718059215327261,0.00390625
decoders,linear,without_offer,9,0.30482543561977793,0.34901374957194126,9,0,0.06783857943781602,0.43963993947803987,0.2879736226374952,0.33444879264252314,llama-2-7b,llama-3.1-8b,0.0002645497154987447,0.00390625
decoders,quadratic,without_offer,9,0.21147821959126104,0.21125807320934273,9,0,0.06694835816164417,0.3632431363555598,0.19250760499572367,0.22954445226996312,llama-2-7b,llama-3.1-8b,0.00027538234217025563,0.00390625
decoders,linear,without_officer,9,0.30460130125116824,0.34885878959653954,9,0,0.06772646636747302,0.4393227767797681,0.2877611168100933,0.33421065561163016,llama-2-7b,llama-3.1-8b,0.0002649272879695663,0.00390625
decoders,quadratic,without_officer,9,0.21115988593491997,0.21090831872506607,9,0,0.06681962986118901,0.3627541912857605,0.19221059776606492,0.22920241794413634,llama-2-7b,llama-3.1-8b,0.00027531670261048293,0.00390625
decoders,linear,without_ordered,9,0.304734734265364,0.34890426159344123,9,0,0.06770064442445148,0.43961448674514214,0.28787476520539174,0.3343639954954781,llama-2-7b,llama-3.1-8b,0.00026468366948056147,0.00390625
decoders,quadratic,without_ordered,9,0.21137334207005007,0.21116047837555552,9,0,0.06681311397706684,0.3632046104662001,0.19239443352053132,0.229443370581673,llama-2-7b,llama-3.1-8b,0.0002753200822029029,0.00390625
decoders,linear,without_organization,9,0.3046545528812665,0.3487000255238735,9,0,0.06772431316274372,0.43949898930225034,0.2877989983286436,0.33427083284608194,llama-2-7b,llama-3.1-8b,0.0002646055697940255,0.00390625
decoders,quadratic,without_organization,9,0.2112165536526267,0.2106842917862124,9,0,0.06683539964882916,0.36303262269239156,0.19223954502265608,0.22926419790310137,llama-2-7b,llama-3.1-8b,0.000275959813250876,0.00390625
decoders,linear,without_pain,9,0.3050106043890112,0.34918615078503357,9,0,0.06795687049578478,0.4399519642730219,0.2881429344035098,0.3346423211256644,llama-2-7b,llama-3.1-8b,0.000263377353717334,0.00390625
decoders,quadratic,without_pain,9,0.21197811212367695,0.21213695413619943,9,0,0.06710921291794436,0.3636648369169512,0.19301727152451767,0.23008672452439352,llama-2-7b,llama-3.1-8b,0.0002722860905233851,0.00390625
decoders,linear,without_point,9,0.3048267472188473,0.34884411892261197,9,0,0.06805267208990293,0.43973299861403664,0.28796346579444854,0.3344235066099653,llama-2-7b,llama-3.1-8b,0.0002629576749006347,0.00390625
decoders,quadratic,without_point,9,0.21149036984688088,0.21109925932252266,9,0,0.06717937321689119,0.36329781738711,0.19251443890435224,0.2295292444256296,llama-2-7b,llama-3.1-8b,0.00027349180528018385,0.00390625
decoders,linear,without_possibility,9,0.3054365747632265,0.34967222128564807,9,0,0.06788260561294662,0.44075683066891386,0.2885215427750156,0.3351308209070115,llama-2-7b,llama-3.1-8b,0.0002647430992215071,0.00390625
decoders,quadratic,without_possibility,9,0.21171849456528335,0.21115674507146387,9,0,0.06695021806713214,0.36400777468743745,0.19268233455001413,0.2298145291275523,llama-2-7b,llama-3.1-8b,0.0002768866444483001,0.00390625
decoders,linear,without_procedure,9,0.3047332894433197,0.3488542615593154,9,0,0.06794652011036467,0.43950138134432065,0.2878872779556946,0.33433163560993906,llama-2-7b,llama-3.1-8b,0.0002637555709710215,0.00390625
decoders,quadratic,without_procedure,9,0.21135381370686618,0.2109422072046112,9,0,0.06705029821769268,0.3630378397677986,0.19239331044924962,0.22939175314301286,llama-2-7b,llama-3.1-8b,0.00027434170322997094,0.00390625
decoders,linear,without_promised,9,0.3047685087546677,0.3489181912763562,9,0,0.0674896961597816,0.4396267066996219,0.2879112340115485,0.33442836032902856,llama-2-7b,llama-3.1-8b,0.00026586089076603746,0.00390625
decoders,quadratic,without_promised,9,0.21138135660552224,0.21132882934398597,9,0,0.06660411333533599,0.3629265366904521,0.19243820909490603,0.22947851201429553,llama-2-7b,llama-3.1-8b,0.00027584666718368254,0.00390625
decoders,linear,without_read,9,0.3046576008738531,0.3488729199223698,9,0,0.06761267831261425,0.4394395505119164,0.28780985716909513,0.33428821619400795,llama-2-7b,llama-3.1-8b,0.0002656757181596832,0.00390625
decoders,quadratic,without_read,9,0.2112559021258419,0.21104553114474087,9,0,0.06671237003933327,0.36289567660419514,0.19230093031604772,0.22932384363665545,llama-2-7b,llama-3.1-8b,0.0002766824933826359,0.00390625
decoders,linear,without_rejected,9,0.30484861159768334,0.34928236638900145,9,0,0.06754954873265519,0.4398330788978569,0.28797555318516166,0.3345109944558119,llama-2-7b,llama-3.1-8b,0.0002661397935012577,0.00390625
decoders,quadratic,without_rejected,9,0.21159967920115874,0.21160589335900493,9,0,0.06664924033093367,0.36367708502828383,0.19259000347276808,0.22971848405993686,llama-2-7b,llama-3.1-8b,0.0002772406559767276,0.00390625
decoders,linear,without_relationship,9,0.3048278821050833,0.3490438457524703,9,0,0.0678707619438328,0.43971342253150003,0.28796718955178124,0.33444752212523965,llama-2-7b,llama-3.1-8b,0.0002636404116198401,0.00390625
decoders,quadratic,without_relationship,9,0.2115125926697221,0.21163748882909406,9,0,0.06699204649075792,0.36337052398322034,0.19253035125553486,0.22957766094209267,llama-2-7b,llama-3.1-8b,0.00027360589501770297,0.00390625
decoders,linear,without_replaced,9,0.30486744304039864,0.3491196448362247,9,0,0.06771902503156015,0.4397409205730612,0.2880082583488158,0.3345109952915035,llama-2-7b,llama-3.1-8b,0.0002650588333482054,0.00390625
decoders,quadratic,without_replaced,9,0.2116984680296909,0.21179086152586257,9,0,0.0667888584149514,0.36340664848221893,0.1927349454731249,0.22981216923153333,llama-2-7b,llama-3.1-8b,0.00027517298844488076,0.00390625
decoders,linear,without_represents,9,0.30516768277230716,0.3495735749999268,9,0,0.06774883907725006,0.4399219511536945,0.2883233992246338,0.3348450382341893,llama-2-7b,llama-3.1-8b,0.00026343018362409785,0.00390625
decoders,quadratic,without_represents,9,0.2120052924291747,0.21211821353030488,9,0,0.0668370471374331,0.3636878739461363,0.19304496973955448,0.2301513230906424,llama-2-7b,llama-3.1-8b,0.0002724912890741359,0.00390625
decoders,linear,without_response,9,0.30475710232962006,0.34911677309758954,9,0,0.0679795411632078,0.43968688329365335,0.2878908797091158,0.3343542974754215,llama-2-7b,llama-3.1-8b,0.0002649923593763998,0.00390625
decoders,quadratic,without_response,9,0.2113209780330204,0.21092371393874243,9,0,0.0670792228568313,0.3630971247609076,0.19234895969203453,0.22935119743004406,llama-2-7b,llama-3.1-8b,0.00027563724330630703,0.00390625
decoders,linear,without_saved,9,0.30464916869187886,0.34877879314680676,9,0,0.06763091281353696,0.4394914965267959,0.2877938777125142,0.33427645067667155,llama-2-7b,llama-3.1-8b,0.0002652061851670157,0.00390625
decoders,quadratic,without_saved,9,0.21124224362148789,0.21085252637846255,9,0,0.06668811105294362,0.36301448998475117,0.19227071282608,0.2293115101925559,llama-2-7b,llama-3.1-8b,0.00027660017443097395,0.00390625
decoders,linear,without_school,9,0.3050869876299394,0.34958812085927016,9,0,0.06827583981020985,0.4400950007580388,0.2882109859889269,0.33468838110740556,llama-2-7b,llama-3.1-8b,0.0002622038267633283,0.00390625
decoders,quadratic,without_school,9,0.2117270724359441,0.21161171809614332,9,0,0.06744352770424937,0.3634908886785131,0.19275659540562295,0.22976251552740592,llama-2-7b,llama-3.1-8b,0.00027131031882994213,0.00390625
decoders,linear,without_season,9,0.30464352550197615,0.34883744671457145,9,0,0.06764384334644948,0.4393709743495289,0.28780259439603206,0.334268485771417,llama-2-7b,llama-3.1-8b,0.00026542781056885996,0.00390625
decoders,quadratic,without_season,9,0.21122760365057522,0.21112673970897786,9,0,0.06675747473410606,0.3628304324514392,0.19227725005046722,0.22928636976513386,llama-2-7b,llama-3.1-8b,0.0002756879705816581,0.00390625
decoders,linear,without_see,9,0.3054020308586678,0.34955363494183317,9,0,0.06859427397195351,0.440388579088258,0.2885287123299689,0.33500300046950704,llama-2-7b,llama-3.1-8b,0.0002598724538178875,0.00390625
decoders,quadratic,without_see,9,0.2120040544268394,0.21145196201213853,9,0,0.0677194551495035,0.3639296563386445,0.19301335418786375,0.23003962933650637,llama-2-7b,llama-3.1-8b,0.000269683686326308,0.00390625
decoders,linear,without_shook,9,0.30488571731918657,0.3489736658281132,9,0,0.06805737374451751,0.43993110735684743,0.288005043564479,0.3344892602660202,llama-2-7b,llama-3.1-8b,0.0002631450149957834,0.00390625
decoders,quadratic,without_shook,9,0.21154242107586907,0.2111386625078918,9,0,0.06718642636967048,0.3633849769902269,0.19256210158657433,0.22958692041414389,llama-2-7b,llama-3.1-8b,0.00027308807011765837,0.00390625
decoders,linear,without_silence,9,0.30482619098402375,0.3489321426268741,9,0,0.06792001048417273,0.4396748945704356,0.28797010303572224,0.3344394635465051,llama-2-7b,llama-3.1-8b,0.00026391248780251257,0.00390625
decoders,quadratic,without_silence,9,0.21153209785303206,0.21124124923393742,9,0,0.06705939486325867,0.3632562305703054,0.19256658126337292,0.22959118572675374,llama-2-7b,llama-3.1-8b,0.00027406693592121396,0.00390625
decoders,linear,without_sleep,9,0.30486299144479934,0.34917373510068517,9,0,0.06789925321620063,0.4396153666223744,0.2880189445476025,0.33448345872337426,llama-2-7b,llama-3.1-8b,0.000263826585774577,0.00390625
decoders,quadratic,without_sleep,9,0.2112513887098077,0.21067338559231313,9,0,0.06699346077667445,0.36294288473521824,0.1922899517066314,0.2292836297014494,llama-2-7b,llama-3.1-8b,0.00027487330876521795,0.00390625
decoders,linear,without_sound,9,0.30465530631936627,0.3490817644426709,9,0,0.06768892235479539,0.43938424549913324,0.2878141889218954,0.33427610431493765,llama-2-7b,llama-3.1-8b,0.00026530936203851996,0.00390625
decoders,quadratic,without_sound,9,0.21110804249713924,0.21069679157758717,9,0,0.0667415951588366,0.3628523476848551,0.1921400043486748,0.2291538484144271,llama-2-7b,llama-3.1-8b,0.00027685766207423336,0.00390625
decoders,linear,without_stood,9,0.3048348197382521,0.34906009581194436,9,0,0.06786507488556925,0.43961717761203273,0.28798702500402956,0.33445603784483746,llama-2-7b,llama-3.1-8b,0.0002642773818160573,0.00390625
decoders,quadratic,without_stood,9,0.2116152618837029,0.2116686789380969,9,0,0.06697065961113559,0.3632053322927588,0.19266650308257088,0.22969583716777375,llama-2-7b,llama-3.1-8b,0.00027354930678602816,0.00390625
decoders,linear,without_statement,9,0.3049087841814044,0.34917479136638746,9,0,0.06750646067675599,0.4399844328575537,0.2880243280968857,0.3345840746194854,llama-2-7b,llama-3.1-8b,0.0002674354502096696,0.00390625
decoders,quadratic,without_statement,9,0.21132886215242447,0.21103960695290444,9,0,0.06661195706653206,0.36337771180682155,0.19232275594562484,0.229418475288161,llama-2-7b,llama-3.1-8b,0.00027903562249905194,0.00390625
decoders,linear,without_stems,9,0.3047405620140011,0.34884258940324336,9,0,0.06788384005858047,0.43949085970273005,0.2878967748029101,0.3343476522584288,llama-2-7b,llama-3.1-8b,0.00026393196723429604,0.00390625
decoders,quadratic,without_stems,9,0.21136309230912761,0.21096613020165936,9,0,0.06700646178722991,0.3630122805064031,0.19240694378446818,0.22940767112436483,llama-2-7b,llama-3.1-8b,0.00027456173910844783,0.00390625
decoders,linear,without_support,9,0.3047387823127354,0.34884269507745924,9,0,0.06763800283336079,0.43954984987201323,0.2878873988678256,0.33437637974765716,llama-2-7b,llama-3.1-8b,0.00026517940733038,0.00390625
decoders,quadratic,without_support,9,0.21138669705738636,0.21104420158318057,9,0,0.06670325800441385,0.36310574870558837,0.19242181560136112,0.22947212693900793,llama-2-7b,llama-3.1-8b,0.00027643522161785363,0.00390625
decoders,linear,without_thought,9,0.3046851360864243,0.34876990953457637,9,0,0.06773031901954925,0.4394268219567005,0.2878424253526398,0.3343044882197837,llama-2-7b,llama-3.1-8b,0.0002648274579968548,0.00390625
decoders,quadratic,without_thought,9,0.21127859352090758,0.21090941258689178,9,0,0.06684544534496377,0.36285970312999805,0.19233095481977125,0.22933273704290053,llama-2-7b,llama-3.1-8b,0.00027521973319682806,0.00390625
decoders,linear,without_tone,9,0.30485594954740663,0.3490175428031548,9,0,0.06781409547657427,0.4397674993252775,0.2879920058251728,0.33448618130626073,llama-2-7b,llama-3.1-8b,0.0002643403692437628,0.00390625
decoders,quadratic,without_tone,9,0.21158246995314567,0.21156279898615837,9,0,0.06692318857258245,0.3634150981343683,0.19260339143049282,0.22966488012571606,llama-2-7b,llama-3.1-8b,0.00027465011336991803,0.00390625
decoders,linear,without_town,9,0.30472478847349094,0.34925144615398135,9,0,0.06771696605980132,0.4394971036562995,0.2878782490756399,0.33435076627520216,llama-2-7b,llama-3.1-8b,0.0002653086945157851,0.00390625
decoders,quadratic,without_town,9,0.21116026466237584,0.21085488466485905,9,0,0.06675823817255985,0.36284259382202105,0.19219997351742016,0.2292105179736028,llama-2-7b,llama-3.1-8b,0.0002763258938188825,0.00390625
decoders,linear,without_turned,9,0.3047794896636479,0.3490777464088328,9,0,0.06779655739196448,0.43945538349745233,0.2879450029344223,0.33440235619760833,llama-2-7b,llama-3.1-8b,0.0002646104150903475,0.00390625
decoders,quadratic,without_turned,9,0.2114429891752651,0.21129120402104715,9,0,0.0669143852916026,0.3629412489660286,0.1925057067014197,0.22950906466072296,llama-2-7b,llama-3.1-8b,0.00027403583811143095,0.00390625
decoders,linear,without_visit,9,0.3051352713263864,0.3494380746854571,9,0,0.06770290156951989,0.4399983357236586,0.2882773882767274,0.3348143175459947,llama-2-7b,llama-3.1-8b,0.00026384680680692057,0.00390625
decoders,quadratic,without_visit,9,0.21179086798629176,0.21120792238059619,9,0,0.0667271200753975,0.36389156728757216,0.19277828057363167,0.22992383647515352,llama-2-7b,llama-3.1-8b,0.00027572218393642886,0.00390625
decoders,linear,without_watching,9,0.30559366806920735,0.34998538561102627,9,0,0.0677866793421024,0.4409449182902646,0.28867476179157525,0.3353195416600955,llama-2-7b,llama-3.1-8b,0.00026606435901967894,0.00390625
decoders,quadratic,without_watching,9,0.21204587790517893,0.21200193381117374,9,0,0.0669030566816556,0.36429066367462687,0.19301527968399795,0.23018873055811936,llama-2-7b,llama-3.1-8b,0.00027685653525493675,0.00390625
decoders,linear,without_admitted,9,0.3049344017898153,0.34895787707114934,9,0,0.06838332356229816,0.4396859661762249,0.28809045624151414,0.334503286568255,llama-2-7b,llama-3.1-8b,0.0002606878795015835,0.00390625
decoders,quadratic,without_admitted,9,0.21155770934507412,0.21092149744058575,9,0,0.06751205507818372,0.36332128303842853,0.1925872626334048,0.2295634161284354,llama-2-7b,llama-3.1-8b,0.00027069340151406144,0.00390625
decoders,linear,without_agreed,9,0.30536757148165194,0.349752184855082,9,0,0.06772738076109337,0.44021079150222603,0.28851216897908016,0.33507259532172173,llama-2-7b,llama-3.1-8b,0.00026470568404086313,0.00390625
decoders,quadratic,without_agreed,9,0.21203810839623516,0.21197899579180027,9,0,0.06683983965239335,0.3640600746110559,0.1930353626193826,0.2301878919892154,llama-2-7b,llama-3.1-8b,0.0002746158880467458,0.00390625
decoders,linear,without_allow,9,0.30552633011440755,0.3496885984586294,9,0,0.06784784396602796,0.4408198536716358,0.2886146396697541,0.33523614088295506,llama-2-7b,llama-3.1-8b,0.00026575947427723295,0.00390625
decoders,quadratic,without_allow,9,0.21182880687095412,0.211649398514148,9,0,0.06693026082646564,0.3640791341316551,0.1927975159633665,0.22994112512651518,llama-2-7b,llama-3.1-8b,0.00027712094268860356,0.00390625
decoders,linear,without_along,9,0.3046737252602203,0.3488389285376887,9,0,0.06783360348207,0.43942818749151796,0.287829417481308,0.33427874048248907,llama-2-7b,llama-3.1-8b,0.00026441984401677867,0.00390625
decoders,quadratic,without_along,9,0.21124921058965793,0.2112272041207119,9,0,0.06695165108765076,0.36293341310465954,0.1922886852752827,0.2292864055274088,llama-2-7b,llama-3.1-8b,0.00027496404505442963,0.00390625
decoders,linear,without_american,9,0.30533201950223876,0.34963593166197704,9,0,0.06736096046306554,0.44047904747124556,0.28843864100611294,0.33507840188213545,llama-2-7b,llama-3.1-8b,0.00026819831636265464,0.00390625
decoders,quadratic,without_american,9,0.21190250174900493,0.21177545507167647,9,0,0.0664599813374808,0.3639382844447531,0.1928980289120364,0.23008281680044546,llama-2-7b,llama-3.1-8b,0.0002786708978865366,0.00390625
decoders,linear,without_apply,9,0.3046915927543517,0.34884952542539877,9,0,0.06768908254710813,0.43949354062433194,0.28784134927060423,0.3343169065302572,llama-2-7b,llama-3.1-8b,0.00026558944293214804,0.00390625
decoders,quadratic,without_apply,9,0.2113151094876405,0.21094156543290782,9,0,0.06680092123226142,0.3629410649713442,0.19236186505217756,0.2293793830195629,llama-2-7b,llama-3.1-8b,0.0002765539624498717,0.00390625
decoders,linear,without_assembled,9,0.30474013624178126,0.3488871339554599,9,0,0.06767449875582239,0.4396459033041733,0.28787691535898224,0.33437334092752613,llama-2-7b,llama-3.1-8b,0.00026508802685630686,0.00390625
decoders,quadratic,without_assembled,9,0.21140112493883734,0.21124996987909236,9,0,0.06677591613596648,0.36324325438302946,0.19242085875831333,0.2294792760391962,llama-2-7b,llama-3.1-8b,0.00027620694189494055,0.00390625
decoders,linear,without_audience,9,0.3048809761654508,0.34921192674982093,9,0,0.0678661371880545,0.4395480443061425,0.2880475926478644,0.3345078310376254,llama-2-7b,llama-3.1-8b,0.0002633897680777428,0.00390625
decoders,quadratic,without_audience,9,0.21149276481783139,0.21119149823537212,9,0,0.06698662721389166,0.3631034594350792,0.19254142799067542,0.22955603201832386,llama-2-7b,llama-3.1-8b,0.0002734491325265845,0.00390625
decoders,linear,without_became,9,0.30527894230353614,0.3495350991826121,9,0,0.0682321460956678,0.44038619809170837,0.2883905353300146,0.33490979182951963,llama-2-7b,llama-3.1-8b,0.0002627608161129904,0.00390625
decoders,quadratic,without_became,9,0.2118991333626536,0.2115553855584151,9,0,0.0675331880181326,0.36378166567923953,0.19291381682308034,0.2299448765307187,llama-2-7b,llama-3.1-8b,0.000270982944972388,0.00390625
decoders,linear,without_behavior,9,0.3049525030307648,0.3491245432573649,9,0,0.0683960105566101,0.43962547344504793,0.2881183817289794,0.33452206459003414,llama-2-7b,llama-3.1-8b,0.0002610477457443134,0.00390625
decoders,quadratic,without_behavior,9,0.21174444309753027,0.21153966851041808,9,0,0.06762458261644683,0.36320869515391235,0.1928114115904825,0.22975942565766572,llama-2-7b,llama-3.1-8b,0.0002678943549720801,0.00390625
decoders,linear,without_breath,9,0.30520237311151116,0.3497555447591319,9,0,0.06778520687425128,0.4400610418859517,0.2883450395147061,0.3348795188911686,llama-2-7b,llama-3.1-8b,0.00026581897557820277,0.00390625
decoders,quadratic,without_breath,9,0.2116011371263719,0.21170565261998073,9,0,0.06677050957600979,0.3631308717707566,0.19265992029582385,0.22970496557016717,llama-2-7b,llama-3.1-8b,0.00027419729791699804,0.00390625
decoders,linear,without_capacity,9,0.3046876569622971,0.3489131316803917,9,0,0.06777403295612829,0.43937517090501127,0.2878517177194577,0.33430185996306816,llama-2-7b,llama-3.1-8b,0.00026451021265466983,0.00390625
decoders,quadratic,without_capacity,9,0.2112810157659574,0.21106302176319836,9,0,0.06689094757342798,0.36279089830309613,0.19234228044881507,0.2293297742900236,llama-2-7b,llama-3.1-8b,0.00027453854771887883,0.00390625
decoders,linear,without_career,9,0.30515578972352425,0.3491130942860061,9,0,0.06824515943068218,0.4403726589320267,0.28825368107246147,0.33476961851012954,llama-2-7b,llama-3.1-8b,0.00026170562585379207,0.00390625
decoders,quadratic,without_career,9,0.2118467301272267,0.21152551087229607,9,0,0.0673646833259981,0.3638011517744588,0.19285242742132266,0.22990698597738024,llama-2-7b,llama-3.1-8b,0.0002709747849735852,0.00390625
decoders,linear,without_collected,9,0.3049252497187241,0.34928549123558533,9,0,0.06788623578273145,0.4396538357256646,0.2880841764678565,0.3345551264607231,llama-2-7b,llama-3.1-8b,0.00026398412515269033,0.00390625
decoders,quadratic,without_collected,9,0.21178879576046247,0.21200217380892988,9,0,0.06700650245338315,0.36324090111314755,0.19285728259137683,0.22988658242384738,llama-2-7b,llama-3.1-8b,0.00027197037992586964,0.00390625
decoders,linear,without_confronted,9,0.3048777248897867,0.34906479332131046,9,0,0.06832741126792434,0.43974033781267075,0.2880198982744262,0.33444651409251946,llama-2-7b,llama-3.1-8b,0.00026281509936791863,0.00390625
decoders,quadratic,without_confronted,9,0.21161744084100623,0.21153820439579127,9,0,0.06743968366490194,0.36337201540741493,0.19264811902020515,0.2296396604880193,llama-2-7b,llama-3.1-8b,0.00027135772137927295,0.00390625
decoders,linear,without_connection,9,0.30463041813049113,0.34881886812030105,9,0,0.06752274995551022,0.43946369130915275,0.2877762589831584,0.3342688766523637,llama-2-7b,llama-3.1-8b,0.0002661117028891534,0.00390625
decoders,quadratic,without_connection,9,0.21123398242683575,0.21099584952922704,9,0,0.06662329738648345,0.36297059404833576,0.19226690597414825,0.2293103180568798,llama-2-7b,llama-3.1-8b,0.0002775825123717064,0.00390625
decoders,linear,without_cure,9,0.3049911653066094,0.3495431686855586,9,0,0.06808633638335468,0.43944707462418553,0.2881841766419124,0.3346042689220163,llama-2-7b,llama-3.1-8b,0.00026250717171819336,0.00390625
decoders,quadratic,without_cure,9,0.2113572555133005,0.2108635064484188,9,0,0.06720527054426245,0.3628063676131115,0.19242611650082417,0.22937625363443032,llama-2-7b,llama-3.1-8b,0.00027220436976261783,0.00390625
decoders,linear,without_dance,9,0.3052106133148582,0.3494113853029113,9,0,0.06794360141453966,0.44040156950230813,0.288311743791427,0.33486898980239804,llama-2-7b,llama-3.1-8b,0.0002644939992195499,0.00390625
decoders,quadratic,without_dance,9,0.21198925386125453,0.21217107777048666,9,0,0.0670814703010327,0.36377216605423557,0.19301638983713187,0.23010272680628224,llama-2-7b,llama-3.1-8b,0.0002728467625357832,0.00390625
decoders,linear,without_dead,9,0.3046890683229947,0.3490274896665588,9,0,0.06758262734022125,0.43943528296656453,0.2878457914925484,0.3343273734458413,llama-2-7b,llama-3.1-8b,0.0002661227776344675,0.00390625
decoders,quadratic,without_dead,9,0.21136929268798,0.21138338603376775,9,0,0.06669257368040073,0.36294347343454597,0.19242252009465927,0.22945388256392743,llama-2-7b,llama-3.1-8b,0.0002769286369789527,0.00390625
decoders,linear,without_defined,9,0.3052095972320909,0.34939006196629074,9,0,0.06834171878667379,0.4401104910002543,0.2883469855110705,0.3348180820377681,llama-2-7b,llama-3.1-8b,0.00026132595146100327,0.00390625
decoders,quadratic,without_defined,9,0.2122655029086061,0.21212546523848444,9,0,0.06763687831597057,0.36416369363453005,0.19327822906786563,0.23034408098268555,llama-2-7b,llama-3.1-8b,0.00026942980998149573,0.00390625
decoders,linear,without_definition,9,0.3049694169672954,0.3491716902138525,9,0,0.06800516369603556,0.4397088793291137,0.28812698417206806,0.33458994862620284,llama-2-7b,llama-3.1-8b,0.0002630582677949498,0.00390625
decoders,quadratic,without_definition,9,0.2118879058003834,0.21203349100244834,9,0,0.06721427765397373,0.36337366177663505,0.19295218630335195,0.22997210931868461,llama-2-7b,llama-3.1-8b,0.00027035421296454524,0.00390625
decoders,linear,without_desire,9,0.304837305970428,0.349257543697313,9,0,0.0679199665449673,0.4395299291247847,0.2880007280761334,0.3344519733986106,llama-2-7b,llama-3.1-8b,0.0002638844158321462,0.00390625
decoders,quadratic,without_desire,9,0.21126499087836995,0.21085030872591365,9,0,0.06700441681184052,0.36302341246342557,0.19229518818023797,0.2292975626366861,llama-2-7b,llama-3.1-8b,0.00027510297212766894,0.00390625
decoders,linear,without_difficulty,9,0.30467640928148904,0.34907014661473,9,0,0.06753270324100984,0.43941026611045036,0.28783467717786887,0.3343193725365489,llama-2-7b,llama-3.1-8b,0.00026652432600001466,0.00390625
decoders,quadratic,without_difficulty,9,0.2111736407391168,0.21098678729272155,9,0,0.06662641811897431,0.36290199235447607,0.19220759678719687,0.22924204356663458,llama-2-7b,llama-3.1-8b,0.0002775983109210862,0.00390625
decoders,linear,without_earlier,9,0.30465258437011156,0.3490187643633871,9,0,0.0675901159111913,0.439401290360234,0.28780899612134625,0.3342853929274766,llama-2-7b,llama-3.1-8b,0.000265559813141581,0.00390625
decoders,quadratic,without_earlier,9,0.21124812424564354,0.21131826786374128,9,0,0.06668319706272023,0.3628403050928193,0.19229910163974656,0.22931874014350895,llama-2-7b,llama-3.1-8b,0.00027565984477556307,0.00390625
decoders,linear,without_effect,9,0.3046015045748901,0.3488727304185386,9,0,0.0675992508696182,0.4393783100724135,0.28775440388769974,0.33422678628804914,llama-2-7b,llama-3.1-8b,0.00026564207736863083,0.00390625
decoders,quadratic,without_effect,9,0.21120009224415492,0.2110342358154594,9,0,0.06670518047784217,0.3628696550221709,0.19224139689690295,0.22926195621494402,llama-2-7b,llama-3.1-8b,0.0002762358658753038,0.00390625
decoders,linear,without_emotional,9,0.3049179528037478,0.349251819286295,9,0,0.06789963965870338,0.4397885740032278,0.2880591251538127,0.3345452419468783,llama-2-7b,llama-3.1-8b,0.00026402441905631376,0.00390625
decoders,quadratic,without_emotional,9,0.21160274362385215,0.21163465893363087,9,0,0.0670222017435421,0.36331744449849696,0.19263840601452156,0.2296753113588909,llama-2-7b,llama-3.1-8b,0.00027371614018842426,0.00390625
decoders,linear,without_encountered,9,0.304862453921963,0.3491690421279738,9,0,0.0676949225449044,0.43945763389142795,0.28803805642577984,0.33450839534409527,llama-2-7b,llama-3.1-8b,0.00026347946170636406,0.00390625
decoders,quadratic,without_encountered,9,0.21161446162995115,0.21168138059963967,9,0,0.06680661320167713,0.3629779052486612,0.19269403117761236,0.22971544268348537,llama-2-7b,llama-3.1-8b,0.0002721804619721218,0.00390625
decoders,linear,without_failure,9,0.3047014082974391,0.3488296305117486,9,0,0.06734435956225213,0.43966265651327824,0.28783125227045914,0.33437103938933743,llama-2-7b,llama-3.1-8b,0.0002667276536341115,0.00390625
decoders,quadratic,without_failure,9,0.2113740038595285,0.21088655181072194,9,0,0.06645871614005455,0.3632373161540074,0.19239108982271863,0.22948841482446275,llama-2-7b,llama-3.1-8b,0.0002782437879148271,0.00390625
decoders,linear,without_flow,9,0.3047369421272911,0.34898992952442315,9,0,0.06785048920757959,0.43968446252675253,0.28786850207735837,0.334347748742255,llama-2-7b,llama-3.1-8b,0.0002645106362581542,0.00390625
decoders,quadratic,without_flow,9,0.21125472939552306,0.2108050589541097,9,0,0.0669432134664578,0.36305289430656207,0.19227995878164322,0.22929366888665625,llama-2-7b,llama-3.1-8b,0.00027568089772677686,0.00390625
decoders,linear,without_forget,9,0.3049198592584217,0.34909857988579657,9,0,0.06802492854556087,0.4396355117067305,0.2880804027023831,0.3345317255975293,llama-2-7b,llama-3.1-8b,0.0002641245202316888,0.00390625
decoders,quadratic,without_forget,9,0.21136202309842514,0.21115047619988783,9,0,0.06713399755561665,0.36297837185200904,0.19240997950422717,0.2293905262912762,llama-2-7b,llama-3.1-8b,0.00027320326695510187,0.00390625
decoders,linear,without_hung,9,0.3054502639447238,0.3496354716606071,9,0,0.0683335484092491,0.44050173303260354,0.2885688303087389,0.3350898533866582,llama-2-7b,llama-3.1-8b,0.00026230758817632924,0.00390625
decoders,quadratic,without_hung,9,0.21179952226464274,0.21134478493057537,9,0,0.06745536389973274,0.3634978171859943,0.1928372353994738,0.2298425420602565,llama-2-7b,llama-3.1-8b,0.00027074529395281,0.00390625
decoders,linear,without_happened,9,0.3053462785749707,0.35017715973187413,9,0,0.06800711329154442,0.4400405060990059,0.2885095001344663,0.33501367423539896,llama-2-7b,llama-3.1-8b,0.0002646291503227702,0.00390625
decoders,quadratic,without_happened,9,0.2115141263072253,0.211363491603085,9,0,0.06710449331866218,0.3630300302563214,0.1925746383135883,0.2295653304307957,llama-2-7b,llama-3.1-8b,0.0002727889901045591,0.00390625
decoders,linear,without_interpreted,9,0.30492759242836276,0.3490943897487298,9,0,0.06771038377640026,0.43990695385310613,0.28805517225026983,0.3345797435098581,llama-2-7b,llama-3.1-8b,0.0002658918854532843,0.00390625
decoders,quadratic,without_interpreted,9,0.21165078012711855,0.21156538986330325,9,0,0.0667381570925542,0.3634411557480412,0.19267698317450324,0.22976485800643912,llama-2-7b,llama-3.1-8b,0.0002766787433360372,0.00390625
decoders,linear,without_join,9,0.30481381356482856,0.3489191339035037,9,0,0.06774606975296031,0.4399109558829332,0.2879266707750655,0.3344472815413121,llama-2-7b,llama-3.1-8b,0.0002648263198961116,0.00390625
decoders,quadratic,without_join,9,0.21144289167838615,0.2108684640403399,9,0,0.06685492696499232,0.36349081569887803,0.19243690117582468,0.22951638726756038,llama-2-7b,llama-3.1-8b,0.00027663289086865144,0.00390625
decoders,linear,without_lack,9,0.304872580479242,0.34934762947935694,9,0,0.06787813376779661,0.4396148852566779,0.2880297923820625,0.33449688631817265,llama-2-7b,llama-3.1-8b,0.0002640761333882537,0.00390625
decoders,quadratic,without_lack,9,0.2113597887698864,0.21090799052837014,9,0,0.0669542292556153,0.3631652994965218,0.19238409992905697,0.22941048370917028,llama-2-7b,llama-3.1-8b,0.00027533782399075904,0.00390625
decoders,linear,without_length,9,0.3051635437760546,0.34956339636008,9,0,0.06814060797500056,0.4398255588991892,0.2883307918856628,0.33479141075118635,llama-2-7b,llama-3.1-8b,0.00026285568404977444,0.00390625
decoders,quadratic,without_length,9,0.2117873155148659,0.2113321536420109,9,0,0.0672963556664268,0.3635867682353859,0.19281238392480093,0.2298486854959208,llama-2-7b,llama-3.1-8b,0.0002720917986530037,0.00390625
decoders,linear,without_likely,9,0.30502341284009316,0.3495972202644278,9,0,0.06821142962643038,0.43973276235800113,0.28818474415035467,0.334624910741801,llama-2-7b,llama-3.1-8b,0.00026303087127739185,0.00390625
decoders,quadratic,without_likely,9,0.2115142832793775,0.21105620998528485,9,0,0.06733795602849484,0.3632583441070537,0.19254627567591795,0.22953632418573783,llama-2-7b,llama-3.1-8b,0.00027294809609544656,0.00390625
decoders,linear,without_liquor,9,0.3046292684981663,0.34879976591024503,9,0,0.06758888068447595,0.43938705784457727,0.28778454482986493,0.3342593169748776,llama-2-7b,llama-3.1-8b,0.0002657061158241547,0.00390625
decoders,quadratic,without_liquor,9,0.21124301707188436,0.21104940571515507,9,0,0.06670414409615918,0.3628739800431844,0.19228914670047187,0.22931037619385003,llama-2-7b,llama-3.1-8b,0.00027640267135383204,0.00390625
decoders,linear,without_marked,9,0.3048071122839937,0.3489387375570601,9,0,0.06776434803160264,0.4397270021902852,0.28794212604570724,0.33443745781554257,llama-2-7b,llama-3.1-8b,0.00026472582140352256,0.00390625
decoders,quadratic,without_marked,9,0.2115302472059424,0.2115407115788954,9,0,0.06684905431592411,0.3634099356809571,0.19254528614656558,0.2296153963171947,llama-2-7b,llama-3.1-8b,0.00027552618830124044,0.00390625
decoders,linear,without_met,9,0.30530948461924995,0.34908706751359486,9,0,0.0679927354020417,0.44048931635828564,0.2884120056518705,0.33497407827140097,llama-2-7b,llama-3.1-8b,0.0002637697588977448,0.00390625
decoders,quadratic,without_met,9,0.2119102293449814,0.2119047359231229,9,0,0.06711852752579929,0.3639345467761386,0.19290718966608678,0.2300091920723792,llama-2-7b,llama-3.1-8b,0.0002740221220916361,0.00390625
decoders,linear,without_membership,9,0.3047907907528765,0.3490688772434039,9,0,0.0674767767659007,0.43959262347588174,0.2879405616625009,0.3344550425012486,llama-2-7b,llama-3.1-8b,0.00026628772523430575,0.00390625
decoders,quadratic,without_membership,9,0.2115011233321633,0.2117810887764854,9,0,0.06630032388793272,0.36317086319574643,0.1925424058492154,0.2296512232626921,llama-2-7b,llama-3.1-8b,0.00027813168928304295,0.00390625
decoders,linear,without_missed,9,0.30501252455561967,0.34912751939746434,9,0,0.06774775023412351,0.43995111077434845,0.28814520127827853,0.33467062134580666,llama-2-7b,llama-3.1-8b,0.0002647539148106158,0.00390625
decoders,quadratic,without_missed,9,0.21192391317216622,0.21160714585333862,9,0,0.06666419562243485,0.36416473776568087,0.1928938100979769,0.23008137786588267,llama-2-7b,llama-3.1-8b,0.0002778918893069744,0.00390625
decoders,linear,without_movement,9,0.30579423975069076,0.3502071104776876,9,0,0.06843392722769,0.44085473162216143,0.28891167826675695,0.3354642788160659,llama-2-7b,llama-3.1-8b,0.00026177905712761835,0.00390625
decoders,quadratic,without_movement,9,0.21216567379304363,0.21225366715517882,9,0,0.06757009912124798,0.3641597628371455,0.19316641266253085,0.23024012062701804,llama-2-7b,llama-3.1-8b,0.00027047935171454324,0.00390625
decoders,linear,without_naturally,9,0.3050115904197796,0.34914559984202015,9,0,0.06805720995499279,0.4398610648159557,0.28815540612025764,0.334630887977878,llama-2-7b,llama-3.1-8b,0.00026248605058885557,0.00390625
decoders,quadratic,without_naturally,9,0.21199173244468705,0.21167524344584193,9,0,0.06731527641772207,0.36375529692737946,0.19302128688435047,0.23007628944805764,llama-2-7b,llama-3.1-8b,0.000270182255059626,0.00390625
decoders,linear,without_neighborhood,9,0.30497876044556743,0.3492434560954285,9,0,0.0676207749720838,0.43992239895093643,0.2881108056323963,0.3346485086297529,llama-2-7b,llama-3.1-8b,0.0002657993986617173,0.00390625
decoders,quadratic,without_neighborhood,9,0.2115949729229833,0.21134398878168825,9,0,0.0665510305929416,0.36353643971498134,0.1926022895739835,0.2297254657142385,llama-2-7b,llama-3.1-8b,0.0002774567492753912,0.00390625
decoders,linear,without_occurred,9,0.30482674869792015,0.34889612955222404,9,0,0.06751787015812905,0.4398850015240995,0.28794446709464766,0.334490358515394,llama-2-7b,llama-3.1-8b,0.0002661849518991146,0.00390625
decoders,quadratic,without_occurred,9,0.2115693838052778,0.21118251044139877,9,0,0.06663086596536075,0.36372792795491343,0.19254956578657337,0.22968669853526746,llama-2-7b,llama-3.1-8b,0.0002782921058502267,0.00390625
decoders,linear,without_official,9,0.3048507841456579,0.3491994822491694,9,0,0.06816587972371946,0.4395643084792513,0.2880115936039587,0.33443639719840024,llama-2-7b,llama-3.1-8b,0.0002619025544555016,0.00390625
decoders,quadratic,without_official,9,0.21145551576040436,0.21082500979533633,9,0,0.06729651207530742,0.3631060013919315,0.19249920505646348,0.2294753912210415,llama-2-7b,llama-3.1-8b,0.00027169446318782843,0.00390625
decoders,linear,without_outside,9,0.3045841118481086,0.34893417615860645,9,0,0.0677050789717786,0.4393754675321406,0.2877351923876046,0.33419399095764984,llama-2-7b,llama-3.1-8b,0.000265235339764066,0.00390625
decoders,quadratic,without_outside,9,0.21111246451978602,0.21090597283995138,9,0,0.06677094325548605,0.3628606806067803,0.19214393750891176,0.22915515467782355,llama-2-7b,llama-3.1-8b,0.00027620763191589254,0.00390625
decoders,linear,without_pair,9,0.30554700626560916,0.3499999875134891,9,0,0.06809940006243047,0.4405574073987222,0.28867070612397,0.3352279570410065,llama-2-7b,llama-3.1-8b,0.0002636124322827171,0.00390625
decoders,quadratic,without_pair,9,0.212091792496808,0.2118878267672433,9,0,0.06726022050025805,0.36426284548128235,0.1930704108737487,0.23019573899637674,llama-2-7b,llama-3.1-8b,0.00027281420799387675,0.00390625
decoders,linear,without_persuaded,9,0.30520288224798414,0.34925718412883716,9,0,0.06727395040908389,0.44064853249694147,0.2882721759668645,0.3349439987278467,llama-2-7b,llama-3.1-8b,0.0002678052116739522,0.00390625
decoders,quadratic,without_persuaded,9,0.2119597009700599,0.21213442142975336,9,0,0.066386357437319,0.3642594663913148,0.19292223029240307,0.23015636891165253,llama-2-7b,llama-3.1-8b,0.0002790743890911002,0.00390625
decoders,linear,without_philosophy,9,0.30518998167954003,0.3494925471813699,9,0,0.06838960269199124,0.4401739583619046,0.2883169845942445,0.33479002905298366,llama-2-7b,llama-3.1-8b,0.0002608946696707596,0.00390625
decoders,quadratic,without_philosophy,9,0.2117433703198726,0.21143153079517946,9,0,0.06751554133342956,0.3635764355526643,0.19276423716577362,0.22977184894317798,llama-2-7b,llama-3.1-8b,0.00027049398578246614,0.00390625
decoders,linear,without_potential,9,0.30473943443634427,0.34899313261982384,9,0,0.0677648537721123,0.43953909737111724,0.2878894765694977,0.3343612570193733,llama-2-7b,llama-3.1-8b,0.000264806767415607,0.00390625
decoders,quadratic,without_potential,9,0.21133942811929918,0.2110020801808834,9,0,0.06688101206361174,0.3630910055524948,0.19237048094014975,0.2293967301262601,llama-2-7b,llama-3.1-8b,0.0002759081414004894,0.00390625
decoders,linear,without_prefer,9,0.3054240218359703,0.3497669636314383,9,0,0.06756811389891376,0.44060282463040545,0.28852667148666594,0.3351560103281024,llama-2-7b,llama-3.1-8b,0.0002670776759089678,0.00390625
decoders,quadratic,without_prefer,9,0.21163658597952736,0.21163727328586385,9,0,0.06659567614060083,0.36360286400294095,0.1926408012266007,0.2297666997093932,llama-2-7b,llama-3.1-8b,0.0002778138934508698,0.00390625
decoders,linear,without_price,9,0.304754031765075,0.34916026669830524,9,0,0.0672438497359802,0.43956543252407626,0.28790260667019985,0.3344428045187119,llama-2-7b,llama-3.1-8b,0.00026754557500829765,0.00390625
decoders,quadratic,without_price,9,0.21141183602578234,0.21142083370520406,9,0,0.06635451816550307,0.36303888483768953,0.19245845492429395,0.22954400075831727,llama-2-7b,llama-3.1-8b,0.0002779968935951823,0.00390625
decoders,linear,without_proof,9,0.30462302489522436,0.34869786657896856,9,0,0.06767576243210535,0.4394194660922939,0.28777346974559065,0.33424143270311424,llama-2-7b,llama-3.1-8b,0.000264865938076662,0.00390625
decoders,quadratic,without_proof,9,0.21116359047285568,0.21076858844590043,9,0,0.06678859412785669,0.362886918060267,0.19219817452442928,0.22921046501598055,llama-2-7b,llama-3.1-8b,0.0002763117411051823,0.00390625
decoders,linear,without_proved,9,0.3055319714850903,0.3497514264849932,9,0,0.06843785420547326,0.44052174135825484,0.28865825025094477,0.3351687361450425,llama-2-7b,llama-3.1-8b,0.00026154924753942534,0.00390625
decoders,quadratic,without_proved,9,0.21188518535171244,0.2112803314076099,9,0,0.06758466408317225,0.3638816750921083,0.19288562413416296,0.22992275051027997,llama-2-7b,llama-3.1-8b,0.0002709920509256025,0.00390625
decoders,linear,without_refused,9,0.30487435036277905,0.34908793498765794,9,0,0.06784864349143949,0.43994774009213533,0.28799017664660953,0.3345025637216965,llama-2-7b,llama-3.1-8b,0.00026546252747546435,0.00390625
decoders,quadratic,without_refused,9,0.2115829525921501,0.21146672341595105,9,0,0.06696320178467917,0.36340030115080724,0.19260578402231798,0.22966042144308396,llama-2-7b,llama-3.1-8b,0.0002766260592996967,0.00390625
decoders,linear,without_remained,9,0.3049009713962375,0.3492559534020278,9,0,0.06755938248752547,0.4398178291246108,0.28803636418019085,0.33456867000982654,llama-2-7b,llama-3.1-8b,0.00026656496590352465,0.00390625
decoders,quadratic,without_remained,9,0.21150505060501093,0.2115078786361675,9,0,0.06667342659672264,0.363407445530026,0.19251725123938404,0.22960900360604697,llama-2-7b,llama-3.1-8b,0.0002777348626473877,0.00390625
decoders,linear,without_ran,9,0.30486522056380866,0.34893157350537374,9,0,0.06786319776540387,0.4397176092057164,0.28800867198357016,0.33449047341360927,llama-2-7b,llama-3.1-8b,0.00026397796545858416,0.00390625
decoders,quadratic,without_ran,9,0.2116380358607493,0.21131360416848485,9,0,0.06697726888962392,0.3633927339820875,0.192668698595582,0.22972063173213997,llama-2-7b,llama-3.1-8b,0.00027428875763130136,0.00390625
decoders,linear,without_rural,9,0.30506863024125586,0.34926513827813405,9,0,0.06820226018114375,0.4398871123687419,0.2882163199753201,0.3346769264987699,llama-2-7b,llama-3.1-8b,0.00026215560585429205,0.00390625
decoders,quadratic,without_rural,9,0.21201175587995133,0.211677065006849,9,0,0.06770768884488272,0.3639359872730893,0.19302122695580906,0.23004976425933488,llama-2-7b,llama-3.1-8b,0.00026963588289793456,0.00390625
decoders,linear,without_sense,9,0.3048932074837822,0.34898933015596184,9,0,0.06802265202757682,0.4400288604665331,0.2880012508609383,0.3345020269158078,llama-2-7b,llama-3.1-8b,0.0002640626574739685,0.00390625
decoders,quadratic,without_sense,9,0.21148590212022855,0.2109662482188341,9,0,0.06713331971466356,0.3634412976671948,0.19249147767685776,0.2295299749209242,llama-2-7b,llama-3.1-8b,0.0002751340217718087,0.00390625
decoders,linear,without_series,9,0.3048318668361652,0.34938557909088314,9,0,0.0679051301415323,0.4393404745005702,0.2880182908781146,0.33444770892299436,llama-2-7b,llama-3.1-8b,0.0002629567580377771,0.00390625
decoders,quadratic,without_series,9,0.2112867065752526,0.2108141667123022,9,0,0.06696757532573462,0.3628155015282149,0.1923456072061323,0.22932659798144234,llama-2-7b,llama-3.1-8b,0.0002729579668731033,0.00390625
decoders,linear,without_shouting,9,0.3054393808708836,0.34990802143637434,9,0,0.06815345795041892,0.4404964149599767,0.288557251609747,0.3351001212359417,llama-2-7b,llama-3.1-8b,0.0002653496817108036,0.00390625
decoders,quadratic,without_shouting,9,0.211719448982462,0.21152653735003266,9,0,0.06726827760630658,0.3637047166091823,0.19272129052912196,0.22977584540448143,llama-2-7b,llama-3.1-8b,0.0002754922104697713,0.00390625
decoders,linear,without_shut,9,0.3046514844344476,0.3489743275100517,9,0,0.06759785132092513,0.4394623162889397,0.2878001304526361,0.33428318857363787,llama-2-7b,llama-3.1-8b,0.0002658693448114537,0.00390625
decoders,quadratic,without_shut,9,0.21115338746453108,0.21081461742461852,9,0,0.0666764276364063,0.3628336732991572,0.1921933517352028,0.22921300744304668,llama-2-7b,llama-3.1-8b,0.00027698512422221253,0.00390625
decoders,linear,without_situation,9,0.30548359193293545,0.3499504073584373,9,0,0.06806960412161919,0.44048034291544447,0.2886089980601218,0.33516034040934994,llama-2-7b,llama-3.1-8b,0.00026462326080030205,0.00390625
decoders,quadratic,without_situation,9,0.2118555641759832,0.21147007463526024,9,0,0.06719260539266772,0.3637991353128308,0.19286261778387725,0.22993843402389763,llama-2-7b,llama-3.1-8b,0.00027378163848403334,0.00390625
decoders,linear,without_social,9,0.305673854068134,0.34960213483556146,9,0,0.06811666482308187,0.4410472847738222,0.288752175229923,0.3353685027237656,llama-2-7b,llama-3.1-8b,0.0002633076508720503,0.00390625
decoders,quadratic,without_social,9,0.2122837406302927,0.21207527581860716,9,0,0.06727491501712032,0.3644424317449184,0.1932639042409645,0.23040984383193927,llama-2-7b,llama-3.1-8b,0.0002716278290354748,0.00390625
decoders,linear,without_source,9,0.3049968795029253,0.34910791773432887,9,0,0.068170139930945,0.43969291068263355,0.2881598756054618,0.33460022194942285,llama-2-7b,llama-3.1-8b,0.0002626451024146535,0.00390625
decoders,quadratic,without_source,9,0.21178708858207151,0.2113750185519922,9,0,0.06733292822508484,0.36333488284009885,0.19284361429981808,0.22984385862669482,llama-2-7b,llama-3.1-8b,0.0002720891114311064,0.00390625
decoders,linear,without_spent,9,0.30480850275891036,0.348780290711312,9,0,0.06789671325379028,0.4396208358065249,0.28795696112795854,0.33442247644705037,llama-2-7b,llama-3.1-8b,0.0002638168532127554,0.00390625
decoders,quadratic,without_spent,9,0.21152962955145277,0.21134249688314408,9,0,0.06702246890432774,0.36321881433793396,0.19256848145314265,0.22959302463234343,llama-2-7b,llama-3.1-8b,0.0002735785449257868,0.00390625
decoders,linear,without_step,9,0.30472099695280047,0.3491886103304311,9,0,0.06793913016162034,0.43929332457618675,0.28789945599987726,0.33431873030169806,llama-2-7b,llama-3.1-8b,0.0002636092200664731,0.00390625
decoders,quadratic,without_step,9,0.2112706256698478,0.21094562689910853,9,0,0.06703161015297515,0.3627558026236734,0.1923349785506196,0.22930050260945686,llama-2-7b,llama-3.1-8b,0.00027338874908639025,0.00390625
decoders,linear,without_straight,9,0.3051805570304159,0.34947160967601826,9,0,0.06805579906010994,0.43990731028622615,0.2883397128734396,0.33482115177670413,llama-2-7b,llama-3.1-8b,0.00026339044439346084,0.00390625
decoders,quadratic,without_straight,9,0.21165821341541383,0.21129205161433318,9,0,0.06717180020052578,0.3634535216096387,0.1926837998911357,0.22971901506727482,llama-2-7b,llama-3.1-8b,0.00027401703991774477,0.00390625
decoders,linear,without_stress,9,0.3047652823058269,0.3488072482761772,9,0,0.06789041311843719,0.43962449686467364,0.28790788048597105,0.3343746409542506,llama-2-7b,llama-3.1-8b,0.0002636929715872243,0.00390625
decoders,quadratic,without_stress,9,0.21131319948381125,0.21082183438200314,9,0,0.06701465560747251,0.3631698711468742,0.19233111552592838,0.22935051746835358,llama-2-7b,llama-3.1-8b,0.00027487430497059157,0.00390625
decoders,linear,without_suffered,9,0.3047755066972575,0.3488951942845024,9,0,0.06777235259850112,0.4395458529638317,0.28792921341393574,0.33440090095960207,llama-2-7b,llama-3.1-8b,0.00026437162666866765,0.00390625
decoders,quadratic,without_suffered,9,0.21145065182580924,0.21138971922136313,9,0,0.06685685932092073,0.3630966248666319,0.1924949051957064,0.2295248758889203,llama-2-7b,llama-3.1-8b,0.00027439840453451295,0.00390625
decoders,linear,without_swung,9,0.3047517579484898,0.3488362259459836,9,0,0.06761229558825026,0.4396967569047208,0.2878836330789609,0.3343941907435197,llama-2-7b,llama-3.1-8b,0.0002656499059240319,0.00390625
decoders,quadratic,without_swung,9,0.21138835648202237,0.21112211938144768,9,0,0.06666777356782186,0.36333479219422093,0.19239505201799756,0.22947842934629745,llama-2-7b,llama-3.1-8b,0.0002775935278120506,0.00390625
decoders,linear,without_talk,9,0.3056166505702245,0.3498153319667361,9,0,0.06840830590541651,0.4407399859354896,0.28872623364956634,0.3352676936533255,llama-2-7b,llama-3.1-8b,0.00026174365460750383,0.00390625
decoders,quadratic,without_talk,9,0.2120896720733776,0.21185490075813806,9,0,0.0676142866024421,0.36432368706446255,0.19306042019949196,0.2301490952572445,llama-2-7b,llama-3.1-8b,0.0002717339826762813,0.00390625
decoders,linear,without_think,9,0.30567388300578,0.34968770698350815,9,0,0.06824176774903731,0.4410214491319176,0.28875543724001285,0.3353528974128729,llama-2-7b,llama-3.1-8b,0.00026156695981765447,0.00390625
decoders,quadratic,without_think,9,0.21213591658355835,0.21137783660440168,9,0,0.06735358527383771,0.36445893389603423,0.19309553941949886,0.2302337079972734,llama-2-7b,llama-3.1-8b,0.0002730803210984491,0.00390625
decoders,linear,without_threatened,9,0.3048704688028367,0.3490157232005166,9,0,0.067917037274949,0.4395896271334352,0.2880305740115119,0.3344896477438226,llama-2-7b,llama-3.1-8b,0.0002634331019086172,0.00390625
decoders,quadratic,without_threatened,9,0.21162428591219307,0.21132523556105523,9,0,0.06704495944473685,0.363159490707655,0.19268238531276033,0.22969670172062512,llama-2-7b,llama-3.1-8b,0.00027273473688930723,0.00390625
decoders,linear,without_title,9,0.30485303651287904,0.3488930084076321,9,0,0.06828369266438544,0.43963248370082625,0.2880056056143856,0.3344242044939407,llama-2-7b,llama-3.1-8b,0.00026163153476814574,0.00390625
decoders,quadratic,without_title,9,0.21148823253599316,0.21096593023587487,9,0,0.06739942176849772,0.3631937885759958,0.19252503803099286,0.2294993338819301,llama-2-7b,llama-3.1-8b,0.00027165570996264985,0.00390625
decoders,linear,without_touch,9,0.30501167334875307,0.34934813819974353,9,0,0.06810730456121902,0.4398310452171223,0.28815925186520686,0.3346247194471948,llama-2-7b,llama-3.1-8b,0.0002624459713931706,0.00390625
decoders,quadratic,without_touch,9,0.21138459597644388,0.21088788783580775,9,0,0.06723020080958647,0.36301427494412575,0.19243088610548367,0.2294038953723011,llama-2-7b,llama-3.1-8b,0.000272315338816393,0.00390625
decoders,linear,without_tradition,9,0.3048508659402517,0.34912663552353423,9,0,0.06759520248545065,0.43964128374932154,0.2880020637141179,0.33450782387210176,llama-2-7b,llama-3.1-8b,0.00026531185682485364,0.00390625
decoders,quadratic,without_tradition,9,0.21161676597138276,0.21154965905532785,9,0,0.06660548628508317,0.36324462380128886,0.1926632837426445,0.2297431759321702,llama-2-7b,llama-3.1-8b,0.000275095902253398,0.00390625
decoders,linear,without_truth,9,0.30481957920954517,0.34901156286276713,9,0,0.06768684633579906,0.43956844159086766,0.2879759714118798,0.33446117081876336,llama-2-7b,llama-3.1-8b,0.0002642010156615129,0.00390625
decoders,quadratic,without_truth,9,0.21152515633412874,0.21125979553664792,9,0,0.06674288001593605,0.36313467432148605,0.19257396658570908,0.22962294087390284,llama-2-7b,llama-3.1-8b,0.0002745913878003063,0.00390625
decoders,linear,without_value,9,0.3048348486291761,0.3488872065805254,9,0,0.06827815554876034,0.4397689767008501,0.28796808262021684,0.33440443526422803,llama-2-7b,llama-3.1-8b,0.000262202800417428,0.00390625
decoders,quadratic,without_value,9,0.21145781414306014,0.21075539349243064,9,0,0.06742385140298361,0.3633255301671182,0.19247434964005286,0.2294620594855697,llama-2-7b,llama-3.1-8b,0.00027283741936218214,0.00390625
decoders,linear,without_variety,9,0.30492676435546406,0.34904550716309185,9,0,0.068143884024164,0.4395111158845194,0.2881037204143321,0.3345246243968765,llama-2-7b,llama-3.1-8b,0.0002620815757861867,0.00390625
decoders,quadratic,without_variety,9,0.21166891392970466,0.21133839406028082,9,0,0.06730506608631587,0.3630465682347952,0.19274670714156839,0.2297143949101283,llama-2-7b,llama-3.1-8b,0.00027069386757920213,0.00390625
decoders,linear,without_vary,9,0.30493333316087484,0.3495265368954688,9,0,0.06772718552571295,0.43971634828133227,0.2880854562708177,0.3345841016152701,llama-2-7b,llama-3.1-8b,0.0002652468733265437,0.00390625
decoders,quadratic,without_vary,9,0.21162274065166994,0.21150874932567007,9,0,0.06684352288450758,0.3633674046231808,0.19265465765523107,0.22972014287256523,llama-2-7b,llama-3.1-8b,0.0002759330141700098,0.00390625
decoders,linear,without_view,9,0.3049503919555402,0.34936992115876353,9,0,0.06816291413035444,0.43964995431327053,0.28811294666082393,0.33454882668368846,llama-2-7b,llama-3.1-8b,0.00026223581313690594,0.00390625
decoders,quadratic,without_view,9,0.21137848846633722,0.21077237418394526,9,0,0.0672823091740478,0.363106195477533,0.19241252508993775,0.2293905108778734,llama-2-7b,llama-3.1-8b,0.00027289048083708957,0.00390625
decoders,linear,without_warm,9,0.3050931465249803,0.34931678572871927,9,0,0.0678347049021547,0.4399873646811527,0.2882313692554588,0.3347504517278335,llama-2-7b,llama-3.1-8b,0.0002643776665992227,0.00390625
decoders,quadratic,without_warm,9,0.21172980169707184,0.21171027470591527,9,0,0.06684969670753119,0.363714609989513,0.1927317006605167,0.22983981482076443,llama-2-7b,llama-3.1-8b,0.00027649191706961243,0.00390625
decoders,linear,without_wrote,9,0.30483593383140256,0.3489513109883705,9,0,0.06764059257886164,0.4398798391388478,0.2879554456679719,0.33448535148797015,llama-2-7b,llama-3.1-8b,0.0002648151802938469,0.00390625
decoders,quadratic,without_wrote,9,0.21157432685300087,0.21104436778876406,9,0,0.0667025181199582,0.36355518286225724,0.19257671985184383,0.2296833029446312,llama-2-7b,llama-3.1-8b,0.0002756872658268581,0.00390625
decoders,linear,without_ability,9,0.3050567882157235,0.3501148540400244,9,0,0.06799809582843008,0.43970354203215556,0.28822594398866946,0.33468912476413515,llama-2-7b,llama-3.1-8b,0.00026404594669661625,0.00390625
decoders,quadratic,without_ability,9,0.21169096515805677,0.2114265798686556,9,0,0.067148715237178,0.36327794657193446,0.19274259248132206,0.22975874639816662,llama-2-7b,llama-3.1-8b,0.00027234615053137407,0.00390625
decoders,linear,without_absence,9,0.3052575080811871,0.34956786746521484,9,0,0.06858587704420882,0.43992804183394557,0.2884236913620923,0.3348414619608094,llama-2-7b,llama-3.1-8b,0.00025962786687758075,0.00390625
decoders,quadratic,without_absence,9,0.21214132700149588,0.21231703036564098,9,0,0.06773721339469282,0.3637253267654787,0.193193327030998,0.23019184120234626,llama-2-7b,llama-3.1-8b,0.000267652714053094,0.00390625
decoders,linear,without_accomplished,9,0.30511533578335887,0.34896061364574255,9,0,0.067830272975809,0.4399382126276579,0.28826247617782147,0.3347759686343026,llama-2-7b,llama-3.1-8b,0.0002638375104706217,0.00390625
decoders,quadratic,without_accomplished,9,0.2118258938878307,0.21136262121007426,9,0,0.06694027194910995,0.3637104187812686,0.19284032827615097,0.2299365966301708,llama-2-7b,llama-3.1-8b,0.0002743630211682391,0.00390625
decoders,linear,without_activity,9,0.3046944023102307,0.34885648437405975,9,0,0.06785728372332485,0.4393692956616085,0.28786004064130855,0.334299042133594,llama-2-7b,llama-3.1-8b,0.00026411975138300063,0.00390625
decoders,quadratic,without_activity,9,0.21132102912919948,0.2109724817425524,9,0,0.06696307497840517,0.3628571540770176,0.19237901351072223,0.22936577339804878,llama-2-7b,llama-3.1-8b,0.00027427977379899254,0.00390625
decoders,linear,without_advertising,9,0.3051981058390949,0.34955507906682143,9,0,0.06826784550061502,0.43998254501708706,0.2883500509418459,0.33481438838140487,llama-2-7b,llama-3.1-8b,0.00026036649264309504,0.00390625
decoders,quadratic,without_advertising,9,0.21193303706162414,0.21175166736137677,9,0,0.06745439885429244,0.3638913372136096,0.19293824954262595,0.2299928668375406,llama-2-7b,llama-3.1-8b,0.00026976126288075507,0.00390625
decoders,linear,without_advised,9,0.30496474186656464,0.3490884003178854,9,0,0.06792138717283681,0.43968622678252395,0.2881245562520697,0.3345951612032806,llama-2-7b,llama-3.1-8b,0.00026428374667337404,0.00390625
decoders,quadratic,without_advised,9,0.2118716643797213,0.21193136436492835,9,0,0.06705993678898595,0.36333237054644774,0.1929390761088805,0.22997313032856326,llama-2-7b,llama-3.1-8b,0.00027341244771049113,0.00390625
decoders,linear,without_affect,9,0.3052872838235162,0.3497840102354644,9,0,0.06814417671756672,0.4401503660253691,0.2884293985482846,0.33493017221175986,llama-2-7b,llama-3.1-8b,0.0002628832661493442,0.00390625
decoders,quadratic,without_affect,9,0.2116658849855989,0.21130397469973838,9,0,0.06726685962732554,0.36353941976037135,0.19268169313875233,0.22971576315538306,llama-2-7b,llama-3.1-8b,0.00027342768181180176,0.00390625
decoders,linear,without_answer,9,0.3046841872496998,0.34891717786472565,9,0,0.06771752139080815,0.4394585874305199,0.2878373872270973,0.33430502048206123,llama-2-7b,llama-3.1-8b,0.00026551759208050013,0.00390625
decoders,quadratic,without_answer,9,0.21122642721493812,0.21111056316933038,9,0,0.0667652180222971,0.3629408798261036,0.19226212063854242,0.2292840783640182,llama-2-7b,llama-3.1-8b,0.00027644578620422585,0.00390625
decoders,linear,without_appointed,9,0.3048081303481148,0.34911552598531176,9,0,0.06805953595298823,0.4394498337200258,0.287977917426626,0.3344017046475056,llama-2-7b,llama-3.1-8b,0.0002625456125555603,0.00390625
decoders,quadratic,without_appointed,9,0.21140127794402166,0.21105074700997262,9,0,0.06721507642383155,0.3629655487350171,0.19245574409514724,0.22942455313404542,llama-2-7b,llama-3.1-8b,0.0002719489593560253,0.00390625
decoders,linear,without_arc,9,0.3048849638604876,0.3491096822018052,9,0,0.0677803288653687,0.4397920866026796,0.2880215735177136,0.33452304323487747,llama-2-7b,llama-3.1-8b,0.000264298616951811,0.00390625
decoders,quadratic,without_arc,9,0.21165303705182453,0.21149292255009078,9,0,0.06689331144035784,0.36343865688723304,0.19267983457239848,0.22974800275325788,llama-2-7b,llama-3.1-8b,0.0002741455672801449,0.00390625
decoders,linear,without_assumed,9,0.3049905512274213,0.3491625931270723,9,0,0.06823951427364629,0.43966539793863685,0.28815619538851933,0.33458443084664313,llama-2-7b,llama-3.1-8b,0.0002614290490987954,0.00390625
decoders,quadratic,without_assumed,9,0.21154298046858866,0.2109235591861583,9,0,0.06736368653289909,0.3632260462017164,0.19258259725194768,0.22956539221054983,llama-2-7b,llama-3.1-8b,0.0002711824722143537,0.00390625
decoders,linear,without_atmosphere,9,0.3048150769849345,0.3489378977067495,9,0,0.06795929708651095,0.4395538085000675,0.2879727355455428,0.3344220494722374,llama-2-7b,llama-3.1-8b,0.0002633183623995538,0.00390625
decoders,quadratic,without_atmosphere,9,0.2114989831585325,0.21151758538432444,9,0,0.06708848957166498,0.3630869124009815,0.19255049200322635,0.22955029485689094,llama-2-7b,llama-3.1-8b,0.00027258603658833795,0.00390625
decoders,linear,without_attempt,9,0.3048439427554121,0.34891551235161505,9,0,0.0679959840436577,0.439664543565306,0.2879913676541754,0.3344499375943814,llama-2-7b,llama-3.1-8b,0.0002641076902993752,0.00390625
decoders,quadratic,without_attempt,9,0.21135970796754047,0.21088229200772407,9,0,0.06709663050865254,0.3631937004389987,0.1923804589086082,0.22939259264990147,llama-2-7b,llama-3.1-8b,0.00027484579431214233,0.00390625
decoders,linear,without_author,9,0.30491860335931054,0.3491493386441056,9,0,0.06762809209979842,0.4398155398310158,0.2880564863003474,0.3345799172667496,llama-2-7b,llama-3.1-8b,0.00026520128747789073,0.00390625
decoders,quadratic,without_author,9,0.21181330340896742,0.21178478299097972,9,0,0.06669811441490038,0.3636499119980392,0.19283372733533344,0.22995270203322582,llama-2-7b,llama-3.1-8b,0.00027605490075250576,0.00390625
decoders,linear,without_battle,9,0.30505153119238576,0.34891524899277104,9,0,0.06765035509577176,0.44018213057531946,0.2881602062695191,0.33472667820446256,llama-2-7b,llama-3.1-8b,0.00026686487729009415,0.00390625
decoders,quadratic,without_battle,9,0.21170819743895614,0.2115682353770071,9,0,0.06668210011254104,0.36367485511431935,0.19271236522953572,0.22983645960475801,llama-2-7b,llama-3.1-8b,0.0002780596588435365,0.00390625
decoders,linear,without_bill,9,0.3047693473290831,0.3488659378024196,9,0,0.06765338962568922,0.43963172891323254,0.28791154963106436,0.3344088420420073,llama-2-7b,llama-3.1-8b,0.0002648828100937854,0.00390625
decoders,quadratic,without_bill,9,0.21143257790482922,0.2112269995665191,9,0,0.06676906828545695,0.3632328549733673,0.1924575432712619,0.22951551660725072,llama-2-7b,llama-3.1-8b,0.0002756050859047837,0.00390625
decoders,linear,without_body,9,0.30461954547824555,0.3487653876659037,9,0,0.06781414643720655,0.43939172574487256,0.28777302294491713,0.3342202203583754,llama-2-7b,llama-3.1-8b,0.0002641809817810323,0.00390625
decoders,quadratic,without_body,9,0.21119051491205448,0.21085941482503037,9,0,0.06693042812718861,0.36288135263421173,0.19222916019678482,0.22922302576016274,llama-2-7b,llama-3.1-8b,0.00027481256585888675,0.00390625
decoders,linear,without_cast,9,0.30483746640263865,0.34888286018674436,9,0,0.06804207500462345,0.4396425899516076,0.28798682595901753,0.33443689032739055,llama-2-7b,llama-3.1-8b,0.0002626155424460184,0.00390625
decoders,quadratic,without_cast,9,0.21146641290082555,0.21094489059361674,9,0,0.0671651652092164,0.3631620396249255,0.19250445956031306,0.2295040688622767,llama-2-7b,llama-3.1-8b,0.0002728013051898621,0.00390625
decoders,linear,without_certain,9,0.30457410818187935,0.34883391418604837,9,0,0.06740289607301772,0.43944960836145075,0.28771467065943296,0.33422050969548706,llama-2-7b,llama-3.1-8b,0.0002670077432479621,0.00390625
decoders,quadratic,without_certain,9,0.21115976126785602,0.2108750119880678,9,0,0.06651745183876379,0.3629660004215243,0.19218398137364745,0.22924004994649255,llama-2-7b,llama-3.1-8b,0.0002787328818928944,0.00390625
decoders,linear,without_closed,9,0.3046340883022348,0.3489168187501476,9,0,0.0678254174852478,0.4393973003555983,0.2877886867955644,0.3342351721543583,llama-2-7b,llama-3.1-8b,0.00026455820631958264,0.00390625
decoders,quadratic,without_closed,9,0.21122759433721747,0.21105621922725423,9,0,0.0669426636852402,0.362858327889765,0.19227375264314905,0.22926321066871463,llama-2-7b,llama-3.1-8b,0.0002746285211344462,0.00390625
decoders,linear,without_comparison,9,0.3046573990989577,0.348805285198307,9,0,0.0675213670209967,0.43946631379254797,0.2878062847622589,0.3342994031087028,llama-2-7b,llama-3.1-8b,0.0002656336031732465,0.00390625
decoders,quadratic,without_comparison,9,0.2112749921783616,0.21096767408052922,9,0,0.06660107592335154,0.3629538033649269,0.19231514078004092,0.22935923171023784,llama-2-7b,llama-3.1-8b,0.00027613400937842375,0.00390625
decoders,linear,without_concluded,9,0.3050869029980676,0.3493566173285671,9,0,0.068127131448175,0.43971677097798884,0.2882581695005775,0.3347068744418042,llama-2-7b,llama-3.1-8b,0.00026127840714583884,0.00390625
decoders,quadratic,without_concluded,9,0.2119517608986616,0.2119219817835704,9,0,0.06732077462066317,0.3633840885763456,0.19302271993895115,0.23003063418341146,llama-2-7b,llama-3.1-8b,0.00026869959093508066,0.00390625
decoders,linear,without_conditions,9,0.30458710564655395,0.34874040816552154,9,0,0.06763527783491602,0.4393762773095011,0.28773845918868557,0.33420608412300873,llama-2-7b,llama-3.1-8b,0.00026536464899229646,0.00390625
decoders,quadratic,without_conditions,9,0.21114142872190697,0.21082582111245157,9,0,0.0667463737680898,0.36283594330182156,0.1921796143994176,0.2291908105911341,llama-2-7b,llama-3.1-8b,0.0002764332123833763,0.00390625
decoders,linear,without_confidence,9,0.30531279043568116,0.3496196429393133,9,0,0.06804875875197987,0.44009289817280783,0.2884652769685403,0.3349707943961438,llama-2-7b,llama-3.1-8b,0.00026398002844669094,0.00390625
decoders,quadratic,without_confidence,9,0.21187520973591173,0.211060262650027,9,0,0.06722976251363298,0.3637918381304884,0.19288563118658963,0.22995589063869656,llama-2-7b,llama-3.1-8b,0.0002745095253635054,0.00390625
decoders,linear,without_confusion,9,0.3050252186602272,0.34937913276736543,9,0,0.06764514273916047,0.4398045513509825,0.28817780207388277,0.33469772815036053,llama-2-7b,llama-3.1-8b,0.00026585402984824485,0.00390625
decoders,quadratic,without_confusion,9,0.2116775055401588,0.21176805183888017,9,0,0.0667403631057897,0.3633596278403782,0.19271724025263137,0.22979464834445493,llama-2-7b,llama-3.1-8b,0.00027498707540282345,0.00390625
decoders,linear,without_contained,9,0.3049416654652946,0.34921503261669135,9,0,0.067964539333005,0.43964496655604174,0.2881037528289512,0.3345638062318308,llama-2-7b,llama-3.1-8b,0.0002633445533752473,0.00390625
decoders,quadratic,without_contained,9,0.21159373524361452,0.2115013231718251,9,0,0.06710861396385492,0.3632587113527678,0.19263561322997041,0.22965437540358452,llama-2-7b,llama-3.1-8b,0.00027344639320219714,0.00390625
decoders,linear,without_demand,9,0.3047326367750063,0.34879707916669567,9,0,0.0678381907877815,0.43954682338504036,0.28788086344875197,0.33434444252340934,llama-2-7b,llama-3.1-8b,0.0002646016810196681,0.00390625
decoders,quadratic,without_demand,9,0.211280820916094,0.21065744247310744,9,0,0.06694163320901966,0.36310387787500503,0.19230293879623006,0.22932321937947825,llama-2-7b,llama-3.1-8b,0.00027586078237918504,0.00390625
decoders,linear,without_depth,9,0.3049490127070526,0.3491375731112301,9,0,0.06807095876255889,0.4397156040040302,0.28810318879493035,0.3345587694501143,llama-2-7b,llama-3.1-8b,0.0002627139182617061,0.00390625
decoders,quadratic,without_depth,9,0.2119227966986952,0.21221509492770194,9,0,0.06728092889277748,0.3633843874736899,0.19299009785182086,0.23000303017443494,llama-2-7b,llama-3.1-8b,0.00026921659991191866,0.00390625
decoders,linear,without_determined,9,0.3049640927290184,0.3490306695385778,9,0,0.06795685349263653,0.4398127979905597,0.2881080045713258,0.33458999763356617,llama-2-7b,llama-3.1-8b,0.0002630899282674,0.00390625
decoders,quadratic,without_determined,9,0.2118276557349077,0.2114500552456554,9,0,0.06709489579428995,0.36359628826027973,0.19285657666923622,0.22991925072748493,llama-2-7b,llama-3.1-8b,0.000272471129224827,0.00390625
decoders,linear,without_die,9,0.3045919389339587,0.3486669434491925,9,0,0.06756257500577514,0.4394564850361725,0.28773387067118195,0.33422060942498166,llama-2-7b,llama-3.1-8b,0.00026559981882047723,0.00390625
decoders,quadratic,without_die,9,0.2111435296494653,0.21066404644967554,9,0,0.066663487128043,0.3629599264769857,0.19216648004602527,0.2292035349646431,llama-2-7b,llama-3.1-8b,0.0002775684089377638,0.00390625
decoders,linear,without_director,9,0.3046899730515357,0.34894573876286655,9,0,0.06765882423412693,0.43942337366371126,0.28784829797501377,0.33431886665371185,llama-2-7b,llama-3.1-8b,0.00026604788702818343,0.00390625
decoders,quadratic,without_director,9,0.2112773967141475,0.2112940707516246,9,0,0.06674399712796207,0.36290709980283054,0.19232368382806211,0.22934407166242066,llama-2-7b,llama-3.1-8b,0.0002766705551772881,0.00390625
decoders,linear,without_dollars,9,0.3055700745670038,0.3495452383242337,9,0,0.06842759011083628,0.44091295401011305,0.2886522146366151,0.3352128851240247,llama-2-7b,llama-3.1-8b,0.00026134809947479207,0.00390625
decoders,quadratic,without_dollars,9,0.2121491634809044,0.21153060878345517,9,0,0.06760258346893272,0.3642522025638636,0.19313628359553447,0.23021748598240083,llama-2-7b,llama-3.1-8b,0.0002712043049061263,0.00390625
decoders,linear,without_doubt,9,0.30468240623657095,0.3488749449657816,9,0,0.06798170282078259,0.43937794905076205,0.2878454633847971,0.3342699941635445,llama-2-7b,llama-3.1-8b,0.00026376891141769555,0.00390625
decoders,quadratic,without_doubt,9,0.2112257278689896,0.21084060908069377,9,0,0.06707498285458564,0.36287106578519207,0.19227006062946428,0.22924457099579007,llama-2-7b,llama-3.1-8b,0.0002740225839277068,0.00390625
decoders,linear,without_dress,9,0.3045041816497711,0.34864010255813827,9,0,0.06754444453632943,0.439336509737568,0.28765014063879657,0.33412414878895136,llama-2-7b,llama-3.1-8b,0.00026637115511453786,0.00390625
decoders,quadratic,without_dress,9,0.2110554883780956,0.2107224935789906,9,0,0.0666448912670082,0.3628142372734256,0.19208564476617934,0.2291068130169815,llama-2-7b,llama-3.1-8b,0.00027813431824321913,0.00390625
decoders,linear,without_dry,9,0.30479729802647987,0.34883145380220343,9,0,0.06794034700818309,0.43968468429430113,0.28793637474300215,0.33440441690376693,llama-2-7b,llama-3.1-8b,0.00026355418184625305,0.00390625
decoders,quadratic,without_dry,9,0.21145729524437284,0.21091964529195506,9,0,0.0670781466674354,0.36332945116533516,0.1924732757542526,0.22950468881649005,llama-2-7b,llama-3.1-8b,0.0002744028304151599,0.00390625
decoders,linear,without_east,9,0.3047795512281113,0.3489789035773351,9,0,0.06746639403489625,0.43970344029024433,0.2879140650953447,0.3344436958772632,llama-2-7b,llama-3.1-8b,0.0002665282180170547,0.00390625
decoders,quadratic,without_east,9,0.21142070074799252,0.2110056297095757,9,0,0.0665711511033533,0.36333801455985,0.19243103652151033,0.22952689445357244,llama-2-7b,llama-3.1-8b,0.00027779160000822165,0.00390625
decoders,linear,without_enforced,9,0.3054417007671484,0.34957213468214166,9,0,0.0675321574538385,0.4409340726506153,0.28850515428171497,0.335180393681312,llama-2-7b,llama-3.1-8b,0.0002669501617694528,0.00390625
decoders,quadratic,without_enforced,9,0.21198552400098292,0.21154825391010162,9,0,0.06659882606228093,0.36428264810742544,0.1929483834876776,0.23015886124332066,llama-2-7b,llama-3.1-8b,0.00027813078670941926,0.00390625
decoders,linear,without_enjoyed,9,0.30503946600106646,0.34906686031495215,9,0,0.06833574455049607,0.4397791151649512,0.28819700985558083,0.3346274311823877,llama-2-7b,llama-3.1-8b,0.0002608251002643646,0.00390625
decoders,quadratic,without_enjoyed,9,0.21186594809168446,0.21149506943610688,9,0,0.06750711501269308,0.3635543207566223,0.19290490150856726,0.2299108022265584,llama-2-7b,llama-3.1-8b,0.00027022816023941995,0.00390625
decoders,linear,without_entitled,9,0.3049809853963279,0.3490393960617982,9,0,0.06817865245871733,0.4400368683195201,0.2880990000309288,0.33458127701352913,llama-2-7b,llama-3.1-8b,0.00026228272093212256,0.00390625
decoders,quadratic,without_entitled,9,0.21155656506017112,0.2110047991927334,9,0,0.06729155844448163,0.3635356998327367,0.19255917321360042,0.2295896908871323,llama-2-7b,llama-3.1-8b,0.0002731904826119285,0.00390625
decoders,linear,without_equal,9,0.3045920204425085,0.34886763943150745,9,0,0.06751028874107373,0.43938545772382326,0.2877428407823442,0.33422723690518785,llama-2-7b,llama-3.1-8b,0.00026657475737811975,0.00390625
decoders,quadratic,without_equal,9,0.21114085029462576,0.2108814685018992,9,0,0.06661858860503914,0.3628746385784489,0.19217412675914786,0.2292061330058241,llama-2-7b,llama-3.1-8b,0.0002776009016255932,0.00390625
decoders,linear,without_estimate,9,0.3050886920535475,0.3493747523792959,9,0,0.06819858546017846,0.43982850865168105,0.2882462149787808,0.33469995537771857,llama-2-7b,llama-3.1-8b,0.0002625516286949814,0.00390625
decoders,quadratic,without_estimate,9,0.2115308663098278,0.21097833300788782,9,0,0.06733784822538771,0.3633086594480473,0.1925586421675503,0.22955499357038278,llama-2-7b,llama-3.1-8b,0.00027313241265862996,0.00390625
decoders,linear,without_exercise,9,0.3046570642061357,0.3488733453979673,9,0,0.06779805904122413,0.4394033081836744,0.2878137837089434,0.3342644398517497,llama-2-7b,llama-3.1-8b,0.0002645882661730374,0.00390625
decoders,quadratic,without_exercise,9,0.21124076308659026,0.21083535982621487,9,0,0.06689834302831968,0.3628851042882545,0.19228522043638221,0.22928356559387408,llama-2-7b,llama-3.1-8b,0.0002753415145450482,0.00390625
decoders,linear,without_experiment,9,0.30469592282769004,0.34879830860117267,9,0,0.06785039968625242,0.4395139295683248,0.2878436719851107,0.3343016132203697,llama-2-7b,llama-3.1-8b,0.00026432987333730915,0.00390625
decoders,quadratic,without_experiment,9,0.21128263321249763,0.21092889011597526,9,0,0.06696576507755445,0.36304528833348515,0.1923123013223742,0.22932224172936555,llama-2-7b,llama-3.1-8b,0.00027525396850693143,0.00390625
decoders,linear,without_explanation,9,0.30472512079393543,0.349022879092727,9,0,0.06727355676022423,0.4395118522007122,0.2878767793680883,0.3344065662981493,llama-2-7b,llama-3.1-8b,0.00026753433304082803,0.00390625
decoders,quadratic,without_explanation,9,0.21135911058842724,0.21156233883102266,9,0,0.06638032376799002,0.36297613026294734,0.1924069831291122,0.22948145894098188,llama-2-7b,llama-3.1-8b,0.0002779372921918517,0.00390625
decoders,linear,without_extremely,9,0.3052562675932886,0.3495046879568186,9,0,0.06757967435656191,0.4406398343113502,0.2883333217535308,0.33496584174787936,llama-2-7b,llama-3.1-8b,0.00026630310605078736,0.00390625
decoders,quadratic,without_extremely,9,0.21172286549282138,0.21137104468240145,9,0,0.06668953714523104,0.36422490812007025,0.19266011016441525,0.22985203153627015,llama-2-7b,llama-3.1-8b,0.00027969028471848016,0.00390625
decoders,linear,without_favor,9,0.30474696804974066,0.34898242933667617,9,0,0.06800035671117205,0.4393853184798117,0.28791717424598173,0.3343402944670617,llama-2-7b,llama-3.1-8b,0.0002628551211460008,0.00390625
decoders,quadratic,without_favor,9,0.21131626011832477,0.21082509607546898,9,0,0.06711327814059344,0.362874336549833,0.1923715005643862,0.22934163286554116,llama-2-7b,llama-3.1-8b,0.0002729111752155002,0.00390625
decoders,linear,without_fire,9,0.30464110173227493,0.3488302574023752,9,0,0.06752724600258925,0.43947760757077925,0.2877865385024619,0.33428033369848564,llama-2-7b,llama-3.1-8b,0.0002659423607323244,0.00390625
decoders,quadratic,without_fire,9,0.21123329402484717,0.21096311787816616,9,0,0.06663786520029986,0.3630012619374782,0.19226229803576828,0.22930772262791557,llama-2-7b,llama-3.1-8b,0.00027706149823247963,0.00390625
decoders,linear,without_fit,9,0.3049499868945771,0.34920868378502956,9,0,0.06810797419675182,0.4397923025321159,0.28809469743988475,0.33455523848180524,llama-2-7b,llama-3.1-8b,0.0002623064108637787,0.00390625
decoders,quadratic,without_fit,9,0.21173429777948813,0.2118023037772574,9,0,0.06726622153732818,0.36354005577518483,0.19275857803002602,0.2297928073097581,llama-2-7b,llama-3.1-8b,0.00027086151007973795,0.00390625
decoders,linear,without_fool,9,0.30475659318061055,0.3488344310460424,9,0,0.06734526636340857,0.4398329053130474,0.2878720541640559,0.3344330090327608,llama-2-7b,llama-3.1-8b,0.0002666197043313521,0.00390625
decoders,quadratic,without_fool,9,0.211361005957279,0.21101384215120939,9,0,0.0664558588833645,0.3633129294876395,0.19236701551598395,0.22947414934151833,llama-2-7b,llama-3.1-8b,0.0002780887137709182,0.00390625
decoders,linear,without_forward,9,0.3049102880508812,0.3494123453261436,9,0,0.067711421996348,0.4397049540719029,0.2880609547982535,0.33456014630769787,llama-2-7b,llama-3.1-8b,0.0002642651789796241,0.00390625
decoders,quadratic,without_forward,9,0.2113662258929316,0.21074077772039718,9,0,0.06680197296957674,0.36321470128296585,0.1923851664691773,0.22943675750835096,llama-2-7b,llama-3.1-8b,0.00027640425041879015,0.00390625
decoders,linear,without_french,9,0.3051294190643045,0.3494712973178474,9,0,0.06844494614183846,0.43972701674072573,0.2883047193547519,0.3347149781796128,llama-2-7b,llama-3.1-8b,0.00026014274786421835,0.00390625
decoders,quadratic,without_french,9,0.2117192101014033,0.2112844434343499,9,0,0.0675607425095078,0.3632909143347329,0.1927727470722371,0.22973901855039025,llama-2-7b,llama-3.1-8b,0.0002692473389020431,0.00390625
decoders,linear,without_gained,9,0.3055858954997837,0.3501390120719384,9,0,0.06783646233986802,0.4405460171595921,0.2887158802923077,0.3353045746447732,llama-2-7b,llama-3.1-8b,0.0002654028027356441,0.00390625
decoders,quadratic,without_gained,9,0.21193610656954628,0.2117445218524884,9,0,0.06691484991238965,0.36389869765012256,0.19294078268447423,0.23006376365169084,llama-2-7b,llama-3.1-8b,0.0002760097328597994,0.00390625
decoders,linear,without_gathered,9,0.304709813992005,0.3488010949220459,9,0,0.06784075632179773,0.43961144067570984,0.2878471106565419,0.3343184462007809,llama-2-7b,llama-3.1-8b,0.00026432552252334923,0.00390625
decoders,quadratic,without_gathered,9,0.2113062567947913,0.21099625739013228,9,0,0.06696009779056472,0.3631610734686462,0.1923244047105594,0.2293495266703196,llama-2-7b,llama-3.1-8b,0.00027562306943410496,0.00390625
decoders,linear,without_glance,9,0.30481392699815285,0.34902006296419513,9,0,0.06807801719744914,0.4396312246688997,0.28796176478930946,0.33440591572324074,llama-2-7b,llama-3.1-8b,0.0002633056399775619,0.00390625
decoders,quadratic,without_glance,9,0.2113101886144943,0.21089922329944905,9,0,0.06720467217589923,0.36301209999161116,0.19234744969235468,0.2293233781693187,llama-2-7b,llama-3.1-8b,0.0002736819463804428,0.00390625
decoders,linear,without_handled,9,0.30522680337797187,0.3494224091563931,9,0,0.06828206975152534,0.44023466700521124,0.288350820424567,0.33484489508127774,llama-2-7b,llama-3.1-8b,0.0002622107334828426,0.00390625
decoders,quadratic,without_handled,9,0.21157121677013213,0.21074954586133493,9,0,0.06740651949581726,0.3635315145897934,0.19257617954267453,0.22959180392942152,llama-2-7b,llama-3.1-8b,0.00027293103974730036,0.00390625
decoders,linear,without_heavy,9,0.3051550915625228,0.349350792284292,9,0,0.06830611395176713,0.4397892910351964,0.2883258166284386,0.33476121376386725,llama-2-7b,llama-3.1-8b,0.000260726179276635,0.00390625
decoders,quadratic,without_heavy,9,0.2117517932124538,0.21175060681310573,9,0,0.06744292121964802,0.3632871282545441,0.19280987633219254,0.22979040221155456,llama-2-7b,llama-3.1-8b,0.00026943801601462863,0.00390625
decoders,linear,without_hesitated,9,0.3054840512069424,0.3498011644783846,9,0,0.0678670903183383,0.44070868336716884,0.28858097218691414,0.3351861713180179,llama-2-7b,llama-3.1-8b,0.00026423167275547137,0.00390625
decoders,quadratic,without_hesitated,9,0.21196668706069807,0.211615113864071,9,0,0.06698708386554876,0.36405782364529776,0.19295529498762312,0.23008913746009174,llama-2-7b,llama-3.1-8b,0.0002757278230463155,0.00390625
decoders,linear,without_hope,9,0.3047334372656274,0.34918674837859337,9,0,0.06747227329401771,0.4396594754413265,0.287867682493665,0.33439108276207863,llama-2-7b,llama-3.1-8b,0.0002666519049893586,0.00390625
decoders,quadratic,without_hope,9,0.21132501467047715,0.21165400696301273,9,0,0.0665718229862314,0.36320780713608347,0.19233966561227636,0.22941916363100787,llama-2-7b,llama-3.1-8b,0.000277481999601546,0.00390625
decoders,linear,without_humor,9,0.30472509024322614,0.3488958273358274,9,0,0.0675273848756602,0.4395185321256646,0.28787591000792134,0.33437480341417186,llama-2-7b,llama-3.1-8b,0.0002659564369455137,0.00390625
decoders,quadratic,without_humor,9,0.21137099546512592,0.211038819829724,9,0,0.06662103258171505,0.3630427885777306,0.19241202132605034,0.2294647408255523,llama-2-7b,llama-3.1-8b,0.00027702982502791614,0.00390625
decoders,linear,without_ignored,9,0.30497198699583516,0.34955256412543356,9,0,0.06740851503044332,0.4398482569346705,0.28811245325348067,0.33466742099150903,llama-2-7b,llama-3.1-8b,0.00026723724165972096,0.00390625
decoders,quadratic,without_ignored,9,0.21159276164411198,0.2115474588477686,9,0,0.06645248828175924,0.36352725567014776,0.19260094989085752,0.22973529581440608,llama-2-7b,llama-3.1-8b,0.00027819555081348197,0.00390625
decoders,linear,without_imagination,9,0.30534569051745486,0.34975713872656977,9,0,0.06783644697929032,0.440433977019176,0.2884596547047398,0.3350343459597255,llama-2-7b,llama-3.1-8b,0.00026696051300634596,0.00390625
decoders,quadratic,without_imagination,9,0.21162825769696603,0.2112988476760261,9,0,0.06694262322152628,0.3637735916297077,0.1926100909553733,0.22971396200639596,llama-2-7b,llama-3.1-8b,0.0002783308397324989,0.00390625
decoders,linear,without_impact,9,0.3050421779671388,0.3492090176150173,9,0,0.06766503875540886,0.4401658280741758,0.28815172170375913,0.334714320368605,llama-2-7b,llama-3.1-8b,0.0002650626981214974,0.00390625
decoders,quadratic,without_impact,9,0.21178974339869594,0.2117541362958347,9,0,0.06671118583126803,0.36367436589803875,0.1928041655862781,0.22992456309462445,llama-2-7b,llama-3.1-8b,0.0002761504387168046,0.00390625
decoders,linear,without_incident,9,0.3048984188942861,0.34907620818571833,9,0,0.06806184442224468,0.43969394654409466,0.28804897793806,0.33450299070329126,llama-2-7b,llama-3.1-8b,0.0002624702804967934,0.00390625
decoders,quadratic,without_incident,9,0.21159418138429775,0.21128814588694214,9,0,0.06720972266507283,0.3632859027501443,0.19263271621356692,0.22964223872420086,llama-2-7b,llama-3.1-8b,0.00027166987846143217,0.00390625
decoders,linear,without_included,9,0.3050909999730752,0.3493940956389376,9,0,0.06816398651046501,0.4396888120590939,0.2882662734623229,0.3347068766559015,llama-2-7b,llama-3.1-8b,0.0002619519141641266,0.00390625
decoders,quadratic,without_included,9,0.21152685867988572,0.21097731512649373,9,0,0.06728303663715529,0.36311700388714685,0.19257809052897806,0.229557336435227,llama-2-7b,llama-3.1-8b,0.0002722082918759534,0.00390625
decoders,linear,without_indicated,9,0.30502549263725043,0.3490648870026038,9,0,0.06820029614934502,0.43980323465137944,0.2881782748854843,0.3346286421982386,llama-2-7b,llama-3.1-8b,0.0002620718690993874,0.00390625
decoders,quadratic,without_indicated,9,0.21194908272149993,0.21179309772094404,9,0,0.06745593794838027,0.363516426021747,0.19300316480896906,0.2300107258181399,llama-2-7b,llama-3.1-8b,0.00026971365318758403,0.00390625
decoders,linear,without_instant,9,0.30464633392233553,0.3488511559637099,9,0,0.06765427093174417,0.43938432832674,0.287804084621785,0.33427034179615944,llama-2-7b,llama-3.1-8b,0.00026532630626032133,0.00390625
decoders,quadratic,without_instant,9,0.21121275148435528,0.21126375849286186,9,0,0.06670950844845379,0.36278007390260764,0.19226683618207374,0.22927565686384296,llama-2-7b,llama-3.1-8b,0.0002761970405344573,0.00390625
decoders,linear,without_instructed,9,0.30511434027586365,0.34946095938147065,9,0,0.0678555990988248,0.43999146055824,0.28825470024056654,0.3347716829229934,llama-2-7b,llama-3.1-8b,0.0002635055881221461,0.00390625
decoders,quadratic,without_instructed,9,0.21201051937360638,0.21212451922286776,9,0,0.06691869890721015,0.3638607363622592,0.19302924225002477,0.2301469969319059,llama-2-7b,llama-3.1-8b,0.00027289776358861543,0.00390625
decoders,linear,without_justify,9,0.3049787318756677,0.3492384747733218,9,0,0.06807390869049791,0.4396338055227947,0.2881468476697768,0.3345918347738139,llama-2-7b,llama-3.1-8b,0.0002620634790174058,0.00390625
decoders,quadratic,without_justify,9,0.21175857857860536,0.21156192027572046,9,0,0.06724756948614857,0.36322583310722734,0.19282517176252761,0.22982245471516247,llama-2-7b,llama-3.1-8b,0.00026975052316002807,0.00390625
decoders,linear,without_laid,9,0.30528022829003415,0.34961667101905214,9,0,0.06815800360620114,0.43992764226995407,0.28844930154254417,0.3349205063755133,llama-2-7b,llama-3.1-8b,0.0002624157417790054,0.00390625
decoders,quadratic,without_laid,9,0.2121536536133587,0.2121251627562562,9,0,0.0673419789200488,0.3635866167650489,0.19322453321939742,0.23025511295002243,llama-2-7b,llama-3.1-8b,0.00027067224415526736,0.00390625
decoders,linear,without_leadership,9,0.30492856367305693,0.34912683196772826,9,0,0.0680797443852134,0.43998467786743695,0.28804654939875945,0.33453466608403737,llama-2-7b,llama-3.1-8b,0.0002628789448847403,0.00390625
decoders,quadratic,without_leadership,9,0.21141790242173136,0.2108875339091816,9,0,0.06718992090282007,0.363258701937081,0.19243780248231263,0.22944640011159526,llama-2-7b,llama-3.1-8b,0.0002733840011407722,0.00390625
decoders,linear,without_lifted,9,0.30537014432353193,0.3500285567793164,9,0,0.06751240238454621,0.4404906542981819,0.2884800805767007,0.33510236206590516,llama-2-7b,llama-3.1-8b,0.0002675669301891434,0.00390625
decoders,quadratic,without_lifted,9,0.21178555112495745,0.21171791227533668,9,0,0.06662170914323003,0.36397397466464476,0.19276199818249656,0.2299310313726734,llama-2-7b,llama-3.1-8b,0.00027815144523380894,0.00390625
decoders,linear,without_limit,9,0.30453955480825834,0.34890087565180133,9,0,0.06755094778749933,0.4393380391981839,0.28768974425951754,0.3341631306858531,llama-2-7b,llama-3.1-8b,0.00026620698178384097,0.00390625
decoders,quadratic,without_limit,9,0.21107048073371162,0.2106709361947377,9,0,0.06666549490964595,0.3628153770781156,0.1921023686906611,0.22912110396171984,llama-2-7b,llama-3.1-8b,0.00027776899158164705,0.00390625
decoders,linear,without_listen,9,0.30526105224724287,0.3495011843132627,9,0,0.0678607480613663,0.44028423036403846,0.2883831549826434,0.33493609027047744,llama-2-7b,llama-3.1-8b,0.00026428496709539443,0.00390625
decoders,quadratic,without_listen,9,0.21152475259061923,0.21098038445924178,9,0,0.0668632084475488,0.3636417972797542,0.19251012200447734,0.22960744560850302,llama-2-7b,llama-3.1-8b,0.00027533372522911017,0.00390625
decoders,linear,without_literature,9,0.3050501567770496,0.3492809140748846,9,0,0.06753990711992112,0.4399913998885203,0.28818250138811574,0.33473893798419063,llama-2-7b,llama-3.1-8b,0.0002663178978795923,0.00390625
decoders,quadratic,without_literature,9,0.211725063803323,0.21173073141808518,9,0,0.06654849269824893,0.36367054450942193,0.19273187871506064,0.22987213519145727,llama-2-7b,llama-3.1-8b,0.0002782103664068935,0.00390625
decoders,linear,without_love,9,0.30483397458037426,0.34932388489328764,9,0,0.06795594655002284,0.4397094717873109,0.2879745374295071,0.3344437280841681,llama-2-7b,llama-3.1-8b,0.00026369656057446717,0.00390625
decoders,quadratic,without_love,9,0.21131449524239942,0.21082244654271046,9,0,0.06705378620060647,0.3631603011342499,0.19233376950591807,0.22934708387262354,llama-2-7b,llama-3.1-8b,0.000274926242000298,0.00390625
decoders,linear,without_maintain,9,0.30476196444898956,0.3487823820440507,9,0,0.06830100147545658,0.4394329590835286,0.2879280901196722,0.3343195848206812,llama-2-7b,llama-3.1-8b,0.00026179304940604205,0.00390625
decoders,quadratic,without_maintain,9,0.21132492420138752,0.21085412725511063,9,0,0.06745980136423232,0.3627796328340451,0.1923930856223053,0.22930806455603192,llama-2-7b,llama-3.1-8b,0.00027055064159459363,0.00390625
decoders,linear,without_market,9,0.30535857662310184,0.3498519662884303,9,0,0.06832683093847629,0.4403468107237328,0.28848504736052294,0.33498754483368,llama-2-7b,llama-3.1-8b,0.00026180404779880444,0.00390625
decoders,quadratic,without_market,9,0.21226945269672814,0.2122904129653075,9,0,0.06771786944950721,0.3644530284357275,0.1932465057293532,0.23033840060263078,llama-2-7b,llama-3.1-8b,0.00027035642117208134,0.00390625
decoders,linear,without_measured,9,0.30465247548485597,0.34904820212591553,9,0,0.06727969001524982,0.43957513541213594,0.287787142993946,0.33432407366855676,llama-2-7b,llama-3.1-8b,0.0002677136793796492,0.00390625
decoders,quadratic,without_measured,9,0.21126051349421632,0.2112386739068903,9,0,0.06637230927519873,0.3629818580032397,0.19229534543058838,0.2293715390215935,llama-2-7b,llama-3.1-8b,0.00027888742999104,0.00390625
decoders,linear,without_message,9,0.30549785741446733,0.3499426538469776,9,0,0.06819998908610185,0.4404243368339395,0.28863204748703336,0.3351600909555131,llama-2-7b,llama-3.1-8b,0.0002639993577275855,0.00390625
decoders,quadratic,without_message,9,0.21208933019897713,0.21211590363038987,9,0,0.06733711634020487,0.36399171467626634,0.19310153213931594,0.23018335693132363,llama-2-7b,llama-3.1-8b,0.00027305078832576756,0.00390625
decoders,linear,without_moved,9,0.3051912243085546,0.34966875145408643,9,0,0.06757549484418283,0.4404692728578321,0.2882814682398949,0.3348931904916011,llama-2-7b,llama-3.1-8b,0.00026564125321537445,0.00390625
decoders,quadratic,without_moved,9,0.21175551310880106,0.21176443821711213,9,0,0.06668980274615183,0.3638109617928506,0.19274858202329487,0.22988872690413223,llama-2-7b,llama-3.1-8b,0.00027581059296797635,0.00390625
decoders,linear,without_opened,9,0.3049429075681921,0.34914895344094277,9,0,0.06794196962461717,0.43972610400047474,0.2880950080141568,0.334568024811139,llama-2-7b,llama-3.1-8b,0.00026335283140260747,0.00390625
decoders,quadratic,without_opened,9,0.21183815732269304,0.21201705615839675,9,0,0.06708889467173501,0.36341253045796246,0.19289136068078436,0.2299318151540628,llama-2-7b,llama-3.1-8b,0.0002712903569048213,0.00390625
decoders,linear,without_painting,9,0.30513071925588026,0.3490291872980035,9,0,0.06853644527526603,0.43980525489539657,0.2882964023009408,0.3347050035034571,llama-2-7b,llama-3.1-8b,0.0002605124481276474,0.00390625
decoders,quadratic,without_painting,9,0.21196391189022137,0.21128749593104232,9,0,0.06786100611709132,0.3635695577519809,0.19301320615750142,0.22997677511186262,llama-2-7b,llama-3.1-8b,0.00026779267305973976,0.00390625
decoders,linear,without_percentage,9,0.3048521883982239,0.34920376180212753,9,0,0.06764669010058358,0.4396115769722088,0.2880072648264759,0.334502875685429,llama-2-7b,llama-3.1-8b,0.00026577237984140096,0.00390625
decoders,quadratic,without_percentage,9,0.21173807228378225,0.21196071121161755,9,0,0.06670566264268714,0.3632035866463114,0.19280488298846613,0.22986712348891916,llama-2-7b,llama-3.1-8b,0.0002752497242905916,0.00390625
decoders,linear,without_perform,9,0.3049081971980083,0.3491560942330452,9,0,0.06812508880589889,0.4395972697786533,0.28807206312542766,0.33450608574702195,llama-2-7b,llama-3.1-8b,0.00026231731903328105,0.00390625
decoders,quadratic,without_perform,9,0.2115782973406596,0.21129947277870978,9,0,0.06724014221184971,0.3631736314722138,0.19262888057421532,0.22962056673176084,llama-2-7b,llama-3.1-8b,0.00027155691044330495,0.00390625
decoders,linear,without_play,9,0.30493088137233193,0.3491831345319417,9,0,0.06810713043920018,0.4396781951108315,0.28808746715501954,0.3345338502389734,llama-2-7b,llama-3.1-8b,0.00026243801988384683,0.00390625
decoders,quadratic,without_play,9,0.21150302678736432,0.21118882916601564,9,0,0.06722027250899637,0.36320221494614335,0.19254062826751694,0.2295383710721603,llama-2-7b,llama-3.1-8b,0.0002722822410686702,0.00390625
decoders,linear,without_please,9,0.3047159480291099,0.3490661094227855,9,0,0.0678165640229895,0.4395805967303584,0.2878578669414538,0.3343283710298749,llama-2-7b,llama-3.1-8b,0.0002646584388673602,0.00390625
decoders,quadratic,without_please,9,0.21127038943755702,0.21101856249921142,9,0,0.06691981537094152,0.36303225137897155,0.1923001566948802,0.22931421119588397,llama-2-7b,llama-3.1-8b,0.00027533723381238906,0.00390625
decoders,linear,without_produced,9,0.30537933630695546,0.34976449877965266,9,0,0.06776663015492564,0.4405978402714635,0.2884770233113919,0.33508092457595917,llama-2-7b,llama-3.1-8b,0.00026677935018885695,0.00390625
decoders,quadratic,without_produced,9,0.21170748189197258,0.21160239206469475,9,0,0.06687325788683574,0.363624255018311,0.1927178852511803,0.2298117598926147,llama-2-7b,llama-3.1-8b,0.0002762653555225255,0.00390625
decoders,linear,without_quiet,9,0.3051798094760003,0.3495144129966613,9,0,0.06849717672482039,0.4402133110043727,0.28830062178495375,0.33476513856989776,llama-2-7b,llama-3.1-8b,0.00026079706668601934,0.00390625
decoders,quadratic,without_quiet,9,0.21161076020705108,0.2110459515248775,9,0,0.0677001919927046,0.36354977056543053,0.19261838391225367,0.2295995812338444,llama-2-7b,llama-3.1-8b,0.00027080670219578834,0.00390625
decoders,linear,without_radio,9,0.30500229781837995,0.3492604985197612,9,0,0.06804516435055064,0.43978936796604834,0.2881539140499214,0.33462193950185865,llama-2-7b,llama-3.1-8b,0.00026279544278734555,0.00390625
decoders,quadratic,without_radio,9,0.21165618183022272,0.21134249348702197,9,0,0.06717216847348709,0.36333220695093416,0.19269667869013377,0.22971668349981467,llama-2-7b,llama-3.1-8b,0.0002727021220211069,0.00390625
decoders,linear,without_reflected,9,0.30487417835642755,0.34927480341268635,9,0,0.06809285742826537,0.43955792827585993,0.2880387096164985,0.33447184347244785,llama-2-7b,llama-3.1-8b,0.0002628682622767195,0.00390625
decoders,quadratic,without_reflected,9,0.2115344895442261,0.21144354204032764,9,0,0.06722166258143478,0.363108976848531,0.192587678631188,0.22957359291457502,llama-2-7b,llama-3.1-8b,0.0002721365047102676,0.00390625
decoders,linear,without_relief,9,0.3052413193264569,0.34944569739424763,9,0,0.06784616054408699,0.4405164101557879,0.2883319329727905,0.3349157141742531,llama-2-7b,llama-3.1-8b,0.0002647808223494637,0.00390625
decoders,quadratic,without_relief,9,0.21184641491208386,0.212088525852638,9,0,0.06692750954105291,0.3636361754422508,0.192872694845813,0.22996127808346273,llama-2-7b,llama-3.1-8b,0.000274607209164673,0.00390625
decoders,linear,without_reminded,9,0.304853955703444,0.34894923471406764,9,0,0.06803790555036272,0.4395796141126284,0.288013248402296,0.3344559619725792,llama-2-7b,llama-3.1-8b,0.00026259363554800424,0.00390625
decoders,quadratic,without_reminded,9,0.2115555172818884,0.2111968718703968,9,0,0.06728862231218716,0.36315306887822835,0.19260582333234588,0.22958887915310106,llama-2-7b,llama-3.1-8b,0.00027102430551563875,0.00390625
decoders,linear,without_rendered,9,0.3050342981732123,0.34934790698341456,9,0,0.06795458538481891,0.44005684103922865,0.2881564803149603,0.3346692622717615,llama-2-7b,llama-3.1-8b,0.0002633618117670563,0.00390625
decoders,quadratic,without_rendered,9,0.21190363174925594,0.2118721769069232,9,0,0.06711166278045896,0.3641724317359542,0.19287003175091869,0.23000262787035558,llama-2-7b,llama-3.1-8b,0.0002734869666670983,0.00390625
decoders,linear,without_require,9,0.3047937188837768,0.34885934997849566,9,0,0.06788181462354345,0.439647517162311,0.2879369940989601,0.33440770691630606,llama-2-7b,llama-3.1-8b,0.0002638073570144561,0.00390625
decoders,quadratic,without_require,9,0.21145772034133334,0.21107042219034672,9,0,0.06700498744705762,0.3632489105167175,0.1924838215694103,0.22951431195311778,llama-2-7b,llama-3.1-8b,0.0002745890945523475,0.00390625
decoders,linear,without_return,9,0.30463724806913034,0.34879755760370423,9,0,0.0677109808648751,0.4393599683074661,0.28779690803933833,0.33425303146966223,llama-2-7b,llama-3.1-8b,0.00026488401774572254,0.00390625
decoders,quadratic,without_return,9,0.2111935141414879,0.21085185157762912,9,0,0.06681109905175064,0.36283271538958484,0.19223861398547576,0.22924131602770503,llama-2-7b,llama-3.1-8b,0.0002758225641986146,0.00390625
decoders,linear,without_revealed,9,0.305602968853399,0.3499349879407192,9,0,0.06821745030927,0.4405167242919363,0.28873874942358185,0.33527615867141514,llama-2-7b,llama-3.1-8b,0.0002631925553212751,0.00390625
decoders,quadratic,without_revealed,9,0.2119529721124915,0.21161629380419353,9,0,0.06737084727083525,0.36394634353147903,0.19295380068511808,0.23002573771769858,llama-2-7b,llama-3.1-8b,0.0002730930165818443,0.00390625
decoders,linear,without_rose,9,0.30479233773485154,0.3491676252831455,9,0,0.06767087170921994,0.43959562047530165,0.2879419273922953,0.3344325209880555,llama-2-7b,llama-3.1-8b,0.0002653800282761104,0.00390625
decoders,quadratic,without_rose,9,0.21131442614581056,0.21107928963513684,9,0,0.06673579622133063,0.3630490903866031,0.19234759311571148,0.22938675488637056,llama-2-7b,llama-3.1-8b,0.0002765828874474844,0.00390625
decoders,linear,without_role,9,0.3048362280499479,0.348925530724586,9,0,0.06802627186673767,0.43964195178341786,0.28798551258326416,0.33443747257284917,llama-2-7b,llama-3.1-8b,0.0002630211928805639,0.00390625
decoders,quadratic,without_role,9,0.21153012459108744,0.21137373339613724,9,0,0.06722577569395807,0.3631350708303725,0.19257950631117682,0.22956816820322862,llama-2-7b,llama-3.1-8b,0.0002711903071773252,0.00390625
decoders,linear,without_rolled,9,0.30506813087517953,0.3494921328913191,9,0,0.06797313199813676,0.4400320805911328,0.2881976371606854,0.33470500573480994,llama-2-7b,llama-3.1-8b,0.00026508427317419866,0.00390625
decoders,quadratic,without_rolled,9,0.21166830219957894,0.21142342770991696,9,0,0.06706429603697135,0.36359788826671796,0.1926771039411866,0.2297438029699049,llama-2-7b,llama-3.1-8b,0.00027607318909584087,0.00390625
decoders,linear,without_satisfy,9,0.3053135813409123,0.34945918949719257,9,0,0.06797428389853007,0.44051091134979564,0.2884139150898019,0.33498099352121014,llama-2-7b,llama-3.1-8b,0.00026500198171771304,0.00390625
decoders,quadratic,without_satisfy,9,0.21166571166818138,0.21094289219767015,9,0,0.06706960572133111,0.36381723231822893,0.19264677158692545,0.22974022491153767,llama-2-7b,llama-3.1-8b,0.0002757109061573584,0.00390625
decoders,linear,without_sensitive,9,0.30486747044701806,0.34922725432105484,9,0,0.0681431926001,0.43973639212954935,0.2880088552367016,0.33445800517788277,llama-2-7b,llama-3.1-8b,0.00026273020998732785,0.00390625
decoders,quadratic,without_sensitive,9,0.2115021791076776,0.21145829762201507,9,0,0.0672585085476651,0.3632857142730085,0.19252923721201123,0.22953263792767914,llama-2-7b,llama-3.1-8b,0.00027244293458975017,0.00390625
decoders,linear,without_service,9,0.3046132150465996,0.34885017573777005,9,0,0.06785234135276207,0.43931206666950806,0.287775858593736,0.33420832425832925,llama-2-7b,llama-3.1-8b,0.0002642658838715033,0.00390625
decoders,quadratic,without_service,9,0.21115160547119827,0.21074761617567705,9,0,0.06695393312506213,0.36277842963677676,0.19219825245050096,0.2291763145144653,llama-2-7b,llama-3.1-8b,0.00027477484153496924,0.00390625
decoders,linear,without_share,9,0.3047408571693201,0.34883733468867034,9,0,0.0680450748651375,0.43961413221919526,0.2878816977880857,0.3343278299573429,llama-2-7b,llama-3.1-8b,0.00026301207920107573,0.00390625
decoders,quadratic,without_share,9,0.2113099482263868,0.21072738744207942,9,0,0.06715677350918839,0.36312880983175755,0.19233259052571544,0.2293290950660366,llama-2-7b,llama-3.1-8b,0.00027395977178042613,0.00390625
decoders,linear,without_significance,9,0.3048665469524389,0.3493951723924083,9,0,0.06724739774829226,0.4397215162887685,0.28800967578539777,0.3345689406029573,llama-2-7b,llama-3.1-8b,0.0002673998980518076,0.00390625
decoders,quadratic,without_significance,9,0.21151366625535828,0.21154166021408413,9,0,0.06634728476274347,0.36331713603624705,0.1925382325327472,0.22965946394193515,llama-2-7b,llama-3.1-8b,0.0002782266469414895,0.00390625
decoders,linear,without_skill,9,0.3047790015369939,0.34892354775686707,9,0,0.06767741268715775,0.43974892876750205,0.28790776063318035,0.33441670014322344,llama-2-7b,llama-3.1-8b,0.0002648309428940912,0.00390625
decoders,quadratic,without_skill,9,0.21140636142876743,0.21097351545950732,9,0,0.06676116526188527,0.36325457674915024,0.19242533451371954,0.22948701094962767,llama-2-7b,llama-3.1-8b,0.0002760324735038727,0.00390625
decoders,linear,without_speak,9,0.3047928263655575,0.34910103185764163,9,0,0.06735268133720575,0.4397371752264703,0.28792478275794336,0.3344728444941015,llama-2-7b,llama-3.1-8b,0.00026785903522372927,0.00390625
decoders,quadratic,without_speak,9,0.21149844033894893,0.2113680999535698,9,0,0.0664667514880765,0.3633470254307323,0.19251736720247603,0.22962740144530797,llama-2-7b,llama-3.1-8b,0.00027942792372331117,0.00390625
decoders,linear,without_speech,9,0.30473351215729494,0.3488109774070244,9,0,0.06775973350276766,0.43956370721513877,0.2878797377750645,0.33435523448911086,llama-2-7b,llama-3.1-8b,0.00026462450095458357,0.00390625
decoders,quadratic,without_speech,9,0.21135803154995655,0.21080118551989904,9,0,0.0668687064840269,0.36311925779168003,0.19238787826974113,0.22941919718319778,llama-2-7b,llama-3.1-8b,0.00027587154854141624,0.00390625
decoders,linear,without_sponsored,9,0.30512277239282426,0.3493491657958496,9,0,0.06754932302149923,0.4400118378763227,0.28826163920738695,0.3348194535642399,llama-2-7b,llama-3.1-8b,0.00026617122207533826,0.00390625
decoders,quadratic,without_sponsored,9,0.21184608711260416,0.21189566022109954,9,0,0.06665168324230764,0.36340690865893155,0.19290098441931322,0.2299953875963912,llama-2-7b,llama-3.1-8b,0.00027659746969708847,0.00390625
decoders,linear,without_square,9,0.30488825194366476,0.3490572640711129,9,0,0.06786283743762432,0.43975721726513267,0.2880296312784813,0.33451642875691984,llama-2-7b,llama-3.1-8b,0.0002638075404641089,0.00390625
decoders,quadratic,without_square,9,0.2116265571322545,0.21135997043135843,9,0,0.0669809301137073,0.3634207185162104,0.19265228695925998,0.22970726050957288,llama-2-7b,llama-3.1-8b,0.00027382660595228847,0.00390625
decoders,linear,without_stories,9,0.3049472679958614,0.34891989410011326,9,0,0.06848318179013506,0.4396475495474749,0.28810973280190966,0.33450527877157715,llama-2-7b,llama-3.1-8b,0.000260557796963688,0.00390625
decoders,quadratic,without_stories,9,0.2116787919198656,0.2113561966829143,9,0,0.06772841606197015,0.36322880193064294,0.19273504066851843,0.22967258890210254,llama-2-7b,llama-3.1-8b,0.00026798451482268847,0.00390625
decoders,linear,without_strength,9,0.30496620855092854,0.34926788537331677,9,0,0.06810431184113544,0.4397201805358252,0.2881219620528165,0.3345739456396527,llama-2-7b,llama-3.1-8b,0.0002626136041377064,0.00390625
decoders,quadratic,without_strength,9,0.2117616010680239,0.2117830695674838,9,0,0.06724991324361902,0.36339854035526287,0.19280698365711907,0.22982556204607454,llama-2-7b,llama-3.1-8b,0.00027161985601364713,0.00390625
decoders,linear,without_student,9,0.30496881057890607,0.34929453218190376,9,0,0.06806240947238584,0.439655936263281,0.28813291986835915,0.33458211071722105,llama-2-7b,llama-3.1-8b,0.00026253236263032106,0.00390625
decoders,quadratic,without_student,9,0.21177565258357228,0.21144600597103758,9,0,0.06722776837379527,0.36324866108521536,0.19284152652086692,0.22984413810979443,llama-2-7b,llama-3.1-8b,0.0002706722539595672,0.00390625
decoders,linear,without_subject,9,0.3046920619296024,0.3489171634961857,9,0,0.06790429477194682,0.4395099070542179,0.28783983128902546,0.33429053282430937,llama-2-7b,llama-3.1-8b,0.00026416703890341786,0.00390625
decoders,quadratic,without_subject,9,0.21126352914258012,0.21106284708558692,9,0,0.0670303546832878,0.3630512301860626,0.1922900665121448,0.22929267594999164,llama-2-7b,llama-3.1-8b,0.0002749482151289002,0.00390625
decoders,linear,without_succeeded,9,0.3046835483902279,0.3487931427856096,9,0,0.06747163033194123,0.4396280553768577,0.28781548501689913,0.3343350381475137,llama-2-7b,llama-3.1-8b,0.00026650068385547835,0.00390625
decoders,quadratic,without_succeeded,9,0.2113020815366616,0.21093116040523216,9,0,0.06656589068901436,0.36316534059563077,0.19231917415429045,0.2293941053926175,llama-2-7b,llama-3.1-8b,0.0002786389430930319,0.00390625
decoders,linear,without_tossed,9,0.3049715204941001,0.3491859948340125,9,0,0.06817354828512677,0.4396896319398524,0.28813175656338097,0.33457126702022166,llama-2-7b,llama-3.1-8b,0.00026206879122816915,0.00390625
decoders,quadratic,without_tossed,9,0.21165616623753497,0.21126066847424338,9,0,0.06733231658415421,0.3633385180511606,0.1926958722608318,0.2296966474442076,llama-2-7b,llama-3.1-8b,0.0002711742967451405,0.00390625
decoders,linear,without_travel,9,0.30495085459447435,0.34912964488767767,9,0,0.06803696436046236,0.4398625587508405,0.28808689157492856,0.3345650908737258,llama-2-7b,llama-3.1-8b,0.0002630029549576684,0.00390625
decoders,quadratic,without_travel,9,0.2112936107592607,0.2107296439442653,9,0,0.06714679144914895,0.363025814597257,0.19232708527951117,0.22931196317302469,llama-2-7b,llama-3.1-8b,0.0002733928450196504,0.00390625
decoders,linear,without_tried,9,0.30492114353406585,0.3491687289201247,9,0,0.06768480236503494,0.4399356248196304,0.2880443333733703,0.3345756861801948,llama-2-7b,llama-3.1-8b,0.0002652759976410122,0.00390625
decoders,quadratic,without_tried,9,0.21155587893590588,0.21104079716134636,9,0,0.06674368690317106,0.3635303256246905,0.19255907309980785,0.22965740293999776,llama-2-7b,llama-3.1-8b,0.000276710175548097,0.00390625
decoders,linear,without_units,9,0.30476250857481246,0.3489250444734559,9,0,0.0678057901237826,0.4395883059362713,0.28790928390463016,0.33438209838119126,llama-2-7b,llama-3.1-8b,0.0002643228927046532,0.00390625
decoders,quadratic,without_units,9,0.2114331800732181,0.21119740890502856,9,0,0.06692397114844865,0.36316577519011495,0.19246660568360596,0.22949683118881423,llama-2-7b,llama-3.1-8b,0.00027445356761987956,0.00390625
decoders,linear,without_up,9,0.3046628293348582,0.34887366900768635,9,0,0.0675352495799528,0.4393179288119713,0.2878309419002191,0.3343037768042214,llama-2-7b,llama-3.1-8b,0.00026574563538406254,0.00390625
decoders,quadratic,without_up,9,0.2111825864016447,0.2109497302907063,9,0,0.06664702851752032,0.3627917809981918,0.19223143707707635,0.2292495311371603,llama-2-7b,llama-3.1-8b,0.00027598880835747494,0.00390625
decoders,linear,without_variation,9,0.3048964650084566,0.3492385537814778,9,0,0.06808426405511193,0.4395637134546689,0.28806305895268,0.3344979901276246,llama-2-7b,llama-3.1-8b,0.000262605323276639,0.00390625
decoders,quadratic,without_variation,9,0.21156434512919875,0.21121658356667677,9,0,0.06722391875646472,0.36312995741065174,0.19261864359401715,0.22960689842579055,llama-2-7b,llama-3.1-8b,0.0002718022937808801,0.00390625
decoders,linear,without_vote,9,0.3047765563903261,0.34918958172775527,9,0,0.06805627325453663,0.4394419051638747,0.2879433877936325,0.33436659178229977,llama-2-7b,llama-3.1-8b,0.0002633306802273166,0.00390625
decoders,quadratic,without_vote,9,0.21125861149827255,0.21068734018168742,9,0,0.06716553495221335,0.3629202221207235,0.1923009101704662,0.22927024606652996,llama-2-7b,llama-3.1-8b,0.00027382644708440754,0.00390625
decoders,linear,without_want,9,0.3049581279534249,0.34963610974645837,9,0,0.06790126058720049,0.43934061947018405,0.28816031651383,0.33459023637420293,llama-2-7b,llama-3.1-8b,0.00026476159385516694,0.00390625
decoders,quadratic,without_want,9,0.21142438497772179,0.21139326368950548,9,0,0.06698497029319611,0.3628191136560694,0.19250004389292832,0.22947931181328748,llama-2-7b,llama-3.1-8b,0.0002736612145298358,0.00390625
decoders,linear,without_young,9,0.3049885898641586,0.3491041218954925,9,0,0.06823943300453356,0.4401728661225088,0.2880905553318649,0.3345822344716118,llama-2-7b,llama-3.1-8b,0.0002622927277796276,0.00390625
decoders,quadratic,without_young,9,0.2117544826699709,0.2113102197070526,9,0,0.06757473623384543,0.36358909298539943,0.19277515638054238,0.2297769509744866,llama-2-7b,llama-3.1-8b,0.00027022519244325927,0.00390625
decoders,linear,without_about,9,0.30472214596074987,0.3489333160339462,9,0,0.0680767749197403,0.43940551674922135,0.2878867246121909,0.3343028173408761,llama-2-7b,llama-3.1-8b,0.0002629041330247853,0.00390625
decoders,quadratic,without_about,9,0.21131512634707755,0.21100219164403664,9,0,0.06718621534507724,0.36289893644069093,0.19236715008537592,0.2293312402223276,llama-2-7b,llama-3.1-8b,0.00027254373157253143,0.00390625
decoders,linear,without_accompanied,9,0.30464652711811907,0.34889147808351034,9,0,0.06804545222803896,0.4394757256531637,0.2877928773012385,0.33422166147937904,llama-2-7b,llama-3.1-8b,0.0002637811170482151,0.00390625
decoders,quadratic,without_accompanied,9,0.21122805299419317,0.2107581059806634,9,0,0.06716016996609461,0.36299003893283477,0.19225780475186297,0.22923653837270547,llama-2-7b,llama-3.1-8b,0.0002744627071666932,0.00390625
decoders,linear,without_active,9,0.3049407055209628,0.34914810058681933,9,0,0.06778197062715692,0.4397855639049404,0.28808509822296563,0.33458554738268853,llama-2-7b,llama-3.1-8b,0.00026461087402610293,0.00390625
decoders,quadratic,without_active,9,0.2117141955498906,0.21171506994417655,9,0,0.06688515315246016,0.36355250311483883,0.1927344071042721,0.22981782584956945,llama-2-7b,llama-3.1-8b,0.00027495553754737257,0.00390625
decoders,linear,without_aegean,9,0.30556250248781375,0.3501575481347108,9,0,0.06835711031935005,0.4404389533292189,0.2887029461326381,0.33521317650887167,llama-2-7b,llama-3.1-8b,0.000262352534309902,0.00390625
decoders,quadratic,without_aegean,9,0.21212066606059507,0.21191231422230508,9,0,0.06754423916927499,0.3642591108035677,0.19310336046772344,0.23019271942201003,llama-2-7b,llama-3.1-8b,0.00027199703974578517,0.00390625
decoders,linear,without_agreement,9,0.3047966363981471,0.3489178123153562,9,0,0.06810418933686971,0.4395270862786521,0.287955330163084,0.3343831922808068,llama-2-7b,llama-3.1-8b,0.000262517346289809,0.00390625
decoders,quadratic,without_agreement,9,0.21140930427993776,0.2110375205713822,9,0,0.06722486108919715,0.3630244541979143,0.19245741054019067,0.22943235967878034,llama-2-7b,llama-3.1-8b,0.00027208079198789753,0.00390625
decoders,linear,without_ahead,9,0.3047902348494037,0.3491290243165555,9,0,0.06774751768720988,0.43954876257477016,0.28794541888373293,0.33442057449467794,llama-2-7b,llama-3.1-8b,0.00026473066097025517,0.00390625
decoders,quadratic,without_ahead,9,0.2115263792983746,0.21177473056753593,9,0,0.06685401922182654,0.36308495171213184,0.19258155774665492,0.2296104243079431,llama-2-7b,llama-3.1-8b,0.0002737409031745047,0.00390625
decoders,linear,without_apart,9,0.30467087291174644,0.34873560521770763,9,0,0.06765836861573411,0.4394658673789712,0.2878214986033433,0.33429743594874795,llama-2-7b,llama-3.1-8b,0.000264923754425545,0.00390625
decoders,quadratic,without_apart,9,0.21126734729807006,0.21079860516950844,9,0,0.06677170973792615,0.3629326451370418,0.19230918506819855,0.22932930199308801,llama-2-7b,llama-3.1-8b,0.0002756333079268646,0.00390625
decoders,linear,without_application,9,0.30469363297232216,0.3488808641083471,9,0,0.06780463243427778,0.4394490400970617,0.2878492070817297,0.3343047580395777,llama-2-7b,llama-3.1-8b,0.00026436639944674834,0.00390625
decoders,quadratic,without_application,9,0.21131189939291195,0.21106017650090356,9,0,0.06692232177684901,0.36296293101239613,0.19235552044047644,0.2293605965949198,llama-2-7b,llama-3.1-8b,0.00027473362129206325,0.00390625
decoders,linear,without_argued,9,0.30489739067124344,0.3488474768942744,9,0,0.0681027441966284,0.43975239341440825,0.2880405153283478,0.3344967214805703,llama-2-7b,llama-3.1-8b,0.0002627478497521143,0.00390625
decoders,quadratic,without_argued,9,0.2115814433592116,0.21114146584541854,9,0,0.06726523445065555,0.3634253776521482,0.1926009515725945,0.2296209694727811,llama-2-7b,llama-3.1-8b,0.00027240625121276554,0.00390625
decoders,linear,without_asserted,9,0.30505341739713815,0.34929277251433355,9,0,0.06772989349890539,0.4403568957122462,0.2881404826077496,0.33471885788441724,llama-2-7b,llama-3.1-8b,0.0002667143252217216,0.00390625
decoders,quadratic,without_asserted,9,0.2117869389926249,0.21179262920423994,9,0,0.06673682605578457,0.3645005290461548,0.19269774023593367,0.22991820310972994,llama-2-7b,llama-3.1-8b,0.0002805870817547614,0.00390625
decoders,linear,without_assumption,9,0.304628318765439,0.34901233210576815,9,0,0.06787238332830031,0.4393560645375678,0.28778735054392285,0.3342228106950813,llama-2-7b,llama-3.1-8b,0.0002644085671545428,0.00390625
decoders,quadratic,without_assumption,9,0.21119742203192302,0.21102895238886543,9,0,0.06699447341017167,0.3628015976469934,0.19224690008003922,0.22922279060964193,llama-2-7b,llama-3.1-8b,0.00027430568372999165,0.00390625
decoders,linear,without_assured,9,0.3052707171140211,0.34948863305811395,9,0,0.06729368909901615,0.4402544240429697,0.2883977537479025,0.3350178456158967,llama-2-7b,llama-3.1-8b,0.00026595047399434593,0.00390625
decoders,quadratic,without_assured,9,0.2118468660690499,0.21179108289128296,9,0,0.06636443521847077,0.3637445153590464,0.19285965990780035,0.2300321699253723,llama-2-7b,llama-3.1-8b,0.0002759424152786829,0.00390625
decoders,linear,without_attack,9,0.3053222233427698,0.3496369673130065,9,0,0.06846887268940374,0.44042124311946296,0.28843484587068324,0.3349288921744406,llama-2-7b,llama-3.1-8b,0.00026064094377992316,0.00390625
decoders,quadratic,without_attack,9,0.21172749875238683,0.2110361281863911,9,0,0.06771470969867134,0.3636889467691422,0.19273231775029243,0.2297290973841013,llama-2-7b,llama-3.1-8b,0.00026996178379047126,0.00390625
decoders,linear,without_background,9,0.3048576285925543,0.3490264375825961,9,0,0.06793385863883629,0.4395891527772983,0.2880161880694612,0.334473099836769,llama-2-7b,llama-3.1-8b,0.00026331265640813984,0.00390625
decoders,quadratic,without_background,9,0.21164044955980302,0.21168381785025372,9,0,0.06706686999392504,0.3631661575288658,0.1926997360636702,0.22971214700553777,llama-2-7b,llama-3.1-8b,0.0002722146055733763,0.00390625
decoders,linear,without_band,9,0.3049982494792196,0.3494026063494322,9,0,0.06791260621145517,0.43972472643150184,0.2881574398601843,0.3346339548876901,llama-2-7b,llama-3.1-8b,0.0002638968742602359,0.00390625
decoders,quadratic,without_band,9,0.21166386899707113,0.2113817074955602,9,0,0.06703499219893254,0.3634061717516456,0.19269608115274933,0.22974247859683844,llama-2-7b,llama-3.1-8b,0.0002735992083039311,0.00390625
decoders,linear,without_begin,9,0.30512282126973056,0.3494393762006895,9,0,0.06788355317985754,0.44011348723845173,0.2882489880236404,0.3347777297809647,llama-2-7b,llama-3.1-8b,0.00026354095177205997,0.00390625
decoders,quadratic,without_begin,9,0.2115825159015118,0.21116080264575374,9,0,0.06699088177838879,0.3634287355342823,0.1926017384474155,0.22965647016690216,llama-2-7b,llama-3.1-8b,0.00027397550054165986,0.00390625
decoders,linear,without_bent,9,0.30524310675965105,0.34945284443230235,9,0,0.06827448640351118,0.44031811453255515,0.2883587307880381,0.3348641843041686,llama-2-7b,llama-3.1-8b,0.00026214392861844814,0.00390625
decoders,quadratic,without_bent,9,0.21210953285311115,0.21223441000021542,9,0,0.06748074496239995,0.3638980341798824,0.1931359701872647,0.23018813133945001,llama-2-7b,llama-3.1-8b,0.0002693914593139289,0.00390625
decoders,linear,without_benefit,9,0.3046859971409217,0.3488325700853273,9,0,0.06785924956833729,0.4394538664406334,0.2878400134784578,0.3342893405874948,llama-2-7b,llama-3.1-8b,0.00026418729483658503,0.00390625
decoders,quadratic,without_benefit,9,0.211294967222566,0.21093532931176948,9,0,0.06697252802905358,0.3629460166382786,0.19233858604560194,0.22933527212175506,llama-2-7b,llama-3.1-8b,0.0002742751699582789,0.00390625
decoders,linear,without_board,9,0.3046632610780204,0.34888693255779085,9,0,0.06786078076906958,0.4393925893846961,0.2878220950396859,0.33426357111663924,llama-2-7b,llama-3.1-8b,0.0002640570348686185,0.00390625
decoders,quadratic,without_board,9,0.21126058276633308,0.2108859960935689,9,0,0.06697942153343794,0.3628833796718651,0.19230773315314156,0.22929572792044495,llama-2-7b,llama-3.1-8b,0.00027425272929537984,0.00390625
decoders,linear,without_books,9,0.3049938847360559,0.3492622247561167,9,0,0.06790475351750158,0.43976097846548995,0.2881479980198766,0.33463002613837517,llama-2-7b,llama-3.1-8b,0.000263257147848526,0.00390625
decoders,quadratic,without_books,9,0.21183961844106475,0.21177502539242898,9,0,0.0670103312180295,0.3634177012077595,0.19289235809522792,0.22994327934394415,llama-2-7b,llama-3.1-8b,0.0002717291893137312,0.00390625
decoders,linear,without_bother,9,0.3048250620696957,0.34891501010967035,9,0,0.06784271587841553,0.4397118338517848,0.28796421559693447,0.3344478553436056,llama-2-7b,llama-3.1-8b,0.00026419679943642533,0.00390625
decoders,quadratic,without_bother,9,0.21151132648586224,0.21117625278435245,9,0,0.06696253126337759,0.3633499627104007,0.19253149695779492,0.22957992588867282,llama-2-7b,llama-3.1-8b,0.0002750187635258544,0.00390625
decoders,linear,without_bottom,9,0.30490217925394697,0.3489964127637194,9,0,0.06789377840338338,0.43984927571396615,0.2880337921964446,0.33452822936026744,llama-2-7b,llama-3.1-8b,0.0002638010712279625,0.00390625
decoders,quadratic,without_bottom,9,0.2116615833982648,0.2112106916288842,9,0,0.0670182316503116,0.36367082475315854,0.19266042822890309,0.22974200236675896,llama-2-7b,llama-3.1-8b,0.0002747846704374952,0.00390625
decoders,linear,without_branch,9,0.30484459993954427,0.3490000043885203,9,0,0.06798028810756915,0.43961512549315823,0.2879982842453426,0.3344526389185412,llama-2-7b,llama-3.1-8b,0.00026313217032124394,0.00390625
decoders,quadratic,without_branch,9,0.21154707513492774,0.21136993400401208,9,0,0.06710721224749158,0.3632076860526468,0.19258949877021286,0.22960205799585726,llama-2-7b,llama-3.1-8b,0.00027265686098039784,0.00390625
decoders,linear,without_care,9,0.30453863962654487,0.348784265854705,9,0,0.06747780895423405,0.4394030322677059,0.2876805905463998,0.33417124346058374,llama-2-7b,llama-3.1-8b,0.0002671361874947239,0.00390625
decoders,quadratic,without_care,9,0.21107228275849615,0.2109410841737262,9,0,0.0664988038045422,0.36283754934804324,0.19210162443480275,0.22914396762774036,llama-2-7b,llama-3.1-8b,0.00027918479135717323,0.00390625
decoders,linear,without_caught,9,0.3046958829497131,0.34882785468484295,9,0,0.06759105830079319,0.43953015067183365,0.2878415994844481,0.33433398603082815,llama-2-7b,llama-3.1-8b,0.00026581345253105055,0.00390625
decoders,quadratic,without_caught,9,0.2113359689169902,0.21102416266204918,9,0,0.06668394492701366,0.3630609836631783,0.19237034207371673,0.2294174719157373,llama-2-7b,llama-3.1-8b,0.00027699880431940446,0.00390625
decoders,linear,without_chance,9,0.30489228669286,0.34896899193262904,9,0,0.06824650705043483,0.43999401484045675,0.2880045706744104,0.33447300914816314,llama-2-7b,llama-3.1-8b,0.0002622848269407977,0.00390625
decoders,quadratic,without_chance,9,0.2115199300682501,0.21121087160081806,9,0,0.06737140685441782,0.36340618652326717,0.19253414801137297,0.22953849546997912,llama-2-7b,llama-3.1-8b,0.0002718885007648381,0.00390625
decoders,linear,without_characteristic,9,0.3048001691653255,0.34913094066568306,9,0,0.06775393606662083,0.43950442632477416,0.28796213702039436,0.3344309483026635,llama-2-7b,llama-3.1-8b,0.0002649413632012205,0.00390625
decoders,quadratic,without_characteristic,9,0.21157368194163287,0.21127603109254384,9,0,0.0668315226140698,0.36302432469458895,0.19264235159751336,0.22966645185757825,llama-2-7b,llama-3.1-8b,0.00027372360754793955,0.00390625
decoders,linear,without_characterized,9,0.30500904393198164,0.34901696249564945,9,0,0.0681980497300538,0.44009097367862304,0.2881238027136515,0.3346104182072227,llama-2-7b,llama-3.1-8b,0.00026205718723654994,0.00390625
decoders,quadratic,without_characterized,9,0.2117857921648398,0.21166827810369993,9,0,0.06736297401707249,0.3636487805813915,0.19280291861277085,0.22983864443331073,llama-2-7b,llama-3.1-8b,0.0002702161043804656,0.00390625
decoders,linear,without_chemical,9,0.30526700068861523,0.34959556598380703,9,0,0.06806944478630288,0.44007976445735414,0.28841540521752285,0.3349166951764042,llama-2-7b,llama-3.1-8b,0.0002643211424147525,0.00390625
decoders,quadratic,without_chemical,9,0.2118347899825563,0.21149219636587016,9,0,0.06718633039103923,0.3638633102689768,0.19283122494675375,0.22991584743149596,llama-2-7b,llama-3.1-8b,0.0002744475394141298,0.00390625
decoders,linear,without_chose,9,0.30496603448283316,0.34948754234282015,9,0,0.06788308005015613,0.43974171531408407,0.28811907437892675,0.3346014037869177,llama-2-7b,llama-3.1-8b,0.0002635778693683274,0.00390625
decoders,quadratic,without_chose,9,0.21169908905196191,0.2118328208611865,9,0,0.06700309084387072,0.3634328334863006,0.19273237099766957,0.2297860888279733,llama-2-7b,llama-3.1-8b,0.0002724240914999539,0.00390625
decoders,linear,without_circles,9,0.30479151572053637,0.3490005405620862,9,0,0.06775594546420456,0.43958721428548087,0.2879420533999183,0.33442096200257787,llama-2-7b,llama-3.1-8b,0.0002644079899120582,0.00390625
decoders,quadratic,without_circles,9,0.2115338520265163,0.2113010269484929,9,0,0.06684998172294489,0.36312922365391537,0.19258443057309144,0.22961933581446273,llama-2-7b,llama-3.1-8b,0.00027374975468175204,0.00390625
decoders,linear,without_class,9,0.3047401218123137,0.348825731769303,9,0,0.0676650651288148,0.4395800497440082,0.2878851308208519,0.33437450389775103,llama-2-7b,llama-3.1-8b,0.00026489550850127696,0.00390625
decoders,quadratic,without_class,9,0.21139846359678985,0.21139341763307354,9,0,0.06672838205466182,0.36311539816908056,0.19243384677525352,0.22948222378955585,llama-2-7b,llama-3.1-8b,0.00027554813477163474,0.00390625
decoders,linear,without_classification,9,0.30471301104446774,0.34906605522966083,9,0,0.0674491233093529,0.4395170915275786,0.28786250098407884,0.33437099701135703,llama-2-7b,llama-3.1-8b,0.000266099412406855,0.00390625
decoders,quadratic,without_classification,9,0.21132874322923978,0.21138444522697963,9,0,0.06654859103890612,0.3629358728578955,0.19237785202565783,0.2294262622530315,llama-2-7b,llama-3.1-8b,0.00027618268274266544,0.00390625
decoders,linear,without_close,9,0.3046500544846489,0.3488803796093735,9,0,0.06757240809399176,0.43951116148898906,0.28779241610910633,0.33428476028348103,llama-2-7b,llama-3.1-8b,0.0002660252697286826,0.00390625
decoders,quadratic,without_close,9,0.21123849240889955,0.21081145181857147,9,0,0.06668668264649219,0.363053134520878,0.19226166214490226,0.22930746862920048,llama-2-7b,llama-3.1-8b,0.00027746458179069147,0.00390625
decoders,linear,without_communicate,9,0.30495964446460205,0.3492023832079232,9,0,0.06750518546269084,0.4399048288795437,0.2880914964127343,0.3346414518398409,llama-2-7b,llama-3.1-8b,0.00026699867221141154,0.00390625
decoders,quadratic,without_communicate,9,0.2116050708427442,0.21162926145305655,9,0,0.06659129641584652,0.363745962150625,0.19258745942925906,0.22973179264610638,llama-2-7b,llama-3.1-8b,0.0002773735374223954,0.00390625
decoders,linear,without_communications,9,0.3057948231295651,0.35004202766135534,9,0,0.06868636713396106,0.44078441120072887,0.2889211246206696,0.3354333801290156,llama-2-7b,llama-3.1-8b,0.0002608252955905431,0.00390625
decoders,quadratic,without_communications,9,0.21225143989311016,0.2116727542356575,9,0,0.06784837662030362,0.36402109930869836,0.1932802324661616,0.23030182280221095,llama-2-7b,llama-3.1-8b,0.00026912696602819555,0.00390625
decoders,linear,without_compared,9,0.30558878171385073,0.3498565083574,9,0,0.06748012825165438,0.4405668182403205,0.28871652714804197,0.3353523633966253,llama-2-7b,llama-3.1-8b,0.00026695695570103534,0.00390625
decoders,quadratic,without_compared,9,0.21210417133462867,0.21219518970563642,9,0,0.06658804927778128,0.3641819652373452,0.1930944470967891,0.2302936865917346,llama-2-7b,llama-3.1-8b,0.0002777689125571338,0.00390625
decoders,linear,without_complex,9,0.30489724726982836,0.3491017193905361,9,0,0.06809005003818573,0.43965277438319444,0.28805280638065767,0.33449814692378377,llama-2-7b,llama-3.1-8b,0.000262507605774142,0.00390625
decoders,quadratic,without_complex,9,0.21167609692960582,0.21139295945124273,9,0,0.0672781187158074,0.3631331517479101,0.19274396507731775,0.22972584420633058,llama-2-7b,llama-3.1-8b,0.0002703024403466962,0.00390625
decoders,linear,without_components,9,0.30511379251893594,0.3495020018371214,9,0,0.06712207542866122,0.44021903247858446,0.2882256375239799,0.3348627571552203,llama-2-7b,llama-3.1-8b,0.00026862533237259503,0.00390625
decoders,quadratic,without_components,9,0.21152282106121081,0.21124374188280273,9,0,0.06618725353531275,0.3638774878207034,0.19247848771627424,0.22968976700194804,llama-2-7b,llama-3.1-8b,0.00028077887795145267,0.00390625
decoders,linear,without_concerned,9,0.30453383027835573,0.34876603084915025,9,0,0.06737120903662762,0.4393548420148717,0.28768120381129125,0.3341791579335718,llama-2-7b,llama-3.1-8b,0.0002670636313434558,0.00390625
decoders,quadratic,without_concerned,9,0.21110761882493068,0.2108769665596337,9,0,0.06648204716234384,0.3628394121154393,0.19214114466361712,0.22918581528275406,llama-2-7b,llama-3.1-8b,0.00027852164361320944,0.00390625
decoders,linear,without_cool,9,0.3046013873482641,0.348707680165993,9,0,0.06766273025567081,0.43942508981281153,0.28774842454019567,0.3342187194848382,llama-2-7b,llama-3.1-8b,0.0002654616113906863,0.00390625
decoders,quadratic,without_cool,9,0.21114333456780543,0.21075974689650198,9,0,0.06677431382888871,0.3628936090523265,0.19217455025724028,0.22918946216017003,llama-2-7b,llama-3.1-8b,0.0002769436213992079,0.00390625
decoders,linear,without_couple,9,0.30534997551706605,0.34983110651570004,9,0,0.06731517587137642,0.44058516974217193,0.2884455762389278,0.33510432547277724,llama-2-7b,llama-3.1-8b,0.00026916844380101186,0.00390625
decoders,quadratic,without_couple,9,0.21175256788503283,0.2120309066422199,9,0,0.0663738025014548,0.3640021794567626,0.19272136643856658,0.22992491355798006,llama-2-7b,llama-3.1-8b,0.00028050743714939263,0.00390625
decoders,linear,without_credit,9,0.3049394845248796,0.34900202944875625,9,0,0.06794066163632248,0.4398802536350981,0.2880718883861023,0.33456433738594926,llama-2-7b,llama-3.1-8b,0.000263179290167739,0.00390625
decoders,quadratic,without_credit,9,0.21166005939902133,0.21119525682643792,9,0,0.067066514640891,0.3634568573658529,0.19268545965316738,0.22973425249378762,llama-2-7b,llama-3.1-8b,0.00027312295747279977,0.00390625
decoders,linear,without_crisis,9,0.30539873618571645,0.3495955474096056,9,0,0.06781044242721852,0.44042624638903755,0.2885202974103013,0.33509727290552865,llama-2-7b,llama-3.1-8b,0.00026560377834972874,0.00390625
decoders,quadratic,without_crisis,9,0.21189636472852663,0.21156145942104707,9,0,0.06692722287230464,0.36372769953197165,0.192917447878096,0.23001750746055438,llama-2-7b,llama-3.1-8b,0.00027569686661238176,0.00390625
decoders,linear,without_critical,9,0.3049650459428614,0.349033151112826,9,0,0.06807976036065239,0.4397782349602809,0.2881133973156839,0.3345757066406375,llama-2-7b,llama-3.1-8b,0.0002625126466359495,0.00390625
decoders,quadratic,without_critical,9,0.21180251204469894,0.2115382678694022,9,0,0.06724230729836048,0.36350536190912874,0.19283965581164525,0.22987253763799126,llama-2-7b,llama-3.1-8b,0.00027159784813383226,0.00390625
decoders,linear,without_cup,9,0.3049235664690228,0.34917243941815757,9,0,0.06778515200430825,0.4396470817452395,0.2880831270594957,0.33456586827711204,llama-2-7b,llama-3.1-8b,0.00026546626169016456,0.00390625
decoders,quadratic,without_cup,9,0.21155671466586046,0.21150597937314547,9,0,0.06689740689832928,0.3632094620064044,0.19260012124829248,0.22963912813680187,llama-2-7b,llama-3.1-8b,0.0002749739627068688,0.00390625
decoders,linear,without_curve,9,0.30475647452089943,0.34888856021426123,9,0,0.06782680914341606,0.43958777467550825,0.28790256200157327,0.3343726826930848,llama-2-7b,llama-3.1-8b,0.00026426004523051377,0.00390625
decoders,quadratic,without_curve,9,0.21142966937013288,0.21124834902341616,9,0,0.0669450474334597,0.36316393384472834,0.1924628863108085,0.22949024711221705,llama-2-7b,llama-3.1-8b,0.00027437783030547576,0.00390625
decoders,linear,without_dealing,9,0.3047225420306316,0.34880782967159607,9,0,0.06796623437866431,0.43942406185068783,0.2878848520531246,0.3343170804871275,llama-2-7b,llama-3.1-8b,0.00026360918957234517,0.00390625
decoders,quadratic,without_dealing,9,0.21133356962066482,0.21112336130726594,9,0,0.06709954255925552,0.36293253790199076,0.1923836985854991,0.22936282300334102,llama-2-7b,llama-3.1-8b,0.00027360723522613906,0.00390625
decoders,linear,without_debate,9,0.30482415954086456,0.34884514232577934,9,0,0.06835410156422872,0.439462269451417,0.2879943958020455,0.3343829167879441,llama-2-7b,llama-3.1-8b,0.0002612836038622902,0.00390625
decoders,quadratic,without_debate,9,0.21148527188356958,0.21127563039587105,9,0,0.06750082746804414,0.3629663521815645,0.19255013684632022,0.22948332743551025,llama-2-7b,llama-3.1-8b,0.000270158054016308,0.00390625
decoders,linear,without_decision,9,0.30545443103572684,0.349359383329703,9,0,0.06846088598461669,0.44051556758690735,0.2885717889668292,0.33507862416711554,llama-2-7b,llama-3.1-8b,0.00026159112702518793,0.00390625
decoders,quadratic,without_decision,9,0.21207008388613055,0.21154140604644195,9,0,0.06764229143386026,0.36404969470870924,0.19307263253330822,0.23012355794266434,llama-2-7b,llama-3.1-8b,0.0002695371606401548,0.00390625
decoders,linear,without_defend,9,0.30501527899848374,0.34919137938838335,9,0,0.06791367494511849,0.4398510275567523,0.28816081042870023,0.33465297950515444,llama-2-7b,llama-3.1-8b,0.0002635189936405312,0.00390625
decoders,quadratic,without_defend,9,0.21208155577330287,0.21226163403931136,9,0,0.06704787729965654,0.3637930577457906,0.1931176180267419,0.23021076558250866,llama-2-7b,llama-3.1-8b,0.00027227410337773685,0.00390625
decoders,linear,without_destruction,9,0.30540696789389865,0.3498046984163432,9,0,0.06803929417322742,0.4405998079872608,0.2885078628822283,0.33507792710898254,llama-2-7b,llama-3.1-8b,0.00026453672750387637,0.00390625
decoders,quadratic,without_destruction,9,0.21164302528141718,0.21108104438863834,9,0,0.06714430108527225,0.36391338642381005,0.19260923013861805,0.22970536580593529,llama-2-7b,llama-3.1-8b,0.0002762248491151786,0.00390625
decoders,linear,without_detail,9,0.3051332172363551,0.3495321311475592,9,0,0.06858452796400831,0.4395484936584214,0.2883313076835968,0.33470180339539846,llama-2-7b,llama-3.1-8b,0.00026004352662430596,0.00390625
decoders,quadratic,without_detail,9,0.21173601472473727,0.21169733591011783,9,0,0.06770917913631276,0.36308401259854317,0.19281751499051156,0.22973936917329035,llama-2-7b,llama-3.1-8b,0.0002675683679696691,0.00390625
decoders,linear,without_disaster,9,0.30485368220210884,0.3491503692341634,9,0,0.06763459843040233,0.43985852908934625,0.28797807634120415,0.33450606767357216,llama-2-7b,llama-3.1-8b,0.0002653271680677675,0.00390625
decoders,quadratic,without_disaster,9,0.21155902398569032,0.2114297955525087,9,0,0.06648312902088463,0.3635733555301402,0.19255723254263413,0.22969351085629108,llama-2-7b,llama-3.1-8b,0.00027766123133823796,0.00390625
decoders,linear,without_discrimination,9,0.30494863157680124,0.34908064730522503,9,0,0.06796841276344434,0.43974680374801695,0.2880988600553993,0.3345711589284709,llama-2-7b,llama-3.1-8b,0.00026326095542888816,0.00390625
decoders,quadratic,without_discrimination,9,0.21184766487741546,0.211654015842995,9,0,0.06713770872410832,0.3633615224898056,0.1929084326758667,0.22993640939657886,llama-2-7b,llama-3.1-8b,0.00027106489613040155,0.00390625
decoders,linear,without_distinction,9,0.30494657910589457,0.3491390409112379,9,0,0.0679143564775705,0.4397619268452545,0.28809466063847455,0.334575606934435,llama-2-7b,llama-3.1-8b,0.0002636938779459746,0.00390625
decoders,quadratic,without_distinction,9,0.21187125356358927,0.21172704924636834,9,0,0.06704933793272187,0.3635044131908486,0.19291710861018185,0.2299739930174477,llama-2-7b,llama-3.1-8b,0.0002727844850969838,0.00390625
decoders,linear,without_drinking,9,0.3048973699093331,0.34903608594305796,9,0,0.06773842523608001,0.4397300762120707,0.28804328162149084,0.3345422379934897,llama-2-7b,llama-3.1-8b,0.0002648118988173623,0.00390625
decoders,quadratic,without_drinking,9,0.21157824295220395,0.21122854199307733,9,0,0.06684783736117411,0.36341014129824506,0.1925992556589488,0.2296695436510827,llama-2-7b,llama-3.1-8b,0.00027623328838035933,0.00390625
decoders,linear,without_drove,9,0.30548279813675566,0.3500570192994469,9,0,0.0676555856746263,0.4406643527683113,0.2885851038078112,0.33521119969452184,llama-2-7b,llama-3.1-8b,0.000266731561721557,0.00390625
decoders,quadratic,without_drove,9,0.21184863046170596,0.21159295205686207,9,0,0.06676865933730092,0.36398960909568173,0.19283100813245901,0.2299836268522566,llama-2-7b,llama-3.1-8b,0.00027737827418801566,0.00390625
decoders,linear,without_earn,9,0.3052066943392612,0.3494790608625702,9,0,0.06798055793974961,0.44049774147467063,0.28829531344733506,0.33485996138920016,llama-2-7b,llama-3.1-8b,0.0002636471398116141,0.00390625
decoders,quadratic,without_earn,9,0.21214782649750058,0.212115407814652,9,0,0.06715537517851594,0.3642353986707774,0.193136879975841,0.23027188291237366,llama-2-7b,llama-3.1-8b,0.0002727187927621366,0.00390625
decoders,linear,without_eat,9,0.3049473049773933,0.3487542926493579,9,0,0.0680088740341487,0.43993717365323065,0.2880735713929137,0.3345646088452989,llama-2-7b,llama-3.1-8b,0.0002631470643624401,0.00390625
decoders,quadratic,without_eat,9,0.21160552191062004,0.21096853705038168,9,0,0.06715345074565142,0.3636060913574846,0.19260545072976196,0.2296620308062411,llama-2-7b,llama-3.1-8b,0.00027447401048600895,0.00390625
decoders,linear,without_emerged,9,0.3055987759037416,0.35005516709196693,9,0,0.06832487006123884,0.4401211707437707,0.2887834765487379,0.3352580141340544,llama-2-7b,llama-3.1-8b,0.0002612627630080473,0.00390625
decoders,quadratic,without_emerged,9,0.2119888906472177,0.21168471794829205,9,0,0.06745440769748713,0.363745341744599,0.19301933426004508,0.23005570101593406,llama-2-7b,llama-3.1-8b,0.00027053994040052474,0.00390625
decoders,linear,without_evil,9,0.3051826521768917,0.34955486904375044,9,0,0.06812577096448595,0.4396371396333032,0.2883758412448403,0.33481476232844243,llama-2-7b,llama-3.1-8b,0.0002627493215230888,0.00390625
decoders,quadratic,without_evil,9,0.21167074137239866,0.21151738778318357,9,0,0.06723761468663654,0.363242658481038,0.19272425173381874,0.22972488220811893,llama-2-7b,llama-3.1-8b,0.0002718592891697919,0.00390625
decoders,linear,without_examined,9,0.3046811125017725,0.3490414382858099,9,0,0.0672755525209527,0.4397734873992402,0.287794565639589,0.3343568074993749,llama-2-7b,llama-3.1-8b,0.0002675164120915845,0.00390625
decoders,quadratic,without_examined,9,0.21129854709895854,0.2110094992095978,9,0,0.06638954487193319,0.36308907435863536,0.19232473119149893,0.2294121723773367,llama-2-7b,llama-3.1-8b,0.0002777675140604529,0.00390625
decoders,linear,without_extended,9,0.3046817057931108,0.34886848539571363,9,0,0.06751273624249413,0.4395371742353042,0.2878247722378366,0.33432782698693786,llama-2-7b,llama-3.1-8b,0.0002657187404488272,0.00390625
decoders,quadratic,without_extended,9,0.21131073870350242,0.21134423166204655,9,0,0.06662673127744735,0.3630050307076081,0.19234895220298923,0.2293962396317593,llama-2-7b,llama-3.1-8b,0.00027619656002169344,0.00390625
decoders,linear,without_factor,9,0.30535207657073915,0.3496305212542689,9,0,0.06783755952702882,0.4404873677840307,0.2884601651690777,0.3350413912012029,llama-2-7b,llama-3.1-8b,0.00026431150198289637,0.00390625
decoders,quadratic,without_factor,9,0.2120865713566642,0.21198708738170005,9,0,0.06694008425551513,0.3643173636406563,0.1930577223211652,0.23022988224430785,llama-2-7b,llama-3.1-8b,0.00027611250542027786,0.00390625
decoders,linear,without_faith,9,0.30522832520763443,0.34954547736529545,9,0,0.06758440969480557,0.44011103436898596,0.28836798656246543,0.334933814646738,llama-2-7b,llama-3.1-8b,0.00026607621673917085,0.00390625
decoders,quadratic,without_faith,9,0.21190448502992495,0.2119197026452211,9,0,0.06653481837441265,0.36379468454366665,0.19291821009070725,0.230075693361864,llama-2-7b,llama-3.1-8b,0.00027722501669976465,0.00390625
decoders,linear,without_features,9,0.30499048092493175,0.3491244454491284,9,0,0.06826012264753559,0.43995731255887066,0.2881196269706894,0.33458177570960623,llama-2-7b,llama-3.1-8b,0.0002618090327421726,0.00390625
decoders,quadratic,without_features,9,0.2115546307146076,0.21099057738300686,9,0,0.06737294437659513,0.36339679605849967,0.1925743600466211,0.22957734150685916,llama-2-7b,llama-3.1-8b,0.00027226822833315977,0.00390625
decoders,linear,without_feeding,9,0.3050260784216094,0.349263442140163,9,0,0.0679765615017062,0.4400338315552075,0.2881501092799096,0.33465726803659723,llama-2-7b,llama-3.1-8b,0.00026423559995858583,0.00390625
decoders,quadratic,without_feeding,9,0.21162135978047214,0.21141552092709703,9,0,0.0670979501020051,0.36334499291752737,0.19265590563834026,0.22968678599028053,llama-2-7b,llama-3.1-8b,0.00027358493102571117,0.00390625
decoders,linear,without_flesh,9,0.30497249444955454,0.3492778832174439,9,0,0.06815239369776503,0.4400599034666305,0.2880865683224201,0.3345750070435282,llama-2-7b,llama-3.1-8b,0.0002622401437884877,0.00390625
decoders,quadratic,without_flesh,9,0.21153393110921828,0.2110232998340474,9,0,0.06726275694741203,0.36349090483296903,0.19253930939374947,0.22956782787944408,llama-2-7b,llama-3.1-8b,0.000272943037312893,0.00390625
decoders,linear,without_fraction,9,0.30492284219316235,0.3489692841538054,9,0,0.06776395338132125,0.44018818182130875,0.2880146747396441,0.33456770329464247,llama-2-7b,llama-3.1-8b,0.00026517231334837593,0.00390625
decoders,quadratic,without_fraction,9,0.2116742696360231,0.21126284478157212,9,0,0.06681539081373288,0.3637304835449749,0.19266724289740417,0.22978162948880942,llama-2-7b,llama-3.1-8b,0.0002761157587063245,0.00390625
decoders,linear,without_frequencies,9,0.304940207698415,0.3489082522001152,9,0,0.0683032501450277,0.4397649722194712,0.28808711213328303,0.33451982739258845,llama-2-7b,llama-3.1-8b,0.0002615319667800748,0.00390625
decoders,quadratic,without_frequencies,9,0.2116956060296461,0.21119826148431872,9,0,0.0674628458306426,0.3634479477929574,0.1927265633092322,0.22972470105452156,llama-2-7b,llama-3.1-8b,0.00027095917468057993,0.00390625
decoders,linear,without_generation,9,0.30524115426387327,0.34926414830711155,9,0,0.06838366434479227,0.4401485378545687,0.2883777313150364,0.33484834050375845,llama-2-7b,llama-3.1-8b,0.00026054325276437564,0.00390625
decoders,quadratic,without_generation,9,0.21219705753078702,0.21219754016849043,9,0,0.06757058220027057,0.3641224138157059,0.19320638799517215,0.23027536694710155,llama-2-7b,llama-3.1-8b,0.0002689838538064781,0.00390625
decoders,linear,without_government,9,0.30470176295416873,0.3489387089525869,9,0,0.06773688122806842,0.43943826547041487,0.28785970013963796,0.3343223731699313,llama-2-7b,llama-3.1-8b,0.00026441923566964635,0.00390625
decoders,quadratic,without_government,9,0.2113238796301919,0.2111546096706375,9,0,0.06685233993373617,0.36294068364483284,0.1923717791283618,0.22938282209224886,llama-2-7b,llama-3.1-8b,0.00027414748761355276,0.00390625
decoders,linear,without_granted,9,0.30539784364366707,0.3496568932164971,9,0,0.0686253145210404,0.44053970942565934,0.28850511042091803,0.3349944097839954,llama-2-7b,llama-3.1-8b,0.00026060272171011975,0.00390625
decoders,quadratic,without_granted,9,0.21202242327615353,0.21197843049429796,9,0,0.06774579218667702,0.36391120211033795,0.1930363259218805,0.2300570021623381,llama-2-7b,llama-3.1-8b,0.000269296644969855,0.00390625
decoders,linear,without_greek,9,0.3050407522216815,0.3490824378945641,9,0,0.06823080077542505,0.4397229586020375,0.28820547642413696,0.33464199615246354,llama-2-7b,llama-3.1-8b,0.0002617947262352518,0.00390625
decoders,quadratic,without_greek,9,0.21180305444045322,0.21140133334165812,9,0,0.06738164846979583,0.36323724402749047,0.1928737807420736,0.2298557301867854,llama-2-7b,llama-3.1-8b,0.00027027008344617757,0.00390625
decoders,linear,without_head,9,0.304546900955454,0.34878234586579493,9,0,0.06751477881795884,0.43929427227955065,0.2877034795399419,0.33417591622264087,llama-2-7b,llama-3.1-8b,0.00026601194970694766,0.00390625
decoders,quadratic,without_head,9,0.2111223688830909,0.21089350319942704,9,0,0.0666296580871413,0.36275539047678496,0.19216824118387918,0.22918395773258463,llama-2-7b,llama-3.1-8b,0.0002766395406672351,0.00390625
decoders,linear,without_honor,9,0.30484533972000094,0.3491407175494565,9,0,0.06789430959946827,0.4399851293848745,0.28795286601189174,0.3344642184850675,llama-2-7b,llama-3.1-8b,0.00026459754765271976,0.00390625
decoders,quadratic,without_honor,9,0.21116107000849355,0.21077402398378708,9,0,0.06689411806604013,0.3630605595352082,0.1921736338176542,0.2291944390013002,llama-2-7b,llama-3.1-8b,0.0002761596030933575,0.00390625
decoders,linear,without_horizon,9,0.30482908279008014,0.34898062920515655,9,0,0.06797669784882905,0.43964614380461453,0.2879769501632634,0.3344356309077366,llama-2-7b,llama-3.1-8b,0.0002633347104194197,0.00390625
decoders,quadratic,without_horizon,9,0.2115586161189089,0.2114459658571408,9,0,0.06710850841987935,0.3632599858843794,0.19259594489822507,0.22961487958128757,llama-2-7b,llama-3.1-8b,0.0002726647636610728,0.00390625
decoders,linear,without_host,9,0.30492335734644743,0.3490775046053603,9,0,0.06795998637777353,0.43980413356600506,0.28806326031900276,0.33454377871753166,llama-2-7b,llama-3.1-8b,0.0002638796712481219,0.00390625
decoders,quadratic,without_host,9,0.21181681007379008,0.21122444920051497,9,0,0.06710272535797393,0.36359817593972765,0.1928441393405479,0.2299060706632671,llama-2-7b,llama-3.1-8b,0.000274128004139508,0.00390625
decoders,linear,without_hurry,9,0.3051849105858624,0.34924438248877804,9,0,0.0675599469844154,0.4403940889764766,0.28828376328703564,0.33488803103604325,llama-2-7b,llama-3.1-8b,0.0002664522000308336,0.00390625
decoders,quadratic,without_hurry,9,0.21186602147246755,0.2117813975496496,9,0,0.06658152864393754,0.3643216887128719,0.19280906306741702,0.2300265830760338,llama-2-7b,llama-3.1-8b,0.0002786086515478018,0.00390625
decoders,linear,without_identified,9,0.3050721279717244,0.3496030819056659,9,0,0.06861216278611926,0.43954978574588793,0.28826242074995395,0.33462962361992504,llama-2-7b,llama-3.1-8b,0.00026072822069201474,0.00390625
decoders,quadratic,without_identified,9,0.21159676771229885,0.21139802017018922,9,0,0.06772678786802476,0.36309218560119977,0.19265984047618623,0.2295805151928331,llama-2-7b,llama-3.1-8b,0.00026908623510946367,0.00390625
decoders,linear,without_illusion,9,0.30514573440152176,0.3491164652190611,9,0,0.06805105578074705,0.4399194280238622,0.2882990226987292,0.3347825692291186,llama-2-7b,llama-3.1-8b,0.000262611028495242,0.00390625
decoders,quadratic,without_illusion,9,0.21184670170282316,0.21227554700717313,9,0,0.06716253038173578,0.36350808949012053,0.192889028229411,0.22993222311795908,llama-2-7b,llama-3.1-8b,0.00027001678099323583,0.00390625
decoders,linear,without_illustrated,9,0.3047884622298542,0.348785868322445,9,0,0.06802700590905691,0.43958638383017856,0.28793872202981363,0.3343836442699538,llama-2-7b,llama-3.1-8b,0.00026280642863588664,0.00390625
decoders,quadratic,without_illustrated,9,0.2114084443836428,0.2109723475215413,9,0,0.0671656230343474,0.36311401261802906,0.1924452483543445,0.22943879705230474,llama-2-7b,llama-3.1-8b,0.00027262286105388334,0.00390625
decoders,linear,without_image,9,0.3055085856579468,0.34961491263172995,9,0,0.06862017452953051,0.4404362431950182,0.2886426284658129,0.33511963704899883,llama-2-7b,llama-3.1-8b,0.0002597303398189549,0.00390625
decoders,quadratic,without_image,9,0.21209068657832417,0.2117931633850087,9,0,0.0677392869165191,0.36397212316049177,0.19310550700555318,0.23013461153604975,llama-2-7b,llama-3.1-8b,0.0002686985040947487,0.00390625
decoders,linear,without_imagine,9,0.3049132628238561,0.34920379126295187,9,0,0.06716486161335296,0.4401594482073693,0.28800748965091705,0.3346318129751691,llama-2-7b,llama-3.1-8b,0.00026895101526705235,0.00390625
decoders,quadratic,without_imagine,9,0.211349102118436,0.21110812638707527,9,0,0.06623988188157479,0.363356838742859,0.1923481350403831,0.22948775464804363,llama-2-7b,llama-3.1-8b,0.0002806191078850138,0.00390625
decoders,linear,without_immediately,9,0.3051001098428865,0.34927314200290727,9,0,0.06807404782421726,0.4398599175216243,0.28825513388304425,0.3347283675952202,llama-2-7b,llama-3.1-8b,0.0002623748115175647,0.00390625
decoders,quadratic,without_immediately,9,0.21209316442864376,0.21221517642212823,9,0,0.06731459634235167,0.3637251948796586,0.19313916062226688,0.23019048543943027,llama-2-7b,llama-3.1-8b,0.00027067219330558986,0.00390625
decoders,linear,without_impressed,9,0.3052235719391515,0.3495597391416468,9,0,0.06773179784726074,0.44016484027388153,0.2883559133973102,0.3349100437006378,llama-2-7b,llama-3.1-8b,0.00026523941936977666,0.00390625
decoders,quadratic,without_impressed,9,0.2118714073806915,0.21173500336629153,9,0,0.06679714237915067,0.3642398156647412,0.19282535634518527,0.2300056905058841,llama-2-7b,llama-3.1-8b,0.00027747277934127046,0.00390625
decoders,linear,without_injury,9,0.30491210701245325,0.3490394050008436,9,0,0.06773939491665333,0.4398388791473317,0.28804626049559345,0.3345586960244283,llama-2-7b,llama-3.1-8b,0.000264737808965261,0.00390625
decoders,quadratic,without_injury,9,0.2117955131552257,0.21188870680712382,9,0,0.06669758617621228,0.36365597168558833,0.19281295583893038,0.22993275402760238,llama-2-7b,llama-3.1-8b,0.000275897665822377,0.00390625
decoders,linear,without_inspired,9,0.30540415482730526,0.34989438183172195,9,0,0.06724271034412137,0.4407075398935784,0.28849123169402113,0.33517433538770325,llama-2-7b,llama-3.1-8b,0.00026922262294074787,0.00390625
decoders,quadratic,without_inspired,9,0.21179362902157053,0.2117595445901172,9,0,0.06634850968563857,0.36404124441856717,0.19276267709694594,0.22997426893856202,llama-2-7b,llama-3.1-8b,0.0002807114247498524,0.00390625
decoders,linear,without_issue,9,0.3046998116442289,0.34904452804190944,9,0,0.06756164866865041,0.4394542916914895,0.2878555016383213,0.3343420820161762,llama-2-7b,llama-3.1-8b,0.00026593088751112806,0.00390625
decoders,quadratic,without_issue,9,0.21128908236847888,0.21084763246734323,9,0,0.06667614584458267,0.3629723990363479,0.19232866778499524,0.2293656994339659,llama-2-7b,llama-3.1-8b,0.00027686219741993024,0.00390625
decoders,linear,without_jumped,9,0.3055785750030646,0.3501394552880809,9,0,0.06790799342837707,0.4408233766075561,0.2886729748025032,0.33528739769990057,llama-2-7b,llama-3.1-8b,0.0002655139704902272,0.00390625
decoders,quadratic,without_jumped,9,0.21186311122622412,0.21141362478425657,9,0,0.06701344008532016,0.36409973649814525,0.192833533067234,0.22996932011883714,llama-2-7b,llama-3.1-8b,0.0002766141921483722,0.00390625
decoders,linear,without_killing,9,0.3049916140809145,0.34933155849117015,9,0,0.06797504624361839,0.44033057424544947,0.2880742440603476,0.33461868506057646,llama-2-7b,llama-3.1-8b,0.0002652695800727069,0.00390625
decoders,quadratic,without_killing,9,0.21140390871093456,0.21091527956900763,9,0,0.06707848777119693,0.3635705846385651,0.19238307421998072,0.22944458632840176,llama-2-7b,llama-3.1-8b,0.00027696999768120947,0.00390625
decoders,linear,without_knife,9,0.3051436889353515,0.34930645846125863,9,0,0.0676969586127407,0.440544722273716,0.288218559768056,0.3348245302256779,llama-2-7b,llama-3.1-8b,0.00026635585504529376,0.00390625
decoders,quadratic,without_knife,9,0.21182611457222608,0.21171151942842692,9,0,0.0668019389545382,0.36424513306437095,0.19277373726070796,0.22995413652443708,llama-2-7b,llama-3.1-8b,0.0002781786830618292,0.00390625
decoders,linear,without_legs,9,0.3046980719317325,0.34888926082435767,9,0,0.06759186427434156,0.4395097604748676,0.28784661086384067,0.3343363478889064,llama-2-7b,llama-3.1-8b,0.0002653854472022674,0.00390625
decoders,quadratic,without_legs,9,0.2113265578722315,0.21112991108926948,9,0,0.06668494117284862,0.36303833253187945,0.19236258603977552,0.22940675995965437,llama-2-7b,llama-3.1-8b,0.00027627563830372854,0.00390625
decoders,linear,without_located,9,0.3046228057135696,0.34878032276239407,9,0,0.06772308869034961,0.4393414243491869,0.2877829783841174,0.3342352703414721,llama-2-7b,llama-3.1-8b,0.00026544480250876966,0.00390625
decoders,quadratic,without_located,9,0.21124055489897198,0.21120463471688955,9,0,0.06683953055984061,0.36278923609511377,0.19229696974945426,0.2292906829413634,llama-2-7b,llama-3.1-8b,0.0002757456278112001,0.00390625
decoders,linear,without_maximum,9,0.3053588219574162,0.3498062297659488,9,0,0.06768527051475214,0.4405593584753168,0.2884587548926786,0.33506801588774915,llama-2-7b,llama-3.1-8b,0.0002669511099516939,0.00390625
decoders,quadratic,without_maximum,9,0.2115325514096843,0.21122395855816767,9,0,0.06648424609349657,0.3636675458994142,0.19251567709846806,0.22966358957420777,llama-2-7b,llama-3.1-8b,0.0002803520272413702,0.00390625
decoders,linear,without_metal,9,0.30535167901691496,0.3495558802355334,9,0,0.06817068756699785,0.4405644317034656,0.28845008493109614,0.3349993029481546,llama-2-7b,llama-3.1-8b,0.00026289598596593777,0.00390625
decoders,quadratic,without_metal,9,0.21205867335972847,0.21162867754257156,9,0,0.0674305733414059,0.3640656961588771,0.19305779550983493,0.2301371858620188,llama-2-7b,llama-3.1-8b,0.0002713285101325132,0.00390625
decoders,linear,without_nature,9,0.30460830402517725,0.348835735152894,9,0,0.06748473493778331,0.4393493286188085,0.2877656759509733,0.33424875016110145,llama-2-7b,llama-3.1-8b,0.00026597888574212276,0.00390625
decoders,quadratic,without_nature,9,0.21117879837176168,0.2109272424745688,9,0,0.06655763219741183,0.36279018572673033,0.19222737495239056,0.2292564441435554,llama-2-7b,llama-3.1-8b,0.00027714121055761665,0.00390625
decoders,linear,without_newspapers,9,0.3052501605329782,0.3494376148972038,9,0,0.06766205286340503,0.4402784541764995,0.288371623827538,0.33494867399167483,llama-2-7b,llama-3.1-8b,0.00026557030568276634,0.00390625
decoders,quadratic,without_newspapers,9,0.21187435455582895,0.21189563036970677,9,0,0.06671318906832906,0.3640400483135389,0.19285364283611522,0.23001950024176646,llama-2-7b,llama-3.1-8b,0.0002764776714902114,0.00390625
decoders,linear,without_nuclear,9,0.3048052840795451,0.3491538757477658,9,0,0.06760646522583338,0.439668505715992,0.28794738137498926,0.33445513643625907,llama-2-7b,llama-3.1-8b,0.00026568888375531327,0.00390625
decoders,quadratic,without_nuclear,9,0.21149358638265991,0.21154576187614388,9,0,0.06671555092033911,0.36325108299343717,0.19252389930631275,0.22959084081545,llama-2-7b,llama-3.1-8b,0.0002759378387562995,0.00390625
decoders,linear,without_off,9,0.3047518417557178,0.34883589294008205,9,0,0.06792812835870018,0.4395631476624243,0.2879004285173794,0.33435480593034494,llama-2-7b,llama-3.1-8b,0.00026345200626534383,0.00390625
decoders,quadratic,without_off,9,0.21137310499167983,0.21114715716600466,9,0,0.06704890418688185,0.363049846523046,0.19241351230025905,0.22941363009227955,llama-2-7b,llama-3.1-8b,0.0002734162888139207,0.00390625
decoders,linear,without_on,9,0.3047237264563352,0.348982403436357,9,0,0.06788463658777887,0.43936983876267743,0.28789296241804246,0.33432861268990477,llama-2-7b,llama-3.1-8b,0.0002636750778881986,0.00390625
decoders,quadratic,without_on,9,0.21133446062628003,0.21096925771015396,9,0,0.06700103189796587,0.362839476249513,0.19239633367337589,0.22937613921731928,llama-2-7b,llama-3.1-8b,0.00027317763024164163,0.00390625
decoders,linear,without_operation,9,0.3046946576488217,0.3488659643060723,9,0,0.06761192886220813,0.4394595120177534,0.28784905085270523,0.3343299987471484,llama-2-7b,llama-3.1-8b,0.00026514947065572187,0.00390625
decoders,quadratic,without_operation,9,0.21130699411086334,0.21110726682627315,9,0,0.06665946858153121,0.3629346509055601,0.19235353701152624,0.22938793480202985,llama-2-7b,llama-3.1-8b,0.0002760285583643868,0.00390625
decoders,linear,without_oppose,9,0.3055451374490694,0.3494247343820911,9,0,0.0682579994358003,0.4408338196710433,0.2886340521713227,0.3352060297007281,llama-2-7b,llama-3.1-8b,0.00026304612340951597,0.00390625
decoders,quadratic,without_oppose,9,0.21210497238548412,0.21219417916122787,9,0,0.06743391871586041,0.3641319602483504,0.19310159890262585,0.2301888540941871,llama-2-7b,llama-3.1-8b,0.00027059718318626127,0.00390625
decoders,linear,without_otherwise,9,0.3048304250816526,0.349092762315387,9,0,0.0679603556084045,0.43985389806981495,0.2879524909581323,0.3344391837658086,llama-2-7b,llama-3.1-8b,0.00026399807436808855,0.00390625
decoders,quadratic,without_otherwise,9,0.21137456784945122,0.21109831672053636,9,0,0.06705916090345472,0.36326205344067125,0.1923886321505487,0.22941399371770077,llama-2-7b,llama-3.1-8b,0.00027425130853572956,0.00390625
decoders,linear,without_outlook,9,0.3048356539041057,0.34899229305720836,9,0,0.06774761959165151,0.439966395899522,0.28794431115467867,0.3344716581931625,llama-2-7b,llama-3.1-8b,0.00026515320644120757,0.00390625
decoders,quadratic,without_outlook,9,0.21152716946946612,0.21126146874747162,9,0,0.06683427615899812,0.3636633566973071,0.192510146065986,0.2296137811332746,llama-2-7b,llama-3.1-8b,0.00027712290553299286,0.00390625
decoders,linear,without_path,9,0.30505006753176017,0.3491566110700362,9,0,0.06789961785521123,0.4398324755739419,0.28820226652648745,0.33469387374132875,llama-2-7b,llama-3.1-8b,0.00026365638268949074,0.00390625
decoders,quadratic,without_path,9,0.2120481249349434,0.21226964644536384,9,0,0.06701206888916202,0.36364185590492104,0.19309890856369621,0.2301776319406661,llama-2-7b,llama-3.1-8b,0.00027292062713484667,0.00390625
decoders,linear,without_peace,9,0.30533004760030497,0.3497968543398762,9,0,0.067369780734972,0.44029369884551134,0.28845959119465425,0.3350750809584717,llama-2-7b,llama-3.1-8b,0.00026821417509444384,0.00390625
decoders,quadratic,without_peace,9,0.21177099268966268,0.21191326576873,9,0,0.06647065006408316,0.36368542711033336,0.19278168838707888,0.2299335355178601,llama-2-7b,llama-3.1-8b,0.00027851860318348044,0.00390625
decoders,linear,without_physical,9,0.30488492514345494,0.34921509296029524,9,0,0.06789568475414505,0.4397237625205487,0.28803007047131823,0.33450858019211865,llama-2-7b,llama-3.1-8b,0.0002638948467052024,0.00390625
decoders,quadratic,without_physical,9,0.2115816720784406,0.2114745511156442,9,0,0.06701362996148677,0.36330360397040495,0.19261643059194505,0.22965267734305983,llama-2-7b,llama-3.1-8b,0.0002737587770183335,0.00390625
decoders,linear,without_place,9,0.30465663864513426,0.348744527021172,9,0,0.06775070500660174,0.439441188608589,0.2878085698997024,0.33426988034995075,llama-2-7b,llama-3.1-8b,0.0002647246310836673,0.00390625
decoders,quadratic,without_place,9,0.21124273696590729,0.21081604086455094,9,0,0.06686346311462418,0.36284835254385167,0.19229203501866426,0.2292901461973177,llama-2-7b,llama-3.1-8b,0.0002750592333061788,0.00390625
decoders,linear,without_plans,9,0.30481027760736484,0.34883470984417464,9,0,0.06792200866663937,0.43965872448397353,0.28795422174778873,0.3344213112249555,llama-2-7b,llama-3.1-8b,0.00026320264313526816,0.00390625
decoders,quadratic,without_plans,9,0.21145983658320727,0.21117423950976574,9,0,0.06705120613309218,0.36325500666981025,0.19248544032238185,0.2295109153894716,llama-2-7b,llama-3.1-8b,0.0002729703934549833,0.00390625
decoders,linear,without_plenty,9,0.3053676000690185,0.349869870161401,9,0,0.06831143147545005,0.4401206254680779,0.2885234718941361,0.3349996211432145,llama-2-7b,llama-3.1-8b,0.00026333670435162556,0.00390625
decoders,quadratic,without_plenty,9,0.2119848240881007,0.21172817686783674,9,0,0.06752374736089256,0.36395939458257687,0.1929880027762912,0.23004245867900175,llama-2-7b,llama-3.1-8b,0.0002720414270781258,0.00390625
decoders,linear,without_preserve,9,0.3052068889101227,0.3496590085902641,9,0,0.06761558323134444,0.44020174786669347,0.2883325315405513,0.3349058021199699,llama-2-7b,llama-3.1-8b,0.0002672965014685802,0.00390625
decoders,quadratic,without_preserve,9,0.2114518450417221,0.21147723370514754,9,0,0.06655289124580553,0.36323121790608454,0.1924794234336768,0.22956421426621165,llama-2-7b,llama-3.1-8b,0.0002775901797428801,0.00390625
decoders,linear,without_president,9,0.30508101484324557,0.34906915135001865,9,0,0.06790732340717182,0.44020131525722733,0.28819097729149784,0.33472772627275477,llama-2-7b,llama-3.1-8b,0.0002636583571086464,0.00390625
decoders,quadratic,without_president,9,0.21200344540300856,0.21178483517674376,9,0,0.06703633832262218,0.36401306433913944,0.19300224303599223,0.23012433378805688,llama-2-7b,llama-3.1-8b,0.00027354640446126233,0.00390625
decoders,linear,without_pretending,9,0.3055168765053348,0.3494152547341856,9,0,0.06825030198705426,0.44074565061974375,0.2886132797410337,0.3351751983201199,llama-2-7b,llama-3.1-8b,0.0002624074530200453,0.00390625
decoders,quadratic,without_pretending,9,0.2119533265472412,0.2116067154878772,9,0,0.06739785978547912,0.3639001740762127,0.19295997060611975,0.23002275989246146,llama-2-7b,llama-3.1-8b,0.0002711013461516903,0.00390625
decoders,linear,without_principles,9,0.30490699409959343,0.3492232409165933,9,0,0.06793499948032959,0.43968920940872014,0.28805921718595257,0.3345284934270014,llama-2-7b,llama-3.1-8b,0.0002634803256551778,0.00390625
decoders,quadratic,without_principles,9,0.2116728850102722,0.21168169969001038,9,0,0.06707325821385915,0.3633348851582815,0.19271513499177106,0.22974783835982385,llama-2-7b,llama-3.1-8b,0.0002725955918096244,0.00390625
decoders,linear,without_proceed,9,0.30540943415126975,0.3495768151419037,9,0,0.06842243579990294,0.4405563470363003,0.28851607004064095,0.3350328089451906,llama-2-7b,llama-3.1-8b,0.0002610727069117638,0.00390625
decoders,quadratic,without_proceed,9,0.21200414650988797,0.21164551768990286,9,0,0.06758235105890471,0.36412301722424484,0.19298928767059337,0.23005687094126087,llama-2-7b,llama-3.1-8b,0.00027117669255198845,0.00390625
decoders,linear,without_profession,9,0.30472197804989837,0.34899638174040487,9,0,0.06753952202840201,0.4395128198055903,0.28787312283043687,0.3343697850525854,llama-2-7b,llama-3.1-8b,0.00026591608135939296,0.00390625
decoders,quadratic,without_profession,9,0.21138738983675445,0.21130059013961408,9,0,0.06659604507555908,0.3630426465685524,0.19243048274527974,0.22948630793190392,llama-2-7b,llama-3.1-8b,0.0002765968662432757,0.00390625
decoders,linear,without_project,9,0.3046556824778277,0.348689927029994,9,0,0.06772869356653402,0.43950114919049565,0.28779999913874427,0.3342715560917395,llama-2-7b,llama-3.1-8b,0.0002647334285125941,0.00390625
decoders,quadratic,without_project,9,0.21125186377997843,0.21072517823484654,9,0,0.06684517084988506,0.3630273517521349,0.19227992778345887,0.22930270039624012,llama-2-7b,llama-3.1-8b,0.00027589164777853427,0.00390625
decoders,linear,without_provided,9,0.30547493742222287,0.3497259942688195,9,0,0.06777137677549792,0.4408393086141459,0.28855439102323255,0.33518788250306353,llama-2-7b,llama-3.1-8b,0.00026615451519936624,0.00390625
decoders,quadratic,without_provided,9,0.21213111220343736,0.21171283321331558,9,0,0.06688802837258867,0.3644528945365565,0.19309088941179747,0.23028649768229342,llama-2-7b,llama-3.1-8b,0.0002776316657862399,0.00390625
decoders,linear,without_quantity,9,0.3049113246365071,0.3489793424891006,9,0,0.06817711231921204,0.4396532832016296,0.2880685798158668,0.334503101176169,llama-2-7b,llama-3.1-8b,0.0002620669506443546,0.00390625
decoders,quadratic,without_quantity,9,0.21163241170668612,0.21138809668004044,9,0,0.06731500292709175,0.363271838518672,0.1926774833551879,0.22967208780413542,llama-2-7b,llama-3.1-8b,0.00027112218366164416,0.00390625
decoders,linear,without_quietly,9,0.3046876959393275,0.34913387475535496,9,0,0.06740161038734199,0.43943145833277025,0.2878447256401471,0.33434845663332563,llama-2-7b,llama-3.1-8b,0.00026599963634490087,0.00390625
decoders,quadratic,without_quietly,9,0.21117550493579584,0.21079954198062784,9,0,0.06646942850730982,0.36286782054214467,0.19221396548500225,0.2292637644893566,llama-2-7b,llama-3.1-8b,0.00027735882639057013,0.00390625
decoders,linear,without_range,9,0.3046633328389664,0.34877843136733816,9,0,0.06813004237821807,0.43929526382583006,0.28783434146560843,0.33422999414655996,llama-2-7b,llama-3.1-8b,0.00026321395720769683,0.00390625
decoders,quadratic,without_range,9,0.2112344855545341,0.21094364871524285,9,0,0.06723980967585826,0.36276365894966933,0.19229333888014216,0.22923382003936854,llama-2-7b,llama-3.1-8b,0.0002730828144488481,0.00390625
decoders,linear,without_reaction,9,0.3049666010510419,0.3490339476252618,9,0,0.06799453507073769,0.44002613903250837,0.2880841588033586,0.33458810929857985,llama-2-7b,llama-3.1-8b,0.0002638410060562688,0.00390625
decoders,quadratic,without_reaction,9,0.2115954716957418,0.21101679751020586,9,0,0.06712866715071555,0.3635358584406946,0.1926029233526227,0.2296538222638701,llama-2-7b,llama-3.1-8b,0.00027480166406486145,0.00390625
decoders,linear,without_recognition,9,0.30459029862172604,0.34884247107087624,9,0,0.06734353819797173,0.4394047062611218,0.2877384976668015,0.3342461436746953,llama-2-7b,llama-3.1-8b,0.00026701322843360013,0.00390625
decoders,quadratic,without_recognition,9,0.21119896336403224,0.21094579810331657,9,0,0.06641977368587762,0.3629052932488404,0.19223567212843123,0.22929636207380158,llama-2-7b,llama-3.1-8b,0.000278171768172976,0.00390625
decoders,linear,without_record,9,0.304881537076334,0.3489743373100793,9,0,0.0680825358689765,0.43984154112841384,0.288011536569824,0.33448141222725364,llama-2-7b,llama-3.1-8b,0.0002634594191040094,0.00390625
decoders,quadratic,without_record,9,0.2113442700763105,0.21078391243301745,9,0,0.06719638297737414,0.363174418976965,0.1923655014637287,0.22936275596367756,llama-2-7b,llama-3.1-8b,0.0002743444521395671,0.00390625
decoders,linear,without_recording,9,0.30515196270134726,0.34954817410969574,9,0,0.06778503554162156,0.4399340299118239,0.28830420430003767,0.33482282859631296,llama-2-7b,llama-3.1-8b,0.00026419053077192,0.00390625
decoders,quadratic,without_recording,9,0.21212686407599846,0.21218008430931903,9,0,0.06678759550614138,0.3639041489749028,0.19315470346363536,0.23029427264723054,llama-2-7b,llama-3.1-8b,0.00027504199842629077,0.00390625
decoders,linear,without_research,9,0.30504325066174093,0.34933836577851685,9,0,0.06801106644127573,0.44002778843337925,0.2881701834402862,0.33467227368929914,llama-2-7b,llama-3.1-8b,0.0002634308943300085,0.00390625
decoders,quadratic,without_research,9,0.21199285701036885,0.2121816605297262,9,0,0.06716202858862336,0.36391017375149987,0.1930031924177275,0.23009671056308706,llama-2-7b,llama-3.1-8b,0.0002726276497399978,0.00390625
decoders,linear,without_resist,9,0.30571465776997186,0.3500485194736603,9,0,0.0678255313245521,0.4411100032087804,0.2887902395901208,0.3354507985756493,llama-2-7b,llama-3.1-8b,0.0002657808346566529,0.00390625
decoders,quadratic,without_resist,9,0.2121295314239336,0.21213260785153273,9,0,0.06681684710374425,0.364535290186773,0.19307881157857865,0.23029361696395725,llama-2-7b,llama-3.1-8b,0.0002772724154077375,0.00390625
decoders,linear,without_rest,9,0.3045083493634731,0.34877389540539216,9,0,0.06754392842802356,0.4392803478217174,0.28766184955619256,0.33412890198040424,llama-2-7b,llama-3.1-8b,0.0002659470794460411,0.00390625
decoders,quadratic,without_rest,9,0.2110384691429975,0.21070229416365918,9,0,0.06662384795209053,0.36274243047120375,0.19207547397697172,0.22909029679186088,llama-2-7b,llama-3.1-8b,0.0002775275037212525,0.00390625
decoders,linear,without_reviewed,9,0.3054634109796392,0.34986787971943434,9,0,0.0679486608114519,0.4405940005463751,0.28857208728379724,0.33515275475066264,llama-2-7b,llama-3.1-8b,0.00026488264231215824,0.00390625
decoders,quadratic,without_reviewed,9,0.21181313368599308,0.21186784595211128,9,0,0.06706577500632281,0.3634940891277616,0.192853014255772,0.22990655352095185,llama-2-7b,llama-3.1-8b,0.00027505238895216574,0.00390625
decoders,linear,without_rode,9,0.30489760878515376,0.34911403887902465,9,0,0.0677754109554246,0.4396630195872009,0.2880519324348979,0.3345378835138699,llama-2-7b,llama-3.1-8b,0.00026420243461042735,0.00390625
decoders,quadratic,without_rode,9,0.21166594543513687,0.2115179801038704,9,0,0.06689225612650647,0.3632828698543697,0.19271382988273275,0.22976265659871564,llama-2-7b,llama-3.1-8b,0.0002732550177592186,0.00390625
decoders,linear,without_rock,9,0.30533195293620674,0.34970373926300397,9,0,0.0683678297022482,0.4401507585816253,0.28847960223052943,0.33495246834045156,llama-2-7b,llama-3.1-8b,0.0002617849998082637,0.00390625
decoders,quadratic,without_rock,9,0.21210457060673096,0.21207123616169593,9,0,0.06756387031645436,0.3636733449959891,0.1931584738080737,0.23017215814301553,llama-2-7b,llama-3.1-8b,0.0002691374954245297,0.00390625
decoders,linear,without_safe,9,0.3047905776126402,0.3488917650381241,9,0,0.06786667811924336,0.43958822159614613,0.287940872114702,0.3344060650493148,llama-2-7b,llama-3.1-8b,0.0002638349933299767,0.00390625
decoders,quadratic,without_safe,9,0.21146398454996565,0.2109979906544032,9,0,0.0669864100735,0.36316083961010054,0.1925018776674488,0.2295236813595239,llama-2-7b,llama-3.1-8b,0.00027399761794997054,0.00390625
decoders,linear,without_salt,9,0.3052795305012317,0.3500115647875778,9,0,0.06769053913422493,0.4401716568712002,0.2884180147049856,0.33497815442210754,llama-2-7b,llama-3.1-8b,0.00026547172779919285,0.00390625
decoders,quadratic,without_salt,9,0.21178711806093786,0.21134841984689368,9,0,0.06679940260148948,0.36389721954464554,0.1927733553754744,0.2299105824933689,llama-2-7b,llama-3.1-8b,0.000277457024353951,0.00390625
decoders,linear,without_scene,9,0.30462480839032025,0.34885920241504476,9,0,0.06748067256930258,0.43935053805760166,0.28778409218191014,0.3342678253679475,llama-2-7b,llama-3.1-8b,0.00026603684953682786,0.00390625
decoders,quadratic,without_scene,9,0.21118909619267706,0.21107153192627048,9,0,0.06654352301795237,0.36283421434951874,0.19223345642307185,0.22926979283951765,llama-2-7b,llama-3.1-8b,0.00027736478622009066,0.00390625
decoders,linear,without_score,9,0.30497116048289574,0.3491443901756082,9,0,0.06841735142690573,0.43958860516592396,0.2881439798975172,0.3345403866148945,llama-2-7b,llama-3.1-8b,0.0002603791728215399,0.00390625
decoders,quadratic,without_score,9,0.21153483502337658,0.21097758096587874,9,0,0.06753169962394308,0.363167871482311,0.19258070546600978,0.22953522694830575,llama-2-7b,llama-3.1-8b,0.00027013596663646685,0.00390625
decoders,linear,without_self,9,0.3047116808878631,0.34901567561732666,9,0,0.06774311003660478,0.43949385582260225,0.2878639090210207,0.3343327522442704,llama-2-7b,llama-3.1-8b,0.0002652120251889882,0.00390625
decoders,quadratic,without_self,9,0.21124190896154213,0.21097404698482047,9,0,0.06680079564818478,0.362929729797532,0.19228093135704336,0.22929704812571178,llama-2-7b,llama-3.1-8b,0.00027615561590885174,0.00390625
decoders,linear,without_separate,9,0.3045361030356766,0.34869300710179746,9,0,0.06750742238990447,0.4393413462275129,0.287685447636697,0.33416468811639805,llama-2-7b,llama-3.1-8b,0.00026641882598254493,0.00390625
decoders,quadratic,without_separate,9,0.21109096177408807,0.21075148055557674,9,0,0.06662229367807358,0.36281657538717127,0.1921252600724527,0.2291495452860899,llama-2-7b,llama-3.1-8b,0.00027792085232449096,0.00390625
decoders,linear,without_session,9,0.30499605030004856,0.34911624847980066,9,0,0.06775132149115526,0.44006440735202507,0.2881125056685515,0.3346516414011602,llama-2-7b,llama-3.1-8b,0.0002655361173371429,0.00390625
decoders,quadratic,without_session,9,0.2116171398088697,0.21178085810878577,9,0,0.06686389712264953,0.36340431939330436,0.19264374236081538,0.22971129514464728,llama-2-7b,llama-3.1-8b,0.00027584275698464407,0.00390625
decoders,linear,without_shoot,9,0.3053737091890167,0.3499299446230024,9,0,0.06759285400314234,0.44041872357634126,0.2884930823906011,0.335096316087251,llama-2-7b,llama-3.1-8b,0.0002672242906965488,0.00390625
decoders,quadratic,without_shoot,9,0.21177090430163992,0.21161286009944894,9,0,0.06670201525949195,0.3637730008324022,0.1927706422352946,0.2299045154319084,llama-2-7b,llama-3.1-8b,0.0002782064382490475,0.00390625
decoders,linear,without_shop,9,0.3045900738093398,0.34875523613799075,9,0,0.06761507279509298,0.4393737273823155,0.2877421171127178,0.3342119489361206,llama-2-7b,llama-3.1-8b,0.00026562820808802,0.00390625
decoders,quadratic,without_shop,9,0.2111571703469166,0.21075956667077286,9,0,0.06672928139733374,0.3628518554134819,0.19219533471359593,0.22921065646561445,llama-2-7b,llama-3.1-8b,0.0002767505635038174,0.00390625
decoders,linear,without_sign,9,0.30456368261658046,0.34865685400995916,9,0,0.06758495045083773,0.4393287315281973,0.2877180515026283,0.33418602413729825,llama-2-7b,llama-3.1-8b,0.0002657820193718246,0.00390625
decoders,quadratic,without_sign,9,0.21113639173193105,0.2106980621170675,9,0,0.06669696178013337,0.3627948913731095,0.19217907927678377,0.2291913204759058,llama-2-7b,llama-3.1-8b,0.00027692048132886305,0.00390625
decoders,linear,without_similar,9,0.30488002832864036,0.3490824204994522,9,0,0.06808416667695837,0.4395963742583255,0.2880404850874297,0.33447951103510054,llama-2-7b,llama-3.1-8b,0.0002622643541798491,0.00390625
decoders,quadratic,without_similar,9,0.21148826620278047,0.21096662053473128,9,0,0.06723237071484534,0.3630735428009729,0.19254010662800639,0.22952025313877233,llama-2-7b,llama-3.1-8b,0.00027199484847674157,0.00390625
decoders,linear,without_sing,9,0.3048609533368923,0.3491563267252157,9,0,0.0676034447587055,0.43980105483021825,0.28799344065022653,0.3345181419091656,llama-2-7b,llama-3.1-8b,0.00026585542391793614,0.00390625
decoders,quadratic,without_sing,9,0.21144413968355477,0.21100049014534503,9,0,0.06667975232422613,0.3634333745502718,0.19244548532521513,0.22953968810347083,llama-2-7b,llama-3.1-8b,0.00027743538739768693,0.00390625
decoders,linear,without_slammed,9,0.30500273438607234,0.3490269164874093,9,0,0.06818136912675725,0.4397296816355765,0.28816186597988436,0.3346054050434868,llama-2-7b,llama-3.1-8b,0.0002613550990756671,0.00390625
decoders,quadratic,without_slammed,9,0.2118101914662878,0.2114367340352139,9,0,0.06731413947132597,0.36334796879723685,0.19286796929991912,0.229872197965658,llama-2-7b,llama-3.1-8b,0.0002694778092751496,0.00390625
decoders,linear,without_slid,9,0.3049521787645237,0.3490985737729989,9,0,0.06788796389222877,0.4397878307676398,0.2880977222641341,0.3345852056235605,llama-2-7b,llama-3.1-8b,0.0002634419579116893,0.00390625
decoders,quadratic,without_slid,9,0.2117340460930629,0.21148049545552833,9,0,0.0670092915622025,0.36331264311751454,0.19278672146500647,0.22982464040942047,llama-2-7b,llama-3.1-8b,0.00027185057649507343,0.00390625
decoders,linear,without_smelled,9,0.3048800581759486,0.34930468255820474,9,0,0.06788393571866133,0.43958234415869607,0.2880422724281052,0.3345045734831095,llama-2-7b,llama-3.1-8b,0.00026397160083176287,0.00390625
decoders,quadratic,without_smelled,9,0.2113801575553357,0.2108863554278206,9,0,0.06696915827123719,0.36312104048158433,0.19241254718955464,0.22943153246584802,llama-2-7b,llama-3.1-8b,0.0002750718397835224,0.00390625
decoders,linear,without_solution,9,0.30471361083254656,0.348749383756791,9,0,0.06780047694211168,0.43944290843110273,0.28787244863272704,0.33432775256885094,llama-2-7b,llama-3.1-8b,0.0002645964229747264,0.00390625
decoders,quadratic,without_solution,9,0.211319842552539,0.21077294681048972,9,0,0.06691785799270619,0.36292121809958405,0.19236967060915836,0.2293700906225181,llama-2-7b,llama-3.1-8b,0.0002749713209694829,0.00390625
decoders,linear,without_somehow,9,0.30525610156195493,0.3494336862592549,9,0,0.06859596156481255,0.4399785661116312,0.28841579349324536,0.3348386190615977,llama-2-7b,llama-3.1-8b,0.0002611080763578206,0.00390625
decoders,quadratic,without_somehow,9,0.21189064693339665,0.21119076878944854,9,0,0.06777409369387763,0.3641494277566368,0.19285829933049164,0.22990521608833656,llama-2-7b,llama-3.1-8b,0.0002715155797806953,0.00390625
decoders,linear,without_species,9,0.3050467502381509,0.3491831945707556,9,0,0.06795223464911307,0.43988911628739885,0.28819145448199496,0.3346835646867807,llama-2-7b,llama-3.1-8b,0.00026299738284599314,0.00390625
decoders,quadratic,without_species,9,0.2119761785677176,0.21194979604030512,9,0,0.06712642114012861,0.3636760341063443,0.19301369662538928,0.23008239824616625,llama-2-7b,llama-3.1-8b,0.00027147985574919187,0.00390625
decoders,linear,without_state,9,0.3045518909482172,0.34872569555052774,9,0,0.06765771916287493,0.43935368305414135,0.2877016669349767,0.33416366242138495,llama-2-7b,llama-3.1-8b,0.00026541801099735083,0.00390625
decoders,quadratic,without_state,9,0.21111018762239453,0.21069984359107483,9,0,0.06676532962474659,0.36283067866541646,0.1921451262420168,0.2291532948721005,llama-2-7b,llama-3.1-8b,0.00027663082787092696,0.00390625
decoders,linear,without_stretched,9,0.30474373677102573,0.34883397397248767,9,0,0.0676834588113079,0.43960741518140367,0.2878857769697285,0.3343762715159905,llama-2-7b,llama-3.1-8b,0.00026506902783525574,0.00390625
decoders,quadratic,without_stretched,9,0.21141453317514994,0.211190672415219,9,0,0.06674498992748347,0.3631950976545691,0.19244196261522253,0.22949822608110823,llama-2-7b,llama-3.1-8b,0.00027607293654436835,0.00390625
decoders,linear,without_suffering,9,0.30507624902408753,0.34921527540878083,9,0,0.06812242224538845,0.4398243079570916,0.28823274165746204,0.3346954773714249,llama-2-7b,llama-3.1-8b,0.00026242771689586323,0.00390625
decoders,quadratic,without_suffering,9,0.21206025059177508,0.2120392199417619,9,0,0.0674107120939743,0.36360138909436673,0.19311760827895114,0.23014144290400018,llama-2-7b,llama-3.1-8b,0.0002695416002849936,0.00390625
decoders,linear,without_survive,9,0.30480083655015044,0.34899433576295547,9,0,0.0675585977572918,0.43981367718639414,0.28792423147062,0.3344561163992578,llama-2-7b,llama-3.1-8b,0.00026594073062534814,0.00390625
decoders,quadratic,without_survive,9,0.21139662514724022,0.21101040186953862,9,0,0.06645101825532049,0.36357227763301286,0.19237466858651864,0.2295148260087302,llama-2-7b,llama-3.1-8b,0.00028049949009588166,0.00390625
decoders,linear,without_sympathetic,9,0.3047493970905086,0.34903142892196415,9,0,0.06765847699458845,0.4396090036115381,0.2878919462753799,0.3343857621024986,llama-2-7b,llama-3.1-8b,0.0002651444129404929,0.00390625
decoders,quadratic,without_sympathetic,9,0.21141156926526045,0.21122821569502137,9,0,0.06677369414742988,0.3631768225094042,0.1924409126097425,0.2294913036549893,llama-2-7b,llama-3.1-8b,0.00027592651899793834,0.00390625
decoders,linear,without_sympathy,9,0.30502697327791833,0.34910589957695914,9,0,0.06803778795817786,0.44004956298651954,0.28814914956434323,0.33465062144288593,llama-2-7b,llama-3.1-8b,0.00026304372667983574,0.00390625
decoders,quadratic,without_sympathy,9,0.21174084568209137,0.2112016140228487,9,0,0.06716543210480003,0.363711423135026,0.19274452350047455,0.2298127723792528,llama-2-7b,llama-3.1-8b,0.00027386099757722553,0.00390625
decoders,linear,without_test,9,0.3048660626211835,0.3493423528490033,9,0,0.06816224854994453,0.43938939788838516,0.28805064571278327,0.33445403938008833,llama-2-7b,llama-3.1-8b,0.000262269158407561,0.00390625
decoders,quadratic,without_test,9,0.2113547321626585,0.2108309804430191,9,0,0.06730231250442438,0.36286195817988876,0.1924163289105047,0.22936128461993777,llama-2-7b,llama-3.1-8b,0.00027186579358530884,0.00390625
decoders,linear,without_theme,9,0.30495616931860314,0.34931001268752326,9,0,0.0681874053243943,0.4394756402486429,0.28814123545234815,0.33455226481787925,llama-2-7b,llama-3.1-8b,0.00026250847402890635,0.00390625
decoders,quadratic,without_theme,9,0.21148614585335745,0.21136521568029465,9,0,0.06731446925451894,0.3629273191745508,0.19255599918820826,0.22950760542821225,llama-2-7b,llama-3.1-8b,0.00027094814779538397,0.00390625
decoders,linear,without_thoroughly,9,0.30507634381955395,0.34940430858090815,9,0,0.06839423014167571,0.4396623663792235,0.2882530909995953,0.3346616080292888,llama-2-7b,llama-3.1-8b,0.00026024720861387494,0.00390625
decoders,quadratic,without_thoroughly,9,0.2116526684550576,0.21101656038759306,9,0,0.06751171049323779,0.3632545447384597,0.19270243391963232,0.22967028820028507,llama-2-7b,llama-3.1-8b,0.0002701774021547662,0.00390625
decoders,linear,without_tube,9,0.30545913133771296,0.34971062548418985,9,0,0.06740217258422965,0.441021323429807,0.28851385732620116,0.33521625118189835,llama-2-7b,llama-3.1-8b,0.0002683439563523444,0.00390625
decoders,quadratic,without_tube,9,0.21166273555209555,0.21117894147267058,9,0,0.06629350518019779,0.3644031607191974,0.19257018240620782,0.22983388934858276,llama-2-7b,llama-3.1-8b,0.00028379475638731934,0.00390625
decoders,linear,without_urged,9,0.30507763294082424,0.34927461261805864,9,0,0.06783564824231662,0.4401246316938183,0.2881967580967,0.3347328810281377,llama-2-7b,llama-3.1-8b,0.0002642383703397406,0.00390625
decoders,quadratic,without_urged,9,0.21174174229755288,0.21146455145103257,9,0,0.06694654919120394,0.36327573291371285,0.1927999934705329,0.2298411414358465,llama-2-7b,llama-3.1-8b,0.000272722206456003,0.00390625
decoders,linear,without_use,9,0.3050680605790489,0.3494196405296487,9,0,0.06826943003862165,0.4398426850176886,0.28822123252421894,0.3346678893966023,llama-2-7b,llama-3.1-8b,0.00026147398036595153,0.00390625
decoders,quadratic,without_use,9,0.21154069278260434,0.2111118357998097,9,0,0.06740050107230755,0.3632178931616172,0.19258104273522775,0.22955821674639143,llama-2-7b,llama-3.1-8b,0.0002709683272316954,0.00390625
decoders,linear,without_wall,9,0.3051248678939888,0.3494365544098517,9,0,0.06800030406279803,0.44005883458092077,0.2882581220581223,0.33476543837288764,llama-2-7b,llama-3.1-8b,0.00026333924314085377,0.00390625
decoders,quadratic,without_wall,9,0.2120106484808368,0.2121777963747605,9,0,0.06715724689228951,0.3637883409944041,0.1930384369166409,0.23011732367940524,llama-2-7b,llama-3.1-8b,0.0002722595175900115,0.00390625
decoders,linear,without_warning,9,0.3051689720711054,0.3494454942557799,9,0,0.06846831210444744,0.44017609514541417,0.28829308168681683,0.33475655456693765,llama-2-7b,llama-3.1-8b,0.0002601251791455688,0.00390625
decoders,quadratic,without_warning,9,0.21168108767990873,0.2111006791553476,9,0,0.06759047213560124,0.363521724794919,0.19270100804053245,0.22969241462294718,llama-2-7b,llama-3.1-8b,0.00027004281209402615,0.00390625
decoders,linear,without_wealth,9,0.304876820887295,0.34903109532161497,9,0,0.06802208874690113,0.4395808219213311,0.2880388207580405,0.3344836624048443,llama-2-7b,llama-3.1-8b,0.00026278781594272447,0.00390625
decoders,quadratic,without_wealth,9,0.21167417781772915,0.21202303654913673,9,0,0.06717713517809933,0.363150206544934,0.19273967422682853,0.22973630814768287,llama-2-7b,llama-3.1-8b,0.0002708021054597696,0.00390625
decoders,linear,without_wore,9,0.3051848754055456,0.34971698684098035,9,0,0.06794424826672445,0.43990663450543877,0.288344655518059,0.3348399537978982,llama-2-7b,llama-3.1-8b,0.00026407206791081533,0.00390625
decoders,quadratic,without_wore,9,0.21161984797895647,0.21140600300429907,9,0,0.06704468340243001,0.3631113773244173,0.19268340681077384,0.22969174355102226,llama-2-7b,llama-3.1-8b,0.00027349326946672544,0.00390625
decoders,linear,without_wild,9,0.3050388690146175,0.3492854224482616,9,0,0.06801236874628393,0.4398662898254203,0.28818544141326724,0.3346671815481593,llama-2-7b,llama-3.1-8b,0.0002627456917289663,0.00390625
decoders,quadratic,without_wild,9,0.21195204486692978,0.21214270087669218,9,0,0.06718367986687138,0.3636061084256612,0.1929952869220884,0.2300480904919371,llama-2-7b,llama-3.1-8b,0.00027013475519855387,0.00390625
decoders,linear,without_wire,9,0.3047494140684312,0.34905433229173616,9,0,0.06747079174056517,0.4395154150236462,0.2879036639490294,0.3344092418594145,llama-2-7b,llama-3.1-8b,0.00026637112822476506,0.00390625
decoders,quadratic,without_wire,9,0.2114047709444592,0.21133301838165228,9,0,0.06658349170174963,0.3630533390841818,0.19244869992699384,0.22950743084979786,llama-2-7b,llama-3.1-8b,0.00027687899414330055,0.00390625
decoders,linear,without_worry,9,0.30509285521248003,0.3494765293443338,9,0,0.06811432561216242,0.44006224104551506,0.28822168198335063,0.3347151714125197,llama-2-7b,llama-3.1-8b,0.0002631325333256816,0.00390625
decoders,quadratic,without_worry,9,0.2116632279234903,0.21163707501819315,9,0,0.06725485082662004,0.3633780727608407,0.1926988723188215,0.22971427506059905,llama-2-7b,llama-3.1-8b,0.00027286938003071834,0.00390625
decoders,linear,without_writer,9,0.30493321113092275,0.34939850677142226,9,0,0.06804443126962405,0.4395355840466122,0.28810791451646156,0.3345443086135851,llama-2-7b,llama-3.1-8b,0.0002632070270968418,0.00390625
decoders,quadratic,without_writer,9,0.21161847603168982,0.21216566469190706,9,0,0.06718033256844219,0.36307748607482687,0.19268609977629764,0.22967324396459574,llama-2-7b,llama-3.1-8b,0.0002717117694378656,0.00390625
decoders,linear,without_yard,9,0.30471458947663826,0.34879638240144734,9,0,0.06775505543970152,0.4396238307952806,0.28785093431180797,0.3343345312312554,llama-2-7b,llama-3.1-8b,0.00026467359660376595,0.00390625
decoders,quadratic,without_yard,9,0.2113348791701687,0.21089558973149544,9,0,0.06684329597334271,0.36319386437442697,0.19235250601963638,0.22939632706977192,llama-2-7b,llama-3.1-8b,0.0002760156556276115,0.00390625
decoders,linear,without_years,9,0.304666586431831,0.34891362535791476,9,0,0.06772191070861155,0.43944076868588,0.2878198136500749,0.33428467089723346,llama-2-7b,llama-3.1-8b,0.0002647911244619832,0.00390625
decoders,quadratic,without_years,9,0.21126393298904755,0.211125236117671,9,0,0.06683739485769995,0.3629549120474263,0.19230256060675022,0.229317250255466,llama-2-7b,llama-3.1-8b,0.0002749298430758953,0.00390625
decoders,linear,without_youth,9,0.30517788382265243,0.34935790236018494,9,0,0.06805592793896338,0.4401162167519162,0.2883105922064945,0.33481812830811364,llama-2-7b,llama-3.1-8b,0.0002632657520705131,0.00390625
decoders,quadratic,without_youth,9,0.21181279581466222,0.21181344531412852,9,0,0.06718687674269816,0.36366236564928833,0.19283159958533397,0.22989103569865776,llama-2-7b,llama-3.1-8b,0.00027300501824547397,0.00390625
decoders,linear,without_administered,9,0.3049238326195971,0.3490627948148791,9,0,0.06776555273853115,0.43985881738406857,0.2880569595240382,0.33456861760473033,llama-2-7b,llama-3.1-8b,0.0002647245654607373,0.00390625
decoders,quadratic,without_administered,9,0.21180451544294676,0.21168927483543395,9,0,0.06685863718489525,0.3637159797311095,0.19281558240692645,0.22992275022520323,llama-2-7b,llama-3.1-8b,0.0002748403149479421,0.00390625
decoders,linear,without_affair,9,0.3047141860171447,0.3488739192284673,9,0,0.06766500184357244,0.4395497161739595,0.2878597447475428,0.33434533403884115,llama-2-7b,llama-3.1-8b,0.00026491454229848985,0.00390625
decoders,quadratic,without_affair,9,0.21133078092374133,0.21099042690266648,9,0,0.06674032616110588,0.36305618426422714,0.19236510550618058,0.22940458776907074,llama-2-7b,llama-3.1-8b,0.00027585247926510844,0.00390625
decoders,linear,without_agents,9,0.30479128352785234,0.3490787101044095,9,0,0.06794100292485714,0.4395235245760745,0.2879497533968246,0.3343975686032268,llama-2-7b,llama-3.1-8b,0.00026339053068703794,0.00390625
decoders,quadratic,without_agents,9,0.2114180406031901,0.2111521170212812,9,0,0.06705342017510933,0.36301941282412803,0.19246786907557284,0.2294636181567002,llama-2-7b,llama-3.1-8b,0.00027305003206826086,0.00390625
decoders,linear,without_alert,9,0.3051401555690105,0.34939894072877253,9,0,0.06839735452077396,0.44001526262755675,0.28828076718669216,0.33473300570004,llama-2-7b,llama-3.1-8b,0.00026036496645327566,0.00390625
decoders,quadratic,without_alert,9,0.21165062294467601,0.21106118954866004,9,0,0.06751542843812441,0.36346950363708175,0.1926732628581253,0.22966752225799497,llama-2-7b,llama-3.1-8b,0.0002704179872598347,0.00390625
decoders,linear,without_ambiguous,9,0.30511458943702263,0.3490932278834389,9,0,0.06847022329481282,0.44017328975708053,0.28823225189701535,0.33469513520479877,llama-2-7b,llama-3.1-8b,0.0002611112289713488,0.00390625
decoders,quadratic,without_ambiguous,9,0.2120216295651023,0.21163041936209764,9,0,0.06783446247555346,0.3641465692743548,0.19300601210144572,0.23004502545129588,llama-2-7b,llama-3.1-8b,0.0002699630942875132,0.00390625
decoders,linear,without_analysis,9,0.30487808086280044,0.3492042813757616,9,0,0.06788865911235348,0.43961612701403474,0.2880358250938962,0.33450175858160636,llama-2-7b,llama-3.1-8b,0.0002639723745152695,0.00390625
decoders,quadratic,without_analysis,9,0.2117066516253703,0.2122396429936905,9,0,0.06701165712210254,0.36314509795918465,0.19277684583364352,0.2297935259382788,llama-2-7b,llama-3.1-8b,0.0002715683242730981,0.00390625
decoders,linear,without_anxiety,9,0.30482378337306226,0.34911055440902133,9,0,0.06772761990170308,0.43972940514186937,0.2879605806519614,0.3344608038069822,llama-2-7b,llama-3.1-8b,0.00026546375006720145,0.00390625
decoders,quadratic,without_anxiety,9,0.21161299914500253,0.2112803887798591,9,0,0.06676606556537108,0.36341528197209405,0.1926377137916161,0.22971886584245646,llama-2-7b,llama-3.1-8b,0.0002767755139498215,0.00390625
decoders,linear,without_appearance,9,0.30508831825019617,0.34936962417783135,9,0,0.0678051649582725,0.4398897476760938,0.2882381395719589,0.3347487124116866,llama-2-7b,llama-3.1-8b,0.00026387510260970134,0.00390625
decoders,quadratic,without_appearance,9,0.21197440109796947,0.21140849296978131,9,0,0.06679282595413992,0.3636504547908988,0.1930148943863533,0.23012209799094818,llama-2-7b,llama-3.1-8b,0.0002743400849016478,0.00390625
decoders,linear,without_approved,9,0.30471496926669894,0.348850426369204,9,0,0.06781394104110283,0.4395260869639821,0.28786357955453856,0.33432759779489846,llama-2-7b,llama-3.1-8b,0.0002641770743291244,0.00390625
decoders,quadratic,without_approved,9,0.21131946232147125,0.2110269948685276,9,0,0.06693031099746824,0.3630360282075404,0.19235489158571262,0.22936810623697165,llama-2-7b,llama-3.1-8b,0.0002746331147918352,0.00390625
decoders,linear,without_arise,9,0.30480966620479033,0.34895534061835676,9,0,0.0678453795845779,0.4395649699946149,0.28796525323106226,0.3344302020323169,llama-2-7b,llama-3.1-8b,0.0002641565384335907,0.00390625
decoders,quadratic,without_arise,9,0.21150127816702247,0.21133924506644503,9,0,0.06695672409237445,0.3631190571878824,0.19254905578941495,0.22956934742635343,llama-2-7b,llama-3.1-8b,0.00027448140752324646,0.00390625
decoders,linear,without_articles,9,0.3048171706145064,0.3488949024809802,9,0,0.06797085175740995,0.43954455758422845,0.28797624724329113,0.33442296047164344,llama-2-7b,llama-3.1-8b,0.00026278424182863086,0.00390625
decoders,quadratic,without_articles,9,0.21149754687047023,0.2111024820615984,9,0,0.06710954888238885,0.3631014590129779,0.1925470578526568,0.22954604661898043,llama-2-7b,llama-3.1-8b,0.00027192762256229006,0.00390625
decoders,linear,without_association,9,0.30546879831251955,0.3496122211802109,9,0,0.06878279777745591,0.4404308944523337,0.28859853629504273,0.33505454837940246,llama-2-7b,llama-3.1-8b,0.0002588887656971087,0.00390625
decoders,quadratic,without_association,9,0.21211465967521465,0.2118172979785295,9,0,0.06789981918712609,0.3638772778174416,0.19314433240743625,0.23014151473622568,llama-2-7b,llama-3.1-8b,0.00026779483988744753,0.00390625
decoders,linear,without_badly,9,0.3047407371371696,0.3490845845199061,9,0,0.06738820534511278,0.4397310759412113,0.2878669447866644,0.3344098036111767,llama-2-7b,llama-3.1-8b,0.0002670970627043409,0.00390625
decoders,quadratic,without_badly,9,0.2114416610977251,0.21140015778494142,9,0,0.06649113992805013,0.36328427048532574,0.192461334924275,0.22956047624393444,llama-2-7b,llama-3.1-8b,0.00027785987972863975,0.00390625
decoders,linear,without_balance,9,0.30462875244727233,0.34890041138178635,9,0,0.06782797353520645,0.43935387019165834,0.2877881127292241,0.3342288498112806,llama-2-7b,llama-3.1-8b,0.0002647526647166854,0.00390625
decoders,quadratic,without_balance,9,0.21122838546529618,0.21122168514727,9,0,0.06692826359775073,0.3628128862412908,0.19228032286829688,0.22926590069873937,llama-2-7b,llama-3.1-8b,0.00027489572614500815,0.00390625
decoders,linear,without_beat,9,0.3049728300850775,0.34905860602162214,9,0,0.0679112491331073,0.43984934091663225,0.2881132662311331,0.3346055277040737,llama-2-7b,llama-3.1-8b,0.0002637586931743365,0.00390625
decoders,quadratic,without_beat,9,0.21195780766724104,0.21215437168281706,9,0,0.06704247466357198,0.3636731231187337,0.19299339323580442,0.23007222429269963,llama-2-7b,llama-3.1-8b,0.0002725906014359774,0.00390625
decoders,linear,without_black,9,0.3048506071307313,0.3490323468209426,9,0,0.06790554341994133,0.4396741119006868,0.2879976690344868,0.33446874009458,llama-2-7b,llama-3.1-8b,0.00026369043072934945,0.00390625
decoders,quadratic,without_black,9,0.21156871565242227,0.21133525445326015,9,0,0.06702952775267705,0.3633075445896694,0.19260136203526637,0.2296361141398904,llama-2-7b,llama-3.1-8b,0.00027382138586346764,0.00390625
decoders,linear,without_blanket,9,0.3048316899963004,0.34904830485340904,9,0,0.06781137892472884,0.43964917536676135,0.28797950432499275,0.3344592288802468,llama-2-7b,llama-3.1-8b,0.00026436015685056655,0.00390625
decoders,quadratic,without_blanket,9,0.211605189305432,0.21149290245612845,9,0,0.06691926085948693,0.3632653130422999,0.1926476738383235,0.22969093036117513,llama-2-7b,llama-3.1-8b,0.0002740970399682695,0.00390625
decoders,linear,without_bond,9,0.3046408572873506,0.3488527284437901,9,0,0.06774133363400066,0.43947757148799205,0.28778626801227036,0.33425329774401924,llama-2-7b,llama-3.1-8b,0.00026474742767136275,0.00390625
decoders,quadratic,without_bond,9,0.21123531119561484,0.21081775166805397,9,0,0.06685435993168581,0.3630051837427207,0.1922640771272266,0.22928293010360595,llama-2-7b,llama-3.1-8b,0.00027571483745553004,0.00390625
decoders,linear,without_boss,9,0.3047013407116647,0.3487722838528473,9,0,0.06778362630124815,0.4395419160910759,0.2878462687892383,0.3343160550129668,llama-2-7b,llama-3.1-8b,0.00026424954865264684,0.00390625
decoders,quadratic,without_boss,9,0.21131607929743088,0.21086763943370293,9,0,0.06689924807869438,0.36309458075314116,0.1923437666154671,0.22936818319977292,llama-2-7b,llama-3.1-8b,0.00027502439681909783,0.00390625
decoders,linear,without_bounced,9,0.3052606441628474,0.3500379069959183,9,0,0.06784529883063002,0.44039367221678094,0.28836901565610573,0.33493756232937466,llama-2-7b,llama-3.1-8b,0.0002649534545199855,0.00390625
decoders,quadratic,without_bounced,9,0.21177069891323352,0.21128446175373977,9,0,0.0669584734095187,0.36411884980181286,0.1927271800521611,0.22987222710119787,llama-2-7b,llama-3.1-8b,0.00027722269791272656,0.00390625
decoders,linear,without_break,9,0.3050207031534011,0.3491397648230738,9,0,0.06795946618745087,0.4398597061642596,0.28816582777704375,0.33465335777414484,llama-2-7b,llama-3.1-8b,0.0002632358786954312,0.00390625
decoders,quadratic,without_break,9,0.21177243579425437,0.21131485158400434,9,0,0.0670762921486447,0.36344794601799274,0.19281299701628707,0.2298594537499556,llama-2-7b,llama-3.1-8b,0.0002737597696204524,0.00390625
decoders,linear,without_burst,9,0.3053194672991931,0.34990081980463655,9,0,0.0675385840753271,0.4404134304706918,0.2884327219027557,0.3350420777021763,llama-2-7b,llama-3.1-8b,0.0002672590602946843,0.00390625
decoders,quadratic,without_burst,9,0.21154297524525753,0.21161377860479655,9,0,0.06651915830507435,0.3634716110881719,0.19255189576489323,0.2296709523627804,llama-2-7b,llama-3.1-8b,0.00027874383474321094,0.00390625
decoders,linear,without_campaign,9,0.30472339828145056,0.34900566419514595,9,0,0.06803418146012608,0.43938581943677807,0.2878905956370347,0.33430955038411614,llama-2-7b,llama-3.1-8b,0.0002631399792659071,0.00390625
decoders,quadratic,without_campaign,9,0.21120241766847625,0.21082097577839679,9,0,0.06714235621746519,0.3627887961308225,0.19225412036068296,0.22920992534985263,llama-2-7b,llama-3.1-8b,0.00027334621213148756,0.00390625
decoders,linear,without_catholic,9,0.3053087318704859,0.3495532414306214,9,0,0.0683600058180701,0.44028295079398544,0.28843695450504847,0.33492732262703795,llama-2-7b,llama-3.1-8b,0.0002613724990213948,0.00390625
decoders,quadratic,without_catholic,9,0.2116861436898107,0.2111750399556475,9,0,0.0674905950499706,0.3634816957873934,0.19271169967761287,0.22971058726979074,llama-2-7b,llama-3.1-8b,0.00027107410823146063,0.00390625
decoders,linear,without_centers,9,0.3047825091831907,0.34884529541616405,9,0,0.06808495336590144,0.43951013330956384,0.2879415561673941,0.3343697036603519,llama-2-7b,llama-3.1-8b,0.0002626754402971014,0.00390625
decoders,quadratic,without_centers,9,0.21141731851733325,0.2108667677850467,9,0,0.06720701444585346,0.36305144230036535,0.19246305304445424,0.22944360652626822,llama-2-7b,llama-3.1-8b,0.0002727854485073402,0.00390625
decoders,linear,without_challenge,9,0.30526269560433134,0.3494833997741792,9,0,0.06758997147171748,0.44025096151921944,0.2883891623649703,0.33497178612090805,llama-2-7b,llama-3.1-8b,0.0002655937820390153,0.00390625
decoders,quadratic,without_challenge,9,0.21198060326922719,0.21193782302870237,9,0,0.06666801539258925,0.3640964581583131,0.19296612140809144,0.2301446767538069,llama-2-7b,llama-3.1-8b,0.0002765204263333788,0.00390625
decoders,linear,without_chicken,9,0.3050882650411522,0.3492467826548197,9,0,0.06827716105339304,0.4396633603239632,0.28826637813080086,0.3346896530396221,llama-2-7b,llama-3.1-8b,0.0002608583045495052,0.00390625
decoders,quadratic,without_chicken,9,0.21196299087663778,0.21200180728774862,9,0,0.067528081759246,0.3632809055198188,0.19304825154624017,0.23001735451631178,llama-2-7b,llama-3.1-8b,0.0002667150744177024,0.00390625
decoders,linear,without_china,9,0.30526274843776746,0.34912226415016173,9,0,0.06802794362963742,0.44072184632312494,0.2883303612020978,0.33491709903878375,llama-2-7b,llama-3.1-8b,0.00026386913415838337,0.00390625
decoders,quadratic,without_china,9,0.21189554212083658,0.211882906203208,9,0,0.06714748380894105,0.36395237793645013,0.19288843764388486,0.2299890494098235,llama-2-7b,llama-3.1-8b,0.0002740723145971439,0.00390625
decoders,linear,without_circumstances,9,0.305264821283125,0.34954012728371187,9,0,0.06730738069606526,0.44032121402184654,0.2883827721907848,0.3350095013565074,llama-2-7b,llama-3.1-8b,0.000268713599348325,0.00390625
decoders,quadratic,without_circumstances,9,0.2116147852882488,0.21167706454745602,9,0,0.06640197600489096,0.36337767156085177,0.19264442450417343,0.22976638644866854,llama-2-7b,llama-3.1-8b,0.0002788775151187248,0.00390625
decoders,linear,without_claim,9,0.3046790633235746,0.34874783710174934,9,0,0.06795883392740805,0.439433065677114,0.2878348130293822,0.3342690919980954,llama-2-7b,llama-3.1-8b,0.00026375626921705644,0.00390625
decoders,quadratic,without_claim,9,0.2112558079894402,0.21092514558865916,9,0,0.06709242275167732,0.36283784566520905,0.19230805327996908,0.22927623114416057,llama-2-7b,llama-3.1-8b,0.000273791813131817,0.00390625
decoders,linear,without_clear,9,0.304585399608066,0.34871535483983945,9,0,0.06756216434831878,0.43932555001569534,0.2877428808071124,0.33421330401553445,llama-2-7b,llama-3.1-8b,0.00026639771402559096,0.00390625
decoders,quadratic,without_clear,9,0.21114755260941542,0.21078755170032862,9,0,0.06667409081596311,0.36279698687854556,0.19219137332577416,0.22920673533359698,llama-2-7b,llama-3.1-8b,0.0002774069692720111,0.00390625
decoders,linear,without_collapsed,9,0.30512424705387625,0.3490093645774308,9,0,0.06787344135250072,0.44047078419992547,0.2882059299106201,0.33478059776654817,llama-2-7b,llama-3.1-8b,0.0002654841738593768,0.00390625
decoders,quadratic,without_collapsed,9,0.2118158087875467,0.2115832205271968,9,0,0.0669951010866457,0.36374311981460283,0.19282489490916466,0.22991839725015928,llama-2-7b,llama-3.1-8b,0.0002760156199277765,0.00390625
decoders,linear,without_combat,9,0.3046736600908601,0.3488608904382476,9,0,0.06760772978411718,0.4394942497880647,0.2878210863787095,0.334306901379203,llama-2-7b,llama-3.1-8b,0.0002655989161640502,0.00390625
decoders,quadratic,without_combat,9,0.2112815675202967,0.2110246281744349,9,0,0.06670178145244114,0.3629656513469395,0.1923210570419663,0.2293540407787786,llama-2-7b,llama-3.1-8b,0.0002763764775566598,0.00390625
decoders,linear,without_combined,9,0.30520691070016154,0.3498320041554587,9,0,0.06832221852235384,0.4396720677638933,0.28839876606719506,0.3348174972223875,qwen3-8b,llama-3.1-8b,0.0002633964517115083,0.00390625
decoders,quadratic,without_combined,9,0.21152377448351903,0.21132844027609327,9,0,0.0675075671088845,0.36289056935856523,0.19260292512413826,0.22952580040534834,llama-2-7b,llama-3.1-8b,0.00027131683299711455,0.00390625
decoders,linear,without_comfort,9,0.3048911266550974,0.3489871112801394,9,0,0.0682038350399458,0.43964162651865507,0.2880473141721527,0.33447703810699136,llama-2-7b,llama-3.1-8b,0.0002619800820624289,0.00390625
decoders,quadratic,without_comfort,9,0.21152986662233186,0.21119201513394,9,0,0.0673742730424069,0.3631381634428393,0.1925788295197684,0.22954931581982246,llama-2-7b,llama-3.1-8b,0.00027081754567720277,0.00390625
decoders,linear,without_communism,9,0.3049128108851338,0.34906178203539556,9,0,0.0679643814385428,0.439619713950373,0.2880744480019789,0.33453136456595767,llama-2-7b,llama-3.1-8b,0.0002633096817228767,0.00390625
decoders,quadratic,without_communism,9,0.2117953689023641,0.21201105245448382,9,0,0.06711580806935115,0.3632015444510037,0.19286959695878417,0.22988031400649073,llama-2-7b,llama-3.1-8b,0.00027133166045019994,0.00390625
decoders,linear,without_community,9,0.3048777646822636,0.34907095575175673,9,0,0.06788365266480903,0.4399132528477894,0.2879983286615728,0.33450202868444534,llama-2-7b,llama-3.1-8b,0.0002639955181113613,0.00390625
decoders,quadratic,without_community,9,0.2116786997729365,0.21198642849590518,9,0,0.06700164838310538,0.3635320273219549,0.1926970338293092,0.22976333119666537,llama-2-7b,llama-3.1-8b,0.00027340972465277215,0.00390625
decoders,linear,without_competition,9,0.3046553114081041,0.3487862182333165,9,0,0.06760895024113163,0.4394764519217403,0.2878026688438996,0.33428610655397567,llama-2-7b,llama-3.1-8b,0.0002655549001039967,0.00390625
decoders,quadratic,without_competition,9,0.21123699395234585,0.21087262206730253,9,0,0.06664224256635833,0.36295881057052026,0.19227176687507402,0.22931133787559427,llama-2-7b,llama-3.1-8b,0.0002772378946047519,0.00390625
decoders,linear,without_composition,9,0.3047683063307731,0.3489461518617277,9,0,0.0679288258053616,0.43956006490111743,0.28791933650948004,0.3343732413964495,llama-2-7b,llama-3.1-8b,0.00026350011895296646,0.00390625
decoders,quadratic,without_composition,9,0.2114256397490998,0.21097525464688333,9,0,0.06705724412545931,0.3631234858238503,0.192463408989756,0.2294716892020549,llama-2-7b,llama-3.1-8b,0.00027353180471103216,0.00390625
decoders,linear,without_concentration,9,0.3050260234014207,0.349297894245501,9,0,0.06752982794384128,0.44033124458558853,0.28811287075339975,0.33471304783361816,llama-2-7b,llama-3.1-8b,0.0002660210277575684,0.00390625
decoders,quadratic,without_concentration,9,0.21178613482547656,0.21190850600885316,9,0,0.06664015054483316,0.36417735245588556,0.19273723262167544,0.22992938286055697,llama-2-7b,llama-3.1-8b,0.00027809843996418857,0.00390625
decoders,linear,without_conscience,9,0.3053906848730135,0.34982711986688786,9,0,0.06843204913493316,0.43992831050081993,0.28857348166953767,0.3350105143402735,llama-2-7b,llama-3.1-8b,0.0002607759427552117,0.00390625
decoders,quadratic,without_conscience,9,0.21180009192017454,0.2121006339400031,9,0,0.06758023282403389,0.3632593796789142,0.1928676809503321,0.22982757430719214,llama-2-7b,llama-3.1-8b,0.0002679031179605004,0.00390625
decoders,linear,without_consideration,9,0.30455193779306344,0.34891889042526264,9,0,0.06750167259023347,0.43931765984180976,0.2877062225369702,0.33418322094341724,llama-2-7b,llama-3.1-8b,0.00026665809339899196,0.00390625
decoders,quadratic,without_consideration,9,0.2111228420231811,0.21103055160395412,9,0,0.06660404313379105,0.3627708889831412,0.19216683615318608,0.22918769188435484,llama-2-7b,llama-3.1-8b,0.00027745031952708285,0.00390625
decoders,linear,without_context,9,0.305145203155809,0.34939627648393085,9,0,0.06859121517394494,0.43980396862832166,0.28831285747174495,0.3347144516535421,llama-2-7b,llama-3.1-8b,0.00025954213005542094,0.00390625
decoders,quadratic,without_context,9,0.21181061997359352,0.21146672632131042,9,0,0.06770758322893307,0.36343426241527,0.19285766466838392,0.22982349956667603,llama-2-7b,llama-3.1-8b,0.0002684014981423243,0.00390625
decoders,linear,without_continuous,9,0.30476368181391567,0.3488069764953366,9,0,0.06788045093170655,0.439702915712495,0.28789627757659325,0.3343740856741918,llama-2-7b,llama-3.1-8b,0.00026409732672841405,0.00390625
decoders,quadratic,without_continuous,9,0.2114110648131472,0.21108319709414447,9,0,0.0669981903819279,0.3633602942243612,0.19241741113674546,0.22946267411704963,llama-2-7b,llama-3.1-8b,0.00027506693725215493,0.00390625
decoders,linear,without_continuously,9,0.3054571446015483,0.349476992293894,9,0,0.06829519625808282,0.44068652500452193,0.2885534720511766,0.3351023881444815,llama-2-7b,llama-3.1-8b,0.00026261541028945243,0.00390625
decoders,quadratic,without_continuously,9,0.21198858631053233,0.2121363121920612,9,0,0.06742243356732769,0.3640243173964094,0.19298411992479772,0.23005935540343292,llama-2-7b,llama-3.1-8b,0.00027164305748641305,0.00390625
decoders,linear,without_contract,9,0.3047942516574509,0.3489153528504888,9,0,0.06824434202548588,0.43952933760044227,0.2879523659145769,0.33436299036144645,llama-2-7b,llama-3.1-8b,0.0002617316945458791,0.00390625
decoders,quadratic,without_contract,9,0.21137488411506966,0.21085484768266516,9,0,0.0673730942778505,0.3630642844246007,0.1924137090763783,0.2293751078447221,llama-2-7b,llama-3.1-8b,0.00027167923386320017,0.00390625
decoders,linear,without_converted,9,0.305124698823558,0.34948818433107903,9,0,0.06776157917952146,0.4397910814285315,0.2882914009979363,0.33479508877906256,llama-2-7b,llama-3.1-8b,0.0002658961672824057,0.00390625
decoders,quadratic,without_converted,9,0.2117117096500655,0.2118084648113358,9,0,0.06687475954914777,0.3634428769893506,0.19274531373265485,0.22981632841268024,llama-2-7b,llama-3.1-8b,0.000275465052850798,0.00390625
decoders,linear,without_convey,9,0.30501806662464276,0.3492451864823913,9,0,0.06761965419084158,0.4399599576453068,0.2881503302470597,0.33469286817886784,llama-2-7b,llama-3.1-8b,0.0002655617124670389,0.00390625
decoders,quadratic,without_convey,9,0.21170783560619436,0.21169686105952004,9,0,0.06673407420620545,0.3634316879617508,0.19274235406174983,0.22982955578119296,llama-2-7b,llama-3.1-8b,0.0002751725107945859,0.00390625
decoders,linear,without_cook,9,0.30475774533064,0.34901457230923716,9,0,0.06787022672799098,0.43973902718768165,0.2878850850985098,0.33436868515597107,llama-2-7b,llama-3.1-8b,0.00026499926443727267,0.00390625
decoders,quadratic,without_cook,9,0.211268628457766,0.21087786461039904,9,0,0.06698457633745156,0.36307292080598985,0.19229309191423802,0.2293041349728053,llama-2-7b,llama-3.1-8b,0.00027607232590467633,0.00390625
decoders,linear,without_crew,9,0.3048878502330942,0.34908405098455064,9,0,0.06780254787165788,0.4396793351582554,0.288038914617449,0.3345235130282737,llama-2-7b,llama-3.1-8b,0.00026439173303197133,0.00390625
decoders,quadratic,without_crew,9,0.21155913661215545,0.21160451898415897,9,0,0.06691927961098647,0.3632056267990569,0.19260332533879276,0.22963911873730156,llama-2-7b,llama-3.1-8b,0.0002740274887645468,0.00390625
decoders,linear,without_cursed,9,0.30482327909607854,0.3488071396526444,9,0,0.06808217015718165,0.4395201995337959,0.2879861640413639,0.33441591771344065,llama-2-7b,llama-3.1-8b,0.0002632482733316054,0.00390625
decoders,quadratic,without_cursed,9,0.21133978516485172,0.21092915879229485,9,0,0.06719440035484053,0.36298655379297273,0.19238393908633658,0.2293579582661031,llama-2-7b,llama-3.1-8b,0.0002734287539383756,0.00390625
decoders,linear,without_damage,9,0.30475497649748945,0.3488440641615943,9,0,0.06773450584784885,0.43953383333254414,0.2879076193931076,0.33438253532869455,llama-2-7b,llama-3.1-8b,0.0002648746801062771,0.00390625
decoders,quadratic,without_damage,9,0.211371173231444,0.21110913736744183,9,0,0.06685036899006042,0.3630858140919785,0.19240684312387718,0.22943627376161696,llama-2-7b,llama-3.1-8b,0.0002756469504670757,0.00390625
decoders,linear,without_danger,9,0.3051359224193017,0.3496204797446523,9,0,0.0676873896766595,0.4401212293060448,0.28826275905845883,0.33481698901213197,llama-2-7b,llama-3.1-8b,0.0002656020675760481,0.00390625
decoders,quadratic,without_danger,9,0.21174978272054995,0.21162089687291616,9,0,0.06679564616374899,0.3634718854367663,0.1927845198810229,0.22986904979015005,llama-2-7b,llama-3.1-8b,0.0002752498440913023,0.00390625
decoders,linear,without_decided,9,0.30586665651605194,0.3502427284017975,9,0,0.06836726550249805,0.4409643210122847,0.28897944845402285,0.3355540803927462,llama-2-7b,llama-3.1-8b,0.00026182152402866185,0.00390625
decoders,quadratic,without_decided,9,0.2123652325677933,0.21213423795295713,9,0,0.06747956095507986,0.3644270223019194,0.19335750885102754,0.2304759415193825,llama-2-7b,llama-3.1-8b,0.0002707455078283307,0.00390625
decoders,linear,without_decrease,9,0.30502867031629105,0.34933661018982626,9,0,0.06809337643857238,0.43982352438006883,0.28817931355831883,0.33464558205100586,llama-2-7b,llama-3.1-8b,0.0002632875547680852,0.00390625
decoders,quadratic,without_decrease,9,0.2115077751447861,0.211035153629625,9,0,0.06722118114575987,0.3633780460680407,0.19252399127937928,0.22954359939466437,llama-2-7b,llama-3.1-8b,0.0002742326034506552,0.00390625
decoders,linear,without_defense,9,0.30482511707378135,0.34901093231547736,9,0,0.06775437179533002,0.4399253766894589,0.28793758462182173,0.3344589602335878,llama-2-7b,llama-3.1-8b,0.00026530043771309277,0.00390625
decoders,quadratic,without_defense,9,0.21140574182168403,0.2111745114462846,9,0,0.06682182965105088,0.3631514655588556,0.1924375263545376,0.22947873084301318,llama-2-7b,llama-3.1-8b,0.0002754752961387859,0.00390625
decoders,linear,without_derived,9,0.3055552941670664,0.3501144626340902,9,0,0.06850670525502855,0.4401391477836955,0.28873231246498776,0.33518636778107114,llama-2-7b,llama-3.1-8b,0.0002612869913570223,0.00390625
decoders,quadratic,without_derived,9,0.21198069635923708,0.21118862345728803,9,0,0.06770419174308151,0.3636621603403022,0.19302051336160395,0.23001525943625653,llama-2-7b,llama-3.1-8b,0.00026924015971604336,0.00390625
decoders,linear,without_devote,9,0.3054909936468975,0.3499695569884686,9,0,0.06752899589295916,0.44085443218281767,0.2885705638299075,0.3352362433661398,llama-2-7b,llama-3.1-8b,0.00026749782836356893,0.00390625
decoders,quadratic,without_devote,9,0.21182288476251326,0.21140701265162812,9,0,0.06661497307560554,0.36423793778313357,0.19277100313493575,0.22997387372337674,llama-2-7b,llama-3.1-8b,0.0002798601337733189,0.00390625
decoders,linear,without_discovery,9,0.30514205108947023,0.34892587666112823,9,0,0.06847953201391492,0.4401304678964568,0.2882684989885969,0.33472486597391465,llama-2-7b,llama-3.1-8b,0.00026060477115527115,0.00390625
decoders,quadratic,without_discovery,9,0.2117260731659939,0.21096216591362554,9,0,0.06759720609379366,0.3634970953983199,0.19275469538695314,0.22974218155001894,llama-2-7b,llama-3.1-8b,0.0002706879228549124,0.00390625
decoders,linear,without_dislike,9,0.3053378339786195,0.3496657183933131,9,0,0.06842054991137732,0.43980603573221627,0.28852930875941996,0.3349524944870248,llama-2-7b,llama-3.1-8b,0.0002606483490663241,0.00390625
decoders,quadratic,without_dislike,9,0.21165111754673244,0.21109016476244347,9,0,0.0676226874296921,0.36310660462153865,0.19271918166238164,0.22965467131136247,llama-2-7b,llama-3.1-8b,0.00026817385580658637,0.00390625
decoders,linear,without_distance,9,0.3050186894395786,0.3493647674686408,9,0,0.06789502474112986,0.4397218078291973,0.28818079964087623,0.33465914752688464,llama-2-7b,llama-3.1-8b,0.00026395479074216733,0.00390625
decoders,quadratic,without_distance,9,0.21189413473658958,0.21220064026071087,9,0,0.06702101117927417,0.36339662412011026,0.19295632356364953,0.23000327518125402,llama-2-7b,llama-3.1-8b,0.0002724138234835992,0.00390625
decoders,linear,without_dragged,9,0.30549992637715384,0.35003327200382023,9,0,0.06762971438875569,0.44095533906616863,0.288567999791027,0.3352337028757036,llama-2-7b,llama-3.1-8b,0.0002670234932644446,0.00390625
decoders,quadratic,without_dragged,9,0.21199373491505005,0.21203555386775857,9,0,0.06672753241983424,0.3643154283286577,0.19295352323834913,0.23015201022695206,llama-2-7b,llama-3.1-8b,0.0002781542606066063,0.00390625
decoders,linear,without_ear,9,0.30461957597804623,0.3488086543642377,9,0,0.0674460513354424,0.4394035567165205,0.28777157838573697,0.33426626655837177,llama-2-7b,llama-3.1-8b,0.00026628265796726293,0.00390625
decoders,quadratic,without_ear,9,0.21121278806897661,0.21093298901782764,9,0,0.06653325557463274,0.3628653349185789,0.19225621971277634,0.2292977296307696,llama-2-7b,llama-3.1-8b,0.00027728732454360876,0.00390625
decoders,linear,without_economic,9,0.30571893382950915,0.3501827415615141,9,0,0.06786746928081486,0.44100396464526764,0.2888083049775393,0.33545036689809593,llama-2-7b,llama-3.1-8b,0.0002656405256149849,0.00390625
decoders,quadratic,without_economic,9,0.21214590447227655,0.2120666621464193,9,0,0.06694066266344871,0.3643777467561373,0.19311692418679394,0.23029655969838003,llama-2-7b,llama-3.1-8b,0.00027638539962928553,0.00390625
decoders,linear,without_edge,9,0.3053972431443539,0.3495247314334737,9,0,0.06796675902916356,0.4402477787484616,0.2885409261938404,0.33507605365875265,llama-2-7b,llama-3.1-8b,0.0002640970756511517,0.00390625
decoders,quadratic,without_edge,9,0.21148542164412643,0.21110325825542023,9,0,0.06702536063185897,0.3629546442935445,0.19255176881294916,0.22954292927065986,llama-2-7b,llama-3.1-8b,0.0002734229081367442,0.00390625
decoders,linear,without_electricity,9,0.3049132736261353,0.349143797987013,9,0,0.06786213474927012,0.4397792829306331,0.288055022463073,0.3345446659857434,llama-2-7b,llama-3.1-8b,0.0002639631929107723,0.00390625
decoders,quadratic,without_electricity,9,0.21172345689498978,0.2116466707686556,9,0,0.066982220451211,0.3634624262139034,0.19275608573012556,0.22981611145046213,llama-2-7b,llama-3.1-8b,0.00027351262677718317,0.00390625
decoders,linear,without_emphasis,9,0.3054052058561275,0.3498816780620906,9,0,0.06777977481121324,0.44044356305283405,0.2885254112065392,0.3351083847367418,llama-2-7b,llama-3.1-8b,0.0002656049061943642,0.00390625
decoders,quadratic,without_emphasis,9,0.21145556981415517,0.21134228315432152,9,0,0.06673543261004186,0.3632906965042698,0.19247617897789085,0.22954558696466934,llama-2-7b,llama-3.1-8b,0.0002764965044178595,0.00390625
decoders,linear,without_encourage,9,0.3049866892182668,0.3493131824927116,9,0,0.0679488004880442,0.439620636104199,0.2881574458575253,0.33461642530954466,llama-2-7b,llama-3.1-8b,0.00026375525804420147,0.00390625
decoders,quadratic,without_encourage,9,0.2114954830423707,0.21114107134168375,9,0,0.06706396543361601,0.363129049819665,0.1925412871952089,0.22954942274346504,llama-2-7b,llama-3.1-8b,0.00027378093513332456,0.00390625
decoders,linear,without_end,9,0.3045328321935614,0.34867672478018513,9,0,0.06760192166799088,0.4393990069361974,0.2876745603507319,0.33414919600925774,llama-2-7b,llama-3.1-8b,0.0002658891710281784,0.00390625
decoders,quadratic,without_end,9,0.2110717202187926,0.21079440466693733,9,0,0.06669307947411189,0.3627970683117795,0.19210605170716924,0.22911905031187768,llama-2-7b,llama-3.1-8b,0.0002770201021125767,0.00390625
decoders,linear,without_energy,9,0.30483042469825855,0.3491282680817629,9,0,0.06781106142104691,0.4396775884020952,0.287974529235279,0.33445784510791005,llama-2-7b,llama-3.1-8b,0.0002643127849968734,0.00390625
decoders,quadratic,without_energy,9,0.21156876391337218,0.21177781839280013,9,0,0.06689076661860623,0.3633164606590877,0.19260030182015772,0.2296535135752179,llama-2-7b,llama-3.1-8b,0.00027410961107316096,0.00390625
decoders,linear,without_engaged,9,0.30521494669403615,0.34938157952335097,9,0,0.06828833296895727,0.4402312567582124,0.2883379079360141,0.33483077340967093,llama-2-7b,llama-3.1-8b,0.0002623559344547743,0.00390625
decoders,quadratic,without_engaged,9,0.211856366832939,0.21189255708382362,9,0,0.06740117777307388,0.3636786565717282,0.19287858061559038,0.22991326546542218,llama-2-7b,llama-3.1-8b,0.0002727591400269535,0.00390625
decoders,linear,without_entry,9,0.3047448058914173,0.34911504999605164,9,0,0.0677409855319657,0.4395420565180961,0.2878951495630824,0.33437028343634867,llama-2-7b,llama-3.1-8b,0.000265107084735178,0.00390625
decoders,quadratic,without_entry,9,0.21142825196998716,0.21165092776983854,9,0,0.06684759523147747,0.3630960003581914,0.19246978342146165,0.22950083406230087,llama-2-7b,llama-3.1-8b,0.00027507761780945223,0.00390625
decoders,linear,without_exclaimed,9,0.30503448571820485,0.3492473426855979,9,0,0.06813784820220661,0.43973737980865846,0.28819662395689816,0.33464656540770465,llama-2-7b,llama-3.1-8b,0.00026139870936463337,0.00390625
decoders,quadratic,without_exclaimed,9,0.21166614486688987,0.21087967109974426,9,0,0.06726693948744444,0.3633838120373544,0.19270143647058183,0.22971604553932057,llama-2-7b,llama-3.1-8b,0.000270920926466522,0.00390625
decoders,linear,without_expense,9,0.3048672427153425,0.348961509584115,9,0,0.06763768568645323,0.43994576259270096,0.28798242773067273,0.3345209373439537,llama-2-7b,llama-3.1-8b,0.00026531144025821233,0.00390625
decoders,quadratic,without_expense,9,0.21155789975347877,0.21104960951315765,9,0,0.06666819348169191,0.3630917473797823,0.19261616880019083,0.22966911303745213,llama-2-7b,llama-3.1-8b,0.00027421582929269676,0.00390625
decoders,linear,without_explained,9,0.3054109181523673,0.3498208112960155,9,0,0.06760686545894648,0.4406253629463785,0.2885091125531159,0.3351364247390449,llama-2-7b,llama-3.1-8b,0.00026703279350436074,0.00390625
decoders,quadratic,without_explained,9,0.21199530541429543,0.21226539729484087,9,0,0.0667209410036918,0.36439430845753923,0.19294543003388992,0.23015460096562085,llama-2-7b,llama-3.1-8b,0.00027680529499224133,0.00390625
decoders,linear,without_firmly,9,0.30543068798848144,0.34973263612444727,9,0,0.06757361371438743,0.44038902893199716,0.28856089537054197,0.3351628222727432,llama-2-7b,llama-3.1-8b,0.00026689902689395486,0.00390625
decoders,quadratic,without_firmly,9,0.21188823620311495,0.21191452826662588,9,0,0.06667241577718601,0.3639554428505822,0.19287983537218156,0.23004021375635608,llama-2-7b,llama-3.1-8b,0.00027697542554298084,0.00390625
decoders,linear,without_flight,9,0.3053706003437231,0.34979135622165597,9,0,0.06859947309773548,0.4402656574742681,0.288508718202405,0.33496699124947155,llama-2-7b,llama-3.1-8b,0.0002596993484715887,0.00390625
decoders,quadratic,without_flight,9,0.21195415209318377,0.21159999962908543,9,0,0.06771807465150269,0.3636609504830698,0.19299080229444798,0.22998366177339388,llama-2-7b,llama-3.1-8b,0.0002684236894999555,0.00390625
decoders,linear,without_flew,9,0.305126739249003,0.34924795233628014,9,0,0.06823763245457067,0.4397510253538187,0.28829870348590103,0.33473787759830703,llama-2-7b,llama-3.1-8b,0.0002618044791218543,0.00390625
decoders,quadratic,without_flew,9,0.21198881161392027,0.21192611395677632,9,0,0.0675492645952705,0.36336476774290216,0.19306681709779755,0.23004375499125151,llama-2-7b,llama-3.1-8b,0.0002674024585073492,0.00390625
decoders,linear,without_formation,9,0.30485337267756407,0.34902364474295017,9,0,0.06780166989814845,0.43974236360704094,0.28799224881137947,0.33448483552499103,llama-2-7b,llama-3.1-8b,0.00026383358994939304,0.00390625
decoders,quadratic,without_formation,9,0.21149385951305855,0.21126235283724876,9,0,0.06691959010104205,0.3634457016011955,0.19249987925204137,0.22956564318956058,llama-2-7b,llama-3.1-8b,0.0002742852095982529,0.00390625
decoders,linear,without_formula,9,0.30518257301571644,0.3495766822824693,9,0,0.06725289471907135,0.4406177896944914,0.28825317093086955,0.3349237828027971,llama-2-7b,llama-3.1-8b,0.00026848823077916357,0.00390625
decoders,quadratic,without_formula,9,0.2115558707068871,0.211366909916829,9,0,0.0663093521633982,0.36386621545365705,0.19251707761354092,0.22971168552482327,llama-2-7b,llama-3.1-8b,0.0002804243548097381,0.00390625
decoders,linear,without_garden,9,0.3050762277389206,0.3495557379974287,9,0,0.06725533605336467,0.4398751301511465,0.2882263649373924,0.33480383919961515,llama-2-7b,llama-3.1-8b,0.00026829229485998837,0.00390625
decoders,quadratic,without_garden,9,0.2115015962525985,0.21138961034284423,9,0,0.06621422544626632,0.3633922924687921,0.1925152592255743,0.22966251760339004,llama-2-7b,llama-3.1-8b,0.0002807391367952697,0.00390625
decoders,linear,without_gaze,9,0.3046391414639276,0.34897826305626733,9,0,0.06734080769947008,0.43945442115144756,0.28778723150298763,0.3343014331844848,llama-2-7b,llama-3.1-8b,0.0002674019520822909,0.00390625
decoders,quadratic,without_gaze,9,0.21117818757425288,0.21098160268002789,9,0,0.06641668465556748,0.3629695472082034,0.19220426762000906,0.22927337543908854,llama-2-7b,llama-3.1-8b,0.00027935432678428414,0.00390625
decoders,linear,without_general,9,0.3051152949772092,0.3493535668660303,9,0,0.06809344473238982,0.4399033981458956,0.2882667820811234,0.3347430262578116,llama-2-7b,llama-3.1-8b,0.0002621114441222277,0.00390625
decoders,quadratic,without_general,9,0.21208844901881077,0.21212136623296352,9,0,0.06729124126611652,0.3637591101607952,0.19312961637606274,0.23018809998789758,llama-2-7b,llama-3.1-8b,0.00027032207440873794,0.00390625
decoders,linear,without_gesture,9,0.30474350719832466,0.34890027900553944,9,0,0.06773039113860423,0.4394984962509724,0.2878991335667436,0.3343701467057897,llama-2-7b,llama-3.1-8b,0.00026448232904003585,0.00390625
decoders,quadratic,without_gesture,9,0.21138273927331844,0.21118275816117624,9,0,0.06679536984794468,0.3629876606020908,0.1924321241072219,0.22945616045149017,llama-2-7b,llama-3.1-8b,0.0002746611034372795,0.00390625
decoders,linear,without_gold,9,0.30479527523228317,0.34917994509636824,9,0,0.06751785697560876,0.439609604876823,0.2879434840267157,0.3344549525143675,llama-2-7b,llama-3.1-8b,0.00026567532499195196,0.00390625
decoders,quadratic,without_gold,9,0.21145518138670027,0.2113796769041143,9,0,0.06663142175181715,0.3631738047478033,0.1924903534665624,0.22955815134106067,llama-2-7b,llama-3.1-8b,0.0002761185816431278,0.00390625
decoders,linear,without_governing,9,0.30495717062539296,0.34931334431554795,9,0,0.06726797030621534,0.43970278304490584,0.28811396907295383,0.3346683206652902,llama-2-7b,llama-3.1-8b,0.0002680417491480747,0.00390625
decoders,quadratic,without_governing,9,0.2114714640948081,0.21102210108936015,9,0,0.06638218606712107,0.36319821578696093,0.19250562013328898,0.229607623848269,llama-2-7b,llama-3.1-8b,0.0002796453720342195,0.00390625
decoders,linear,without_grounds,9,0.3045941356407667,0.3488102946025963,9,0,0.06756650961973565,0.43938889182640867,0.2877447911175615,0.3342225888933956,llama-2-7b,llama-3.1-8b,0.0002659083112150693,0.00390625
decoders,quadratic,without_grounds,9,0.21118769838100512,0.21117012015225545,9,0,0.0666803889081752,0.36287320781381904,0.19222700970190337,0.22925111206510887,llama-2-7b,llama-3.1-8b,0.0002767254095699919,0.00390625
decoders,linear,without_growing,9,0.30485496937199286,0.3489358076347139,9,0,0.06767218128651036,0.43974599010402743,0.28799359178048856,0.33450281788267816,llama-2-7b,llama-3.1-8b,0.0002649949425926681,0.00390625
decoders,quadratic,without_growing,9,0.21164956312402972,0.21131149735674,9,0,0.06669441263889507,0.36336391083299385,0.1926852696604092,0.22976895693467153,llama-2-7b,llama-3.1-8b,0.0002755960830426414,0.00390625
decoders,linear,without_house,9,0.30459115295575956,0.34871929367014065,9,0,0.06764906060450973,0.43940518976030085,0.28773939835519186,0.3342089144996657,llama-2-7b,llama-3.1-8b,0.00026512366064562374,0.00390625
decoders,quadratic,without_house,9,0.21115687832820818,0.2107632057679361,9,0,0.06676198067710228,0.36289684632376773,0.19218938232876323,0.22920624053459643,llama-2-7b,llama-3.1-8b,0.0002764115429882829,0.00390625
decoders,linear,without_identity,9,0.3055895506333317,0.3498972986385268,9,0,0.0681564679187749,0.440942578574528,0.2886704221406822,0.33526868597265136,llama-2-7b,llama-3.1-8b,0.0002646862292300503,0.00390625
decoders,quadratic,without_identity,9,0.21198682184102752,0.21156174502551342,9,0,0.06726720828634292,0.36431646377749505,0.19294561659896908,0.2300767735353631,llama-2-7b,llama-3.1-8b,0.0002762895547369579,0.00390625
decoders,linear,without_implications,9,0.3052037304015159,0.3496020661837613,9,0,0.06820280854085166,0.43980099466434014,0.28837907236866284,0.33482884563409887,llama-2-7b,llama-3.1-8b,0.0002617439133630271,0.00390625
decoders,quadratic,without_implications,9,0.21166518069206106,0.21122221560820312,9,0,0.06731760481072173,0.3635321899355052,0.19268180453663056,0.2297086276772285,llama-2-7b,llama-3.1-8b,0.0002728935657359503,0.00390625
decoders,linear,without_imply,9,0.30525341599227324,0.34981444930245037,9,0,0.06729695824730361,0.4401602024564193,0.28839006768425496,0.3349979732103944,llama-2-7b,llama-3.1-8b,0.0002678126148858901,0.00390625
decoders,quadratic,without_imply,9,0.21194700998816232,0.21169301686339673,9,0,0.06637488591683935,0.3641518965469577,0.19292139916831288,0.23014352549707767,llama-2-7b,llama-3.1-8b,0.0002800780057392064,0.00390625
decoders,linear,without_importance,9,0.30481977153073697,0.34893456396047284,9,0,0.06797429452848412,0.43963502792121656,0.287967864481927,0.3344254561560186,llama-2-7b,llama-3.1-8b,0.000263444150909736,0.00390625
decoders,quadratic,without_importance,9,0.21151549625304156,0.21116972611970594,9,0,0.06714178894688357,0.36323684541111084,0.1925503276082829,0.2295622096663113,llama-2-7b,llama-3.1-8b,0.00027334824985753996,0.00390625
decoders,linear,without_important,9,0.30495743503620243,0.3492710188650115,9,0,0.06828699164445938,0.4396915595965201,0.28811566946616274,0.3345412404601703,llama-2-7b,llama-3.1-8b,0.00026177099117674,0.00390625
decoders,quadratic,without_important,9,0.21169736570482126,0.211669350193318,9,0,0.06756773803923752,0.3633355160322542,0.19274259691389214,0.22971356916301924,llama-2-7b,llama-3.1-8b,0.0002691922972570744,0.00390625
decoders,linear,without_impression,9,0.30507300448253327,0.3493522233632161,9,0,0.06733754158320081,0.4399983138156344,0.28820734081589566,0.3347899373449499,llama-2-7b,llama-3.1-8b,0.0002676825830975941,0.00390625
decoders,quadratic,without_impression,9,0.2115246589293952,0.21098625882775318,9,0,0.06636883088233707,0.3635157120516153,0.19252577728911768,0.22966913743527745,llama-2-7b,llama-3.1-8b,0.0002795336536623613,0.00390625
decoders,linear,without_improved,9,0.3048135644993034,0.34888543458375626,9,0,0.06768536911434837,0.439524335304189,0.2879747181486927,0.33445458892242275,llama-2-7b,llama-3.1-8b,0.000265357604163824,0.00390625
decoders,quadratic,without_improved,9,0.21151889453246062,0.2111866404734141,9,0,0.06679398565771123,0.363040850889797,0.19257864998779356,0.22960950814180425,llama-2-7b,llama-3.1-8b,0.0002760221969975035,0.00390625
decoders,linear,without_initiative,9,0.3049528839629135,0.3490028311819223,9,0,0.06784183622743653,0.4399054429632552,0.2880838140878708,0.33459176492984816,llama-2-7b,llama-3.1-8b,0.0002645444122460415,0.00390625
decoders,quadratic,without_initiative,9,0.21183378536403785,0.2117365934412088,9,0,0.06686139320966311,0.3639888335368452,0.19281440434243696,0.2299553343833347,llama-2-7b,llama-3.1-8b,0.0002761625292693224,0.00390625
decoders,linear,without_instituted,9,0.3056786639729267,0.35004819117879415,9,0,0.06836893624711607,0.44060976404283664,0.28881227646418794,0.335342379938653,llama-2-7b,llama-3.1-8b,0.0002624049929121354,0.00390625
decoders,quadratic,without_instituted,9,0.21200598063309448,0.2115508088766416,9,0,0.06749435743828168,0.36368022563043223,0.19304670000842727,0.2300699335324461,llama-2-7b,llama-3.1-8b,0.00027060209041253433,0.00390625
decoders,linear,without_insure,9,0.3054391655458788,0.3494559623890603,9,0,0.0679534096646837,0.4407633111183858,0.28852364734931546,0.3351248850310282,llama-2-7b,llama-3.1-8b,0.0002657771995090729,0.00390625
decoders,quadratic,without_insure,9,0.2119400324770942,0.21164596147170608,9,0,0.06706729725159612,0.36399313588078797,0.19293339455163247,0.23004912438028144,llama-2-7b,llama-3.1-8b,0.0002758286843935107,0.00390625
decoders,linear,without_interrupted,9,0.3055268155005074,0.3501926384045087,9,0,0.06760144145865433,0.4406056531420564,0.28864196079531385,0.33526748725573907,llama-2-7b,llama-3.1-8b,0.0002667790007125822,0.00390625
decoders,quadratic,without_interrupted,9,0.21197500356341278,0.21202349069100473,9,0,0.06671247735839556,0.364123309636442,0.19295646530428412,0.2301328193390399,llama-2-7b,llama-3.1-8b,0.0002772612793887014,0.00390625
decoders,linear,without_interval,9,0.30477400667507815,0.34890350144362875,9,0,0.06776027840105883,0.4396524178167722,0.28791420528236644,0.3344007227093306,llama-2-7b,llama-3.1-8b,0.00026466981584022533,0.00390625
decoders,quadratic,without_interval,9,0.21147263013025488,0.21132958177630617,9,0,0.06687475758571512,0.36327049236672454,0.1924978973506962,0.22954736419832236,llama-2-7b,llama-3.1-8b,0.00027509549735130776,0.00390625
decoders,linear,without_investment,9,0.3054628327387272,0.34999717132918107,9,0,0.06754698417966015,0.4408198015017285,0.288543211643352,0.33520231380861054,llama-2-7b,llama-3.1-8b,0.00026689057218546577,0.00390625
decoders,quadratic,without_investment,9,0.21171000673491894,0.2118521443902655,9,0,0.06652531877995353,0.36408009059026625,0.19266374625300053,0.22985809272928961,llama-2-7b,llama-3.1-8b,0.0002787620230801067,0.00390625
decoders,linear,without_item,9,0.3051892974603834,0.34945873109044023,9,0,0.06859640945131992,0.4399464494810278,0.28834465345780286,0.3347634084615163,llama-2-7b,llama-3.1-8b,0.0002592796564640715,0.00390625
decoders,quadratic,without_item,9,0.2118313279922989,0.21117197049333059,9,0,0.06771350690413326,0.3634605653838899,0.19287767331835,0.22984605562831958,llama-2-7b,llama-3.1-8b,0.0002684767065463108,0.00390625
decoders,linear,without_judgment,9,0.3049978832951896,0.34921751978576815,9,0,0.0676340167723032,0.44031749120020125,0.28808293230706317,0.33466836661055044,llama-2-7b,llama-3.1-8b,0.0002655755565350634,0.00390625
decoders,quadratic,without_judgment,9,0.21155562780110754,0.2113145414891734,9,0,0.06674702164889662,0.3636340020914058,0.19254583101482026,0.2296567035701339,llama-2-7b,llama-3.1-8b,0.0002771357704613084,0.00390625
decoders,linear,without_justice,9,0.3049859206504193,0.3493658110401767,9,0,0.06739257265572624,0.44000058717802387,0.28810908733446866,0.33468508914975587,llama-2-7b,llama-3.1-8b,0.0002672924899099831,0.00390625
decoders,quadratic,without_justice,9,0.21162247936826117,0.21137373806126933,9,0,0.0664773049952394,0.36353086209685975,0.19263393152718636,0.2297656261648889,llama-2-7b,llama-3.1-8b,0.0002785266897007205,0.00390625
decoders,linear,without_key,9,0.3050964430171756,0.3491269593666491,9,0,0.06832931682150516,0.44015621895575624,0.288213971024853,0.33469233379163443,llama-2-7b,llama-3.1-8b,0.00026133903673995117,0.00390625
decoders,quadratic,without_key,9,0.2118398477352572,0.21155269585483294,9,0,0.06756717433260986,0.3636656053186487,0.19286162803733328,0.22987393191058814,llama-2-7b,llama-3.1-8b,0.0002702297552372873,0.00390625
decoders,linear,without_kiss,9,0.30530322110291297,0.3496195704356643,9,0,0.06846233080423333,0.44035199191770025,0.28842212475106466,0.334908332390248,llama-2-7b,llama-3.1-8b,0.0002607899355980184,0.00390625
decoders,quadratic,without_kiss,9,0.21170458808546713,0.21118487255746482,9,0,0.06773246897855469,0.363558872768477,0.19272280250009088,0.22970110297383117,llama-2-7b,llama-3.1-8b,0.0002693618571366123,0.00390625
decoders,linear,without_laugh,9,0.30477734803772105,0.3489538440844168,9,0,0.06834056106026845,0.43952753079553225,0.28793357519299473,0.3343319464099027,llama-2-7b,llama-3.1-8b,0.0002619289680919321,0.00390625
decoders,quadratic,without_laugh,9,0.21131184418827934,0.2107718883090021,9,0,0.06760816871800379,0.3629226295144644,0.19236049602250618,0.22927480362206376,llama-2-7b,llama-3.1-8b,0.00027098597409994893,0.00390625
decoders,linear,without_legal,9,0.3046222959996179,0.34895822566281376,9,0,0.06734612062996186,0.43941479581316156,0.2877732335229249,0.3342818179208249,llama-2-7b,llama-3.1-8b,0.00026670237523944527,0.00390625
decoders,quadratic,without_legal,9,0.21122844331874494,0.21087234389091722,9,0,0.06645881112237818,0.3629200442755649,0.19226699319914245,0.22932464734329078,llama-2-7b,llama-3.1-8b,0.00027800315707799517,0.00390625
decoders,linear,without_literally,9,0.30525968053687,0.34969267768656875,9,0,0.06825988557403694,0.4401687396235655,0.2883960481510331,0.3348846549072242,llama-2-7b,llama-3.1-8b,0.0002623374288610941,0.00390625
decoders,quadratic,without_literally,9,0.21216970008612568,0.2123195477448648,9,0,0.06762294849534647,0.3639313785936704,0.1931994902726826,0.2302380440349731,llama-2-7b,llama-3.1-8b,0.00026821877639240346,0.00390625
decoders,linear,without_luck,9,0.3052583645861089,0.34964547112533795,9,0,0.06846659248483157,0.44001462499164323,0.28841383203541715,0.33485733609876855,llama-2-7b,llama-3.1-8b,0.00026079510556519946,0.00390625
decoders,quadratic,without_luck,9,0.21199822853865566,0.21231140237909862,9,0,0.06769906642166514,0.36379180486197515,0.19302403149824068,0.23003562380327944,llama-2-7b,llama-3.1-8b,0.0002689744027056761,0.00390625
decoders,linear,without_m,9,0.30467862816756475,0.34895010740237925,9,0,0.0676275560740121,0.43952969638078737,0.2878222446409119,0.3343100121792588,llama-2-7b,llama-3.1-8b,0.00026545385117821615,0.00390625
decoders,quadratic,without_m,9,0.21125506300523222,0.2109680696036794,9,0,0.06671933964574711,0.3630774160601015,0.19227726887337354,0.22932202842516786,llama-2-7b,llama-3.1-8b,0.0002769077279662103,0.00390625
decoders,linear,without_manufacturer,9,0.3048749266214491,0.348998162136995,9,0,0.06840631735675118,0.439505608200994,0.288046091424006,0.3344335027795363,llama-2-7b,llama-3.1-8b,0.000260425872557544,0.00390625
decoders,quadratic,without_manufacturer,9,0.21149529690339325,0.21100614323735792,9,0,0.06755845340048358,0.3630232453595993,0.19255430334636747,0.22948740234125695,llama-2-7b,llama-3.1-8b,0.0002695587952040138,0.00390625
decoders,linear,without_marriage,9,0.30488421371501695,0.34889578222994944,9,0,0.06844491399344844,0.4395097224453071,0.28805602512373063,0.334439126180213,llama-2-7b,llama-3.1-8b,0.0002609131646170407,0.00390625
decoders,quadratic,without_marriage,9,0.21154973506727248,0.21140804869183868,9,0,0.06757346744949042,0.36304855810769476,0.19261238218721966,0.2295467685194952,llama-2-7b,llama-3.1-8b,0.00026980079690918935,0.00390625
decoders,linear,without_mate,9,0.3048278653104553,0.34900211934461595,9,0,0.06818571512332866,0.4395811519813754,0.2879837044765903,0.3344081340838462,llama-2-7b,llama-3.1-8b,0.0002619525731047647,0.00390625
decoders,quadratic,without_mate,9,0.211471854822732,0.2111120409912193,9,0,0.06729784592806641,0.3631537106031789,0.19251162285017612,0.2294936059345652,llama-2-7b,llama-3.1-8b,0.00027184155312256846,0.00390625
decoders,linear,without_mature,9,0.3049034152503963,0.3489930465341081,9,0,0.06814766760372304,0.44021327632762575,0.28798968261574265,0.33449788370623046,llama-2-7b,llama-3.1-8b,0.00026261310201581347,0.00390625
decoders,quadratic,without_mature,9,0.21141646540477355,0.21093464943415385,9,0,0.06725833300217535,0.36339596799257495,0.1924190275812984,0.22943623195509832,llama-2-7b,llama-3.1-8b,0.0002729798512318012,0.00390625
decoders,linear,without_medical,9,0.3055029645190797,0.35001986724724443,9,0,0.06814983892667248,0.44048351739140534,0.28863039541003904,0.3351721052181307,llama-2-7b,llama-3.1-8b,0.00026241494037716886,0.00390625
decoders,quadratic,without_medical,9,0.21222603192226902,0.21194122922469652,9,0,0.06736504249013478,0.364288306921862,0.19321824754731992,0.23033365560128582,llama-2-7b,llama-3.1-8b,0.000272245074706385,0.00390625
decoders,linear,without_mexican,9,0.3056684080703248,0.3498737260727516,9,0,0.06849993334029125,0.44070742114372374,0.28878853143614996,0.335314467411579,llama-2-7b,llama-3.1-8b,0.00026149045772723667,0.00390625
decoders,quadratic,without_mexican,9,0.2118303636400948,0.2111709779231464,9,0,0.06771721253915207,0.3638004143006277,0.1928341073075282,0.22984450752771268,llama-2-7b,llama-3.1-8b,0.0002712815479817836,0.00390625
decoders,linear,without_mississippi,9,0.30483266493786787,0.3490696098264755,9,0,0.06772935045371599,0.43965906999904675,0.28797936430522053,0.33447057924838686,llama-2-7b,llama-3.1-8b,0.00026496991427274696,0.00390625
decoders,quadratic,without_mississippi,9,0.2115830576259319,0.21131491392306118,9,0,0.06682428564499138,0.36328141050606194,0.19262076351591564,0.22967790412354946,llama-2-7b,llama-3.1-8b,0.00027515056766154905,0.00390625
decoders,linear,without_mood,9,0.3046493538798884,0.3487662283266835,9,0,0.0674664893710132,0.4397711110863882,0.2877591342290759,0.3342972119434978,llama-2-7b,llama-3.1-8b,0.00026642028404737055,0.00390625
decoders,quadratic,without_mood,9,0.21122357937915814,0.21095958644522525,9,0,0.06657349696955636,0.36312823840419123,0.192235497001029,0.22930483968035836,llama-2-7b,llama-3.1-8b,0.00027814050479884163,0.00390625
decoders,linear,without_morality,9,0.30482258221596814,0.34904022420626685,9,0,0.0676552094252171,0.4396170697608904,0.2879732712728528,0.33446850381481197,llama-2-7b,llama-3.1-8b,0.00026603236530838356,0.00390625
decoders,quadratic,without_morality,9,0.21153254814845365,0.21178291969741617,9,0,0.06669979667607347,0.36318394371180684,0.1925761237030345,0.22963664208250117,llama-2-7b,llama-3.1-8b,0.00027650154928436535,0.00390625
decoders,linear,without_mounted,9,0.304774529189761,0.34892715027402627,9,0,0.06768129524891617,0.4396183133754312,0.2879190561665522,0.3344111834323666,llama-2-7b,llama-3.1-8b,0.0002647117265550619,0.00390625
decoders,quadratic,without_mounted,9,0.21148022858315554,0.2111814120293377,9,0,0.06678062668804782,0.3632021702800517,0.19251498587104354,0.22956767882004403,llama-2-7b,llama-3.1-8b,0.00027490602926838616,0.00390625
decoders,linear,without_net,9,0.30484024991612696,0.3490862432164026,9,0,0.0678331446590105,0.43974200887038783,0.28797753004684434,0.33446613807326653,llama-2-7b,llama-3.1-8b,0.0002640872171467989,0.00390625
decoders,quadratic,without_net,9,0.2115184782186001,0.2113012442350096,9,0,0.06695169491723583,0.36328317734983095,0.1925478908271962,0.2295893261312706,llama-2-7b,llama-3.1-8b,0.0002740526005777703,0.00390625
decoders,linear,without_observation,9,0.30522428096924276,0.349481208676659,9,0,0.06820507611430038,0.4402511952595398,0.2883459166829556,0.33485168157611056,llama-2-7b,llama-3.1-8b,0.0002627746578651471,0.00390625
decoders,quadratic,without_observation,9,0.2114610589995753,0.2107296728955164,9,0,0.06731748571698118,0.36333465313363633,0.19247685973281764,0.22947900565989954,llama-2-7b,llama-3.1-8b,0.0002731496959387597,0.00390625
decoders,linear,without_observers,9,0.30542285402574504,0.34976576269754683,9,0,0.06777693071289705,0.4401504168320242,0.2885819086749601,0.335128594439851,llama-2-7b,llama-3.1-8b,0.00026452421627810814,0.00390625
decoders,quadratic,without_observers,9,0.21172640555744657,0.21125014046017562,9,0,0.0668611239083509,0.3636262995847095,0.1927389188040387,0.22983456576358352,llama-2-7b,llama-3.1-8b,0.000275643752240745,0.00390625
decoders,linear,without_oil,9,0.30488431641902963,0.3491436626851812,9,0,0.06778453530408796,0.4397789953411244,0.28802248155376775,0.3345217890583973,llama-2-7b,llama-3.1-8b,0.0002647880195706248,0.00390625
decoders,quadratic,without_oil,9,0.21164779744016624,0.2116878932325977,9,0,0.06689232992424704,0.3634271910836462,0.19267537323473122,0.22974223087965612,llama-2-7b,llama-3.1-8b,0.00027492568972577956,0.00390625
decoders,linear,without_opening,9,0.3050447111843222,0.349136718395583,9,0,0.06804371793160062,0.4400016998877703,0.2881750875963912,0.33466983534091244,llama-2-7b,llama-3.1-8b,0.00026293350783611753,0.00390625
decoders,quadratic,without_opening,9,0.21210574345126557,0.2122853529369963,9,0,0.067269498924037,0.36380926591370094,0.19314280314346116,0.23021027401716915,llama-2-7b,llama-3.1-8b,0.00027021776489189055,0.00390625
decoders,linear,without_operator,9,0.3047055373746491,0.3488460820670788,9,0,0.06793039746630242,0.43950459366722,0.2878556553380778,0.3343024298631925,llama-2-7b,llama-3.1-8b,0.00026361273179720555,0.00390625
decoders,quadratic,without_operator,9,0.2113133670403802,0.21085508081492002,9,0,0.0670544479336409,0.36304209542281346,0.19234727599257603,0.2293457319287226,llama-2-7b,llama-3.1-8b,0.00027412989160660443,0.00390625
decoders,linear,without_overcome,9,0.30538184951135816,0.3495867919560728,9,0,0.06787002602173804,0.4405209494349275,0.28848946202091197,0.33507082744756067,llama-2-7b,llama-3.1-8b,0.00026496962302520813,0.00390625
decoders,quadratic,without_overcome,9,0.21213830993551674,0.21228052009673334,9,0,0.0669886106687572,0.36415654400882236,0.19313603067635354,0.2302820223438617,llama-2-7b,llama-3.1-8b,0.00027463931919167496,0.00390625
decoders,linear,without_owners,9,0.30496152857809933,0.34922012314300965,9,0,0.06799067180008972,0.43944400257192623,0.288151219328871,0.33458288567535055,llama-2-7b,llama-3.1-8b,0.0002625552684120848,0.00390625
decoders,quadratic,without_owners,9,0.21186836675438558,0.21219979334988373,9,0,0.06719006616511433,0.3629005307570646,0.19298934625405073,0.22995315432804447,llama-2-7b,llama-3.1-8b,0.0002675003572317877,0.00390625
decoders,linear,without_paint,9,0.30511893051196737,0.3491246503102415,9,0,0.06783667255632818,0.4401942729554421,0.288234512706533,0.33477921275642225,llama-2-7b,llama-3.1-8b,0.00026559927216501664,0.00390625
decoders,quadratic,without_paint,9,0.21152386047197685,0.2113130475289856,9,0,0.06686699485086249,0.36357217678271003,0.19251782093313521,0.22960596867461613,llama-2-7b,llama-3.1-8b,0.0002772824923056928,0.00390625
decoders,linear,without_passage,9,0.30493146773559077,0.3490632015897263,9,0,0.06809897956535844,0.4396696853184777,0.28808919053772986,0.33453552875686976,llama-2-7b,llama-3.1-8b,0.0002623333272735968,0.00390625
decoders,quadratic,without_passage,9,0.211660775968844,0.21134942439048235,9,0,0.06732872315028016,0.36319026108395386,0.19271959032945526,0.22970228257116448,llama-2-7b,llama-3.1-8b,0.000270612224896179,0.00390625
decoders,linear,without_perception,9,0.30497606530824534,0.3490828806324793,9,0,0.06826005090317275,0.4398500102276022,0.28811682219332574,0.3345655671088794,llama-2-7b,llama-3.1-8b,0.00026133077395945267,0.00390625
decoders,quadratic,without_perception,9,0.21170960879296233,0.21164429560942483,9,0,0.06737832113616556,0.3635375515097687,0.19273111595336156,0.22975101975006196,llama-2-7b,llama-3.1-8b,0.0002704058855089661,0.00390625
decoders,linear,without_phenomenon,9,0.3055065730464267,0.3500096711726336,9,0,0.06797566815090429,0.44053489166312687,0.28862803321933916,0.335197936158367,llama-2-7b,llama-3.1-8b,0.0002640396864529197,0.00390625
decoders,quadratic,without_phenomenon,9,0.21195783708914015,0.2116288554536261,9,0,0.06705916326668782,0.36375276143075697,0.19298347154643805,0.23007017131694668,llama-2-7b,llama-3.1-8b,0.0002731848829980583,0.00390625
decoders,linear,without_planning,9,0.30504798320617854,0.3491303350013748,9,0,0.06816128425739344,0.4401626068889639,0.28815865524583034,0.3346588205747767,llama-2-7b,llama-3.1-8b,0.0002630771773704596,0.00390625
decoders,quadratic,without_planning,9,0.21170173530582084,0.21143955739190806,9,0,0.06731111860262523,0.3635077923750936,0.19272597817216175,0.2297505623937203,llama-2-7b,llama-3.1-8b,0.00027218392079142017,0.00390625
decoders,linear,without_plunged,9,0.30492780778264694,0.3491945578990875,9,0,0.06810269937238946,0.43942407160307784,0.2881157748050931,0.3345309463339291,llama-2-7b,llama-3.1-8b,0.0002625387725140678,0.00390625
decoders,quadratic,without_plunged,9,0.21175832386827792,0.21191785457894036,9,0,0.0673080654077989,0.3629209669405821,0.1928629934842399,0.22981460617583782,llama-2-7b,llama-3.1-8b,0.000269271718702265,0.00390625
decoders,linear,without_population,9,0.30483116267861426,0.34897797357535004,9,0,0.06767706894155366,0.43976897518832564,0.28796393611490034,0.33447542439574685,llama-2-7b,llama-3.1-8b,0.00026513038495131776,0.00390625
decoders,quadratic,without_population,9,0.2115705855449647,0.21120162353385313,9,0,0.066755356881632,0.3633929861978447,0.19259278546335468,0.22967248912788124,llama-2-7b,llama-3.1-8b,0.0002760437073228826,0.00390625
decoders,linear,without_portion,9,0.3048064934760437,0.3490309198836723,9,0,0.06797076941858549,0.439597267964314,0.2879576466650099,0.334410958983226,llama-2-7b,llama-3.1-8b,0.00026311228587548845,0.00390625
decoders,quadratic,without_portion,9,0.21143561657359058,0.21109558395966224,9,0,0.06707754854747044,0.36317762338293474,0.19246786572242255,0.2294803750768556,llama-2-7b,llama-3.1-8b,0.0002728060106546278,0.00390625
decoders,linear,without_possess,9,0.3050851272590898,0.3492326340821499,9,0,0.06816790190227395,0.4401194594294595,0.2882058357377936,0.3346997804286918,llama-2-7b,llama-3.1-8b,0.00026209767134373265,0.00390625
decoders,quadratic,without_possess,9,0.21177544469163034,0.2116435651143385,9,0,0.06728451773238467,0.36364151611147155,0.1927921857641502,0.22983681056153604,llama-2-7b,llama-3.1-8b,0.0002716762649685895,0.00390625
decoders,linear,without_pot,9,0.3049922779976421,0.3491658752751609,9,0,0.06778036041619767,0.439834664349812,0.2881369797036209,0.33464376769532267,llama-2-7b,llama-3.1-8b,0.00026424291292916963,0.00390625
decoders,quadratic,without_pot,9,0.21159181696529475,0.2111851277787784,9,0,0.06687881505792265,0.36360575310552545,0.19259007494776592,0.22968094220371627,llama-2-7b,llama-3.1-8b,0.00027551253180806373,0.00390625
decoders,linear,without_poured,9,0.30492666815535924,0.34900100752169255,9,0,0.06765233633398043,0.4403613450354309,0.2879973335453503,0.33458595963303156,llama-2-7b,llama-3.1-8b,0.00026628994268219913,0.00390625
decoders,quadratic,without_poured,9,0.21156914929350484,0.21152466088966734,9,0,0.06641944291343757,0.3636950382959716,0.19255341316819646,0.22971286259101323,llama-2-7b,llama-3.1-8b,0.0002808468159857308,0.00390625
decoders,linear,without_precipitated,9,0.3048131048374437,0.3490642335283754,9,0,0.06764338120773801,0.4396937892612273,0.2879530192844708,0.334459320291157,llama-2-7b,llama-3.1-8b,0.00026523743376001503,0.00390625
decoders,quadratic,without_precipitated,9,0.21157172451448264,0.21151647568882148,9,0,0.06664351404183189,0.36333290436800075,0.19260157703279285,0.22968775082356396,llama-2-7b,llama-3.1-8b,0.0002758434962826575,0.00390625
decoders,linear,without_presentation,9,0.30492432929690316,0.3490351096465689,9,0,0.0680499719417479,0.4397147949773846,0.288075521086843,0.3345336239662976,llama-2-7b,llama-3.1-8b,0.00026266844386419304,0.00390625
decoders,quadratic,without_presentation,9,0.21163837456293588,0.21160580603886378,9,0,0.06716982502832568,0.36337010389801155,0.19267190839605142,0.22969694325476217,llama-2-7b,llama-3.1-8b,0.0002724372579493205,0.00390625
decoders,linear,without_press,9,0.3048848792025447,0.3494803953758616,9,0,0.0679277712174043,0.439508685314457,0.28805690343855567,0.33450451770068723,llama-2-7b,llama-3.1-8b,0.00026327015133377306,0.00390625
decoders,quadratic,without_press,9,0.2115092341003992,0.21157193034700886,9,0,0.06704786672560997,0.36304928218091914,0.1925667280903342,0.22956690502224786,llama-2-7b,llama-3.1-8b,0.00027235645114975424,0.00390625
decoders,linear,without_priest,9,0.3048593109627154,0.34918038821062836,9,0,0.06795520066417336,0.43944077540411514,0.2880366279075405,0.33447232475003325,llama-2-7b,llama-3.1-8b,0.00026343793941593045,0.00390625
decoders,quadratic,without_priest,9,0.21153348242141626,0.21156605022221514,9,0,0.06707543663006695,0.3629498723990005,0.19260643367421823,0.22959073814533493,llama-2-7b,llama-3.1-8b,0.0002719284016102734,0.00390625
decoders,linear,without_property,9,0.3047976707564281,0.3489775149030424,9,0,0.06798237574493864,0.4394170478521559,0.28797024861946213,0.3343995826328643,llama-2-7b,llama-3.1-8b,0.00026307043180299203,0.00390625
decoders,quadratic,without_property,9,0.21139219536005255,0.21079703356078017,9,0,0.06711250146501395,0.36292014151077934,0.1924512020912117,0.22942715709693234,llama-2-7b,llama-3.1-8b,0.0002732647805222786,0.00390625
decoders,linear,without_queen,9,0.3046959584021007,0.34907287522014,9,0,0.0675090548141285,0.43957489408542827,0.28783609144168476,0.3343443213505972,llama-2-7b,llama-3.1-8b,0.0002664221274554964,0.00390625
decoders,quadratic,without_queen,9,0.21138831779069533,0.21155207111549879,9,0,0.06653074680242585,0.36311909648327084,0.19242197045412338,0.229495514164229,llama-2-7b,llama-3.1-8b,0.000277534169021408,0.00390625
decoders,linear,without_recommend,9,0.3049161342062531,0.34893854392987367,9,0,0.06784278388006278,0.4398247557870487,0.2880525565086537,0.3345503029970269,llama-2-7b,llama-3.1-8b,0.00026407551380247513,0.00390625
decoders,quadratic,without_recommend,9,0.21174828887995942,0.21162836084903558,9,0,0.06689169552620165,0.3636768531316116,0.1927572183485029,0.22985536304917914,llama-2-7b,llama-3.1-8b,0.0002749427235672148,0.00390625
decoders,linear,without_reduced,9,0.3047755640751933,0.3489712445837826,9,0,0.0677787221511322,0.43962062984602446,0.28791993085383943,0.33440016931570093,llama-2-7b,llama-3.1-8b,0.000264265370291114,0.00390625
decoders,quadratic,without_reduced,9,0.21144486566700893,0.2113369927866342,9,0,0.06685989942734319,0.3630996961992546,0.19248801185047823,0.22951798644696716,llama-2-7b,llama-3.1-8b,0.0002741899271876025,0.00390625
decoders,linear,without_registered,9,0.30573957340195856,0.35009446927366955,9,0,0.06852954864527669,0.440729035687218,0.2888658906163012,0.33539082649654384,llama-2-7b,llama-3.1-8b,0.0002617920841651263,0.00390625
decoders,quadratic,without_registered,9,0.2121938635022775,0.21206578096134515,9,0,0.06765036250462785,0.36406889211981996,0.19320948492508466,0.2302618011269837,llama-2-7b,llama-3.1-8b,0.00027015699874738717,0.00390625
decoders,linear,without_relating,9,0.30470403817635483,0.34871736927805846,9,0,0.0679642512695027,0.43949496351134426,0.2878551725094811,0.3342965115397113,llama-2-7b,llama-3.1-8b,0.00026393715839626323,0.00390625
decoders,quadratic,without_relating,9,0.21130419917209606,0.21095830264816545,9,0,0.06709894050703076,0.3629890066778253,0.1923435982338799,0.2293298565052292,llama-2-7b,llama-3.1-8b,0.00027502678777909943,0.00390625
decoders,linear,without_related,9,0.3056152413848743,0.34993963911841636,9,0,0.06751181701185528,0.4408637895288363,0.288709172866879,0.33537816943150167,llama-2-7b,llama-3.1-8b,0.000267111307334914,0.00390625
decoders,quadratic,without_related,9,0.2121163943363,0.2121870216012852,9,0,0.06661227990937425,0.36441621734456653,0.19307891646026668,0.23030440863966573,llama-2-7b,llama-3.1-8b,0.00027773920764210587,0.00390625
decoders,linear,without_reply,9,0.3050301002613105,0.34923359402383264,9,0,0.06809039542169763,0.43983532574796963,0.2881794470754781,0.3346475633662621,llama-2-7b,llama-3.1-8b,0.0002633307346076365,0.00390625
decoders,quadratic,without_reply,9,0.21199416013609637,0.2120880764562389,9,0,0.06750731733642035,0.3636865420148839,0.19303261240124792,0.2300550154860559,llama-2-7b,llama-3.1-8b,0.0002711915120197752,0.00390625
decoders,linear,without_representation,9,0.3049263024873103,0.3491601076044565,9,0,0.06805773855830187,0.43964248048470145,0.2880867802376364,0.3345348729784363,llama-2-7b,llama-3.1-8b,0.00026282688897822737,0.00390625
decoders,quadratic,without_representation,9,0.21174022783418117,0.21173316098726938,9,0,0.06720234400524062,0.363252104817813,0.1928012432112272,0.22980746331279878,llama-2-7b,llama-3.1-8b,0.000270986448170973,0.00390625
decoders,linear,without_residential,9,0.30490344449146406,0.3491939408559344,9,0,0.06794897840256647,0.4396689101715847,0.288057761281449,0.33452275275257626,llama-2-7b,llama-3.1-8b,0.0002635953203463847,0.00390625
decoders,quadratic,without_residential,9,0.21162508264340757,0.21162928335099437,9,0,0.06707968445556345,0.3632859620197635,0.1926674727213631,0.2296932574168881,llama-2-7b,llama-3.1-8b,0.00027262383325756467,0.00390625
decoders,linear,without_resistance,9,0.3048239119964701,0.3490842914481198,9,0,0.06785518000704784,0.4397379683361595,0.2879596549540089,0.33444500349514783,llama-2-7b,llama-3.1-8b,0.00026401793404102325,0.00390625
decoders,quadratic,without_resistance,9,0.21157195750639446,0.2115625862431005,9,0,0.06696946046587755,0.3634410712921981,0.19258831828316902,0.22964726963645907,llama-2-7b,llama-3.1-8b,0.00027361859448668633,0.00390625
decoders,linear,without_resources,9,0.30484858407793103,0.34910534786233094,9,0,0.06787659544417379,0.4397106458264455,0.2879908263593668,0.3344700826571507,llama-2-7b,llama-3.1-8b,0.00026412871673214713,0.00390625
decoders,quadratic,without_resources,9,0.21168656131278724,0.21194807749982023,9,0,0.06699835356158812,0.363365877391581,0.192726646802938,0.22977258728168712,llama-2-7b,llama-3.1-8b,0.00027277309832511267,0.00390625
decoders,linear,without_resume,9,0.3048016366544995,0.3486981630945829,9,0,0.06777358646019448,0.4402589603089193,0.28786947119769707,0.3344301429287877,llama-2-7b,llama-3.1-8b,0.00026495327186252057,0.00390625
decoders,quadratic,without_resume,9,0.21127557641861106,0.2107771777621441,9,0,0.06686662915552286,0.3632225127481965,0.19228220937741286,0.2293266948264971,llama-2-7b,llama-3.1-8b,0.0002759570583331882,0.00390625
decoders,linear,without_revolution,9,0.3050312376570456,0.349213877659029,9,0,0.06837414300067778,0.439711161075202,0.288196247229776,0.33461337448909156,llama-2-7b,llama-3.1-8b,0.00026099157251389265,0.00390625
decoders,quadratic,without_revolution,9,0.21200657377195334,0.21181835450365974,9,0,0.06767798632980498,0.36337706061167235,0.1930852629169884,0.23004764720222184,llama-2-7b,llama-3.1-8b,0.00026570658944305675,0.00390625
decoders,linear,without_rhythm,9,0.30489312170351934,0.34914673872669305,9,0,0.06788368748889705,0.43972629287478465,0.2880389753071112,0.33451930098034716,llama-2-7b,llama-3.1-8b,0.00026377133525289174,0.00390625
decoders,quadratic,without_rhythm,9,0.21165723044839266,0.21196869310563984,9,0,0.06700684621425379,0.3632665964447439,0.19270605969884874,0.22973852847766002,llama-2-7b,llama-3.1-8b,0.0002724314964793381,0.00390625
decoders,linear,without_rice,9,0.3051797477642945,0.3493690657071717,9,0,0.0680912402521449,0.44000277363602897,0.2883268695303277,0.33481581120331316,llama-2-7b,llama-3.1-8b,0.0002629313002251281,0.00390625
decoders,quadratic,without_rice,9,0.21207265194668096,0.21192123558366727,9,0,0.06732950763198159,0.3637942884609105,0.19310744738240226,0.23016554498601838,llama-2-7b,llama-3.1-8b,0.00027097627246670277,0.00390625
decoders,linear,without_rushed,9,0.3046538068615574,0.34876395763119755,9,0,0.06787662838736241,0.4393453888338686,0.2878173591150185,0.3342509541708317,llama-2-7b,llama-3.1-8b,0.000264016464748359,0.00390625
decoders,quadratic,without_rushed,9,0.21122450213719698,0.21076978327348375,9,0,0.06696642602383422,0.3628257477091781,0.19227434644069935,0.22925676165136732,llama-2-7b,llama-3.1-8b,0.00027480388512851676,0.00390625
decoders,linear,without_scholarship,9,0.30493618494367364,0.34907969547397133,9,0,0.06791885139358914,0.43988197081486746,0.28806796170977444,0.3345633516374342,llama-2-7b,llama-3.1-8b,0.00026355536772167094,0.00390625
decoders,quadratic,without_scholarship,9,0.21163014661540233,0.21103460214235936,9,0,0.06704456630338329,0.3635934135383445,0.19263473825003452,0.2297033441544047,llama-2-7b,llama-3.1-8b,0.00027455260203007896,0.00390625
decoders,linear,without_scream,9,0.3046586156713666,0.3487882778115701,9,0,0.06765376150055034,0.4394975681514349,0.2878037466113581,0.33428422244271866,llama-2-7b,llama-3.1-8b,0.0002655452601063758,0.00390625
decoders,quadratic,without_scream,9,0.21122550889803293,0.21084972247205125,9,0,0.06671539598279054,0.36300393616379123,0.19225320548981317,0.22928927301243823,llama-2-7b,llama-3.1-8b,0.00027731147241803636,0.00390625
decoders,linear,without_seat,9,0.3048950538058588,0.34905608272817196,9,0,0.067867551793575,0.43958856435703353,0.2880583649869619,0.3345234915573942,llama-2-7b,llama-3.1-8b,0.0002638424563564713,0.00390625
decoders,quadratic,without_seat,9,0.21163304949819864,0.2116362222350332,9,0,0.06698925560068854,0.36314633082925646,0.19269388933181641,0.2297135237353874,llama-2-7b,llama-3.1-8b,0.00027283584327044216,0.00390625
decoders,linear,without_security,9,0.30464558466267366,0.3488843433665301,9,0,0.06764566528866853,0.4393971508821416,0.2878016388852402,0.33427057458442433,llama-2-7b,llama-3.1-8b,0.0002654863805629669,0.00390625
decoders,quadratic,without_security,9,0.21125727482199647,0.2110318822494243,9,0,0.06675267578311178,0.36288258724676065,0.19230411076890094,0.22932034970185705,llama-2-7b,llama-3.1-8b,0.00027614727919228016,0.00390625
decoders,linear,without_seem,9,0.3047549901552428,0.3491091584474946,9,0,0.0679750568646968,0.4394758783653728,0.28791487912897656,0.3343524818165611,llama-2-7b,llama-3.1-8b,0.0002643206107588079,0.00390625
decoders,quadratic,without_seem,9,0.2113310631594217,0.21115422834898886,9,0,0.0670808313806912,0.3629713176196476,0.19237603135189346,0.22936234213176301,llama-2-7b,llama-3.1-8b,0.0002741161601294293,0.00390625
decoders,linear,without_seized,9,0.3051067248792733,0.349505833766345,9,0,0.06811342174856537,0.4400415931246197,0.28823986634860504,0.33473088777061183,llama-2-7b,llama-3.1-8b,0.000262853922040355,0.00390625
decoders,quadratic,without_seized,9,0.21201953598605294,0.21220541000548332,9,0,0.06740622862540506,0.3642065381422501,0.1929961607165283,0.23009619940613393,llama-2-7b,llama-3.1-8b,0.000272018466680874,0.00390625
decoders,linear,without_sell,9,0.30501205052429836,0.3492350412713244,9,0,0.06801474611443427,0.43981140365898486,0.2881621313824626,0.3346367135755314,llama-2-7b,llama-3.1-8b,0.00026263690846744473,0.00390625
decoders,quadratic,without_sell,9,0.21171566459568814,0.21115253057106118,9,0,0.06716099599574135,0.36360152453558914,0.1927299321032005,0.2297849981706815,llama-2-7b,llama-3.1-8b,0.0002739800097555398,0.00390625
decoders,linear,without_sensitivity,9,0.30470555650547904,0.34897121618974103,9,0,0.0677256915356187,0.43947852548214994,0.28785893538339513,0.33432803962671154,llama-2-7b,llama-3.1-8b,0.00026497630605133954,0.00390625
decoders,quadratic,without_sensitivity,9,0.21136228679189828,0.21140442534960618,9,0,0.06683387570618748,0.3629965175658176,0.19240800794515836,0.2294283381776121,llama-2-7b,llama-3.1-8b,0.00027519064202116933,0.00390625
decoders,linear,without_serve,9,0.304972657635058,0.34906279563843007,9,0,0.06786136058201134,0.43979950118787453,0.28811930219095594,0.3346115697666888,llama-2-7b,llama-3.1-8b,0.0002638099354499159,0.00390625
decoders,quadratic,without_serve,9,0.2118141172318162,0.21173096496010202,9,0,0.06697110929992166,0.3635207036748535,0.19285079392643653,0.22991949322330302,llama-2-7b,llama-3.1-8b,0.00027359023052402856,0.00390625
decoders,linear,without_settled,9,0.3046427266441399,0.3487912592671203,9,0,0.06742340099039255,0.43946954244339614,0.2877893746692329,0.33429514235085833,llama-2-7b,llama-3.1-8b,0.0002666116619788662,0.00390625
decoders,quadratic,without_settled,9,0.21126147677336485,0.21112187168957444,9,0,0.0664365678572578,0.3629807916371418,0.19229656241539272,0.2293645903878782,llama-2-7b,llama-3.1-8b,0.00027830143834325634,0.00390625
decoders,linear,without_shape,9,0.30463372822915663,0.3490103980175428,9,0,0.06771193847103511,0.4393857300385661,0.2877897280029804,0.3342489519489218,llama-2-7b,llama-3.1-8b,0.0002653293860576394,0.00390625
decoders,quadratic,without_shape,9,0.21117897775703012,0.21090650897251384,9,0,0.06681499562255666,0.3628785717842928,0.1922165285036223,0.2292244755238393,llama-2-7b,llama-3.1-8b,0.0002762087428970235,0.00390625
decoders,linear,without_shifted,9,0.30503002303588267,0.3491551049688118,9,0,0.06813004687116786,0.4399896298761601,0.288160072180848,0.334642520056472,llama-2-7b,llama-3.1-8b,0.0002622977870810974,0.00390625
decoders,quadratic,without_shifted,9,0.2118730368861247,0.2120125998688626,9,0,0.06727690315606771,0.36408463605875224,0.19284658698954624,0.22994755360238178,llama-2-7b,llama-3.1-8b,0.00027268732322946693,0.00390625
decoders,linear,without_shooting,9,0.30519313270084736,0.34944135160498263,9,0,0.06822634042711885,0.4400569193328975,0.28833515937184107,0.3348139817350634,llama-2-7b,llama-3.1-8b,0.00026163240402380603,0.00390625
decoders,quadratic,without_shooting,9,0.21200185829619222,0.21196518112359805,9,0,0.06740800689817565,0.36369158291303094,0.19304064271908739,0.2300760897209443,llama-2-7b,llama-3.1-8b,0.00026952729581516716,0.00390625
decoders,linear,without_show,9,0.30511055623080807,0.34957712941969005,9,0,0.06745375965801259,0.43999063971216923,0.2882505457956379,0.3348176558024075,llama-2-7b,llama-3.1-8b,0.00026706249118943617,0.00390625
decoders,quadratic,without_show,9,0.21168794557425472,0.21189694824006436,9,0,0.066525097602157,0.3635773215899981,0.19270177357228677,0.2298333015707669,llama-2-7b,llama-3.1-8b,0.0002763156352408913,0.00390625
decoders,linear,without_sight,9,0.30582668361676063,0.35006318817733956,9,0,0.06810325882505781,0.44108744395998234,0.28891908857385795,0.3355421117157235,llama-2-7b,llama-3.1-8b,0.0002641418402024163,0.00390625
decoders,quadratic,without_sight,9,0.21227654738054097,0.2119153905971391,9,0,0.06721273108749194,0.3645330836494986,0.1932444803469213,0.2304095244171721,llama-2-7b,llama-3.1-8b,0.00027461592073123374,0.00390625
decoders,linear,without_sin,9,0.3049446436235266,0.3490777441184904,9,0,0.06796414964564547,0.4398635110559903,0.2880797851944686,0.3345672053707617,llama-2-7b,llama-3.1-8b,0.0002633020382156617,0.00390625
decoders,quadratic,without_sin,9,0.2117335800325112,0.21153603794559203,9,0,0.06710754103482497,0.36354872412210376,0.19275668702131213,0.22981183490722198,llama-2-7b,llama-3.1-8b,0.0002722489191259981,0.00390625
decoders,linear,without_slipped,9,0.30538135686699125,0.3499768011825752,9,0,0.06831050149686642,0.43978192721412696,0.2885812855735992,0.33501521378825677,llama-2-7b,llama-3.1-8b,0.0002609169294502799,0.00390625
decoders,quadratic,without_slipped,9,0.2118739151197422,0.21183905463673272,9,0,0.06743681431446027,0.36329610643423277,0.19294614120543088,0.22992855272040244,llama-2-7b,llama-3.1-8b,0.00026966689593224756,0.00390625
decoders,linear,without_slope,9,0.30499345661815613,0.34915362627209456,9,0,0.06819289665410097,0.43975215120195527,0.28814861979518125,0.33459352661366304,llama-2-7b,llama-3.1-8b,0.0002619236660082672,0.00390625
decoders,quadratic,without_slope,9,0.21189789865463288,0.21197845870952886,9,0,0.06737299058683534,0.36344336236900016,0.192954715690337,0.2299635121631076,llama-2-7b,llama-3.1-8b,0.00026926511969151384,0.00390625
decoders,linear,without_smoke,9,0.3046310295573029,0.3486718502646273,9,0,0.0675537073733694,0.4395960631962597,0.28776040035243333,0.33426569483029467,llama-2-7b,llama-3.1-8b,0.00026598154621298813,0.00390625
decoders,quadratic,without_smoke,9,0.21123280713575016,0.21082238878599763,9,0,0.06665803398920866,0.36316611323030945,0.1922411438739302,0.2293046537790678,llama-2-7b,llama-3.1-8b,0.0002780924265578198,0.00390625
decoders,linear,without_souls,9,0.3056822555413023,0.35000848939273926,9,0,0.06850720091178941,0.4407374832278634,0.28880035208048216,0.33532913736999137,llama-2-7b,llama-3.1-8b,0.00026133700087355486,0.00390625
decoders,quadratic,without_souls,9,0.2120412565345479,0.21173932556621416,9,0,0.06766129043536386,0.3640582639117421,0.19303913061239864,0.23008875229694592,llama-2-7b,llama-3.1-8b,0.0002698226927576645,0.00390625
decoders,linear,without_span,9,0.3048829499882723,0.3491107432686327,9,0,0.06762103174290962,0.43998249246071974,0.2879955071792164,0.33454068976894263,llama-2-7b,llama-3.1-8b,0.00026564615976970015,0.00390625
decoders,quadratic,without_span,9,0.21159102805242017,0.21129200746278498,9,0,0.06671213474855532,0.3635707057069297,0.19259356834560648,0.22970088971540328,llama-2-7b,llama-3.1-8b,0.0002774816624941494,0.00390625
decoders,linear,without_stomach,9,0.3049181844732375,0.3489293442593862,9,0,0.06762862845930681,0.4401592448271603,0.28801305192899707,0.3345793789749788,llama-2-7b,llama-3.1-8b,0.00026578829395945247,0.00390625
decoders,quadratic,without_stomach,9,0.21162464441969042,0.21115928863027916,9,0,0.06674332744314973,0.3637675371022068,0.19260678283437593,0.22973480904175803,llama-2-7b,llama-3.1-8b,0.0002781918431052695,0.00390625
decoders,linear,without_stone,9,0.30489619751376673,0.3491929425383257,9,0,0.06780373467922408,0.439643614595794,0.2880527703785133,0.3345327553680846,llama-2-7b,llama-3.1-8b,0.0002643178516536651,0.00390625
decoders,quadratic,without_stone,9,0.21172251752558116,0.21146544173839943,9,0,0.06688541382316239,0.3632335440912423,0.19278363920487354,0.22982715548838353,llama-2-7b,llama-3.1-8b,0.00027301156252234504,0.00390625
decoders,linear,without_store,9,0.30452955548490557,0.3486918395535729,9,0,0.06759253393454943,0.4393565068459573,0.2876761865647741,0.3341466831787001,llama-2-7b,llama-3.1-8b,0.00026622965350448267,0.00390625
decoders,quadratic,without_store,9,0.2110824123843878,0.21073368673207427,9,0,0.06670593795609317,0.362828225701093,0.1921141857197996,0.22912947168792458,llama-2-7b,llama-3.1-8b,0.0002778891774229692,0.00390625
