model,word,layer,n_layers,stratum,representation,n,accuracy,accuracy_sd
llama-3-8b,all,16,32,all,context,40,0.775,0.09354143466934853
llama-3-8b,all,16,32,all,target,40,0.875,0.07905694150420949
llama-3-8b,all,16,32,all,combined,40,0.9,0.049999999999999996
llama-3-8b,all,16,32,semcor,context,40,0.775,0.09354143466934853
llama-3-8b,all,16,32,semcor,target,40,0.875,0.07905694150420949
llama-3-8b,all,16,32,semcor,combined,40,0.9,0.049999999999999996
qwen2.5-7b,all,14,28,all,context,40,0.6,0.09354143466934853
qwen2.5-7b,all,14,28,all,target,40,0.775,0.21505813167606566
qwen2.5-7b,all,14,28,all,combined,40,0.7,0.06123724356957945
qwen2.5-7b,all,14,28,semcor,context,40,0.6,0.09354143466934853
qwen2.5-7b,all,14,28,semcor,target,40,0.775,0.21505813167606566
qwen2.5-7b,all,14,28,semcor,combined,40,0.7,0.06123724356957945
llama-3-8b,alone,16,32,all,context,40,0.55,0.1695582495781317
llama-3-8b,alone,16,32,all,target,40,0.9,0.09354143466934853
llama-3-8b,alone,16,32,all,combined,40,0.85,0.2
llama-3-8b,alone,16,32,semcor,context,40,0.55,0.1695582495781317
llama-3-8b,alone,16,32,semcor,target,40,0.9,0.09354143466934853
llama-3-8b,alone,16,32,semcor,combined,40,0.85,0.2
qwen2.5-7b,alone,14,28,all,context,40,0.7,0.18708286933869706
qwen2.5-7b,alone,14,28,all,target,40,0.875,0.11180339887498948
qwen2.5-7b,alone,14,28,all,combined,40,0.775,0.19999999999999998
qwen2.5-7b,alone,14,28,semcor,context,40,0.7,0.18708286933869706
qwen2.5-7b,alone,14,28,semcor,target,40,0.875,0.11180339887498948
qwen2.5-7b,alone,14,28,semcor,combined,40,0.775,0.19999999999999998
llama-3-8b,back,16,32,all,context,40,0.8,0.15
llama-3-8b,back,16,32,all,target,40,0.975,0.049999999999999996
llama-3-8b,back,16,32,all,combined,40,1.0,0.0
llama-3-8b,back,16,32,semcor,context,40,0.8,0.15
llama-3-8b,back,16,32,semcor,target,40,0.975,0.049999999999999996
llama-3-8b,back,16,32,semcor,combined,40,1.0,0.0
qwen2.5-7b,back,14,28,all,context,40,0.8,0.1274754878398196
qwen2.5-7b,back,14,28,all,target,40,1.0,0.0
qwen2.5-7b,back,14,28,all,combined,40,1.0,0.0
qwen2.5-7b,back,14,28,semcor,context,40,0.8,0.1274754878398196
qwen2.5-7b,back,14,28,semcor,target,40,1.0,0.0
qwen2.5-7b,back,14,28,semcor,combined,40,1.0,0.0
llama-3-8b,basis,16,32,all,context,40,0.75,0.1767766952966369
llama-3-8b,basis,16,32,all,target,40,0.675,0.12747548783981963
llama-3-8b,basis,16,32,all,combined,40,0.75,0.15811388300841897
llama-3-8b,basis,16,32,semcor,context,40,0.75,0.1767766952966369
llama-3-8b,basis,16,32,semcor,target,40,0.675,0.12747548783981963
llama-3-8b,basis,16,32,semcor,combined,40,0.75,0.15811388300841897
qwen2.5-7b,basis,14,28,all,context,40,0.75,0.13693063937629152
qwen2.5-7b,basis,14,28,all,target,40,0.55,0.12747548783981963
qwen2.5-7b,basis,14,28,all,combined,40,0.7,0.09999999999999999
qwen2.5-7b,basis,14,28,semcor,context,40,0.75,0.13693063937629152
qwen2.5-7b,basis,14,28,semcor,target,40,0.55,0.12747548783981963
qwen2.5-7b,basis,14,28,semcor,combined,40,0.7,0.09999999999999999
llama-3-8b,better,16,32,all,context,40,0.475,0.1457737973711325
llama-3-8b,better,16,32,all,target,40,0.6,0.049999999999999996
llama-3-8b,better,16,32,all,combined,40,0.525,0.049999999999999996
llama-3-8b,better,16,32,semcor,context,40,0.475,0.1457737973711325
llama-3-8b,better,16,32,semcor,target,40,0.6,0.049999999999999996
llama-3-8b,better,16,32,semcor,combined,40,0.525,0.049999999999999996
qwen2.5-7b,better,14,28,all,context,40,0.45,0.06123724356957945
qwen2.5-7b,better,14,28,all,target,40,0.525,0.049999999999999996
qwen2.5-7b,better,14,28,all,combined,40,0.475,0.049999999999999996
qwen2.5-7b,better,14,28,semcor,context,40,0.45,0.06123724356957945
qwen2.5-7b,better,14,28,semcor,target,40,0.525,0.049999999999999996
qwen2.5-7b,better,14,28,semcor,combined,40,0.475,0.049999999999999996
llama-3-8b,death,16,32,all,context,40,0.575,0.257390753524675
llama-3-8b,death,16,32,all,target,40,0.775,0.1224744871391589
llama-3-8b,death,16,32,all,combined,40,0.7,0.1274754878398196
llama-3-8b,death,16,32,semcor,context,40,0.575,0.257390753524675
llama-3-8b,death,16,32,semcor,target,40,0.775,0.1224744871391589
llama-3-8b,death,16,32,semcor,combined,40,0.7,0.1274754878398196
qwen2.5-7b,death,14,28,all,context,40,0.675,0.1695582495781317
qwen2.5-7b,death,14,28,all,target,40,0.775,0.1457737973711325
qwen2.5-7b,death,14,28,all,combined,40,0.75,0.13693063937629152
qwen2.5-7b,death,14,28,semcor,context,40,0.675,0.1695582495781317
qwen2.5-7b,death,14,28,semcor,target,40,0.775,0.1457737973711325
qwen2.5-7b,death,14,28,semcor,combined,40,0.75,0.13693063937629152
llama-3-8b,down,16,32,all,context,40,0.675,0.2318404623873926
llama-3-8b,down,16,32,all,target,40,0.775,0.1457737973711325
llama-3-8b,down,16,32,all,combined,40,0.775,0.2
llama-3-8b,down,16,32,semcor,context,40,0.675,0.2318404623873926
llama-3-8b,down,16,32,semcor,target,40,0.775,0.1457737973711325
llama-3-8b,down,16,32,semcor,combined,40,0.775,0.2
qwen2.5-7b,down,14,28,all,context,40,0.65,0.2
qwen2.5-7b,down,14,28,all,target,40,0.8,0.1695582495781317
qwen2.5-7b,down,14,28,all,combined,40,0.775,0.16583123951777
qwen2.5-7b,down,14,28,semcor,context,40,0.65,0.2
qwen2.5-7b,down,14,28,semcor,target,40,0.8,0.1695582495781317
qwen2.5-7b,down,14,28,semcor,combined,40,0.775,0.16583123951777
llama-3-8b,evidence,16,32,all,context,40,0.625,0.13693063937629152
llama-3-8b,evidence,16,32,all,target,40,0.525,0.09354143466934853
llama-3-8b,evidence,16,32,all,combined,40,0.525,0.18371173070873836
llama-3-8b,evidence,16,32,semcor,context,40,0.625,0.13693063937629152
llama-3-8b,evidence,16,32,semcor,target,40,0.525,0.09354143466934853
llama-3-8b,evidence,16,32,semcor,combined,40,0.525,0.18371173070873836
qwen2.5-7b,evidence,14,28,all,context,40,0.6,0.1224744871391589
qwen2.5-7b,evidence,14,28,all,target,40,0.55,0.09999999999999999
qwen2.5-7b,evidence,14,28,all,combined,40,0.525,0.2
qwen2.5-7b,evidence,14,28,semcor,context,40,0.6,0.1224744871391589
qwen2.5-7b,evidence,14,28,semcor,target,40,0.55,0.09999999999999999
qwen2.5-7b,evidence,14,28,semcor,combined,40,0.525,0.2
llama-3-8b,first,16,32,all,context,40,0.5,0.07905694150420949
llama-3-8b,first,16,32,all,target,40,0.95,0.09999999999999999
llama-3-8b,first,16,32,all,combined,40,0.875,0.11180339887498948
llama-3-8b,first,16,32,semcor,context,40,0.5,0.07905694150420949
llama-3-8b,first,16,32,semcor,target,40,0.95,0.09999999999999999
llama-3-8b,first,16,32,semcor,combined,40,0.875,0.11180339887498948
qwen2.5-7b,first,14,28,all,context,40,0.5,0.11180339887498948
qwen2.5-7b,first,14,28,all,target,40,0.95,0.09999999999999999
qwen2.5-7b,first,14,28,all,combined,40,0.9,0.09354143466934853
qwen2.5-7b,first,14,28,semcor,context,40,0.5,0.11180339887498948
qwen2.5-7b,first,14,28,semcor,target,40,0.95,0.09999999999999999
qwen2.5-7b,first,14,28,semcor,combined,40,0.9,0.09354143466934853
llama-3-8b,heart,16,32,all,context,40,0.95,0.06123724356957945
llama-3-8b,heart,16,32,all,target,40,0.775,0.049999999999999996
llama-3-8b,heart,16,32,all,combined,40,0.9,0.09354143466934853
llama-3-8b,heart,16,32,semcor,context,40,0.95,0.06123724356957945
llama-3-8b,heart,16,32,semcor,target,40,0.775,0.049999999999999996
llama-3-8b,heart,16,32,semcor,combined,40,0.9,0.09354143466934853
qwen2.5-7b,heart,14,28,all,context,40,0.9,0.049999999999999996
qwen2.5-7b,heart,14,28,all,target,40,0.9,0.1224744871391589
qwen2.5-7b,heart,14,28,all,combined,40,0.925,0.1
qwen2.5-7b,heart,14,28,semcor,context,40,0.9,0.049999999999999996
qwen2.5-7b,heart,14,28,semcor,target,40,0.9,0.1224744871391589
qwen2.5-7b,heart,14,28,semcor,combined,40,0.925,0.1
llama-3-8b,here,16,32,all,context,40,0.825,0.1274754878398196
llama-3-8b,here,16,32,all,target,40,0.825,0.06123724356957946
llama-3-8b,here,16,32,all,combined,40,0.875,0.07905694150420949
llama-3-8b,here,16,32,semcor,context,40,0.825,0.1274754878398196
llama-3-8b,here,16,32,semcor,target,40,0.825,0.06123724356957946
llama-3-8b,here,16,32,semcor,combined,40,0.875,0.07905694150420949
qwen2.5-7b,here,14,28,all,context,40,0.825,0.1274754878398196
qwen2.5-7b,here,14,28,all,target,40,0.8,0.09999999999999999
qwen2.5-7b,here,14,28,all,combined,40,0.85,0.09354143466934853
qwen2.5-7b,here,14,28,semcor,context,40,0.825,0.1274754878398196
qwen2.5-7b,here,14,28,semcor,target,40,0.8,0.09999999999999999
qwen2.5-7b,here,14,28,semcor,combined,40,0.85,0.09354143466934853
llama-3-8b,information,16,32,all,context,40,0.775,0.09354143466934853
llama-3-8b,information,16,32,all,target,40,0.675,0.1695582495781317
llama-3-8b,information,16,32,all,combined,40,0.75,0.15811388300841897
llama-3-8b,information,16,32,semcor,context,40,0.775,0.09354143466934853
llama-3-8b,information,16,32,semcor,target,40,0.675,0.1695582495781317
llama-3-8b,information,16,32,semcor,combined,40,0.75,0.15811388300841897
qwen2.5-7b,information,14,28,all,context,40,0.775,0.1457737973711325
qwen2.5-7b,information,14,28,all,target,40,0.7,0.1695582495781317
qwen2.5-7b,information,14,28,all,combined,40,0.775,0.16583123951777
qwen2.5-7b,information,14,28,semcor,context,40,0.775,0.1457737973711325
qwen2.5-7b,information,14,28,semcor,target,40,0.7,0.1695582495781317
qwen2.5-7b,information,14,28,semcor,combined,40,0.775,0.16583123951777
llama-3-8b,just,16,32,all,context,40,0.6,0.1224744871391589
llama-3-8b,just,16,32,all,target,40,0.7,0.203100960115899
llama-3-8b,just,16,32,all,combined,40,0.75,0.15811388300841897
llama-3-8b,just,16,32,semcor,context,40,0.6,0.1224744871391589
llama-3-8b,just,16,32,semcor,target,40,0.7,0.203100960115899
llama-3-8b,just,16,32,semcor,combined,40,0.75,0.15811388300841897
qwen2.5-7b,just,14,28,all,context,40,0.475,0.1224744871391589
qwen2.5-7b,just,14,28,all,target,40,0.675,0.203100960115899
qwen2.5-7b,just,14,28,all,combined,40,0.625,0.15811388300841897
qwen2.5-7b,just,14,28,semcor,context,40,0.475,0.1224744871391589
qwen2.5-7b,just,14,28,semcor,target,40,0.675,0.203100960115899
qwen2.5-7b,just,14,28,semcor,combined,40,0.625,0.15811388300841897
llama-3-8b,less,16,32,all,context,40,0.475,0.22912878474779202
llama-3-8b,less,16,32,all,target,40,0.6,0.21505813167606566
llama-3-8b,less,16,32,all,combined,40,0.65,0.16583123951777
llama-3-8b,less,16,32,semcor,context,40,0.475,0.22912878474779202
llama-3-8b,less,16,32,semcor,target,40,0.6,0.21505813167606566
llama-3-8b,less,16,32,semcor,combined,40,0.65,0.16583123951777
qwen2.5-7b,less,14,28,all,context,40,0.4,0.18371173070873836
qwen2.5-7b,less,14,28,all,target,40,0.575,0.18708286933869706
qwen2.5-7b,less,14,28,all,combined,40,0.575,0.18708286933869706
qwen2.5-7b,less,14,28,semcor,context,40,0.4,0.18371173070873836
qwen2.5-7b,less,14,28,semcor,target,40,0.575,0.18708286933869706
qwen2.5-7b,less,14,28,semcor,combined,40,0.575,0.18708286933869706
llama-3-8b,little,16,32,all,context,40,0.8,0.09999999999999999
llama-3-8b,little,16,32,all,target,40,0.925,0.15
llama-3-8b,little,16,32,all,combined,40,0.925,0.15
llama-3-8b,little,16,32,semcor,context,40,0.8,0.09999999999999999
llama-3-8b,little,16,32,semcor,target,40,0.925,0.15
llama-3-8b,little,16,32,semcor,combined,40,0.925,0.15
qwen2.5-7b,little,14,28,all,context,40,0.75,0.07905694150420949
qwen2.5-7b,little,14,28,all,target,40,0.95,0.09999999999999999
qwen2.5-7b,little,14,28,all,combined,40,0.95,0.09999999999999999
qwen2.5-7b,little,14,28,semcor,context,40,0.75,0.07905694150420949
qwen2.5-7b,little,14,28,semcor,target,40,0.95,0.09999999999999999
qwen2.5-7b,little,14,28,semcor,combined,40,0.95,0.09999999999999999
llama-3-8b,major,16,32,all,context,40,0.4,0.1457737973711325
llama-3-8b,major,16,32,all,target,40,0.675,0.09999999999999999
llama-3-8b,major,16,32,all,combined,40,0.625,0.13693063937629152
llama-3-8b,major,16,32,semcor,context,40,0.4,0.1457737973711325
llama-3-8b,major,16,32,semcor,target,40,0.675,0.09999999999999999
llama-3-8b,major,16,32,semcor,combined,40,0.625,0.13693063937629152
qwen2.5-7b,major,14,28,all,context,40,0.375,0.07905694150420949
qwen2.5-7b,major,14,28,all,target,40,0.675,0.09999999999999999
qwen2.5-7b,major,14,28,all,combined,40,0.575,0.1274754878398196
qwen2.5-7b,major,14,28,semcor,context,40,0.375,0.07905694150420949
qwen2.5-7b,major,14,28,semcor,target,40,0.675,0.09999999999999999
qwen2.5-7b,major,14,28,semcor,combined,40,0.575,0.1274754878398196
llama-3-8b,more,16,32,all,context,40,0.45,0.12747548783981963
llama-3-8b,more,16,32,all,target,40,0.8,0.1274754878398196
llama-3-8b,more,16,32,all,combined,40,0.675,0.1274754878398196
llama-3-8b,more,16,32,semcor,context,40,0.45,0.12747548783981963
llama-3-8b,more,16,32,semcor,target,40,0.8,0.1274754878398196
llama-3-8b,more,16,32,semcor,combined,40,0.675,0.1274754878398196
qwen2.5-7b,more,14,28,all,context,40,0.45,0.16955824957813173
qwen2.5-7b,more,14,28,all,target,40,0.725,0.09354143466934853
qwen2.5-7b,more,14,28,all,combined,40,0.6,0.1457737973711325
qwen2.5-7b,more,14,28,semcor,context,40,0.45,0.16955824957813173
qwen2.5-7b,more,14,28,semcor,target,40,0.725,0.09354143466934853
qwen2.5-7b,more,14,28,semcor,combined,40,0.6,0.1457737973711325
llama-3-8b,most,16,32,all,context,40,0.75,0.2091650066335189
llama-3-8b,most,16,32,all,target,40,0.975,0.049999999999999996
llama-3-8b,most,16,32,all,combined,40,0.975,0.049999999999999996
llama-3-8b,most,16,32,semcor,context,40,0.75,0.2091650066335189
llama-3-8b,most,16,32,semcor,target,40,0.975,0.049999999999999996
llama-3-8b,most,16,32,semcor,combined,40,0.975,0.049999999999999996
qwen2.5-7b,most,14,28,all,context,40,0.625,0.11180339887498948
qwen2.5-7b,most,14,28,all,target,40,0.95,0.09999999999999999
qwen2.5-7b,most,14,28,all,combined,40,0.95,0.09999999999999999
qwen2.5-7b,most,14,28,semcor,context,40,0.625,0.11180339887498948
qwen2.5-7b,most,14,28,semcor,target,40,0.95,0.09999999999999999
qwen2.5-7b,most,14,28,semcor,combined,40,0.95,0.09999999999999999
llama-3-8b,much,16,32,all,context,40,0.65,0.1457737973711325
llama-3-8b,much,16,32,all,target,40,0.875,0.07905694150420949
llama-3-8b,much,16,32,all,combined,40,0.825,0.09999999999999999
llama-3-8b,much,16,32,semcor,context,40,0.65,0.1457737973711325
llama-3-8b,much,16,32,semcor,target,40,0.875,0.07905694150420949
llama-3-8b,much,16,32,semcor,combined,40,0.825,0.09999999999999999
qwen2.5-7b,much,14,28,all,context,40,0.5,0.11180339887498948
qwen2.5-7b,much,14,28,all,target,40,0.875,0.07905694150420949
qwen2.5-7b,much,14,28,all,combined,40,0.8,0.06123724356957946
qwen2.5-7b,much,14,28,semcor,context,40,0.5,0.11180339887498948
qwen2.5-7b,much,14,28,semcor,target,40,0.875,0.07905694150420949
qwen2.5-7b,much,14,28,semcor,combined,40,0.8,0.06123724356957946
llama-3-8b,no,16,32,all,context,40,0.675,0.1
llama-3-8b,no,16,32,all,target,40,0.575,0.15
llama-3-8b,no,16,32,all,combined,40,0.675,0.1274754878398196
llama-3-8b,no,16,32,semcor,context,40,0.675,0.1
llama-3-8b,no,16,32,semcor,target,40,0.575,0.15
llama-3-8b,no,16,32,semcor,combined,40,0.675,0.1274754878398196
qwen2.5-7b,no,14,28,all,context,40,0.775,0.049999999999999996
qwen2.5-7b,no,14,28,all,target,40,0.65,0.1837117307087384
qwen2.5-7b,no,14,28,all,combined,40,0.75,0.11180339887498948
qwen2.5-7b,no,14,28,semcor,context,40,0.775,0.049999999999999996
qwen2.5-7b,no,14,28,semcor,target,40,0.65,0.1837117307087384
qwen2.5-7b,no,14,28,semcor,combined,40,0.75,0.11180339887498948
llama-3-8b,now,16,32,all,context,40,0.75,0.07905694150420949
llama-3-8b,now,16,32,all,target,40,0.575,0.1695582495781317
llama-3-8b,now,16,32,all,combined,40,0.65,0.16583123951777
llama-3-8b,now,16,32,semcor,context,40,0.75,0.07905694150420949
llama-3-8b,now,16,32,semcor,target,40,0.575,0.1695582495781317
llama-3-8b,now,16,32,semcor,combined,40,0.65,0.16583123951777
qwen2.5-7b,now,14,28,all,context,40,0.7,0.09999999999999999
qwen2.5-7b,now,14,28,all,target,40,0.6,0.16583123951777
qwen2.5-7b,now,14,28,all,combined,40,0.7,0.1274754878398196
qwen2.5-7b,now,14,28,semcor,context,40,0.7,0.09999999999999999
qwen2.5-7b,now,14,28,semcor,target,40,0.6,0.16583123951777
qwen2.5-7b,now,14,28,semcor,combined,40,0.7,0.1274754878398196
llama-3-8b,only,16,32,all,context,40,0.75,0.15811388300841897
llama-3-8b,only,16,32,all,target,40,0.75,0.11180339887498948
llama-3-8b,only,16,32,all,combined,40,0.75,0.2091650066335189
llama-3-8b,only,16,32,semcor,context,40,0.75,0.15811388300841897
llama-3-8b,only,16,32,semcor,target,40,0.75,0.11180339887498948
llama-3-8b,only,16,32,semcor,combined,40,0.75,0.2091650066335189
qwen2.5-7b,only,14,28,all,context,40,0.675,0.203100960115899
qwen2.5-7b,only,14,28,all,target,40,0.7,0.1695582495781317
qwen2.5-7b,only,14,28,all,combined,40,0.75,0.1767766952966369
qwen2.5-7b,only,14,28,semcor,context,40,0.675,0.203100960115899
qwen2.5-7b,only,14,28,semcor,target,40,0.7,0.1695582495781317
qwen2.5-7b,only,14,28,semcor,combined,40,0.75,0.1767766952966369
llama-3-8b,past,16,32,all,context,40,0.6,0.1224744871391589
llama-3-8b,past,16,32,all,target,40,0.775,0.09354143466934853
llama-3-8b,past,16,32,all,combined,40,0.725,0.049999999999999996
llama-3-8b,past,16,32,semcor,context,40,0.6,0.1224744871391589
llama-3-8b,past,16,32,semcor,target,40,0.775,0.09354143466934853
llama-3-8b,past,16,32,semcor,combined,40,0.725,0.049999999999999996
qwen2.5-7b,past,14,28,all,context,40,0.675,0.15
qwen2.5-7b,past,14,28,all,target,40,0.775,0.09354143466934853
qwen2.5-7b,past,14,28,all,combined,40,0.675,0.15
qwen2.5-7b,past,14,28,semcor,context,40,0.675,0.15
qwen2.5-7b,past,14,28,semcor,target,40,0.775,0.09354143466934853
qwen2.5-7b,past,14,28,semcor,combined,40,0.675,0.15
llama-3-8b,present,16,32,all,context,40,0.775,0.09354143466934853
llama-3-8b,present,16,32,all,target,40,0.975,0.049999999999999996
llama-3-8b,present,16,32,all,combined,40,0.975,0.049999999999999996
llama-3-8b,present,16,32,semcor,context,40,0.775,0.09354143466934853
llama-3-8b,present,16,32,semcor,target,40,0.975,0.049999999999999996
llama-3-8b,present,16,32,semcor,combined,40,0.975,0.049999999999999996
qwen2.5-7b,present,14,28,all,context,40,0.8,0.06123724356957946
qwen2.5-7b,present,14,28,all,target,40,0.975,0.049999999999999996
qwen2.5-7b,present,14,28,all,combined,40,0.975,0.049999999999999996
qwen2.5-7b,present,14,28,semcor,context,40,0.8,0.06123724356957946
qwen2.5-7b,present,14,28,semcor,target,40,0.975,0.049999999999999996
qwen2.5-7b,present,14,28,semcor,combined,40,0.975,0.049999999999999996
llama-3-8b,public,16,32,all,context,40,0.675,0.06123724356957946
llama-3-8b,public,16,32,all,target,40,0.625,0.1767766952966369
llama-3-8b,public,16,32,all,combined,40,0.675,0.1274754878398196
llama-3-8b,public,16,32,semcor,context,40,0.675,0.06123724356957946
llama-3-8b,public,16,32,semcor,target,40,0.625,0.1767766952966369
llama-3-8b,public,16,32,semcor,combined,40,0.675,0.1274754878398196
qwen2.5-7b,public,14,28,all,context,40,0.7,0.06123724356957945
qwen2.5-7b,public,14,28,all,target,40,0.65,0.09354143466934853
qwen2.5-7b,public,14,28,all,combined,40,0.7,0.15
qwen2.5-7b,public,14,28,semcor,context,40,0.7,0.06123724356957945
qwen2.5-7b,public,14,28,semcor,target,40,0.65,0.09354143466934853
qwen2.5-7b,public,14,28,semcor,combined,40,0.7,0.15
llama-3-8b,quite,16,32,all,context,40,0.575,0.1274754878398196
llama-3-8b,quite,16,32,all,target,40,0.7,0.09999999999999999
llama-3-8b,quite,16,32,all,combined,40,0.625,0.07905694150420949
llama-3-8b,quite,16,32,semcor,context,40,0.575,0.1274754878398196
llama-3-8b,quite,16,32,semcor,target,40,0.7,0.09999999999999999
llama-3-8b,quite,16,32,semcor,combined,40,0.625,0.07905694150420949
qwen2.5-7b,quite,14,28,all,context,40,0.6,0.049999999999999996
qwen2.5-7b,quite,14,28,all,target,40,0.675,0.06123724356957945
qwen2.5-7b,quite,14,28,all,combined,40,0.675,0.06123724356957946
qwen2.5-7b,quite,14,28,semcor,context,40,0.6,0.049999999999999996
qwen2.5-7b,quite,14,28,semcor,target,40,0.675,0.06123724356957945
qwen2.5-7b,quite,14,28,semcor,combined,40,0.675,0.06123724356957946
llama-3-8b,rather,16,32,all,context,40,0.675,0.1695582495781317
llama-3-8b,rather,16,32,all,target,40,0.9,0.09354143466934853
llama-3-8b,rather,16,32,all,combined,40,0.9,0.09354143466934853
llama-3-8b,rather,16,32,semcor,context,40,0.675,0.1695582495781317
llama-3-8b,rather,16,32,semcor,target,40,0.9,0.09354143466934853
llama-3-8b,rather,16,32,semcor,combined,40,0.9,0.09354143466934853
qwen2.5-7b,rather,14,28,all,context,40,0.7,0.06123724356957946
qwen2.5-7b,rather,14,28,all,target,40,0.875,0.07905694150420949
qwen2.5-7b,rather,14,28,all,combined,40,0.9,0.049999999999999996
qwen2.5-7b,rather,14,28,semcor,context,40,0.7,0.06123724356957946
qwen2.5-7b,rather,14,28,semcor,target,40,0.875,0.07905694150420949
qwen2.5-7b,rather,14,28,semcor,combined,40,0.9,0.049999999999999996
llama-3-8b,really,16,32,all,context,40,0.5,0.15811388300841897
llama-3-8b,really,16,32,all,target,40,0.575,0.1274754878398196
llama-3-8b,really,16,32,all,combined,40,0.55,0.1695582495781317
llama-3-8b,really,16,32,semcor,context,40,0.5,0.15811388300841897
llama-3-8b,really,16,32,semcor,target,40,0.575,0.1274754878398196
llama-3-8b,really,16,32,semcor,combined,40,0.55,0.1695582495781317
qwen2.5-7b,really,14,28,all,context,40,0.475,0.09354143466934853
qwen2.5-7b,really,14,28,all,target,40,0.65,0.1457737973711325
qwen2.5-7b,really,14,28,all,combined,40,0.625,0.07905694150420949
qwen2.5-7b,really,14,28,semcor,context,40,0.475,0.09354143466934853
qwen2.5-7b,really,14,28,semcor,target,40,0.65,0.1457737973711325
qwen2.5-7b,really,14,28,semcor,combined,40,0.625,0.07905694150420949
llama-3-8b,same,16,32,all,context,40,0.55,0.09999999999999999
llama-3-8b,same,16,32,all,target,40,0.6,0.1224744871391589
llama-3-8b,same,16,32,all,combined,40,0.675,0.1
llama-3-8b,same,16,32,semcor,context,40,0.55,0.09999999999999999
llama-3-8b,same,16,32,semcor,target,40,0.6,0.1224744871391589
llama-3-8b,same,16,32,semcor,combined,40,0.675,0.1
qwen2.5-7b,same,14,28,all,context,40,0.6,0.09354143466934853
qwen2.5-7b,same,14,28,all,target,40,0.675,0.1695582495781317
qwen2.5-7b,same,14,28,all,combined,40,0.75,0.07905694150420949
qwen2.5-7b,same,14,28,semcor,context,40,0.6,0.09354143466934853
qwen2.5-7b,same,14,28,semcor,target,40,0.675,0.1695582495781317
qwen2.5-7b,same,14,28,semcor,combined,40,0.75,0.07905694150420949
llama-3-8b,so,16,32,all,context,40,0.625,0.13693063937629152
llama-3-8b,so,16,32,all,target,40,0.9,0.1224744871391589
llama-3-8b,so,16,32,all,combined,40,0.9,0.09354143466934853
llama-3-8b,so,16,32,semcor,context,40,0.625,0.13693063937629152
llama-3-8b,so,16,32,semcor,target,40,0.9,0.1224744871391589
llama-3-8b,so,16,32,semcor,combined,40,0.9,0.09354143466934853
qwen2.5-7b,so,14,28,all,context,40,0.7,0.1274754878398196
qwen2.5-7b,so,14,28,all,target,40,0.9,0.09354143466934853
qwen2.5-7b,so,14,28,all,combined,40,0.9,0.09354143466934853
qwen2.5-7b,so,14,28,semcor,context,40,0.7,0.1274754878398196
qwen2.5-7b,so,14,28,semcor,target,40,0.9,0.09354143466934853
qwen2.5-7b,so,14,28,semcor,combined,40,0.9,0.09354143466934853
llama-3-8b,suddenly,16,32,all,context,40,0.425,0.18708286933869706
llama-3-8b,suddenly,16,32,all,target,40,0.6,0.09354143466934853
llama-3-8b,suddenly,16,32,all,combined,40,0.425,0.12747548783981963
llama-3-8b,suddenly,16,32,semcor,context,40,0.425,0.18708286933869706
llama-3-8b,suddenly,16,32,semcor,target,40,0.6,0.09354143466934853
llama-3-8b,suddenly,16,32,semcor,combined,40,0.425,0.12747548783981963
qwen2.5-7b,suddenly,14,28,all,context,40,0.575,0.1
qwen2.5-7b,suddenly,14,28,all,target,40,0.5,0.15811388300841897
qwen2.5-7b,suddenly,14,28,all,combined,40,0.575,0.15
qwen2.5-7b,suddenly,14,28,semcor,context,40,0.575,0.1
qwen2.5-7b,suddenly,14,28,semcor,target,40,0.5,0.15811388300841897
qwen2.5-7b,suddenly,14,28,semcor,combined,40,0.575,0.15
llama-3-8b,then,16,32,all,context,40,0.8,0.09999999999999999
llama-3-8b,then,16,32,all,target,40,0.9,0.1457737973711325
llama-3-8b,then,16,32,all,combined,40,0.9,0.09354143466934853
llama-3-8b,then,16,32,semcor,context,40,0.8,0.09999999999999999
llama-3-8b,then,16,32,semcor,target,40,0.9,0.1457737973711325
llama-3-8b,then,16,32,semcor,combined,40,0.9,0.09354143466934853
qwen2.5-7b,then,14,28,all,context,40,0.825,0.09999999999999999
qwen2.5-7b,then,14,28,all,target,40,0.925,0.09999999999999999
qwen2.5-7b,then,14,28,all,combined,40,0.9,0.1224744871391589
qwen2.5-7b,then,14,28,semcor,context,40,0.825,0.09999999999999999
qwen2.5-7b,then,14,28,semcor,target,40,0.925,0.09999999999999999
qwen2.5-7b,then,14,28,semcor,combined,40,0.9,0.1224744871391589
llama-3-8b,too,16,32,all,context,40,0.725,0.049999999999999996
llama-3-8b,too,16,32,all,target,40,0.925,0.06123724356957946
llama-3-8b,too,16,32,all,combined,40,0.925,0.06123724356957946
llama-3-8b,too,16,32,semcor,context,40,0.725,0.049999999999999996
llama-3-8b,too,16,32,semcor,target,40,0.925,0.06123724356957946
llama-3-8b,too,16,32,semcor,combined,40,0.925,0.06123724356957946
qwen2.5-7b,too,14,28,all,context,40,0.775,0.049999999999999996
qwen2.5-7b,too,14,28,all,target,40,0.925,0.09999999999999999
qwen2.5-7b,too,14,28,all,combined,40,0.925,0.09999999999999999
qwen2.5-7b,too,14,28,semcor,context,40,0.775,0.049999999999999996
qwen2.5-7b,too,14,28,semcor,target,40,0.925,0.09999999999999999
qwen2.5-7b,too,14,28,semcor,combined,40,0.925,0.09999999999999999
llama-3-8b,well,16,32,all,context,40,0.525,0.24238399287081647
llama-3-8b,well,16,32,all,target,40,0.725,0.18371173070873836
llama-3-8b,well,16,32,all,combined,40,0.725,0.21505813167606566
llama-3-8b,well,16,32,semcor,context,40,0.525,0.24238399287081647
llama-3-8b,well,16,32,semcor,target,40,0.725,0.18371173070873836
llama-3-8b,well,16,32,semcor,combined,40,0.725,0.21505813167606566
qwen2.5-7b,well,14,28,all,context,40,0.525,0.1457737973711325
qwen2.5-7b,well,14,28,all,target,40,0.7,0.203100960115899
qwen2.5-7b,well,14,28,all,combined,40,0.65,0.24238399287081647
qwen2.5-7b,well,14,28,semcor,context,40,0.525,0.1457737973711325
qwen2.5-7b,well,14,28,semcor,target,40,0.7,0.203100960115899
qwen2.5-7b,well,14,28,semcor,combined,40,0.65,0.24238399287081647
llama-3-8b,world,16,32,all,context,40,0.825,0.09999999999999999
llama-3-8b,world,16,32,all,target,40,0.775,0.049999999999999996
llama-3-8b,world,16,32,all,combined,40,0.85,0.1224744871391589
llama-3-8b,world,16,32,semcor,context,40,0.825,0.09999999999999999
llama-3-8b,world,16,32,semcor,target,40,0.775,0.049999999999999996
llama-3-8b,world,16,32,semcor,combined,40,0.85,0.1224744871391589
qwen2.5-7b,world,14,28,all,context,40,0.825,0.09999999999999999
qwen2.5-7b,world,14,28,all,target,40,0.8,0.06123724356957945
qwen2.5-7b,world,14,28,all,combined,40,0.825,0.1274754878398196
qwen2.5-7b,world,14,28,semcor,context,40,0.825,0.09999999999999999
qwen2.5-7b,world,14,28,semcor,target,40,0.8,0.06123724356957945
qwen2.5-7b,world,14,28,semcor,combined,40,0.825,0.1274754878398196
llama-3-8b,business,16,32,all,context,38,0.4916666666666667,0.09279607271383371
llama-3-8b,business,16,32,all,target,38,0.7666666666666667,0.08579691784155835
llama-3-8b,business,16,32,all,combined,38,0.75,0.15811388300841897
qwen2.5-7b,business,14,28,all,context,38,0.4833333333333333,0.10736748938937604
qwen2.5-7b,business,14,28,all,target,38,0.725,0.1457737973711325
qwen2.5-7b,business,14,28,all,combined,38,0.7666666666666667,0.14092945437739804
llama-3-8b,designed,16,32,all,context,38,0.6333333333333333,0.016666666666666653
llama-3-8b,designed,16,32,all,target,38,0.7583333333333333,0.06666666666666668
llama-3-8b,designed,16,32,all,combined,38,0.6833333333333333,0.09718253158075502
qwen2.5-7b,designed,14,28,all,context,38,0.6416666666666667,0.13333333333333336
qwen2.5-7b,designed,14,28,all,target,38,0.7166666666666667,0.11303883305208781
qwen2.5-7b,designed,14,28,all,combined,38,0.7333333333333333,0.11666666666666667
llama-3-8b,development,16,32,all,context,38,0.8166666666666667,0.056519416526043906
llama-3-8b,development,16,32,all,target,38,0.8666666666666666,0.08079466429027216
llama-3-8b,development,16,32,all,combined,38,0.8416666666666666,0.0485912657903775
qwen2.5-7b,development,14,28,all,context,38,0.7583333333333333,0.10341394704992381
qwen2.5-7b,development,14,28,all,target,38,0.825,0.1695582495781317
qwen2.5-7b,development,14,28,all,combined,38,0.8416666666666666,0.0485912657903775
llama-3-8b,door,16,32,all,context,38,0.5583333333333333,0.07264831572567787
llama-3-8b,door,16,32,all,target,38,0.7416666666666667,0.1889297341459106
llama-3-8b,door,16,32,all,combined,38,0.7166666666666667,0.17756063127218763
qwen2.5-7b,door,14,28,all,context,38,0.5916666666666667,0.1522972240208089
qwen2.5-7b,door,14,28,all,target,38,0.6916666666666667,0.17989194287435756
qwen2.5-7b,door,14,28,all,combined,38,0.6666666666666667,0.16029486718059455
llama-3-8b,home,16,32,all,context,38,0.7166666666666667,0.13794121131039042
llama-3-8b,home,16,32,all,target,38,0.7083333333333333,0.16666666666666669
llama-3-8b,home,16,32,all,combined,38,0.8083333333333333,0.11666666666666668
qwen2.5-7b,home,14,28,all,context,38,0.6916666666666667,0.14092945437739804
qwen2.5-7b,home,14,28,all,target,38,0.7083333333333333,0.0950146187582615
qwen2.5-7b,home,14,28,all,combined,38,0.7083333333333333,0.12360330811826105
llama-3-8b,paper,16,32,all,context,38,0.9666666666666666,0.06666666666666665
llama-3-8b,paper,16,32,all,target,38,0.9416666666666667,0.07264831572567788
llama-3-8b,paper,16,32,all,combined,38,0.9666666666666666,0.06666666666666665
qwen2.5-7b,paper,14,28,all,context,38,0.9083333333333334,0.1301708279317776
qwen2.5-7b,paper,14,28,all,target,38,0.975,0.049999999999999996
qwen2.5-7b,paper,14,28,all,combined,38,0.975,0.049999999999999996
llama-3-8b,still,16,32,all,context,38,0.6,0.1457737973711325
llama-3-8b,still,16,32,all,target,38,0.8833333333333334,0.12190615698606495
llama-3-8b,still,16,32,all,combined,38,0.9416666666666667,0.07264831572567787
qwen2.5-7b,still,14,28,all,context,38,0.7416666666666667,0.1301708279317776
qwen2.5-7b,still,14,28,all,target,38,0.8833333333333334,0.12190615698606495
qwen2.5-7b,still,14,28,all,combined,38,0.8916666666666666,0.0565194165260439
llama-3-8b,age,16,32,all,context,36,0.95,0.06123724356957946
llama-3-8b,age,16,32,all,target,36,1.0,0.0
llama-3-8b,age,16,32,all,combined,36,1.0,0.0
qwen2.5-7b,age,14,28,all,context,36,0.8916666666666666,0.0565194165260439
qwen2.5-7b,age,14,28,all,target,36,1.0,0.0
qwen2.5-7b,age,14,28,all,combined,36,1.0,0.0
llama-3-8b,away,16,32,all,context,36,0.3083333333333333,0.18371173070873836
llama-3-8b,away,16,32,all,target,36,0.5916666666666666,0.07637626158259732
llama-3-8b,away,16,32,all,combined,36,0.5333333333333333,0.1034139470499238
qwen2.5-7b,away,14,28,all,context,36,0.425,0.19965247584518234
qwen2.5-7b,away,14,28,all,target,36,0.4416666666666667,0.0726483157256779
qwen2.5-7b,away,14,28,all,combined,36,0.35,0.1457737973711325
llama-3-8b,experience,16,32,all,context,36,0.575,0.06123724356957945
llama-3-8b,experience,16,32,all,target,36,0.4916666666666666,0.09279607271383372
llama-3-8b,experience,16,32,all,combined,36,0.5,0.17280367794439766
qwen2.5-7b,experience,14,28,all,context,36,0.5499999999999999,0.16541194367732673
qwen2.5-7b,experience,14,28,all,target,36,0.4583333333333333,0.1536590742882148
qwen2.5-7b,experience,14,28,all,combined,36,0.6333333333333333,0.08079466429027214
llama-3-8b,history,16,32,all,context,36,0.775,0.13333333333333336
llama-3-8b,history,16,32,all,target,36,0.65,0.15500896031448563
llama-3-8b,history,16,32,all,combined,36,0.8333333333333334,0.045643546458763846
qwen2.5-7b,history,14,28,all,context,36,0.8083333333333333,0.09354143466934854
qwen2.5-7b,history,14,28,all,target,36,0.7333333333333334,0.09354143466934854
qwen2.5-7b,history,14,28,all,combined,36,0.8333333333333334,0.045643546458763846
llama-3-8b,life,16,32,all,context,36,0.55,0.14529663145135577
llama-3-8b,life,16,32,all,target,36,0.85,0.2
llama-3-8b,life,16,32,all,combined,36,0.7916666666666667,0.2006932429798716
qwen2.5-7b,life,14,28,all,context,36,0.6,0.1615893285805443
qwen2.5-7b,life,14,28,all,target,36,0.875,0.19364916731037085
qwen2.5-7b,life,14,28,all,combined,36,0.7916666666666667,0.2713136766016618
llama-3-8b,long,16,32,all,context,36,0.65,0.18371173070873836
llama-3-8b,long,16,32,all,target,36,0.7416666666666667,0.1715938356831167
llama-3-8b,long,16,32,all,combined,36,0.7083333333333333,0.16666666666666666
qwen2.5-7b,long,14,28,all,context,36,0.6416666666666667,0.10736748938937606
qwen2.5-7b,long,14,28,all,target,36,0.8083333333333333,0.05
qwen2.5-7b,long,14,28,all,combined,36,0.7583333333333334,0.07637626158259735
llama-3-8b,people,16,32,all,context,36,0.725,0.329772648956823
llama-3-8b,people,16,32,all,target,36,0.9166666666666667,0.10540925533894598
llama-3-8b,people,16,32,all,combined,36,0.8666666666666668,0.19436506316151
qwen2.5-7b,people,14,28,all,context,36,0.7583333333333334,0.1755942292142123
qwen2.5-7b,people,14,28,all,target,36,0.8833333333333334,0.09999999999999999
qwen2.5-7b,people,14,28,all,combined,36,0.8416666666666668,0.18333333333333335
llama-3-8b,possible,16,32,all,context,36,0.6583333333333333,0.0927960727138337
llama-3-8b,possible,16,32,all,target,36,0.825,0.18708286933869706
llama-3-8b,possible,16,32,all,combined,36,0.7666666666666667,0.14092945437739804
qwen2.5-7b,possible,14,28,all,context,36,0.5416666666666667,0.13944333775567927
qwen2.5-7b,possible,14,28,all,target,36,0.825,0.18708286933869706
qwen2.5-7b,possible,14,28,all,combined,36,0.7333333333333333,0.14092945437739804
llama-3-8b,war,16,32,all,context,36,0.525,0.14092945437739804
llama-3-8b,war,16,32,all,target,36,0.475,0.21180441711898057
llama-3-8b,war,16,32,all,combined,36,0.4666666666666666,0.1522972240208089
qwen2.5-7b,war,14,28,all,context,36,0.5916666666666666,0.07637626158259732
qwen2.5-7b,war,14,28,all,target,36,0.575,0.12190615698606495
qwen2.5-7b,war,14,28,all,combined,36,0.675,0.08079466429027217
llama-3-8b,way,16,32,all,context,36,0.5583333333333333,0.07264831572567787
llama-3-8b,way,16,32,all,target,36,0.6416666666666667,0.13333333333333336
llama-3-8b,way,16,32,all,combined,36,0.5916666666666666,0.10992421631894099
qwen2.5-7b,way,14,28,all,context,36,0.4666666666666667,0.10341394704992381
qwen2.5-7b,way,14,28,all,target,36,0.5833333333333333,0.06972166887783962
qwen2.5-7b,way,14,28,all,combined,36,0.5583333333333333,0.07264831572567787
llama-3-8b,figure,16,32,all,context,34,0.9666666666666666,0.06666666666666665
llama-3-8b,figure,16,32,all,target,34,0.975,0.049999999999999996
llama-3-8b,figure,16,32,all,combined,34,1.0,0.0
qwen2.5-7b,figure,14,28,all,context,34,0.9666666666666666,0.06666666666666665
qwen2.5-7b,figure,14,28,all,target,34,0.975,0.049999999999999996
qwen2.5-7b,figure,14,28,all,combined,34,1.0,0.0
llama-3-8b,high,16,32,all,context,34,0.7083333333333334,0.12909944487358058
llama-3-8b,high,16,32,all,target,34,0.9416666666666667,0.07264831572567787
llama-3-8b,high,16,32,all,combined,34,0.9416666666666667,0.07264831572567787
qwen2.5-7b,high,14,28,all,context,34,0.7416666666666667,0.17159383568311667
qwen2.5-7b,high,14,28,all,target,34,0.875,0.12360330811826105
qwen2.5-7b,high,14,28,all,combined,34,0.9416666666666667,0.07264831572567787
llama-3-8b,however,16,32,all,context,34,0.5916666666666666,0.07637626158259732
llama-3-8b,however,16,32,all,target,34,0.5333333333333333,0.14766704288891125
llama-3-8b,however,16,32,all,combined,34,0.6166666666666666,0.16115899671511433
qwen2.5-7b,however,14,28,all,context,34,0.5333333333333333,0.06666666666666665
qwen2.5-7b,however,14,28,all,target,34,0.6333333333333333,0.1379412113103904
qwen2.5-7b,however,14,28,all,combined,34,0.65,0.13333333333333336
llama-3-8b,human,16,32,all,context,34,0.3583333333333333,0.08164965809277261
llama-3-8b,human,16,32,all,target,34,0.6,0.15500896031448563
llama-3-8b,human,16,32,all,combined,34,0.5083333333333333,0.09279607271383368
qwen2.5-7b,human,14,28,all,context,34,0.5583333333333333,0.16583123951777
qwen2.5-7b,human,14,28,all,target,34,0.525,0.049999999999999996
qwen2.5-7b,human,14,28,all,combined,34,0.6166666666666666,0.09999999999999999
llama-3-8b,labor,16,32,all,context,34,0.8083333333333332,0.19649710204252663
llama-3-8b,labor,16,32,all,target,34,0.7750000000000001,0.13844373104863458
llama-3-8b,labor,16,32,all,combined,34,0.7833333333333334,0.1632993161855452
qwen2.5-7b,labor,14,28,all,context,34,0.75,0.16666666666666669
qwen2.5-7b,labor,14,28,all,target,34,0.8833333333333334,0.06123724356957944
qwen2.5-7b,labor,14,28,all,combined,34,0.8333333333333334,0.12076147288491199
llama-3-8b,moment,16,32,all,context,34,0.5333333333333333,0.06666666666666667
llama-3-8b,moment,16,32,all,target,34,0.6666666666666667,0.16029486718059455
llama-3-8b,moment,16,32,all,combined,34,0.6083333333333333,0.18181186857726192
qwen2.5-7b,moment,14,28,all,context,34,0.4416666666666666,0.12801909579781015
qwen2.5-7b,moment,14,28,all,target,34,0.7333333333333333,0.1615893285805443
qwen2.5-7b,moment,14,28,all,combined,34,0.6416666666666666,0.0816496580927726
llama-3-8b,surface,16,32,all,context,34,0.6083333333333333,0.2101586702153082
llama-3-8b,surface,16,32,all,target,34,0.7,0.11303883305208781
llama-3-8b,surface,16,32,all,combined,34,0.6333333333333333,0.18708286933869708
qwen2.5-7b,surface,14,28,all,context,34,0.6,0.1615893285805443
qwen2.5-7b,surface,14,28,all,target,34,0.5833333333333333,0.10540925533894598
qwen2.5-7b,surface,14,28,all,combined,34,0.6,0.1798919428743575
llama-3-8b,today,16,32,all,context,34,0.6749999999999999,0.0408248290463863
llama-3-8b,today,16,32,all,target,34,0.625,0.12360330811826105
llama-3-8b,today,16,32,all,combined,34,0.6416666666666666,0.0816496580927726
qwen2.5-7b,today,14,28,all,context,34,0.725,0.1740051084818425
qwen2.5-7b,today,14,28,all,target,34,0.5583333333333333,0.22298480267099421
qwen2.5-7b,today,14,28,all,combined,34,0.6333333333333333,0.19436506316151003
llama-3-8b,voice,16,32,all,context,34,0.6083333333333333,0.097182531580755
llama-3-8b,voice,16,32,all,target,34,0.525,0.049999999999999996
llama-3-8b,voice,16,32,all,combined,34,0.55,0.06123724356957946
qwen2.5-7b,voice,14,28,all,context,34,0.625,0.15811388300841897
qwen2.5-7b,voice,14,28,all,target,34,0.5083333333333333,0.09279607271383368
qwen2.5-7b,voice,14,28,all,combined,34,0.5333333333333333,0.06666666666666665
llama-3-8b,water,16,32,all,context,34,0.5583333333333333,0.07264831572567788
llama-3-8b,water,16,32,all,target,34,0.5666666666666667,0.2084999333866134
llama-3-8b,water,16,32,all,combined,34,0.5166666666666667,0.1504622507105649
qwen2.5-7b,water,14,28,all,context,34,0.5,0.07905694150420949
qwen2.5-7b,water,14,28,all,target,34,0.525,0.11666666666666667
qwen2.5-7b,water,14,28,all,combined,34,0.4666666666666667,0.10341394704992381
llama-3-8b,earth,16,32,all,context,32,0.9666666666666668,0.06666666666666665
llama-3-8b,earth,16,32,all,target,32,0.9666666666666668,0.06666666666666665
llama-3-8b,earth,16,32,all,combined,32,1.0,0.0
qwen2.5-7b,earth,14,28,all,context,32,0.875,0.06454972243679026
qwen2.5-7b,earth,14,28,all,target,32,1.0,0.0
qwen2.5-7b,earth,14,28,all,combined,32,1.0,0.0
llama-3-8b,finally,16,32,all,context,32,0.4083333333333333,0.07637626158259735
llama-3-8b,finally,16,32,all,target,32,0.6833333333333333,0.18559214542766744
llama-3-8b,finally,16,32,all,combined,32,0.5916666666666667,0.1674979270186815
qwen2.5-7b,finally,14,28,all,context,32,0.575,0.11902380714238081
qwen2.5-7b,finally,14,28,all,target,32,0.6250000000000001,0.19364916731037088
qwen2.5-7b,finally,14,28,all,combined,32,0.5916666666666666,0.13017082793177756
llama-3-8b,growth,16,32,all,context,32,0.9666666666666668,0.06666666666666665
llama-3-8b,growth,16,32,all,target,32,0.8833333333333334,0.09999999999999999
llama-3-8b,growth,16,32,all,combined,32,0.95,0.09999999999999999
qwen2.5-7b,growth,14,28,all,context,32,0.925,0.15
qwen2.5-7b,growth,14,28,all,target,32,0.8833333333333334,0.09999999999999999
qwen2.5-7b,growth,14,28,all,combined,32,0.975,0.049999999999999996
llama-3-8b,hit,16,32,all,context,32,0.8583333333333334,0.13844373104863458
llama-3-8b,hit,16,32,all,target,32,0.9416666666666668,0.07264831572567788
llama-3-8b,hit,16,32,all,combined,32,0.8833333333333334,0.09999999999999999
qwen2.5-7b,hit,14,28,all,context,32,0.8833333333333334,0.09999999999999999
qwen2.5-7b,hit,14,28,all,target,32,0.9416666666666668,0.07264831572567788
qwen2.5-7b,hit,14,28,all,combined,32,0.9083333333333334,0.07637626158259732
llama-3-8b,interest,16,32,all,context,32,0.9,0.20000000000000004
llama-3-8b,interest,16,32,all,target,32,0.9416666666666667,0.07264831572567787
llama-3-8b,interest,16,32,all,combined,32,0.9416666666666667,0.07264831572567787
qwen2.5-7b,interest,14,28,all,context,32,0.825,0.11902380714238082
qwen2.5-7b,interest,14,28,all,target,32,1.0,0.0
qwen2.5-7b,interest,14,28,all,combined,32,0.975,0.049999999999999996
llama-3-8b,later,16,32,all,context,32,0.575,0.11902380714238081
llama-3-8b,later,16,32,all,target,32,0.4,0.13333333333333333
llama-3-8b,later,16,32,all,combined,32,0.475,0.11666666666666667
qwen2.5-7b,later,14,28,all,context,32,0.6416666666666666,0.2101586702153082
qwen2.5-7b,later,14,28,all,target,32,0.45,0.19436506316151
qwen2.5-7b,later,14,28,all,combined,32,0.4666666666666667,0.1632993161855452
llama-3-8b,meaning,16,32,all,context,32,0.6083333333333333,0.3647678104706548
llama-3-8b,meaning,16,32,all,target,32,0.5333333333333333,0.22110831935702668
llama-3-8b,meaning,16,32,all,combined,32,0.6250000000000001,0.19364916731037088
qwen2.5-7b,meaning,14,28,all,context,32,0.6416666666666666,0.25221243250702596
qwen2.5-7b,meaning,14,28,all,target,32,0.5666666666666667,0.08164965809277258
qwen2.5-7b,meaning,14,28,all,combined,32,0.5999999999999999,0.1699673171197595
llama-3-8b,number,16,32,all,context,32,0.7416666666666668,0.20480342879074181
llama-3-8b,number,16,32,all,target,32,0.7833333333333334,0.06666666666666671
llama-3-8b,number,16,32,all,combined,32,0.8166666666666668,0.033333333333333354
qwen2.5-7b,number,14,28,all,context,32,0.7166666666666667,0.22110831935702666
qwen2.5-7b,number,14,28,all,target,32,0.7833333333333334,0.0666666666666667
qwen2.5-7b,number,14,28,all,combined,32,0.8833333333333334,0.09999999999999999
llama-3-8b,old,16,32,all,context,32,0.5333333333333333,0.06666666666666667
llama-3-8b,old,16,32,all,target,32,0.6499999999999999,0.0816496580927726
llama-3-8b,old,16,32,all,combined,32,0.6166666666666666,0.09999999999999999
qwen2.5-7b,old,14,28,all,context,32,0.55,0.19436506316151003
qwen2.5-7b,old,14,28,all,target,32,0.675,0.1589898669028243
qwen2.5-7b,old,14,28,all,combined,32,0.675,0.1589898669028243
llama-3-8b,once,16,32,all,context,32,0.7166666666666667,0.12472191289246475
llama-3-8b,once,16,32,all,target,32,0.9666666666666668,0.06666666666666667
llama-3-8b,once,16,32,all,combined,32,0.9666666666666668,0.06666666666666667
qwen2.5-7b,once,14,28,all,context,32,0.6916666666666667,0.12801909579781015
qwen2.5-7b,once,14,28,all,target,32,0.9666666666666668,0.06666666666666667
qwen2.5-7b,once,14,28,all,combined,32,1.0,0.0
llama-3-8b,pressure,16,32,all,context,32,0.9333333333333332,0.13333333333333336
llama-3-8b,pressure,16,32,all,target,32,1.0,0.0
llama-3-8b,pressure,16,32,all,combined,32,1.0,0.0
qwen2.5-7b,pressure,14,28,all,context,32,0.875,0.19364916731037085
qwen2.5-7b,pressure,14,28,all,target,32,1.0,0.0
qwen2.5-7b,pressure,14,28,all,combined,32,0.9666666666666668,0.06666666666666665
llama-3-8b,set,16,32,all,context,32,0.7083333333333333,0.1343709624716425
llama-3-8b,set,16,32,all,target,32,0.85,0.13333333333333336
llama-3-8b,set,16,32,all,combined,32,0.7833333333333334,0.0666666666666667
qwen2.5-7b,set,14,28,all,context,32,0.8,0.16329931618554522
qwen2.5-7b,set,14,28,all,target,32,0.9083333333333334,0.07637626158259732
qwen2.5-7b,set,14,28,all,combined,32,0.8416666666666666,0.10671873729054748
llama-3-8b,spirit,16,32,all,context,32,0.7083333333333333,0.1343709624716425
llama-3-8b,spirit,16,32,all,target,32,0.9083333333333334,0.07637626158259732
llama-3-8b,spirit,16,32,all,combined,32,0.9083333333333334,0.07637626158259732
qwen2.5-7b,spirit,14,28,all,context,32,0.7166666666666667,0.12472191289246475
qwen2.5-7b,spirit,14,28,all,target,32,0.8416666666666666,0.10671873729054748
qwen2.5-7b,spirit,14,28,all,combined,32,0.8416666666666668,0.10671873729054748
llama-3-8b,together,16,32,all,context,32,0.6833333333333333,0.1855921454276674
llama-3-8b,together,16,32,all,target,32,0.6416666666666666,0.13844373104863458
llama-3-8b,together,16,32,all,combined,32,0.65,0.13333333333333336
qwen2.5-7b,together,14,28,all,context,32,0.5666666666666667,0.08164965809277258
qwen2.5-7b,together,14,28,all,target,32,0.6166666666666666,0.14529663145135577
qwen2.5-7b,together,14,28,all,combined,32,0.6833333333333333,0.11055415967851334
llama-3-8b,treatment,16,32,all,context,32,0.875,0.19364916731037085
llama-3-8b,treatment,16,32,all,target,32,0.9166666666666667,0.10540925533894598
llama-3-8b,treatment,16,32,all,combined,32,0.9166666666666667,0.10540925533894598
qwen2.5-7b,treatment,14,28,all,context,32,0.85,0.2
qwen2.5-7b,treatment,14,28,all,target,32,0.8166666666666668,0.033333333333333354
qwen2.5-7b,treatment,14,28,all,combined,32,0.8166666666666668,0.11055415967851334
llama-3-8b,amount,16,32,all,context,30,0.8666666666666666,0.12472191289246472
llama-3-8b,amount,16,32,all,target,30,0.9,0.13333333333333336
llama-3-8b,amount,16,32,all,combined,30,0.8333333333333334,0.149071198499986
qwen2.5-7b,amount,14,28,all,context,30,0.8666666666666666,0.12472191289246472
qwen2.5-7b,amount,14,28,all,target,30,0.8666666666666668,0.12472191289246472
qwen2.5-7b,amount,14,28,all,combined,30,0.8333333333333334,0.149071198499986
llama-3-8b,cut,16,32,all,context,30,0.9333333333333332,0.13333333333333336
llama-3-8b,cut,16,32,all,target,30,0.8666666666666668,0.06666666666666665
llama-3-8b,cut,16,32,all,combined,30,0.8333333333333334,0.10540925533894599
qwen2.5-7b,cut,14,28,all,context,30,0.8666666666666666,0.16329931618554522
qwen2.5-7b,cut,14,28,all,target,30,0.9333333333333333,0.08164965809277258
qwen2.5-7b,cut,14,28,all,combined,30,0.8333333333333334,0.10540925533894599
llama-3-8b,dark,16,32,all,context,30,0.8333333333333334,0.10540925533894599
llama-3-8b,dark,16,32,all,target,30,0.8333333333333333,0.149071198499986
llama-3-8b,dark,16,32,all,combined,30,0.8666666666666666,0.06666666666666665
qwen2.5-7b,dark,14,28,all,context,30,0.7666666666666667,0.16996731711975951
qwen2.5-7b,dark,14,28,all,target,30,0.9,0.13333333333333336
qwen2.5-7b,dark,14,28,all,combined,30,0.8666666666666666,0.12472191289246472
llama-3-8b,degree,16,32,all,context,30,0.6,0.13333333333333333
llama-3-8b,degree,16,32,all,target,30,0.3333333333333333,0.10540925533894598
llama-3-8b,degree,16,32,all,combined,30,0.5666666666666667,0.08164965809277258
qwen2.5-7b,degree,14,28,all,context,30,0.6,0.16996731711975951
qwen2.5-7b,degree,14,28,all,target,30,0.36666666666666664,0.12472191289246472
qwen2.5-7b,degree,14,28,all,combined,30,0.4333333333333334,0.1699673171197595
llama-3-8b,discussion,16,32,all,context,30,0.5666666666666667,0.20000000000000004
llama-3-8b,discussion,16,32,all,target,30,0.5666666666666667,0.16996731711975951
llama-3-8b,discussion,16,32,all,combined,30,0.6333333333333333,0.16329931618554522
qwen2.5-7b,discussion,14,28,all,context,30,0.5,0.14907119849998596
qwen2.5-7b,discussion,14,28,all,target,30,0.36666666666666664,0.12472191289246472
qwen2.5-7b,discussion,14,28,all,combined,30,0.5666666666666667,0.08164965809277258
llama-3-8b,early,16,32,all,context,30,0.4333333333333333,0.08164965809277261
llama-3-8b,early,16,32,all,target,30,0.6333333333333333,0.19436506316151003
llama-3-8b,early,16,32,all,combined,30,0.5666666666666667,0.24944382578492943
qwen2.5-7b,early,14,28,all,context,30,0.3666666666666666,0.22110831935702666
qwen2.5-7b,early,14,28,all,target,30,0.4666666666666666,0.12472191289246472
qwen2.5-7b,early,14,28,all,combined,30,0.4666666666666666,0.19436506316151
llama-3-8b,family,16,32,all,context,30,0.3333333333333333,0.14907119849998599
llama-3-8b,family,16,32,all,target,30,0.5333333333333333,0.16329931618554522
llama-3-8b,family,16,32,all,combined,30,0.4333333333333333,0.08164965809277261
qwen2.5-7b,family,14,28,all,context,30,0.26666666666666666,0.16996731711975951
qwen2.5-7b,family,14,28,all,target,30,0.6,0.13333333333333336
qwen2.5-7b,family,14,28,all,combined,30,0.4333333333333333,0.22607766610417562
llama-3-8b,job,16,32,all,context,30,0.8666666666666668,0.12472191289246472
llama-3-8b,job,16,32,all,target,30,0.9666666666666666,0.06666666666666665
llama-3-8b,job,16,32,all,combined,30,0.9333333333333333,0.08164965809277258
qwen2.5-7b,job,14,28,all,context,30,0.8333333333333334,0.14907119849998599
qwen2.5-7b,job,14,28,all,target,30,0.8333333333333333,0.21081851067789195
qwen2.5-7b,job,14,28,all,combined,30,1.0,0.0
llama-3-8b,land,16,32,all,context,30,0.6333333333333333,0.12472191289246472
llama-3-8b,land,16,32,all,target,30,0.6,0.13333333333333336
llama-3-8b,land,16,32,all,combined,30,0.5666666666666667,0.08164965809277258
qwen2.5-7b,land,14,28,all,context,30,0.7666666666666666,0.13333333333333336
qwen2.5-7b,land,14,28,all,target,30,0.5,0.21081851067789198
qwen2.5-7b,land,14,28,all,combined,30,0.6,0.08164965809277258
llama-3-8b,late,16,32,all,context,30,0.7333333333333334,0.13333333333333336
llama-3-8b,late,16,32,all,target,30,0.8333333333333334,0.10540925533894599
llama-3-8b,late,16,32,all,combined,30,0.7666666666666667,0.16996731711975951
qwen2.5-7b,late,14,28,all,context,30,0.6333333333333333,0.12472191289246473
qwen2.5-7b,late,14,28,all,target,30,0.7666666666666666,0.13333333333333336
qwen2.5-7b,late,14,28,all,combined,30,0.7,0.12472191289246475
llama-3-8b,like,16,32,all,context,30,0.6666666666666667,0.23570226039551584
llama-3-8b,like,16,32,all,target,30,0.9,0.08164965809277258
llama-3-8b,like,16,32,all,combined,30,0.9,0.08164965809277258
qwen2.5-7b,like,14,28,all,context,30,0.7000000000000001,0.16329931618554525
qwen2.5-7b,like,14,28,all,target,30,0.9666666666666666,0.06666666666666665
qwen2.5-7b,like,14,28,all,combined,30,0.9333333333333333,0.08164965809277258
llama-3-8b,manager,16,32,all,context,30,0.8666666666666668,0.12472191289246472
llama-3-8b,manager,16,32,all,target,30,0.7333333333333333,0.16996731711975951
llama-3-8b,manager,16,32,all,combined,30,0.8666666666666668,0.12472191289246472
qwen2.5-7b,manager,14,28,all,context,30,0.8666666666666668,0.12472191289246472
qwen2.5-7b,manager,14,28,all,target,30,0.7666666666666667,0.16996731711975951
qwen2.5-7b,manager,14,28,all,combined,30,0.8666666666666668,0.06666666666666665
llama-3-8b,material,16,32,all,context,30,0.8333333333333334,0.10540925533894599
llama-3-8b,material,16,32,all,target,30,0.8333333333333333,0.14907119849998599
llama-3-8b,material,16,32,all,combined,30,0.8,0.12472191289246475
qwen2.5-7b,material,14,28,all,context,30,0.8333333333333333,0.14907119849998599
qwen2.5-7b,material,14,28,all,target,30,0.8333333333333333,0.10540925533894599
qwen2.5-7b,material,14,28,all,combined,30,0.8333333333333333,0.10540925533894599
llama-3-8b,national,16,32,all,context,30,0.6666666666666667,0.14907119849998599
llama-3-8b,national,16,32,all,target,30,0.6000000000000001,0.20000000000000004
llama-3-8b,national,16,32,all,combined,30,0.6666666666666667,0.23570226039551584
qwen2.5-7b,national,14,28,all,context,30,0.6,0.16996731711975951
qwen2.5-7b,national,14,28,all,target,30,0.5666666666666667,0.16996731711975951
qwen2.5-7b,national,14,28,all,combined,30,0.6,0.08164965809277258
llama-3-8b,natural,16,32,all,context,30,0.7,0.22110831935702668
llama-3-8b,natural,16,32,all,target,30,0.6333333333333333,0.16329931618554522
llama-3-8b,natural,16,32,all,combined,30,0.7,0.12472191289246473
qwen2.5-7b,natural,14,28,all,context,30,0.6666666666666666,0.23570226039551587
qwen2.5-7b,natural,14,28,all,target,30,0.5666666666666667,0.16996731711975951
qwen2.5-7b,natural,14,28,all,combined,30,0.7000000000000001,0.16329931618554522
llama-3-8b,phase,16,32,all,context,30,0.9333333333333333,0.08164965809277258
llama-3-8b,phase,16,32,all,target,30,0.9666666666666668,0.06666666666666665
llama-3-8b,phase,16,32,all,combined,30,0.9666666666666668,0.06666666666666665
qwen2.5-7b,phase,14,28,all,context,30,0.9333333333333333,0.08164965809277258
qwen2.5-7b,phase,14,28,all,target,30,0.9666666666666668,0.06666666666666665
qwen2.5-7b,phase,14,28,all,combined,30,0.9666666666666668,0.06666666666666665
llama-3-8b,reason,16,32,all,context,30,0.4333333333333333,0.16996731711975946
llama-3-8b,reason,16,32,all,target,30,0.6333333333333333,0.3055050463303894
llama-3-8b,reason,16,32,all,combined,30,0.7,0.2449489742783178
qwen2.5-7b,reason,14,28,all,context,30,0.4666666666666667,0.22110831935702668
qwen2.5-7b,reason,14,28,all,target,30,0.7,0.26666666666666666
qwen2.5-7b,reason,14,28,all,combined,30,0.6666666666666666,0.29814239699997197
llama-3-8b,suppose,16,32,all,context,30,0.6666666666666667,0.18257418583505539
llama-3-8b,suppose,16,32,all,target,30,0.6666666666666667,0.18257418583505539
llama-3-8b,suppose,16,32,all,combined,30,0.6666666666666667,0.18257418583505539
qwen2.5-7b,suppose,14,28,all,context,30,0.6666666666666667,0.21081851067789198
qwen2.5-7b,suppose,14,28,all,target,30,0.6333333333333334,0.19436506316151003
qwen2.5-7b,suppose,14,28,all,combined,30,0.6666666666666667,0.18257418583505539
llama-3-8b,table,16,32,all,context,30,1.0,0.0
llama-3-8b,table,16,32,all,target,30,1.0,0.0
llama-3-8b,table,16,32,all,combined,30,1.0,0.0
qwen2.5-7b,table,14,28,all,context,30,1.0,0.0
qwen2.5-7b,table,14,28,all,target,30,1.0,0.0
qwen2.5-7b,table,14,28,all,combined,30,1.0,0.0
llama-3-8b,thus,16,32,all,context,30,0.4666666666666666,0.19436506316151
llama-3-8b,thus,16,32,all,target,30,0.5666666666666667,0.27080128015453203
llama-3-8b,thus,16,32,all,combined,30,0.4666666666666666,0.12472191289246472
qwen2.5-7b,thus,14,28,all,context,30,0.36666666666666664,0.1632993161855452
qwen2.5-7b,thus,14,28,all,target,30,0.5333333333333334,0.22110831935702668
qwen2.5-7b,thus,14,28,all,combined,30,0.5333333333333333,0.19436506316151003
llama-3-8b,white,16,32,all,context,30,0.8,0.0666666666666667
llama-3-8b,white,16,32,all,target,30,0.7666666666666666,0.13333333333333336
llama-3-8b,white,16,32,all,combined,30,0.8,0.12472191289246473
qwen2.5-7b,white,14,28,all,context,30,0.7666666666666667,0.08164965809277264
qwen2.5-7b,white,14,28,all,target,30,0.8,0.12472191289246473
qwen2.5-7b,white,14,28,all,combined,30,0.8666666666666668,0.12472191289246472
llama-3-8b,asked,16,32,all,context,28,0.8333333333333334,0.25819888974716115
llama-3-8b,asked,16,32,all,target,28,0.7333333333333333,0.16996731711975951
llama-3-8b,asked,16,32,all,combined,28,0.8333333333333334,0.10540925533894599
qwen2.5-7b,asked,14,28,all,context,28,0.7500000000000001,0.22360679774997896
qwen2.5-7b,asked,14,28,all,target,28,0.7333333333333333,0.16996731711975951
qwen2.5-7b,asked,14,28,all,combined,28,0.8333333333333334,0.18257418583505536
llama-3-8b,cost,16,32,all,context,28,0.9,0.08164965809277258
llama-3-8b,cost,16,32,all,target,28,1.0,0.0
llama-3-8b,cost,16,32,all,combined,28,1.0,0.0
qwen2.5-7b,cost,14,28,all,context,28,0.8666666666666668,0.06666666666666665
qwen2.5-7b,cost,14,28,all,target,28,1.0,0.0
qwen2.5-7b,cost,14,28,all,combined,28,0.9333333333333333,0.08164965809277258
llama-3-8b,english,16,32,all,context,28,0.7833333333333333,0.0666666666666667
llama-3-8b,english,16,32,all,target,28,0.8,0.1632993161855452
llama-3-8b,english,16,32,all,combined,28,0.8833333333333334,0.09999999999999999
qwen2.5-7b,english,14,28,all,context,28,0.7499999999999999,0.12909944487358058
qwen2.5-7b,english,14,28,all,target,28,0.7666666666666667,0.16996731711975951
qwen2.5-7b,english,14,28,all,combined,28,0.85,0.0816496580927726
llama-3-8b,far,16,32,all,context,28,0.5666666666666667,0.16996731711975951
llama-3-8b,far,16,32,all,target,28,0.6666666666666666,0.10540925533894599
llama-3-8b,far,16,32,all,combined,28,0.6666666666666667,0.149071198499986
qwen2.5-7b,far,14,28,all,context,28,0.6833333333333333,0.1527525231651947
qwen2.5-7b,far,14,28,all,target,28,0.6333333333333333,0.12472191289246473
qwen2.5-7b,far,14,28,all,combined,28,0.6833333333333333,0.18559214542766742
llama-3-8b,feeling,16,32,all,context,28,0.55,0.19436506316151
llama-3-8b,feeling,16,32,all,target,28,0.6666666666666666,0.18257418583505536
llama-3-8b,feeling,16,32,all,combined,28,0.7333333333333333,0.16996731711975951
qwen2.5-7b,feeling,14,28,all,context,28,0.5333333333333334,0.30550504633038933
qwen2.5-7b,feeling,14,28,all,target,28,0.6666666666666666,0.18257418583505536
qwen2.5-7b,feeling,14,28,all,combined,28,0.7,0.19436506316151003
llama-3-8b,law,16,32,all,context,28,0.6,0.08164965809277258
llama-3-8b,law,16,32,all,target,28,0.75,0.16666666666666669
llama-3-8b,law,16,32,all,combined,28,0.7166666666666667,0.12472191289246473
qwen2.5-7b,law,14,28,all,context,28,0.6333333333333334,0.19436506316151003
qwen2.5-7b,law,14,28,all,target,28,0.65,0.0816496580927726
qwen2.5-7b,law,14,28,all,combined,28,0.75,0.16666666666666669
llama-3-8b,level,16,32,all,context,28,0.75,0.31622776601683794
llama-3-8b,level,16,32,all,target,28,0.8166666666666668,0.11055415967851334
llama-3-8b,level,16,32,all,combined,28,0.8,0.19436506316151
qwen2.5-7b,level,14,28,all,context,28,0.6833333333333333,0.27080128015453203
qwen2.5-7b,level,14,28,all,target,28,0.8166666666666668,0.11055415967851334
qwen2.5-7b,level,14,28,all,combined,28,0.8666666666666668,0.19436506316151
llama-3-8b,performance,16,32,all,context,28,0.7333333333333333,0.13333333333333336
llama-3-8b,performance,16,32,all,target,28,0.5,0.0
llama-3-8b,performance,16,32,all,combined,28,0.55,0.14529663145135577
qwen2.5-7b,performance,14,28,all,context,28,0.7666666666666666,0.13333333333333336
qwen2.5-7b,performance,14,28,all,target,28,0.5,0.18257418583505539
qwen2.5-7b,performance,14,28,all,combined,28,0.6333333333333333,0.19436506316151
llama-3-8b,policy,16,32,all,context,28,0.5333333333333333,0.06666666666666665
llama-3-8b,policy,16,32,all,target,28,0.5,0.10540925533894598
llama-3-8b,policy,16,32,all,combined,28,0.5,0.10540925533894598
qwen2.5-7b,policy,14,28,all,context,28,0.4666666666666666,0.12472191289246472
qwen2.5-7b,policy,14,28,all,target,28,0.5166666666666666,0.13333333333333333
qwen2.5-7b,policy,14,28,all,combined,28,0.4333333333333333,0.13333333333333333
llama-3-8b,program,16,32,all,context,28,0.4333333333333333,0.13333333333333333
llama-3-8b,program,16,32,all,target,28,0.5,0.14907119849998596
llama-3-8b,program,16,32,all,combined,28,0.5333333333333333,0.28674417556808757
qwen2.5-7b,program,14,28,all,context,28,0.4666666666666666,0.12472191289246472
qwen2.5-7b,program,14,28,all,target,28,0.5333333333333333,0.1247219128924647
qwen2.5-7b,program,14,28,all,combined,28,0.4333333333333334,0.13333333333333333
llama-3-8b,rate,16,32,all,context,28,0.9666666666666668,0.06666666666666667
llama-3-8b,rate,16,32,all,target,28,0.9333333333333333,0.08164965809277258
llama-3-8b,rate,16,32,all,combined,28,0.9666666666666668,0.06666666666666667
qwen2.5-7b,rate,14,28,all,context,28,0.9666666666666668,0.06666666666666667
qwen2.5-7b,rate,14,28,all,target,28,0.9333333333333333,0.08164965809277258
qwen2.5-7b,rate,14,28,all,combined,28,0.9666666666666668,0.06666666666666667
llama-3-8b,requirements,16,32,all,context,28,0.45,0.25603819159562025
llama-3-8b,requirements,16,32,all,target,28,0.55,0.19436506316151
llama-3-8b,requirements,16,32,all,combined,28,0.5166666666666667,0.21343747458109497
qwen2.5-7b,requirements,14,28,all,context,28,0.26666666666666666,0.1699673171197595
qwen2.5-7b,requirements,14,28,all,target,28,0.55,0.26666666666666666
qwen2.5-7b,requirements,14,28,all,combined,28,0.55,0.24494897427831783
llama-3-8b,stage,16,32,all,context,28,0.95,0.09999999999999999
llama-3-8b,stage,16,32,all,target,28,0.9666666666666668,0.06666666666666665
llama-3-8b,stage,16,32,all,combined,28,1.0,0.0
qwen2.5-7b,stage,14,28,all,context,28,0.8833333333333334,0.09999999999999999
qwen2.5-7b,stage,14,28,all,target,28,0.9666666666666668,0.06666666666666665
qwen2.5-7b,stage,14,28,all,combined,28,0.9666666666666668,0.06666666666666665
llama-3-8b,system,16,32,all,context,28,0.7333333333333334,0.3431876713662334
llama-3-8b,system,16,32,all,target,28,0.8666666666666666,0.16329931618554522
llama-3-8b,system,16,32,all,combined,28,0.7333333333333334,0.27080128015453203
qwen2.5-7b,system,14,28,all,context,28,0.6333333333333333,0.3055050463303894
qwen2.5-7b,system,14,28,all,target,28,0.8333333333333333,0.21081851067789195
qwen2.5-7b,system,14,28,all,combined,28,0.7333333333333334,0.27080128015453203
llama-3-8b,time,16,32,all,context,28,0.6166666666666666,0.09999999999999999
llama-3-8b,time,16,32,all,target,28,0.85,0.0816496580927726
llama-3-8b,time,16,32,all,combined,28,0.85,0.0816496580927726
qwen2.5-7b,time,14,28,all,context,28,0.6166666666666666,0.09999999999999999
qwen2.5-7b,time,14,28,all,target,28,0.8166666666666668,0.03333333333333335
qwen2.5-7b,time,14,28,all,combined,28,0.85,0.13333333333333336
llama-3-8b,below,16,32,all,context,26,0.8166666666666668,0.11055415967851334
llama-3-8b,below,16,32,all,target,26,1.0,0.0
llama-3-8b,below,16,32,all,combined,26,1.0,0.0
qwen2.5-7b,below,14,28,all,context,26,0.8333333333333333,0.149071198499986
qwen2.5-7b,below,14,28,all,target,26,0.95,0.09999999999999999
qwen2.5-7b,below,14,28,all,combined,26,0.9666666666666668,0.06666666666666667
llama-3-8b,best,16,32,all,context,26,0.5,0.10540925533894598
llama-3-8b,best,16,32,all,target,26,0.9333333333333333,0.08164965809277258
llama-3-8b,best,16,32,all,combined,26,0.9333333333333333,0.08164965809277258
qwen2.5-7b,best,14,28,all,context,26,0.6333333333333333,0.1130388330520878
qwen2.5-7b,best,14,28,all,target,26,0.8833333333333334,0.09999999999999999
qwen2.5-7b,best,14,28,all,combined,26,0.85,0.13333333333333333
llama-3-8b,common,16,32,all,context,26,0.7833333333333334,0.1632993161855452
llama-3-8b,common,16,32,all,target,26,0.5833333333333333,0.10540925533894598
llama-3-8b,common,16,32,all,combined,26,0.7833333333333333,0.12472191289246475
qwen2.5-7b,common,14,28,all,context,26,0.7833333333333334,0.1632993161855452
qwen2.5-7b,common,14,28,all,target,26,0.6499999999999999,0.0816496580927726
qwen2.5-7b,common,14,28,all,combined,26,0.6666666666666666,0.09128709291752769
llama-3-8b,day,16,32,all,context,26,0.7000000000000001,0.24494897427831783
llama-3-8b,day,16,32,all,target,26,0.7833333333333333,0.12472191289246473
llama-3-8b,day,16,32,all,combined,26,0.7833333333333333,0.12472191289246473
qwen2.5-7b,day,14,28,all,context,26,0.7000000000000001,0.18708286933869708
qwen2.5-7b,day,14,28,all,target,26,0.7833333333333333,0.12472191289246473
qwen2.5-7b,day,14,28,all,combined,26,0.85,0.13333333333333336
llama-3-8b,developed,16,32,all,context,26,0.6666666666666667,0.21081851067789198
llama-3-8b,developed,16,32,all,target,26,0.8333333333333334,0.18257418583505536
llama-3-8b,developed,16,32,all,combined,26,0.7333333333333333,0.16996731711975951
qwen2.5-7b,developed,14,28,all,context,26,0.5666666666666667,0.08164965809277258
qwen2.5-7b,developed,14,28,all,target,26,0.7666666666666666,0.12247448713915893
qwen2.5-7b,developed,14,28,all,combined,26,0.7500000000000001,0.12909944487358058
llama-3-8b,dust,16,32,all,context,26,1.0,0.0
llama-3-8b,dust,16,32,all,target,26,0.9166666666666667,0.10540925533894598
llama-3-8b,dust,16,32,all,combined,26,1.0,0.0
qwen2.5-7b,dust,14,28,all,context,26,1.0,0.0
qwen2.5-7b,dust,14,28,all,target,26,1.0,0.0
qwen2.5-7b,dust,14,28,all,combined,26,1.0,0.0
llama-3-8b,fact,16,32,all,context,26,0.31666666666666665,0.1855921454276674
llama-3-8b,fact,16,32,all,target,26,0.35,0.2603416558635552
llama-3-8b,fact,16,32,all,combined,26,0.25,0.16666666666666669
qwen2.5-7b,fact,14,28,all,context,26,0.2,0.19436506316151003
qwen2.5-7b,fact,14,28,all,target,26,0.5,0.33333333333333337
qwen2.5-7b,fact,14,28,all,combined,26,0.3833333333333333,0.28674417556808757
llama-3-8b,film,16,32,all,context,26,0.75,0.22360679774997896
llama-3-8b,film,16,32,all,target,26,0.7166666666666667,0.12472191289246473
llama-3-8b,film,16,32,all,combined,26,0.9333333333333333,0.08164965809277258
qwen2.5-7b,film,14,28,all,context,26,0.7833333333333334,0.1632993161855452
qwen2.5-7b,film,14,28,all,target,26,0.7166666666666667,0.12472191289246473
qwen2.5-7b,film,14,28,all,combined,26,0.85,0.0816496580927726
llama-3-8b,floor,16,32,all,context,26,0.8833333333333334,0.09999999999999999
llama-3-8b,floor,16,32,all,target,26,1.0,0.0
llama-3-8b,floor,16,32,all,combined,26,1.0,0.0
qwen2.5-7b,floor,14,28,all,context,26,0.8,0.04082482904638632
qwen2.5-7b,floor,14,28,all,target,26,1.0,0.0
qwen2.5-7b,floor,14,28,all,combined,26,1.0,0.0
llama-3-8b,game,16,32,all,context,26,0.85,0.13333333333333336
llama-3-8b,game,16,32,all,target,26,0.5,0.24152294576982397
llama-3-8b,game,16,32,all,combined,26,0.6,0.2
qwen2.5-7b,game,14,28,all,context,26,0.7,0.19436506316151
qwen2.5-7b,game,14,28,all,target,26,0.5833333333333333,0.10540925533894598
qwen2.5-7b,game,14,28,all,combined,26,0.5666666666666667,0.2260776661041756
llama-3-8b,half,16,32,all,context,26,0.7333333333333333,0.16158932858054428
llama-3-8b,half,16,32,all,target,26,0.5833333333333333,0.26874192494328497
llama-3-8b,half,16,32,all,combined,26,0.7166666666666666,0.16329931618554522
qwen2.5-7b,half,14,28,all,context,26,0.6,0.21984843263788204
qwen2.5-7b,half,14,28,all,target,26,0.7166666666666667,0.22110831935702666
qwen2.5-7b,half,14,28,all,combined,26,0.7166666666666667,0.22110831935702666
llama-3-8b,heard,16,32,all,context,26,0.5999999999999999,0.17795130420052185
llama-3-8b,heard,16,32,all,target,26,0.39999999999999997,0.08164965809277261
llama-3-8b,heard,16,32,all,combined,26,0.5666666666666667,0.24944382578492943
qwen2.5-7b,heard,14,28,all,context,26,0.6833333333333333,0.11055415967851334
qwen2.5-7b,heard,14,28,all,target,26,0.31666666666666665,0.11055415967851333
qwen2.5-7b,heard,14,28,all,combined,26,0.5333333333333333,0.28674417556808757
llama-3-8b,help,16,32,all,context,26,0.55,0.1452966314513558
llama-3-8b,help,16,32,all,target,26,0.7,0.11303883305208781
llama-3-8b,help,16,32,all,combined,26,0.6833333333333333,0.1855921454276674
qwen2.5-7b,help,14,28,all,context,26,0.6,0.2
qwen2.5-7b,help,14,28,all,target,26,0.6333333333333333,0.1130388330520878
qwen2.5-7b,help,14,28,all,combined,26,0.6,0.22607766610417562
llama-3-8b,individual,16,32,all,context,26,0.6166666666666666,0.3231786571610886
llama-3-8b,individual,16,32,all,target,26,0.9166666666666667,0.10540925533894598
llama-3-8b,individual,16,32,all,combined,26,0.8333333333333333,0.13944333775567927
qwen2.5-7b,individual,14,28,all,context,26,0.7,0.2449489742783178
qwen2.5-7b,individual,14,28,all,target,26,0.8833333333333334,0.09999999999999999
qwen2.5-7b,individual,14,28,all,combined,26,0.8333333333333334,0.09128709291752769
llama-3-8b,low,16,32,all,context,26,0.9666666666666668,0.06666666666666665
llama-3-8b,low,16,32,all,target,26,0.8833333333333332,0.1452966314513558
llama-3-8b,low,16,32,all,combined,26,0.9166666666666667,0.10540925533894598
qwen2.5-7b,low,14,28,all,context,26,0.9666666666666668,0.06666666666666665
qwen2.5-7b,low,14,28,all,target,26,0.8833333333333332,0.1452966314513558
qwen2.5-7b,low,14,28,all,combined,26,0.9166666666666667,0.10540925533894598
llama-3-8b,man,16,32,all,context,26,0.8166666666666668,0.11055415967851334
llama-3-8b,man,16,32,all,target,26,0.75,0.16666666666666669
llama-3-8b,man,16,32,all,combined,26,0.7833333333333334,0.16329931618554522
qwen2.5-7b,man,14,28,all,context,26,0.7166666666666667,0.2560381915956203
qwen2.5-7b,man,14,28,all,target,26,0.7,0.26666666666666666
qwen2.5-7b,man,14,28,all,combined,26,0.6166666666666666,0.24494897427831783
llama-3-8b,mind,16,32,all,context,26,0.9666666666666668,0.06666666666666667
llama-3-8b,mind,16,32,all,target,26,1.0,0.0
llama-3-8b,mind,16,32,all,combined,26,1.0,0.0
qwen2.5-7b,mind,14,28,all,context,26,0.8166666666666668,0.11055415967851334
qwen2.5-7b,mind,14,28,all,target,26,1.0,0.0
qwen2.5-7b,mind,14,28,all,combined,26,1.0,0.0
llama-3-8b,money,16,32,all,context,26,0.36666666666666664,0.2273030282830976
llama-3-8b,money,16,32,all,target,26,0.4166666666666667,0.23570226039551584
llama-3-8b,money,16,32,all,combined,26,0.4333333333333333,0.23213980461973532
qwen2.5-7b,money,14,28,all,context,26,0.4,0.20682789409984761
qwen2.5-7b,money,14,28,all,target,26,0.6833333333333333,0.28087165910587863
qwen2.5-7b,money,14,28,all,combined,26,0.55,0.30550504633038933
llama-3-8b,months,16,32,all,context,26,0.3333333333333333,0.26352313834736496
llama-3-8b,months,16,32,all,target,26,0.65,0.3
llama-3-8b,months,16,32,all,combined,26,0.5166666666666667,0.2603416558635551
qwen2.5-7b,months,14,28,all,context,26,0.3333333333333333,0.27888667551135854
qwen2.5-7b,months,14,28,all,target,26,0.6666666666666667,0.21081851067789198
qwen2.5-7b,months,14,28,all,combined,26,0.4666666666666666,0.3231786571610886
llama-3-8b,news,16,32,all,context,26,0.8166666666666668,0.11055415967851334
llama-3-8b,news,16,32,all,target,26,0.45,0.2768874620972692
llama-3-8b,news,16,32,all,combined,26,0.6666666666666666,0.18257418583505536
qwen2.5-7b,news,14,28,all,context,26,0.7166666666666667,0.2560381915956203
qwen2.5-7b,news,14,28,all,target,26,0.55,0.26666666666666666
qwen2.5-7b,news,14,28,all,combined,26,0.6333333333333333,0.24494897427831783
llama-3-8b,obtained,16,32,all,context,26,0.95,0.09999999999999999
llama-3-8b,obtained,16,32,all,target,26,0.9166666666666667,0.10540925533894598
llama-3-8b,obtained,16,32,all,combined,26,0.95,0.09999999999999999
qwen2.5-7b,obtained,14,28,all,context,26,0.95,0.09999999999999999
qwen2.5-7b,obtained,14,28,all,target,26,0.9166666666666667,0.10540925533894598
qwen2.5-7b,obtained,14,28,all,combined,26,0.95,0.09999999999999999
llama-3-8b,proposed,16,32,all,context,26,0.5333333333333333,0.20138409955990952
llama-3-8b,proposed,16,32,all,target,26,0.8166666666666668,0.11055415967851334
llama-3-8b,proposed,16,32,all,combined,26,0.7166666666666667,0.12472191289246473
qwen2.5-7b,proposed,14,28,all,context,26,0.55,0.29627314724385295
qwen2.5-7b,proposed,14,28,all,target,26,0.7833333333333333,0.12472191289246475
qwen2.5-7b,proposed,14,28,all,combined,26,0.7166666666666667,0.2560381915956203
llama-3-8b,quickly,16,32,all,context,26,0.65,0.13333333333333336
llama-3-8b,quickly,16,32,all,target,26,0.6,0.13333333333333336
llama-3-8b,quickly,16,32,all,combined,26,0.55,0.19436506316151
qwen2.5-7b,quickly,14,28,all,context,26,0.7,0.11303883305208781
qwen2.5-7b,quickly,14,28,all,target,26,0.5666666666666667,0.17795130420052185
qwen2.5-7b,quickly,14,28,all,combined,26,0.6166666666666666,0.09999999999999999
llama-3-8b,reality,16,32,all,context,26,0.4833333333333333,0.1699673171197595
llama-3-8b,reality,16,32,all,target,26,0.45,0.1
llama-3-8b,reality,16,32,all,combined,26,0.4666666666666667,0.28674417556808757
qwen2.5-7b,reality,14,28,all,context,26,0.5,0.18257418583505539
qwen2.5-7b,reality,14,28,all,target,26,0.2833333333333333,0.12472191289246472
qwen2.5-7b,reality,14,28,all,combined,26,0.3,0.19436506316151003
llama-3-8b,reported,16,32,all,context,26,0.6166666666666667,0.1452966314513558
llama-3-8b,reported,16,32,all,target,26,0.4666666666666666,0.12472191289246472
llama-3-8b,reported,16,32,all,combined,26,0.5,0.0
qwen2.5-7b,reported,14,28,all,context,26,0.6666666666666666,0.09128709291752769
qwen2.5-7b,reported,14,28,all,target,26,0.41666666666666663,0.10540925533894598
qwen2.5-7b,reported,14,28,all,combined,26,0.5833333333333333,0.10540925533894598
llama-3-8b,right,16,32,all,context,26,0.8833333333333334,0.09999999999999999
llama-3-8b,right,16,32,all,target,26,0.9666666666666668,0.06666666666666667
llama-3-8b,right,16,32,all,combined,26,0.9666666666666668,0.06666666666666667
qwen2.5-7b,right,14,28,all,context,26,0.8833333333333332,0.1452966314513558
qwen2.5-7b,right,14,28,all,target,26,0.9666666666666668,0.06666666666666667
qwen2.5-7b,right,14,28,all,combined,26,0.9333333333333333,0.08164965809277258
llama-3-8b,side,16,32,all,context,26,0.9,0.13333333333333336
llama-3-8b,side,16,32,all,target,26,0.85,0.13333333333333333
llama-3-8b,side,16,32,all,combined,26,0.8833333333333334,0.09999999999999999
qwen2.5-7b,side,14,28,all,context,26,0.85,0.13333333333333333
qwen2.5-7b,side,14,28,all,target,26,0.9,0.13333333333333336
qwen2.5-7b,side,14,28,all,combined,26,0.85,0.13333333333333333
llama-3-8b,south,16,32,all,context,26,1.0,0.0
llama-3-8b,south,16,32,all,target,26,0.9166666666666667,0.10540925533894598
llama-3-8b,south,16,32,all,combined,26,0.9666666666666668,0.06666666666666667
qwen2.5-7b,south,14,28,all,context,26,1.0,0.0
qwen2.5-7b,south,14,28,all,target,26,0.9166666666666667,0.10540925533894598
qwen2.5-7b,south,14,28,all,combined,26,0.95,0.09999999999999999
llama-3-8b,stopped,16,32,all,context,26,0.5666666666666667,0.17795130420052185
llama-3-8b,stopped,16,32,all,target,26,0.65,0.13333333333333336
llama-3-8b,stopped,16,32,all,combined,26,0.7,0.19436506316151003
qwen2.5-7b,stopped,14,28,all,context,26,0.6666666666666666,0.27888667551135854
qwen2.5-7b,stopped,14,28,all,target,26,0.6166666666666667,0.17950549357115014
qwen2.5-7b,stopped,14,28,all,combined,26,0.65,0.2
llama-3-8b,structure,16,32,all,context,26,0.7166666666666667,0.12472191289246475
llama-3-8b,structure,16,32,all,target,26,0.6666666666666667,0.2173067468400883
llama-3-8b,structure,16,32,all,combined,26,0.7,0.2505549396395485
qwen2.5-7b,structure,14,28,all,context,26,0.6333333333333333,0.20138409955990955
qwen2.5-7b,structure,14,28,all,target,26,0.7166666666666666,0.1632993161855452
qwen2.5-7b,structure,14,28,all,combined,26,0.8,0.11303883305208781
llama-3-8b,top,16,32,all,context,26,0.5166666666666666,0.16996731711975951
llama-3-8b,top,16,32,all,target,26,0.6833333333333333,0.1855921454276674
llama-3-8b,top,16,32,all,combined,26,0.5833333333333333,0.10540925533894598
qwen2.5-7b,top,14,28,all,context,26,0.45,0.1
qwen2.5-7b,top,14,28,all,target,26,0.6166666666666666,0.09999999999999999
qwen2.5-7b,top,14,28,all,combined,26,0.5,0.10540925533894598
llama-3-8b,trouble,16,32,all,context,26,0.41666666666666663,0.10540925533894598
llama-3-8b,trouble,16,32,all,target,26,0.85,0.13333333333333336
llama-3-8b,trouble,16,32,all,combined,26,0.7,0.1632993161855452
qwen2.5-7b,trouble,14,28,all,context,26,0.5166666666666667,0.13333333333333333
qwen2.5-7b,trouble,14,28,all,target,26,0.8166666666666668,0.11055415967851334
qwen2.5-7b,trouble,14,28,all,combined,26,0.7666666666666667,0.16996731711975951
llama-3-8b,understand,16,32,all,context,26,0.5333333333333333,0.06666666666666665
llama-3-8b,understand,16,32,all,target,26,0.5833333333333333,0.25819888974716115
llama-3-8b,understand,16,32,all,combined,26,0.65,0.2
qwen2.5-7b,understand,14,28,all,context,26,0.5,0.10540925533894598
qwen2.5-7b,understand,14,28,all,target,26,0.5166666666666666,0.32659863237109044
qwen2.5-7b,understand,14,28,all,combined,26,0.5833333333333333,0.27888667551135854
llama-3-8b,word,16,32,all,context,26,0.6333333333333333,0.1130388330520878
llama-3-8b,word,16,32,all,target,26,0.6166666666666667,0.1452966314513558
llama-3-8b,word,16,32,all,combined,26,0.7166666666666666,0.16329931618554522
qwen2.5-7b,word,14,28,all,context,26,0.6166666666666666,0.09999999999999999
qwen2.5-7b,word,14,28,all,target,26,0.6,0.2
qwen2.5-7b,word,14,28,all,combined,26,0.6166666666666666,0.09999999999999999
llama-3-8b,yet,16,32,all,context,26,0.8166666666666668,0.18559214542766742
llama-3-8b,yet,16,32,all,target,26,0.9333333333333332,0.13333333333333336
llama-3-8b,yet,16,32,all,combined,26,0.85,0.13333333333333333
qwen2.5-7b,yet,14,28,all,context,26,0.7833333333333334,0.16329931618554522
qwen2.5-7b,yet,14,28,all,target,26,0.9,0.13333333333333336
qwen2.5-7b,yet,14,28,all,combined,26,0.8166666666666668,0.11055415967851334
llama-3-8b,act,16,32,all,context,24,0.75,0.16666666666666669
llama-3-8b,act,16,32,all,target,24,1.0,0.0
llama-3-8b,act,16,32,all,combined,24,1.0,0.0
qwen2.5-7b,act,14,28,all,context,24,0.75,0.16666666666666669
qwen2.5-7b,act,14,28,all,target,24,1.0,0.0
qwen2.5-7b,act,14,28,all,combined,24,0.9,0.2
llama-3-8b,action,16,32,all,context,24,0.75,0.22360679774997896
llama-3-8b,action,16,32,all,target,24,0.85,0.13333333333333333
llama-3-8b,action,16,32,all,combined,24,0.7833333333333333,0.19436506316151003
qwen2.5-7b,action,14,28,all,context,24,0.65,0.22607766610417562
qwen2.5-7b,action,14,28,all,target,24,0.9333333333333333,0.08164965809277258
qwen2.5-7b,action,14,28,all,combined,24,0.7666666666666667,0.2260776661041756
llama-3-8b,air,16,32,all,context,24,0.65,0.2
llama-3-8b,air,16,32,all,target,24,0.6666666666666667,0.13944333775567927
llama-3-8b,air,16,32,all,combined,24,0.7166666666666667,0.1130388330520878
qwen2.5-7b,air,14,28,all,context,24,0.7,0.26666666666666666
qwen2.5-7b,air,14,28,all,target,24,0.7166666666666667,0.19436506316151
qwen2.5-7b,air,14,28,all,combined,24,0.6666666666666666,0.22973414586817037
llama-3-8b,art,16,32,all,context,24,0.5666666666666667,0.17795130420052185
llama-3-8b,art,16,32,all,target,24,0.7666666666666666,0.2
llama-3-8b,art,16,32,all,combined,24,0.6,0.13333333333333336
qwen2.5-7b,art,14,28,all,context,24,0.4833333333333333,0.2603416558635551
qwen2.5-7b,art,14,28,all,target,24,0.6,0.33911649915626346
qwen2.5-7b,art,14,28,all,combined,24,0.4333333333333333,0.22607766610417562
llama-3-8b,case,16,32,all,context,24,0.5666666666666667,0.3045944480416178
llama-3-8b,case,16,32,all,target,24,0.65,0.13333333333333333
llama-3-8b,case,16,32,all,combined,24,0.65,0.2603416558635552
qwen2.5-7b,case,14,28,all,context,24,0.4,0.22607766610417562
qwen2.5-7b,case,14,28,all,target,24,0.6833333333333333,0.09718253158075502
qwen2.5-7b,case,14,28,all,combined,24,0.5666666666666667,0.20682789409984761
llama-3-8b,church,16,32,all,context,24,0.7,0.11303883305208781
llama-3-8b,church,16,32,all,target,24,0.9,0.1224744871391589
llama-3-8b,church,16,32,all,combined,24,0.7833333333333334,0.16329931618554522
qwen2.5-7b,church,14,28,all,context,24,0.7,0.2505549396395485
qwen2.5-7b,church,14,28,all,target,24,0.8666666666666668,0.1130388330520878
qwen2.5-7b,church,14,28,all,combined,24,0.8666666666666668,0.1130388330520878
llama-3-8b,conducted,16,32,all,context,24,0.75,0.16666666666666669
llama-3-8b,conducted,16,32,all,target,24,0.7166666666666666,0.27688746209726917
llama-3-8b,conducted,16,32,all,combined,24,0.8,0.19436506316151
qwen2.5-7b,conducted,14,28,all,context,24,0.75,0.16666666666666669
qwen2.5-7b,conducted,14,28,all,target,24,0.75,0.27888667551135854
qwen2.5-7b,conducted,14,28,all,combined,24,0.8,0.19436506316151
llama-3-8b,distribution,16,32,all,context,24,0.7166666666666667,0.19436506316151003
llama-3-8b,distribution,16,32,all,target,24,0.6166666666666667,0.1452966314513558
llama-3-8b,distribution,16,32,all,combined,24,0.6333333333333334,0.1870828693386971
qwen2.5-7b,distribution,14,28,all,context,24,0.7166666666666666,0.16329931618554522
qwen2.5-7b,distribution,14,28,all,target,24,0.6166666666666667,0.1452966314513558
qwen2.5-7b,distribution,14,28,all,combined,24,0.7333333333333333,0.16158932858054428
llama-3-8b,dropped,16,32,all,context,24,0.55,0.2449489742783178
llama-3-8b,dropped,16,32,all,target,24,0.5,0.15811388300841897
llama-3-8b,dropped,16,32,all,combined,24,0.5666666666666667,0.2758824226207808
qwen2.5-7b,dropped,14,28,all,context,24,0.4666666666666666,0.17159383568311667
qwen2.5-7b,dropped,14,28,all,target,24,0.5666666666666667,0.2758824226207808
qwen2.5-7b,dropped,14,28,all,combined,24,0.5166666666666666,0.13333333333333333
llama-3-8b,enough,16,32,all,context,24,0.5166666666666666,0.15275252316519466
llama-3-8b,enough,16,32,all,target,24,0.8,0.18708286933869706
llama-3-8b,enough,16,32,all,combined,24,0.75,0.052704627669473016
qwen2.5-7b,enough,14,28,all,context,24,0.4333333333333333,0.2758824226207808
qwen2.5-7b,enough,14,28,all,target,24,0.65,0.13333333333333333
qwen2.5-7b,enough,14,28,all,combined,24,0.6,0.20682789409984761
llama-3-8b,extent,16,32,all,context,24,0.5166666666666666,0.13333333333333333
llama-3-8b,extent,16,32,all,target,24,0.35,0.13333333333333333
llama-3-8b,extent,16,32,all,combined,24,0.4,0.20682789409984761
qwen2.5-7b,extent,14,28,all,context,24,0.55,0.1452966314513558
qwen2.5-7b,extent,14,28,all,target,24,0.45,0.19436506316151
qwen2.5-7b,extent,14,28,all,combined,24,0.4833333333333333,0.1527525231651947
llama-3-8b,field,16,32,all,context,24,0.5666666666666667,0.27080128015453203
llama-3-8b,field,16,32,all,target,24,0.8833333333333334,0.09999999999999999
llama-3-8b,field,16,32,all,combined,24,0.8666666666666668,0.19436506316151
qwen2.5-7b,field,14,28,all,context,24,0.7,0.19436506316151
qwen2.5-7b,field,14,28,all,target,24,0.9666666666666668,0.06666666666666667
qwen2.5-7b,field,14,28,all,combined,24,0.9666666666666668,0.06666666666666667
llama-3-8b,found,16,32,all,context,24,0.5333333333333333,0.17159383568311667
llama-3-8b,found,16,32,all,target,24,0.4833333333333333,0.15275252316519466
llama-3-8b,found,16,32,all,combined,24,0.6,0.1224744871391589
qwen2.5-7b,found,14,28,all,context,24,0.45,0.18708286933869708
qwen2.5-7b,found,14,28,all,target,24,0.4833333333333333,0.27080128015453203
qwen2.5-7b,found,14,28,all,combined,24,0.4833333333333333,0.21984843263788198
llama-3-8b,feet,16,32,all,context,24,0.7,0.11303883305208781
llama-3-8b,feet,16,32,all,target,24,1.0,0.0
llama-3-8b,feet,16,32,all,combined,24,1.0,0.0
qwen2.5-7b,feet,14,28,all,context,24,0.6166666666666666,0.09999999999999999
qwen2.5-7b,feet,14,28,all,target,24,1.0,0.0
qwen2.5-7b,feet,14,28,all,combined,24,1.0,0.0
llama-3-8b,form,16,32,all,context,24,0.9666666666666668,0.06666666666666667
llama-3-8b,form,16,32,all,target,24,0.8833333333333334,0.09999999999999999
llama-3-8b,form,16,32,all,combined,24,0.8833333333333332,0.1452966314513558
qwen2.5-7b,form,14,28,all,context,24,0.95,0.09999999999999999
qwen2.5-7b,form,14,28,all,target,24,0.8333333333333334,0.09128709291752769
qwen2.5-7b,form,14,28,all,combined,24,0.8666666666666668,0.1130388330520878
llama-3-8b,hard,16,32,all,context,24,0.8833333333333332,0.1452966314513558
llama-3-8b,hard,16,32,all,target,24,0.65,0.13333333333333333
llama-3-8b,hard,16,32,all,combined,24,0.8166666666666668,0.1855921454276674
qwen2.5-7b,hard,14,28,all,context,24,0.8166666666666668,0.1855921454276674
qwen2.5-7b,hard,14,28,all,target,24,0.65,0.13333333333333333
qwen2.5-7b,hard,14,28,all,combined,24,0.8833333333333332,0.1452966314513558
llama-3-8b,industry,16,32,all,context,24,0.45,0.18708286933869708
llama-3-8b,industry,16,32,all,target,24,0.7166666666666667,0.19436506316151
llama-3-8b,industry,16,32,all,combined,24,0.65,0.13333333333333333
qwen2.5-7b,industry,14,28,all,context,24,0.36666666666666664,0.291547594742265
qwen2.5-7b,industry,14,28,all,target,24,0.6833333333333333,0.18559214542766742
qwen2.5-7b,industry,14,28,all,combined,24,0.6,0.1224744871391589
llama-3-8b,instead,16,32,all,context,24,0.5,0.0
llama-3-8b,instead,16,32,all,target,24,0.35,0.20682789409984761
llama-3-8b,instead,16,32,all,combined,24,0.3833333333333333,0.1
qwen2.5-7b,instead,14,28,all,context,24,0.4833333333333333,0.13333333333333333
qwen2.5-7b,instead,14,28,all,target,24,0.4666666666666666,0.17159383568311667
qwen2.5-7b,instead,14,28,all,combined,24,0.4666666666666666,0.06666666666666668
llama-3-8b,intensity,16,32,all,context,24,0.8333333333333334,0.09128709291752769
llama-3-8b,intensity,16,32,all,target,24,0.9166666666666667,0.10540925533894598
llama-3-8b,intensity,16,32,all,combined,24,0.9166666666666667,0.10540925533894598
qwen2.5-7b,intensity,14,28,all,context,24,0.8333333333333334,0.09128709291752769
qwen2.5-7b,intensity,14,28,all,target,24,0.9333333333333333,0.08164965809277258
qwen2.5-7b,intensity,14,28,all,combined,24,0.9333333333333333,0.08164965809277258
llama-3-8b,matter,16,32,all,context,24,0.5,0.15811388300841897
llama-3-8b,matter,16,32,all,target,24,0.38333333333333336,0.2768874620972692
llama-3-8b,matter,16,32,all,combined,24,0.36666666666666664,0.2505549396395485
qwen2.5-7b,matter,14,28,all,context,24,0.4833333333333333,0.27080128015453203
qwen2.5-7b,matter,14,28,all,target,24,0.2833333333333333,0.1632993161855452
qwen2.5-7b,matter,14,28,all,combined,24,0.41666666666666663,0.2472066162365221
llama-3-8b,mentioned,16,32,all,context,24,0.6666666666666666,0.18257418583505536
llama-3-8b,mentioned,16,32,all,target,24,0.8,0.11303883305208781
llama-3-8b,mentioned,16,32,all,combined,24,0.75,0.16666666666666669
qwen2.5-7b,mentioned,14,28,all,context,24,0.6166666666666667,0.1452966314513558
qwen2.5-7b,mentioned,14,28,all,target,24,0.7,0.11303883305208781
qwen2.5-7b,mentioned,14,28,all,combined,24,0.7666666666666667,0.16158932858054428
llama-3-8b,office,16,32,all,context,24,0.31666666666666665,0.09718253158075502
llama-3-8b,office,16,32,all,target,24,0.55,0.26666666666666666
llama-3-8b,office,16,32,all,combined,24,0.5,0.29344694769431684
qwen2.5-7b,office,14,28,all,context,24,0.41666666666666663,0.10540925533894598
qwen2.5-7b,office,14,28,all,target,24,0.6,0.27588242262078083
qwen2.5-7b,office,14,28,all,combined,24,0.55,0.26666666666666666
llama-3-8b,part,16,32,all,context,24,0.4666666666666666,0.06666666666666668
llama-3-8b,part,16,32,all,target,24,0.3,0.11303883305208781
llama-3-8b,part,16,32,all,combined,24,0.3333333333333333,0.09128709291752768
qwen2.5-7b,part,14,28,all,context,24,0.45,0.14529663145135577
qwen2.5-7b,part,14,28,all,target,24,0.6333333333333334,0.291547594742265
qwen2.5-7b,part,14,28,all,combined,24,0.5333333333333333,0.17159383568311665
llama-3-8b,party,16,32,all,context,24,0.9,0.13333333333333336
llama-3-8b,party,16,32,all,target,24,0.9333333333333333,0.08164965809277258
llama-3-8b,party,16,32,all,combined,24,0.9333333333333333,0.08164965809277258
qwen2.5-7b,party,14,28,all,context,24,0.9333333333333333,0.08164965809277258
qwen2.5-7b,party,14,28,all,target,24,0.9666666666666668,0.06666666666666667
qwen2.5-7b,party,14,28,all,combined,24,0.9666666666666668,0.06666666666666667
llama-3-8b,passed,16,32,all,context,24,0.8833333333333332,0.1452966314513558
llama-3-8b,passed,16,32,all,target,24,1.0,0.0
llama-3-8b,passed,16,32,all,combined,24,1.0,0.0
qwen2.5-7b,passed,14,28,all,context,24,0.9333333333333332,0.13333333333333336
qwen2.5-7b,passed,14,28,all,target,24,1.0,0.0
qwen2.5-7b,passed,14,28,all,combined,24,0.9333333333333332,0.13333333333333336
llama-3-8b,prevent,16,32,all,context,24,0.4666666666666667,0.2147349787787521
llama-3-8b,prevent,16,32,all,target,24,0.4,0.16158932858054428
llama-3-8b,prevent,16,32,all,combined,24,0.41666666666666663,0.10540925533894598
qwen2.5-7b,prevent,14,28,all,context,24,0.2333333333333333,0.16158932858054434
qwen2.5-7b,prevent,14,28,all,target,24,0.45,0.14529663145135577
qwen2.5-7b,prevent,14,28,all,combined,24,0.2833333333333333,0.19436506316151
llama-3-8b,quality,16,32,all,context,24,0.5833333333333333,0.33333333333333337
llama-3-8b,quality,16,32,all,target,24,0.65,0.1224744871391589
llama-3-8b,quality,16,32,all,combined,24,0.65,0.1224744871391589
qwen2.5-7b,quality,14,28,all,context,24,0.6,0.25495097567963926
qwen2.5-7b,quality,14,28,all,target,24,0.7666666666666667,0.1615893285805443
qwen2.5-7b,quality,14,28,all,combined,24,0.6333333333333333,0.2505549396395485
llama-3-8b,remember,16,32,all,context,24,0.5,0.19002923751652298
llama-3-8b,remember,16,32,all,target,24,0.6666666666666666,0.18257418583505536
llama-3-8b,remember,16,32,all,combined,24,0.7166666666666666,0.16329931618554522
qwen2.5-7b,remember,14,28,all,context,24,0.5166666666666666,0.2603416558635551
qwen2.5-7b,remember,14,28,all,target,24,0.65,0.2603416558635552
qwen2.5-7b,remember,14,28,all,combined,24,0.75,0.16666666666666669
llama-3-8b,sample,16,32,all,context,24,0.7,0.26666666666666666
llama-3-8b,sample,16,32,all,target,24,0.6833333333333333,0.09718253158075502
llama-3-8b,sample,16,32,all,combined,24,0.7166666666666667,0.19436506316151
qwen2.5-7b,sample,14,28,all,context,24,0.7666666666666666,0.2
qwen2.5-7b,sample,14,28,all,target,24,0.7333333333333334,0.12247448713915891
qwen2.5-7b,sample,14,28,all,combined,24,0.7833333333333333,0.19436506316151003
llama-3-8b,sent,16,32,all,context,24,0.6166666666666667,0.1452966314513558
llama-3-8b,sent,16,32,all,target,24,0.7666666666666667,0.16158932858054428
llama-3-8b,sent,16,32,all,combined,24,0.7333333333333333,0.2260776661041756
qwen2.5-7b,sent,14,28,all,context,24,0.6166666666666667,0.1452966314513558
qwen2.5-7b,sent,14,28,all,target,24,0.7,0.2505549396395485
qwen2.5-7b,sent,14,28,all,combined,24,0.7333333333333333,0.2260776661041756
llama-3-8b,space,16,32,all,context,24,0.5166666666666666,0.2603416558635552
llama-3-8b,space,16,32,all,target,24,0.6833333333333333,0.1855921454276674
llama-3-8b,space,16,32,all,combined,24,0.55,0.1452966314513558
qwen2.5-7b,space,14,28,all,context,24,0.5166666666666666,0.2603416558635552
qwen2.5-7b,space,14,28,all,target,24,0.6833333333333333,0.1855921454276674
qwen2.5-7b,space,14,28,all,combined,24,0.4666666666666666,0.17159383568311667
llama-3-8b,success,16,32,all,context,24,0.75,0.16666666666666669
llama-3-8b,success,16,32,all,target,24,0.6833333333333333,0.1855921454276674
llama-3-8b,success,16,32,all,combined,24,0.7166666666666666,0.16329931618554522
qwen2.5-7b,success,14,28,all,context,24,0.75,0.16666666666666669
qwen2.5-7b,success,14,28,all,target,24,0.5833333333333333,0.33333333333333337
qwen2.5-7b,success,14,28,all,combined,24,0.7166666666666666,0.16329931618554522
llama-3-8b,treated,16,32,all,context,24,0.8,0.11303883305208781
llama-3-8b,treated,16,32,all,target,24,0.9333333333333332,0.13333333333333336
llama-3-8b,treated,16,32,all,combined,24,0.8833333333333332,0.1452966314513558
qwen2.5-7b,treated,14,28,all,context,24,0.7833333333333333,0.19436506316151003
qwen2.5-7b,treated,14,28,all,target,24,0.9333333333333332,0.13333333333333336
qwen2.5-7b,treated,14,28,all,combined,24,0.8833333333333332,0.1452966314513558
llama-3-8b,work,16,32,all,context,24,0.45,0.14529663145135577
llama-3-8b,work,16,32,all,target,24,0.95,0.09999999999999999
llama-3-8b,work,16,32,all,combined,24,0.9166666666666667,0.10540925533894598
qwen2.5-7b,work,14,28,all,context,24,0.4,0.1224744871391589
qwen2.5-7b,work,14,28,all,target,24,0.7666666666666667,0.16158932858054428
qwen2.5-7b,work,14,28,all,combined,24,0.6666666666666666,0.09128709291752769
llama-3-8b,avoid,16,32,all,context,22,0.5666666666666667,0.20682789409984764
llama-3-8b,avoid,16,32,all,target,22,0.65,0.25495097567963926
llama-3-8b,avoid,16,32,all,combined,22,0.55,0.18708286933869706
qwen2.5-7b,avoid,14,28,all,context,22,0.5333333333333333,0.06666666666666667
qwen2.5-7b,avoid,14,28,all,target,22,0.5333333333333334,0.31001792062897127
qwen2.5-7b,avoid,14,28,all,combined,22,0.4333333333333333,0.2603416558635552
llama-3-8b,captain,16,32,all,context,22,0.6166666666666666,0.23333333333333334
llama-3-8b,captain,16,32,all,target,22,0.5333333333333333,0.17159383568311665
llama-3-8b,captain,16,32,all,combined,22,0.6833333333333333,0.1855921454276674
qwen2.5-7b,captain,14,28,all,context,22,0.55,0.18708286933869706
qwen2.5-7b,captain,14,28,all,target,22,0.5,0.15811388300841897
qwen2.5-7b,captain,14,28,all,combined,22,0.65,0.2
llama-3-8b,caused,16,32,all,context,22,0.4,0.25495097567963926
llama-3-8b,caused,16,32,all,target,22,0.4333333333333333,0.35512126254437526
llama-3-8b,caused,16,32,all,combined,22,0.4,0.3391164991562634
qwen2.5-7b,caused,14,28,all,context,22,0.5,0.15811388300841897
qwen2.5-7b,caused,14,28,all,target,22,0.35,0.25495097567963926
qwen2.5-7b,caused,14,28,all,combined,22,0.31666666666666665,0.2438123139721299
llama-3-8b,character,16,32,all,context,22,0.6333333333333333,0.19436506316151003
llama-3-8b,character,16,32,all,target,22,0.7333333333333333,0.16158932858054428
llama-3-8b,character,16,32,all,combined,22,0.7333333333333333,0.16158932858054428
qwen2.5-7b,character,14,28,all,context,22,0.6166666666666667,0.2147349787787521
qwen2.5-7b,character,14,28,all,target,22,0.7833333333333333,0.11303883305208781
qwen2.5-7b,character,14,28,all,combined,22,0.6333333333333333,0.1130388330520878
llama-3-8b,company,16,32,all,context,22,0.8666666666666668,0.1130388330520878
llama-3-8b,company,16,32,all,target,22,0.9166666666666667,0.10540925533894598
llama-3-8b,company,16,32,all,combined,22,0.8666666666666668,0.1130388330520878
qwen2.5-7b,company,14,28,all,context,22,0.8666666666666668,0.1130388330520878
qwen2.5-7b,company,14,28,all,target,22,0.9166666666666667,0.10540925533894598
qwen2.5-7b,company,14,28,all,combined,22,0.8666666666666668,0.1130388330520878
llama-3-8b,covered,16,32,all,context,22,0.4333333333333333,0.20682789409984761
llama-3-8b,covered,16,32,all,target,22,0.5666666666666667,0.27588242262078083
llama-3-8b,covered,16,32,all,combined,22,0.4833333333333333,0.2438123139721299
qwen2.5-7b,covered,14,28,all,context,22,0.4333333333333333,0.20682789409984761
qwen2.5-7b,covered,14,28,all,target,22,0.65,0.25495097567963926
qwen2.5-7b,covered,14,28,all,combined,22,0.5666666666666667,0.27588242262078083
llama-3-8b,declared,16,32,all,context,22,0.8666666666666668,0.1130388330520878
llama-3-8b,declared,16,32,all,target,22,0.8,0.2449489742783178
llama-3-8b,declared,16,32,all,combined,22,0.85,0.2
qwen2.5-7b,declared,14,28,all,context,22,0.8666666666666668,0.1130388330520878
qwen2.5-7b,declared,14,28,all,target,22,0.6333333333333333,0.19436506316151003
qwen2.5-7b,declared,14,28,all,combined,22,0.7666666666666667,0.1615893285805443
llama-3-8b,deny,16,32,all,context,22,0.5666666666666667,0.20682789409984761
llama-3-8b,deny,16,32,all,target,22,0.4333333333333333,0.2260776661041756
llama-3-8b,deny,16,32,all,combined,22,0.4,0.20000000000000004
qwen2.5-7b,deny,14,28,all,context,22,0.4166666666666667,0.27888667551135854
qwen2.5-7b,deny,14,28,all,target,22,0.5333333333333333,0.17159383568311667
qwen2.5-7b,deny,14,28,all,combined,22,0.4,0.25495097567963926
llama-3-8b,discussed,16,32,all,context,22,0.5333333333333333,0.2666666666666667
llama-3-8b,discussed,16,32,all,target,22,0.3833333333333333,0.31001792062897127
llama-3-8b,discussed,16,32,all,combined,22,0.4333333333333333,0.3045944480416178
qwen2.5-7b,discussed,14,28,all,context,22,0.5666666666666667,0.2260776661041756
qwen2.5-7b,discussed,14,28,all,target,22,0.41666666666666663,0.2472066162365221
qwen2.5-7b,discussed,14,28,all,combined,22,0.4666666666666666,0.2818589087547961
llama-3-8b,example,16,32,all,context,22,0.65,0.1224744871391589
llama-3-8b,example,16,32,all,target,22,0.31666666666666665,0.1855921454276674
llama-3-8b,example,16,32,all,combined,22,0.45,0.24494897427831783
qwen2.5-7b,example,14,28,all,context,22,0.65,0.1224744871391589
qwen2.5-7b,example,14,28,all,target,22,0.31666666666666665,0.1855921454276674
qwen2.5-7b,example,14,28,all,combined,22,0.5,0.27386127875258304
llama-3-8b,feed,16,32,all,context,22,0.85,0.2
llama-3-8b,feed,16,32,all,target,22,0.8166666666666668,0.1855921454276674
llama-3-8b,feed,16,32,all,combined,22,0.85,0.2
qwen2.5-7b,feed,14,28,all,context,22,0.8,0.18708286933869706
qwen2.5-7b,feed,14,28,all,target,22,0.9,0.2
qwen2.5-7b,feed,14,28,all,combined,22,0.9,0.2
llama-3-8b,followed,16,32,all,context,22,0.7833333333333333,0.1130388330520878
llama-3-8b,followed,16,32,all,target,22,0.7833333333333333,0.1130388330520878
llama-3-8b,followed,16,32,all,combined,22,0.8166666666666668,0.09718253158075502
qwen2.5-7b,followed,14,28,all,context,22,0.7333333333333333,0.16158932858054428
qwen2.5-7b,followed,14,28,all,target,22,0.8166666666666668,0.09718253158075502
qwen2.5-7b,followed,14,28,all,combined,22,0.8166666666666668,0.09718253158075502
llama-3-8b,gas,16,32,all,context,22,0.7666666666666666,0.2438123139721299
llama-3-8b,gas,16,32,all,target,22,0.7666666666666666,0.2438123139721299
llama-3-8b,gas,16,32,all,combined,22,0.7666666666666666,0.2438123139721299
qwen2.5-7b,gas,14,28,all,context,22,0.8,0.18708286933869706
qwen2.5-7b,gas,14,28,all,target,22,0.7166666666666666,0.2147349787787521
qwen2.5-7b,gas,14,28,all,combined,22,0.7666666666666666,0.2438123139721299
llama-3-8b,god,16,32,all,context,22,0.5833333333333333,0.10540925533894598
llama-3-8b,god,16,32,all,target,22,0.8166666666666668,0.09718253158075502
llama-3-8b,god,16,32,all,combined,22,0.7166666666666667,0.1130388330520878
qwen2.5-7b,god,14,28,all,context,22,0.5,0.15811388300841897
qwen2.5-7b,god,14,28,all,target,22,0.8666666666666668,0.1130388330520878
qwen2.5-7b,god,14,28,all,combined,22,0.6666666666666667,0.13944333775567927
llama-3-8b,hour,16,32,all,context,22,0.55,0.18708286933869706
llama-3-8b,hour,16,32,all,target,22,0.9166666666666667,0.10540925533894598
llama-3-8b,hour,16,32,all,combined,22,0.9166666666666667,0.10540925533894598
qwen2.5-7b,hour,14,28,all,context,22,0.65,0.1224744871391589
qwen2.5-7b,hour,14,28,all,target,22,0.9166666666666667,0.10540925533894598
qwen2.5-7b,hour,14,28,all,combined,22,0.8666666666666668,0.1130388330520878
llama-3-8b,military,16,32,all,context,22,0.7333333333333333,0.1615893285805443
llama-3-8b,military,16,32,all,target,22,0.5,0.15811388300841897
llama-3-8b,military,16,32,all,combined,22,0.6333333333333333,0.1130388330520878
qwen2.5-7b,military,14,28,all,context,22,0.6333333333333333,0.1130388330520878
qwen2.5-7b,military,14,28,all,target,22,0.3333333333333333,0.13944333775567927
qwen2.5-7b,military,14,28,all,combined,22,0.5333333333333333,0.17159383568311665
llama-3-8b,particles,16,32,all,context,22,0.9666666666666668,0.06666666666666667
llama-3-8b,particles,16,32,all,target,22,0.9166666666666667,0.10540925533894598
llama-3-8b,particles,16,32,all,combined,22,1.0,0.0
qwen2.5-7b,particles,14,28,all,context,22,0.9166666666666667,0.10540925533894598
qwen2.5-7b,particles,14,28,all,target,22,0.9166666666666667,0.10540925533894598
qwen2.5-7b,particles,14,28,all,combined,22,1.0,0.0
llama-3-8b,pattern,16,32,all,context,22,0.36666666666666664,0.2505549396395485
llama-3-8b,pattern,16,32,all,target,22,0.55,0.09999999999999999
llama-3-8b,pattern,16,32,all,combined,22,0.45,0.24494897427831783
qwen2.5-7b,pattern,14,28,all,context,22,0.45,0.18708286933869708
qwen2.5-7b,pattern,14,28,all,target,22,0.5,0.15811388300841897
qwen2.5-7b,pattern,14,28,all,combined,22,0.45,0.18708286933869708
llama-3-8b,political,16,32,all,context,22,0.55,0.09999999999999999
llama-3-8b,political,16,32,all,target,22,0.36666666666666664,0.3358240279934981
llama-3-8b,political,16,32,all,combined,22,0.41666666666666663,0.19002923751652298
qwen2.5-7b,political,14,28,all,context,22,0.2833333333333333,0.1130388330520878
qwen2.5-7b,political,14,28,all,target,22,0.4666666666666666,0.2818589087547961
qwen2.5-7b,political,14,28,all,combined,22,0.3333333333333333,0.13944333775567927
llama-3-8b,power,16,32,all,context,22,0.8666666666666668,0.1130388330520878
llama-3-8b,power,16,32,all,target,22,0.9,0.1224744871391589
llama-3-8b,power,16,32,all,combined,22,0.9,0.1224744871391589
qwen2.5-7b,power,14,28,all,context,22,0.7833333333333333,0.1130388330520878
qwen2.5-7b,power,14,28,all,target,22,0.8333333333333333,0.13944333775567927
qwen2.5-7b,power,14,28,all,combined,22,0.8333333333333333,0.13944333775567927
llama-3-8b,problem,16,32,all,context,22,0.7,0.18708286933869706
llama-3-8b,problem,16,32,all,target,22,0.55,0.2449489742783178
llama-3-8b,problem,16,32,all,combined,22,0.55,0.2449489742783178
qwen2.5-7b,problem,14,28,all,context,22,0.7666666666666667,0.1615893285805443
qwen2.5-7b,problem,14,28,all,target,22,0.6333333333333333,0.19436506316151003
qwen2.5-7b,problem,14,28,all,combined,22,0.65,0.2
llama-3-8b,products,16,32,all,context,22,0.5833333333333333,0.10540925533894598
llama-3-8b,products,16,32,all,target,22,0.7666666666666667,0.2758824226207808
llama-3-8b,products,16,32,all,combined,22,0.6333333333333333,0.2505549396395485
qwen2.5-7b,products,14,28,all,context,22,0.6333333333333333,0.1130388330520878
qwen2.5-7b,products,14,28,all,target,22,0.7666666666666667,0.2758824226207808
qwen2.5-7b,products,14,28,all,combined,22,0.75,0.22360679774997896
llama-3-8b,question,16,32,all,context,22,0.6,0.2
llama-3-8b,question,16,32,all,target,22,0.45,0.18708286933869708
llama-3-8b,question,16,32,all,combined,22,0.6333333333333333,0.2505549396395485
qwen2.5-7b,question,14,28,all,context,22,0.6833333333333333,0.18559214542766742
qwen2.5-7b,question,14,28,all,target,22,0.5833333333333333,0.19002923751652298
qwen2.5-7b,question,14,28,all,combined,22,0.7333333333333333,0.2260776661041756
llama-3-8b,radiation,16,32,all,context,22,0.8,0.18708286933869706
llama-3-8b,radiation,16,32,all,target,22,0.7666666666666667,0.16158932858054428
llama-3-8b,radiation,16,32,all,combined,22,0.85,0.2
qwen2.5-7b,radiation,14,28,all,context,22,0.8,0.18708286933869706
qwen2.5-7b,radiation,14,28,all,target,22,0.6666666666666667,0.13944333775567927
qwen2.5-7b,radiation,14,28,all,combined,22,0.8,0.18708286933869706
llama-3-8b,reached,16,32,all,context,22,0.6833333333333333,0.09718253158075502
llama-3-8b,reached,16,32,all,target,22,0.7666666666666667,0.2758824226207808
llama-3-8b,reached,16,32,all,combined,22,0.75,0.27386127875258304
qwen2.5-7b,reached,14,28,all,context,22,0.5333333333333333,0.17159383568311665
qwen2.5-7b,reached,14,28,all,target,22,0.7333333333333333,0.1615893285805443
qwen2.5-7b,reached,14,28,all,combined,22,0.6,0.2
llama-3-8b,real,16,32,all,context,22,0.6,0.1224744871391589
llama-3-8b,real,16,32,all,target,22,0.5333333333333333,0.17159383568311667
llama-3-8b,real,16,32,all,combined,22,0.5833333333333333,0.10540925533894598
qwen2.5-7b,real,14,28,all,context,22,0.45,0.18708286933869708
qwen2.5-7b,real,14,28,all,target,22,0.6333333333333333,0.1130388330520878
qwen2.5-7b,real,14,28,all,combined,22,0.4833333333333333,0.13333333333333333
llama-3-8b,sales,16,32,all,context,22,0.8666666666666668,0.1130388330520878
llama-3-8b,sales,16,32,all,target,22,0.9,0.1224744871391589
llama-3-8b,sales,16,32,all,combined,22,0.8666666666666668,0.1130388330520878
qwen2.5-7b,sales,14,28,all,context,22,0.8666666666666668,0.19436506316151
qwen2.5-7b,sales,14,28,all,target,22,0.8,0.18708286933869706
qwen2.5-7b,sales,14,28,all,combined,22,0.7666666666666667,0.2758824226207808
llama-3-8b,scientific,16,32,all,context,22,0.7333333333333333,0.16158932858054428
llama-3-8b,scientific,16,32,all,target,22,0.6833333333333333,0.3666666666666667
llama-3-8b,scientific,16,32,all,combined,22,0.8333333333333333,0.13944333775567927
qwen2.5-7b,scientific,14,28,all,context,22,0.7833333333333333,0.19436506316151
qwen2.5-7b,scientific,14,28,all,target,22,0.8333333333333333,0.21081851067789195
qwen2.5-7b,scientific,14,28,all,combined,22,0.8666666666666668,0.19436506316151
llama-3-8b,short,16,32,all,context,22,0.65,0.1224744871391589
llama-3-8b,short,16,32,all,target,22,0.7333333333333333,0.1615893285805443
llama-3-8b,short,16,32,all,combined,22,0.8,0.18708286933869706
qwen2.5-7b,short,14,28,all,context,22,0.6166666666666666,0.17159383568311667
qwen2.5-7b,short,14,28,all,target,22,0.6,0.2
qwen2.5-7b,short,14,28,all,combined,22,0.6166666666666666,0.17159383568311667
llama-3-8b,supply,16,32,all,context,22,0.5166666666666666,0.2603416558635552
llama-3-8b,supply,16,32,all,target,22,1.0,0.0
llama-3-8b,supply,16,32,all,combined,22,0.9,0.20000000000000004
qwen2.5-7b,supply,14,28,all,context,22,0.4666666666666666,0.1715938356831167
qwen2.5-7b,supply,14,28,all,target,22,0.9,0.20000000000000004
qwen2.5-7b,supply,14,28,all,combined,22,0.7666666666666667,0.2758824226207808
llama-3-8b,sure,16,32,all,context,22,0.8166666666666668,0.1855921454276674
llama-3-8b,sure,16,32,all,target,22,0.95,0.09999999999999999
llama-3-8b,sure,16,32,all,combined,22,0.9,0.2
qwen2.5-7b,sure,14,28,all,context,22,0.8166666666666668,0.1855921454276674
qwen2.5-7b,sure,14,28,all,target,22,0.85,0.2
qwen2.5-7b,sure,14,28,all,combined,22,0.9,0.2
llama-3-8b,task,16,32,all,context,22,0.7666666666666667,0.1615893285805443
llama-3-8b,task,16,32,all,target,22,0.7166666666666667,0.19436506316151003
llama-3-8b,task,16,32,all,combined,22,0.6666666666666667,0.21081851067789195
qwen2.5-7b,task,14,28,all,context,22,0.7166666666666667,0.19436506316151003
qwen2.5-7b,task,14,28,all,target,22,0.6166666666666667,0.1452966314513558
qwen2.5-7b,task,14,28,all,combined,22,0.7166666666666667,0.19436506316151003
llama-3-8b,theory,16,32,all,context,22,0.5666666666666667,0.27588242262078083
llama-3-8b,theory,16,32,all,target,22,0.31666666666666665,0.2438123139721299
llama-3-8b,theory,16,32,all,combined,22,0.45,0.1
qwen2.5-7b,theory,14,28,all,context,22,0.41666666666666663,0.33333333333333337
qwen2.5-7b,theory,14,28,all,target,22,0.4833333333333333,0.3045944480416177
qwen2.5-7b,theory,14,28,all,combined,22,0.41666666666666663,0.19002923751652298
llama-3-8b,thin,16,32,all,context,22,0.9333333333333332,0.13333333333333336
llama-3-8b,thin,16,32,all,target,22,0.85,0.2
llama-3-8b,thin,16,32,all,combined,22,0.8666666666666668,0.1130388330520878
qwen2.5-7b,thin,14,28,all,context,22,0.9166666666666667,0.10540925533894598
qwen2.5-7b,thin,14,28,all,target,22,0.9,0.1224744871391589
qwen2.5-7b,thin,14,28,all,combined,22,0.8666666666666668,0.1130388330520878
llama-3-8b,trade,16,32,all,context,22,0.7666666666666666,0.2438123139721299
llama-3-8b,trade,16,32,all,target,22,0.8333333333333333,0.13944333775567927
llama-3-8b,trade,16,32,all,combined,22,0.8833333333333332,0.1452966314513558
qwen2.5-7b,trade,14,28,all,context,22,0.8,0.18708286933869706
qwen2.5-7b,trade,14,28,all,target,22,0.8333333333333333,0.13944333775567927
qwen2.5-7b,trade,14,28,all,combined,22,0.8833333333333332,0.1452966314513558
llama-3-8b,very,16,32,all,context,22,0.4833333333333333,0.18559214542766742
llama-3-8b,very,16,32,all,target,22,0.3833333333333333,0.2147349787787521
llama-3-8b,very,16,32,all,combined,22,0.3833333333333333,0.1452966314513558
qwen2.5-7b,very,14,28,all,context,22,0.4333333333333333,0.13333333333333333
qwen2.5-7b,very,14,28,all,target,22,0.3833333333333333,0.1452966314513558
qwen2.5-7b,very,14,28,all,combined,22,0.4333333333333333,0.20682789409984761
llama-3-8b,appreciate,16,32,all,context,20,0.8,0.2449489742783178
llama-3-8b,appreciate,16,32,all,target,20,0.9,0.2
llama-3-8b,appreciate,16,32,all,combined,20,0.9,0.2
qwen2.5-7b,appreciate,14,28,all,context,20,0.75,0.22360679774997896
qwen2.5-7b,appreciate,14,28,all,target,20,0.9,0.2
qwen2.5-7b,appreciate,14,28,all,combined,20,0.95,0.09999999999999999
llama-3-8b,argument,16,32,all,context,20,0.95,0.09999999999999999
llama-3-8b,argument,16,32,all,target,20,0.9,0.1224744871391589
llama-3-8b,argument,16,32,all,combined,20,1.0,0.0
qwen2.5-7b,argument,14,28,all,context,20,0.85,0.1224744871391589
qwen2.5-7b,argument,14,28,all,target,20,0.95,0.09999999999999999
qwen2.5-7b,argument,14,28,all,combined,20,1.0,0.0
llama-3-8b,believe,16,32,all,context,20,0.65,0.2
llama-3-8b,believe,16,32,all,target,20,0.6,0.1224744871391589
llama-3-8b,believe,16,32,all,combined,20,0.6,0.1224744871391589
qwen2.5-7b,believe,14,28,all,context,20,0.5,0.27386127875258304
qwen2.5-7b,believe,14,28,all,target,20,0.5,0.15811388300841897
qwen2.5-7b,believe,14,28,all,combined,20,0.6,0.25495097567963926
llama-3-8b,brought,16,32,all,context,20,0.7,0.18708286933869706
llama-3-8b,brought,16,32,all,target,20,0.55,0.09999999999999999
llama-3-8b,brought,16,32,all,combined,20,0.55,0.09999999999999999
qwen2.5-7b,brought,14,28,all,context,20,0.75,0.22360679774997896
qwen2.5-7b,brought,14,28,all,target,20,0.75,0.0
qwen2.5-7b,brought,14,28,all,combined,20,0.65,0.1224744871391589
llama-3-8b,cells,16,32,all,context,20,0.8,0.18708286933869706
llama-3-8b,cells,16,32,all,target,20,0.8,0.18708286933869706
llama-3-8b,cells,16,32,all,combined,20,0.85,0.1224744871391589
qwen2.5-7b,cells,14,28,all,context,20,0.75,0.15811388300841897
qwen2.5-7b,cells,14,28,all,target,20,0.9,0.1224744871391589
qwen2.5-7b,cells,14,28,all,combined,20,0.75,0.15811388300841897
llama-3-8b,children,16,32,all,context,20,0.95,0.09999999999999999
llama-3-8b,children,16,32,all,target,20,1.0,0.0
llama-3-8b,children,16,32,all,combined,20,1.0,0.0
qwen2.5-7b,children,14,28,all,context,20,0.9,0.20000000000000004
qwen2.5-7b,children,14,28,all,target,20,1.0,0.0
qwen2.5-7b,children,14,28,all,combined,20,0.95,0.09999999999999999
llama-3-8b,contrast,16,32,all,context,20,0.5,0.15811388300841897
llama-3-8b,contrast,16,32,all,target,20,0.55,0.09999999999999999
llama-3-8b,contrast,16,32,all,combined,20,0.6,0.2
qwen2.5-7b,contrast,14,28,all,context,20,0.6,0.2
qwen2.5-7b,contrast,14,28,all,target,20,0.55,0.18708286933869706
qwen2.5-7b,contrast,14,28,all,combined,20,0.6,0.2
llama-3-8b,country,16,32,all,context,20,0.6,0.25495097567963926
llama-3-8b,country,16,32,all,target,20,0.55,0.18708286933869706
llama-3-8b,country,16,32,all,combined,20,0.6,0.25495097567963926
qwen2.5-7b,country,14,28,all,context,20,0.5,0.27386127875258304
qwen2.5-7b,country,14,28,all,target,20,0.7,0.18708286933869706
qwen2.5-7b,country,14,28,all,combined,20,0.6,0.25495097567963926
llama-3-8b,directly,16,32,all,context,20,0.75,0.22360679774997896
llama-3-8b,directly,16,32,all,target,20,0.9,0.1224744871391589
llama-3-8b,directly,16,32,all,combined,20,0.9,0.1224744871391589
qwen2.5-7b,directly,14,28,all,context,20,0.85,0.1224744871391589
qwen2.5-7b,directly,14,28,all,target,20,0.85,0.1224744871391589
qwen2.5-7b,directly,14,28,all,combined,20,0.85,0.1224744871391589
llama-3-8b,downtown,16,32,all,context,20,0.5,0.31622776601683794
llama-3-8b,downtown,16,32,all,target,20,0.7,0.09999999999999999
llama-3-8b,downtown,16,32,all,combined,20,0.75,0.15811388300841897
qwen2.5-7b,downtown,14,28,all,context,20,0.55,0.2449489742783178
qwen2.5-7b,downtown,14,28,all,target,20,0.55,0.18708286933869706
qwen2.5-7b,downtown,14,28,all,combined,20,0.55,0.18708286933869706
llama-3-8b,even,16,32,all,context,20,0.8,0.09999999999999999
llama-3-8b,even,16,32,all,target,20,0.8,0.18708286933869706
llama-3-8b,even,16,32,all,combined,20,0.9,0.1224744871391589
qwen2.5-7b,even,14,28,all,context,20,0.7,0.2449489742783178
qwen2.5-7b,even,14,28,all,target,20,0.85,0.1224744871391589
qwen2.5-7b,even,14,28,all,combined,20,0.85,0.2
llama-3-8b,failed,16,32,all,context,20,0.35,0.1224744871391589
llama-3-8b,failed,16,32,all,target,20,0.6,0.1224744871391589
llama-3-8b,failed,16,32,all,combined,20,0.5,0.15811388300841897
qwen2.5-7b,failed,14,28,all,context,20,0.45,0.18708286933869708
qwen2.5-7b,failed,14,28,all,target,20,0.6,0.1224744871391589
qwen2.5-7b,failed,14,28,all,combined,20,0.65,0.2
llama-3-8b,female,16,32,all,context,20,0.75,0.0
llama-3-8b,female,16,32,all,target,20,0.85,0.1224744871391589
llama-3-8b,female,16,32,all,combined,20,0.85,0.1224744871391589
qwen2.5-7b,female,14,28,all,context,20,0.8,0.18708286933869706
qwen2.5-7b,female,14,28,all,target,20,0.8,0.09999999999999999
qwen2.5-7b,female,14,28,all,combined,20,0.75,0.15811388300841897
llama-3-8b,function,16,32,all,context,20,0.95,0.09999999999999999
llama-3-8b,function,16,32,all,target,20,0.95,0.09999999999999999
llama-3-8b,function,16,32,all,combined,20,1.0,0.0
qwen2.5-7b,function,14,28,all,context,20,0.9,0.1224744871391589
qwen2.5-7b,function,14,28,all,target,20,0.95,0.09999999999999999
qwen2.5-7b,function,14,28,all,combined,20,1.0,0.0
llama-3-8b,future,16,32,all,context,20,0.7,0.18708286933869706
llama-3-8b,future,16,32,all,target,20,0.85,0.1224744871391589
llama-3-8b,future,16,32,all,combined,20,0.9,0.1224744871391589
qwen2.5-7b,future,14,28,all,context,20,0.7,0.2449489742783178
qwen2.5-7b,future,14,28,all,target,20,0.9,0.1224744871391589
qwen2.5-7b,future,14,28,all,combined,20,0.9,0.1224744871391589
llama-3-8b,generally,16,32,all,context,20,0.65,0.20000000000000004
llama-3-8b,generally,16,32,all,target,20,0.65,0.2
llama-3-8b,generally,16,32,all,combined,20,0.75,0.15811388300841897
qwen2.5-7b,generally,14,28,all,context,20,0.65,0.2
qwen2.5-7b,generally,14,28,all,target,20,0.65,0.2
qwen2.5-7b,generally,14,28,all,combined,20,0.75,0.15811388300841897
llama-3-8b,glass,16,32,all,context,20,0.55,0.18708286933869706
llama-3-8b,glass,16,32,all,target,20,0.8,0.18708286933869706
llama-3-8b,glass,16,32,all,combined,20,0.75,0.27386127875258304
qwen2.5-7b,glass,14,28,all,context,20,0.5,0.15811388300841897
qwen2.5-7b,glass,14,28,all,target,20,0.85,0.1224744871391589
qwen2.5-7b,glass,14,28,all,combined,20,0.75,0.22360679774997896
llama-3-8b,involved,16,32,all,context,20,0.7,0.18708286933869706
llama-3-8b,involved,16,32,all,target,20,0.75,0.15811388300841897
llama-3-8b,involved,16,32,all,combined,20,0.7,0.09999999999999999
qwen2.5-7b,involved,14,28,all,context,20,0.65,0.2
qwen2.5-7b,involved,14,28,all,target,20,0.75,0.15811388300841897
qwen2.5-7b,involved,14,28,all,combined,20,0.7,0.09999999999999999
llama-3-8b,kept,16,32,all,context,20,0.65,0.30000000000000004
llama-3-8b,kept,16,32,all,target,20,0.6,0.1224744871391589
llama-3-8b,kept,16,32,all,combined,20,0.65,0.1224744871391589
qwen2.5-7b,kept,14,28,all,context,20,0.7,0.2449489742783178
qwen2.5-7b,kept,14,28,all,target,20,0.65,0.2
qwen2.5-7b,kept,14,28,all,combined,20,0.5,0.15811388300841897
llama-3-8b,manner,16,32,all,context,20,0.7,0.18708286933869706
llama-3-8b,manner,16,32,all,target,20,0.75,0.0
llama-3-8b,manner,16,32,all,combined,20,0.65,0.1224744871391589
qwen2.5-7b,manner,14,28,all,context,20,0.75,0.22360679774997896
qwen2.5-7b,manner,14,28,all,target,20,0.75,0.15811388300841897
qwen2.5-7b,manner,14,28,all,combined,20,0.65,0.1224744871391589
llama-3-8b,maturity,16,32,all,context,20,1.0,0.0
llama-3-8b,maturity,16,32,all,target,20,0.95,0.09999999999999999
llama-3-8b,maturity,16,32,all,combined,20,0.95,0.09999999999999999
qwen2.5-7b,maturity,14,28,all,context,20,0.9,0.1224744871391589
qwen2.5-7b,maturity,14,28,all,target,20,0.95,0.09999999999999999
qwen2.5-7b,maturity,14,28,all,combined,20,0.95,0.09999999999999999
llama-3-8b,mouth,16,32,all,context,20,0.75,0.22360679774997896
llama-3-8b,mouth,16,32,all,target,20,0.65,0.1224744871391589
llama-3-8b,mouth,16,32,all,combined,20,0.65,0.1224744871391589
qwen2.5-7b,mouth,14,28,all,context,20,0.65,0.1224744871391589
qwen2.5-7b,mouth,14,28,all,target,20,0.65,0.1224744871391589
qwen2.5-7b,mouth,14,28,all,combined,20,0.6,0.1224744871391589
llama-3-8b,music,16,32,all,context,20,0.55,0.2449489742783178
llama-3-8b,music,16,32,all,target,20,0.8,0.09999999999999999
llama-3-8b,music,16,32,all,combined,20,0.7,0.18708286933869706
qwen2.5-7b,music,14,28,all,context,20,0.4,0.1224744871391589
qwen2.5-7b,music,14,28,all,target,20,0.7,0.2449489742783178
qwen2.5-7b,music,14,28,all,combined,20,0.55,0.291547594742265
llama-3-8b,operate,16,32,all,context,20,0.5,0.22360679774997896
llama-3-8b,operate,16,32,all,target,20,0.8,0.2449489742783178
llama-3-8b,operate,16,32,all,combined,20,0.75,0.22360679774997896
qwen2.5-7b,operate,14,28,all,context,20,0.55,0.18708286933869706
qwen2.5-7b,operate,14,28,all,target,20,0.65,0.1224744871391589
qwen2.5-7b,operate,14,28,all,combined,20,0.55,0.18708286933869706
llama-3-8b,pay,16,32,all,context,20,0.7,0.2449489742783178
llama-3-8b,pay,16,32,all,target,20,0.95,0.09999999999999999
llama-3-8b,pay,16,32,all,combined,20,0.9,0.20000000000000004
qwen2.5-7b,pay,14,28,all,context,20,0.7,0.291547594742265
qwen2.5-7b,pay,14,28,all,target,20,0.9,0.20000000000000004
qwen2.5-7b,pay,14,28,all,combined,20,0.8,0.291547594742265
llama-3-8b,permit,16,32,all,context,20,0.85,0.2
llama-3-8b,permit,16,32,all,target,20,0.9,0.1224744871391589
llama-3-8b,permit,16,32,all,combined,20,0.9,0.1224744871391589
qwen2.5-7b,permit,14,28,all,context,20,0.85,0.2
qwen2.5-7b,permit,14,28,all,target,20,0.85,0.1224744871391589
qwen2.5-7b,permit,14,28,all,combined,20,0.9,0.1224744871391589
llama-3-8b,picture,16,32,all,context,20,0.9,0.1224744871391589
llama-3-8b,picture,16,32,all,target,20,0.9,0.20000000000000004
llama-3-8b,picture,16,32,all,combined,20,0.9,0.1224744871391589
qwen2.5-7b,picture,14,28,all,context,20,0.8,0.18708286933869706
qwen2.5-7b,picture,14,28,all,target,20,0.95,0.09999999999999999
qwen2.5-7b,picture,14,28,all,combined,20,0.9,0.1224744871391589
llama-3-8b,production,16,32,all,context,20,0.85,0.2
llama-3-8b,production,16,32,all,target,20,0.9,0.1224744871391589
llama-3-8b,production,16,32,all,combined,20,0.9,0.2
qwen2.5-7b,production,14,28,all,context,20,0.9,0.2
qwen2.5-7b,production,14,28,all,target,20,0.9,0.2
qwen2.5-7b,production,14,28,all,combined,20,0.9,0.2
llama-3-8b,purpose,16,32,all,context,20,0.65,0.2
llama-3-8b,purpose,16,32,all,target,20,0.65,0.1224744871391589
llama-3-8b,purpose,16,32,all,combined,20,0.65,0.1224744871391589
qwen2.5-7b,purpose,14,28,all,context,20,0.65,0.25495097567963926
qwen2.5-7b,purpose,14,28,all,target,20,0.55,0.2449489742783178
qwen2.5-7b,purpose,14,28,all,combined,20,0.75,0.15811388300841897
llama-3-8b,realize,16,32,all,context,20,0.45,0.24494897427831783
llama-3-8b,realize,16,32,all,target,20,0.6,0.2
llama-3-8b,realize,16,32,all,combined,20,0.6,0.30000000000000004
qwen2.5-7b,realize,14,28,all,context,20,0.5,0.22360679774997896
qwen2.5-7b,realize,14,28,all,target,20,0.65,0.25495097567963926
qwen2.5-7b,realize,14,28,all,combined,20,0.55,0.2449489742783178
llama-3-8b,recognize,16,32,all,context,20,0.7,0.291547594742265
llama-3-8b,recognize,16,32,all,target,20,0.75,0.0
llama-3-8b,recognize,16,32,all,combined,20,0.75,0.15811388300841897
qwen2.5-7b,recognize,14,28,all,context,20,0.6,0.30000000000000004
qwen2.5-7b,recognize,14,28,all,target,20,0.8,0.09999999999999999
qwen2.5-7b,recognize,14,28,all,combined,20,0.75,0.15811388300841897
llama-3-8b,said,16,32,all,context,20,0.75,0.27386127875258304
llama-3-8b,said,16,32,all,target,20,0.35,0.1224744871391589
llama-3-8b,said,16,32,all,combined,20,0.55,0.291547594742265
qwen2.5-7b,said,14,28,all,context,20,0.65,0.1224744871391589
qwen2.5-7b,said,14,28,all,target,20,0.5,0.27386127875258304
qwen2.5-7b,said,14,28,all,combined,20,0.65,0.25495097567963926
llama-3-8b,snow,16,32,all,context,20,0.55,0.2449489742783178
llama-3-8b,snow,16,32,all,target,20,0.85,0.1224744871391589
llama-3-8b,snow,16,32,all,combined,20,0.85,0.2
qwen2.5-7b,snow,14,28,all,context,20,0.6,0.2
qwen2.5-7b,snow,14,28,all,target,20,0.75,0.22360679774997896
qwen2.5-7b,snow,14,28,all,combined,20,0.8,0.2449489742783178
llama-3-8b,suggested,16,32,all,context,20,0.4,0.2
llama-3-8b,suggested,16,32,all,target,20,0.7,0.09999999999999999
llama-3-8b,suggested,16,32,all,combined,20,0.6,0.1224744871391589
qwen2.5-7b,suggested,14,28,all,context,20,0.5,0.15811388300841897
qwen2.5-7b,suggested,14,28,all,target,20,0.6,0.25495097567963926
qwen2.5-7b,suggested,14,28,all,combined,20,0.5,0.27386127875258304
llama-3-8b,sun,16,32,all,context,20,0.65,0.1224744871391589
llama-3-8b,sun,16,32,all,target,20,0.8,0.18708286933869706
llama-3-8b,sun,16,32,all,combined,20,0.8,0.18708286933869706
qwen2.5-7b,sun,14,28,all,context,20,0.75,0.15811388300841897
qwen2.5-7b,sun,14,28,all,target,20,0.8,0.18708286933869706
qwen2.5-7b,sun,14,28,all,combined,20,0.8,0.18708286933869706
llama-3-8b,technical,16,32,all,context,20,0.55,0.18708286933869706
llama-3-8b,technical,16,32,all,target,20,0.65,0.33911649915626346
llama-3-8b,technical,16,32,all,combined,20,0.5,0.22360679774997896
qwen2.5-7b,technical,14,28,all,context,20,0.7,0.291547594742265
qwen2.5-7b,technical,14,28,all,target,20,0.6,0.30000000000000004
qwen2.5-7b,technical,14,28,all,combined,20,0.55,0.2449489742783178
llama-3-8b,told,16,32,all,context,20,0.65,0.2
llama-3-8b,told,16,32,all,target,20,0.65,0.1224744871391589
llama-3-8b,told,16,32,all,combined,20,0.55,0.2449489742783178
qwen2.5-7b,told,14,28,all,context,20,0.6,0.1224744871391589
qwen2.5-7b,told,14,28,all,target,20,0.65,0.2
qwen2.5-7b,told,14,28,all,combined,20,0.55,0.09999999999999999
llama-3-8b,university,16,32,all,context,20,0.9,0.1224744871391589
llama-3-8b,university,16,32,all,target,20,0.75,0.15811388300841897
llama-3-8b,university,16,32,all,combined,20,0.9,0.1224744871391589
qwen2.5-7b,university,14,28,all,context,20,0.95,0.09999999999999999
qwen2.5-7b,university,14,28,all,target,20,0.7,0.18708286933869706
qwen2.5-7b,university,14,28,all,combined,20,0.9,0.2
llama-3-8b,west,16,32,all,context,20,0.95,0.09999999999999999
llama-3-8b,west,16,32,all,target,20,0.95,0.09999999999999999
llama-3-8b,west,16,32,all,combined,20,0.95,0.09999999999999999
qwen2.5-7b,west,14,28,all,context,20,0.9,0.1224744871391589
qwen2.5-7b,west,14,28,all,target,20,1.0,0.0
qwen2.5-7b,west,14,28,all,combined,20,1.0,0.0
llama-3-8b,accepted,16,32,all,context,18,0.55,0.291547594742265
llama-3-8b,accepted,16,32,all,target,18,0.9,0.1224744871391589
llama-3-8b,accepted,16,32,all,combined,18,0.85,0.2
qwen2.5-7b,accepted,14,28,all,context,18,0.4,0.25495097567963926
qwen2.5-7b,accepted,14,28,all,target,18,0.8,0.18708286933869706
qwen2.5-7b,accepted,14,28,all,combined,18,0.65,0.43588989435406733
llama-3-8b,actually,16,32,all,context,18,0.45,0.33166247903554
llama-3-8b,actually,16,32,all,target,18,0.5,0.31622776601683794
llama-3-8b,actually,16,32,all,combined,18,0.55,0.33166247903554
qwen2.5-7b,actually,14,28,all,context,18,0.35,0.25495097567963926
qwen2.5-7b,actually,14,28,all,target,18,0.35,0.2
qwen2.5-7b,actually,14,28,all,combined,18,0.45,0.33166247903554
llama-3-8b,added,16,32,all,context,18,0.4,0.25495097567963926
llama-3-8b,added,16,32,all,target,18,0.7,0.18708286933869706
llama-3-8b,added,16,32,all,combined,18,0.75,0.15811388300841897
qwen2.5-7b,added,14,28,all,context,18,0.5,0.27386127875258304
qwen2.5-7b,added,14,28,all,target,18,0.75,0.15811388300841897
qwen2.5-7b,added,14,28,all,combined,18,0.75,0.15811388300841897
llama-3-8b,aid,16,32,all,context,18,0.85,0.2
llama-3-8b,aid,16,32,all,target,18,0.85,0.2
llama-3-8b,aid,16,32,all,combined,18,0.85,0.2
qwen2.5-7b,aid,14,28,all,context,18,0.85,0.2
qwen2.5-7b,aid,14,28,all,target,18,0.85,0.2
qwen2.5-7b,aid,14,28,all,combined,18,0.85,0.2
llama-3-8b,announced,16,32,all,context,18,0.5,0.27386127875258304
llama-3-8b,announced,16,32,all,target,18,0.55,0.33166247903554
llama-3-8b,announced,16,32,all,combined,18,0.45,0.24494897427831783
qwen2.5-7b,announced,14,28,all,context,18,0.6,0.3391164991562634
qwen2.5-7b,announced,14,28,all,target,18,0.65,0.3741657386773941
qwen2.5-7b,announced,14,28,all,combined,18,0.55,0.33166247903554
llama-3-8b,areas,16,32,all,context,18,0.55,0.33166247903554
llama-3-8b,areas,16,32,all,target,18,0.8,0.18708286933869706
llama-3-8b,areas,16,32,all,combined,18,0.85,0.1224744871391589
qwen2.5-7b,areas,14,28,all,context,18,0.35,0.25495097567963926
qwen2.5-7b,areas,14,28,all,target,18,0.65,0.2
qwen2.5-7b,areas,14,28,all,combined,18,0.6,0.1224744871391589
llama-3-8b,aspects,16,32,all,context,18,0.35,0.25495097567963926
llama-3-8b,aspects,16,32,all,target,18,0.6,0.1224744871391589
llama-3-8b,aspects,16,32,all,combined,18,0.6,0.2
qwen2.5-7b,aspects,14,28,all,context,18,0.3,0.18708286933869708
qwen2.5-7b,aspects,14,28,all,target,18,0.5,0.27386127875258304
qwen2.5-7b,aspects,14,28,all,combined,18,0.5,0.15811388300841897
llama-3-8b,called,16,32,all,context,18,0.4,0.25495097567963926
llama-3-8b,called,16,32,all,target,18,0.65,0.25495097567963926
llama-3-8b,called,16,32,all,combined,18,0.6,0.37416573867739417
qwen2.5-7b,called,14,28,all,context,18,0.6,0.25495097567963926
qwen2.5-7b,called,14,28,all,target,18,0.65,0.25495097567963926
qwen2.5-7b,called,14,28,all,combined,18,0.7,0.4
llama-3-8b,clearly,16,32,all,context,18,0.25,0.22360679774997896
llama-3-8b,clearly,16,32,all,target,18,0.65,0.3391164991562634
llama-3-8b,clearly,16,32,all,combined,18,0.4,0.2
qwen2.5-7b,clearly,14,28,all,context,18,0.35,0.1224744871391589
qwen2.5-7b,clearly,14,28,all,target,18,0.55,0.2449489742783178
qwen2.5-7b,clearly,14,28,all,combined,18,0.35,0.1224744871391589
llama-3-8b,cold,16,32,all,context,18,0.55,0.2449489742783178
llama-3-8b,cold,16,32,all,target,18,0.7,0.2449489742783178
llama-3-8b,cold,16,32,all,combined,18,0.65,0.25495097567963926
qwen2.5-7b,cold,14,28,all,context,18,0.5,0.31622776601683794
qwen2.5-7b,cold,14,28,all,target,18,0.7,0.2449489742783178
qwen2.5-7b,cold,14,28,all,combined,18,0.55,0.2449489742783178
llama-3-8b,completely,16,32,all,context,18,0.45,0.33166247903554
llama-3-8b,completely,16,32,all,target,18,0.3,0.18708286933869708
llama-3-8b,completely,16,32,all,combined,18,0.25,0.22360679774997896
qwen2.5-7b,completely,14,28,all,context,18,0.35,0.2
qwen2.5-7b,completely,14,28,all,target,18,0.4,0.25495097567963926
qwen2.5-7b,completely,14,28,all,combined,18,0.35,0.2
llama-3-8b,continued,16,32,all,context,18,0.5,0.27386127875258304
llama-3-8b,continued,16,32,all,target,18,0.65,0.25495097567963926
llama-3-8b,continued,16,32,all,combined,18,0.6,0.33911649915626346
qwen2.5-7b,continued,14,28,all,context,18,0.7,0.291547594742265
qwen2.5-7b,continued,14,28,all,target,18,0.55,0.3674234614174767
qwen2.5-7b,continued,14,28,all,combined,18,0.7,0.2449489742783178
llama-3-8b,corner,16,32,all,context,18,1.0,0.0
llama-3-8b,corner,16,32,all,target,18,1.0,0.0
llama-3-8b,corner,16,32,all,combined,18,1.0,0.0
qwen2.5-7b,corner,14,28,all,context,18,1.0,0.0
qwen2.5-7b,corner,14,28,all,target,18,1.0,0.0
qwen2.5-7b,corner,14,28,all,combined,18,1.0,0.0
llama-3-8b,culture,16,32,all,context,18,0.4,0.25495097567963926
llama-3-8b,culture,16,32,all,target,18,0.45,0.291547594742265
llama-3-8b,culture,16,32,all,combined,18,0.35,0.30000000000000004
qwen2.5-7b,culture,14,28,all,context,18,0.5,0.27386127875258304
qwen2.5-7b,culture,14,28,all,target,18,0.4,0.2
qwen2.5-7b,culture,14,28,all,combined,18,0.45,0.291547594742265
llama-3-8b,demonstrated,16,32,all,context,18,0.65,0.2
llama-3-8b,demonstrated,16,32,all,target,18,0.55,0.291547594742265
llama-3-8b,demonstrated,16,32,all,combined,18,0.5,0.22360679774997896
qwen2.5-7b,demonstrated,14,28,all,context,18,0.8,0.2449489742783178
qwen2.5-7b,demonstrated,14,28,all,target,18,0.45,0.29154759474226505
qwen2.5-7b,demonstrated,14,28,all,combined,18,0.6,0.1224744871391589
llama-3-8b,described,16,32,all,context,18,0.45,0.3674234614174767
llama-3-8b,described,16,32,all,target,18,0.25,0.27386127875258304
llama-3-8b,described,16,32,all,combined,18,0.45,0.3674234614174767
qwen2.5-7b,described,14,28,all,context,18,0.5,0.15811388300841897
qwen2.5-7b,described,14,28,all,target,18,0.35,0.33911649915626346
qwen2.5-7b,described,14,28,all,combined,18,0.2,0.24494897427831783
llama-3-8b,destroy,16,32,all,context,18,0.3,0.18708286933869708
llama-3-8b,destroy,16,32,all,target,18,0.45,0.18708286933869708
llama-3-8b,destroy,16,32,all,combined,18,0.4,0.2
qwen2.5-7b,destroy,14,28,all,context,18,0.2,0.18708286933869708
qwen2.5-7b,destroy,14,28,all,target,18,0.45,0.18708286933869708
qwen2.5-7b,destroy,14,28,all,combined,18,0.4,0.2
llama-3-8b,direction,16,32,all,context,18,0.9,0.1224744871391589
llama-3-8b,direction,16,32,all,target,18,0.7,0.18708286933869706
llama-3-8b,direction,16,32,all,combined,18,0.8,0.18708286933869706
qwen2.5-7b,direction,14,28,all,context,18,0.85,0.2
qwen2.5-7b,direction,14,28,all,target,18,0.8,0.18708286933869706
qwen2.5-7b,direction,14,28,all,combined,18,0.8,0.18708286933869706
llama-3-8b,dirt,16,32,all,context,18,0.65,0.3741657386773941
llama-3-8b,dirt,16,32,all,target,18,0.8,0.2449489742783178
llama-3-8b,dirt,16,32,all,combined,18,0.7,0.4
qwen2.5-7b,dirt,14,28,all,context,18,0.6,0.3391164991562634
qwen2.5-7b,dirt,14,28,all,target,18,0.8,0.2449489742783178
qwen2.5-7b,dirt,14,28,all,combined,18,0.75,0.31622776601683794
llama-3-8b,education,16,32,all,context,18,0.85,0.2
llama-3-8b,education,16,32,all,target,18,0.75,0.22360679774997896
llama-3-8b,education,16,32,all,combined,18,0.95,0.09999999999999999
qwen2.5-7b,education,14,28,all,context,18,0.85,0.1224744871391589
qwen2.5-7b,education,14,28,all,target,18,0.7,0.291547594742265
qwen2.5-7b,education,14,28,all,combined,18,0.85,0.2
llama-3-8b,effort,16,32,all,context,18,0.35,0.30000000000000004
llama-3-8b,effort,16,32,all,target,18,0.65,0.2
llama-3-8b,effort,16,32,all,combined,18,0.45,0.29154759474226505
qwen2.5-7b,effort,14,28,all,context,18,0.3,0.18708286933869708
qwen2.5-7b,effort,14,28,all,target,18,0.5,0.31622776601683794
qwen2.5-7b,effort,14,28,all,combined,18,0.45,0.4
llama-3-8b,established,16,32,all,context,18,0.4,0.25495097567963926
llama-3-8b,established,16,32,all,target,18,0.5,0.15811388300841897
llama-3-8b,established,16,32,all,combined,18,0.4,0.25495097567963926
qwen2.5-7b,established,14,28,all,context,18,0.4,0.25495097567963926
qwen2.5-7b,established,14,28,all,target,18,0.55,0.33166247903554
qwen2.5-7b,established,14,28,all,combined,18,0.45,0.24494897427831783
llama-3-8b,ever,16,32,all,context,18,0.55,0.4
llama-3-8b,ever,16,32,all,target,18,0.85,0.2
llama-3-8b,ever,16,32,all,combined,18,0.8,0.18708286933869706
qwen2.5-7b,ever,14,28,all,context,18,0.5,0.22360679774997896
qwen2.5-7b,ever,14,28,all,target,18,0.85,0.2
qwen2.5-7b,ever,14,28,all,combined,18,0.7,0.291547594742265
llama-3-8b,expected,16,32,all,context,18,0.7,0.2449489742783178
llama-3-8b,expected,16,32,all,target,18,0.8,0.291547594742265
llama-3-8b,expected,16,32,all,combined,18,0.8,0.291547594742265
qwen2.5-7b,expected,14,28,all,context,18,0.7,0.291547594742265
qwen2.5-7b,expected,14,28,all,target,18,0.75,0.27386127875258304
qwen2.5-7b,expected,14,28,all,combined,18,0.8,0.2449489742783178
llama-3-8b,face,16,32,all,context,18,0.85,0.1224744871391589
llama-3-8b,face,16,32,all,target,18,1.0,0.0
llama-3-8b,face,16,32,all,combined,18,0.9,0.1224744871391589
qwen2.5-7b,face,14,28,all,context,18,0.8,0.18708286933869706
qwen2.5-7b,face,14,28,all,target,18,0.95,0.09999999999999999
qwen2.5-7b,face,14,28,all,combined,18,0.95,0.09999999999999999
llama-3-8b,fell,16,32,all,context,18,0.6,0.3
llama-3-8b,fell,16,32,all,target,18,0.55,0.18708286933869706
llama-3-8b,fell,16,32,all,combined,18,0.7,0.2449489742783178
qwen2.5-7b,fell,14,28,all,context,18,0.55,0.18708286933869706
qwen2.5-7b,fell,14,28,all,target,18,0.65,0.25495097567963926
qwen2.5-7b,fell,14,28,all,combined,18,0.65,0.25495097567963926
llama-3-8b,fear,16,32,all,context,18,0.65,0.2
llama-3-8b,fear,16,32,all,target,18,1.0,0.0
llama-3-8b,fear,16,32,all,combined,18,1.0,0.0
qwen2.5-7b,fear,14,28,all,context,18,0.75,0.22360679774997896
qwen2.5-7b,fear,14,28,all,target,18,1.0,0.0
qwen2.5-7b,fear,14,28,all,combined,18,0.85,0.2
llama-3-8b,felt,16,32,all,context,18,0.3,0.18708286933869708
llama-3-8b,felt,16,32,all,target,18,0.35,0.30000000000000004
llama-3-8b,felt,16,32,all,combined,18,0.4,0.25495097567963926
qwen2.5-7b,felt,14,28,all,context,18,0.35,0.2
qwen2.5-7b,felt,14,28,all,target,18,0.4,0.25495097567963926
qwen2.5-7b,felt,14,28,all,combined,18,0.45,0.33166247903554
llama-3-8b,finished,16,32,all,context,18,0.15,0.12247448713915891
llama-3-8b,finished,16,32,all,target,18,0.15,0.12247448713915891
llama-3-8b,finished,16,32,all,combined,18,0.15,0.12247448713915891
qwen2.5-7b,finished,14,28,all,context,18,0.1,0.20000000000000004
qwen2.5-7b,finished,14,28,all,target,18,0.3,0.18708286933869708
qwen2.5-7b,finished,14,28,all,combined,18,0.1,0.12247448713915891
llama-3-8b,foreign,16,32,all,context,18,0.25,0.22360679774997896
llama-3-8b,foreign,16,32,all,target,18,0.35,0.3741657386773941
llama-3-8b,foreign,16,32,all,combined,18,0.3,0.29154759474226505
qwen2.5-7b,foreign,14,28,all,context,18,0.4,0.2
qwen2.5-7b,foreign,14,28,all,target,18,0.35,0.3
qwen2.5-7b,foreign,14,28,all,combined,18,0.35,0.3
llama-3-8b,girl,16,32,all,context,18,0.55,0.291547594742265
llama-3-8b,girl,16,32,all,target,18,0.45,0.10000000000000002
llama-3-8b,girl,16,32,all,combined,18,0.45,0.2449489742783178
qwen2.5-7b,girl,14,28,all,context,18,0.65,0.1224744871391589
qwen2.5-7b,girl,14,28,all,target,18,0.5,0.27386127875258304
qwen2.5-7b,girl,14,28,all,combined,18,0.65,0.1224744871391589
llama-3-8b,good,16,32,all,context,18,0.35,0.3
llama-3-8b,good,16,32,all,target,18,0.75,0.31622776601683794
llama-3-8b,good,16,32,all,combined,18,0.75,0.31622776601683794
qwen2.5-7b,good,14,28,all,context,18,0.4,0.2
qwen2.5-7b,good,14,28,all,target,18,0.85,0.2
qwen2.5-7b,good,14,28,all,combined,18,0.75,0.31622776601683794
llama-3-8b,hall,16,32,all,context,18,0.4,0.25495097567963926
llama-3-8b,hall,16,32,all,target,18,0.7,0.291547594742265
llama-3-8b,hall,16,32,all,combined,18,0.6,0.2
qwen2.5-7b,hall,14,28,all,context,18,0.5,0.27386127875258304
qwen2.5-7b,hall,14,28,all,target,18,0.7,0.291547594742265
qwen2.5-7b,hall,14,28,all,combined,18,0.5,0.15811388300841897
llama-3-8b,hero,16,32,all,context,18,0.6,0.25495097567963926
llama-3-8b,hero,16,32,all,target,18,0.85,0.1224744871391589
llama-3-8b,hero,16,32,all,combined,18,0.85,0.1224744871391589
qwen2.5-7b,hero,14,28,all,context,18,0.65,0.25495097567963926
qwen2.5-7b,hero,14,28,all,target,18,0.9,0.1224744871391589
qwen2.5-7b,hero,14,28,all,combined,18,0.85,0.1224744871391589
llama-3-8b,held,16,32,all,context,18,0.8,0.09999999999999999
llama-3-8b,held,16,32,all,target,18,0.85,0.2
llama-3-8b,held,16,32,all,combined,18,0.8,0.18708286933869706
qwen2.5-7b,held,14,28,all,context,18,0.55,0.09999999999999999
qwen2.5-7b,held,14,28,all,target,18,0.8,0.18708286933869706
qwen2.5-7b,held,14,28,all,combined,18,0.9,0.1224744871391589
llama-3-8b,influence,16,32,all,context,18,0.2,0.18708286933869708
llama-3-8b,influence,16,32,all,target,18,1.0,0.0
llama-3-8b,influence,16,32,all,combined,18,0.85,0.30000000000000004
qwen2.5-7b,influence,14,28,all,context,18,0.25,0.22360679774997896
qwen2.5-7b,influence,14,28,all,target,18,1.0,0.0
qwen2.5-7b,influence,14,28,all,combined,18,0.75,0.31622776601683794
llama-3-8b,inside,16,32,all,context,18,0.55,0.2449489742783178
llama-3-8b,inside,16,32,all,target,18,0.65,0.1224744871391589
llama-3-8b,inside,16,32,all,combined,18,0.75,0.15811388300841897
qwen2.5-7b,inside,14,28,all,context,18,0.55,0.2449489742783178
qwen2.5-7b,inside,14,28,all,target,18,0.55,0.09999999999999999
qwen2.5-7b,inside,14,28,all,combined,18,0.55,0.18708286933869706
llama-3-8b,introduced,16,32,all,context,18,0.35,0.33911649915626346
llama-3-8b,introduced,16,32,all,target,18,0.5,0.31622776601683794
llama-3-8b,introduced,16,32,all,combined,18,0.5,0.3535533905932738
qwen2.5-7b,introduced,14,28,all,context,18,0.3,0.29154759474226505
qwen2.5-7b,introduced,14,28,all,target,18,0.45,0.29154759474226505
qwen2.5-7b,introduced,14,28,all,combined,18,0.45,0.4
llama-3-8b,know,16,32,all,context,18,0.35,0.2
llama-3-8b,know,16,32,all,target,18,0.5,0.31622776601683794
llama-3-8b,know,16,32,all,combined,18,0.5,0.3535533905932738
qwen2.5-7b,know,14,28,all,context,18,0.4,0.25495097567963926
qwen2.5-7b,know,14,28,all,target,18,0.65,0.30000000000000004
qwen2.5-7b,know,14,28,all,combined,18,0.65,0.25495097567963926
llama-3-8b,last,16,32,all,context,18,0.5,0.27386127875258304
llama-3-8b,last,16,32,all,target,18,0.85,0.2
llama-3-8b,last,16,32,all,combined,18,0.85,0.2
qwen2.5-7b,last,14,28,all,context,18,0.55,0.09999999999999999
qwen2.5-7b,last,14,28,all,target,18,0.85,0.2
qwen2.5-7b,last,14,28,all,combined,18,0.8,0.18708286933869706
llama-3-8b,learned,16,32,all,context,18,0.55,0.18708286933869706
llama-3-8b,learned,16,32,all,target,18,0.7,0.2449489742783178
llama-3-8b,learned,16,32,all,combined,18,0.65,0.1224744871391589
qwen2.5-7b,learned,14,28,all,context,18,0.45,0.291547594742265
qwen2.5-7b,learned,14,28,all,target,18,0.6,0.1224744871391589
qwen2.5-7b,learned,14,28,all,combined,18,0.55,0.18708286933869706
llama-3-8b,lay,16,32,all,context,18,0.45,0.24494897427831783
llama-3-8b,lay,16,32,all,target,18,0.4,0.3391164991562634
llama-3-8b,lay,16,32,all,combined,18,0.3,0.29154759474226505
qwen2.5-7b,lay,14,28,all,context,18,0.3,0.24494897427831783
qwen2.5-7b,lay,14,28,all,target,18,0.45,0.3674234614174767
qwen2.5-7b,lay,14,28,all,combined,18,0.4,0.33911649915626346
llama-3-8b,light,16,32,all,context,18,0.75,0.31622776601683794
llama-3-8b,light,16,32,all,target,18,0.85,0.2
llama-3-8b,light,16,32,all,combined,18,0.8,0.2449489742783178
qwen2.5-7b,light,14,28,all,context,18,0.45,0.3674234614174767
qwen2.5-7b,light,14,28,all,target,18,0.8,0.2449489742783178
qwen2.5-7b,light,14,28,all,combined,18,0.8,0.2449489742783178
llama-3-8b,line,16,32,all,context,18,0.6,0.37416573867739417
llama-3-8b,line,16,32,all,target,18,0.75,0.31622776601683794
llama-3-8b,line,16,32,all,combined,18,0.65,0.3741657386773941
qwen2.5-7b,line,14,28,all,context,18,0.6,0.37416573867739417
qwen2.5-7b,line,14,28,all,target,18,0.6,0.3391164991562634
qwen2.5-7b,line,14,28,all,combined,18,0.65,0.3741657386773941
llama-3-8b,mass,16,32,all,context,18,1.0,0.0
llama-3-8b,mass,16,32,all,target,18,0.85,0.2
llama-3-8b,mass,16,32,all,combined,18,0.9,0.2
qwen2.5-7b,mass,14,28,all,context,18,1.0,0.0
qwen2.5-7b,mass,14,28,all,target,18,0.8,0.2449489742783178
qwen2.5-7b,mass,14,28,all,combined,18,0.9,0.2
llama-3-8b,memory,16,32,all,context,18,0.5,0.31622776601683794
llama-3-8b,memory,16,32,all,target,18,0.85,0.1224744871391589
llama-3-8b,memory,16,32,all,combined,18,0.7,0.291547594742265
qwen2.5-7b,memory,14,28,all,context,18,0.4,0.37416573867739417
qwen2.5-7b,memory,14,28,all,target,18,0.9,0.1224744871391589
qwen2.5-7b,memory,14,28,all,combined,18,0.7,0.2449489742783178
llama-3-8b,north,16,32,all,context,18,0.75,0.15811388300841897
llama-3-8b,north,16,32,all,target,18,0.9,0.1224744871391589
llama-3-8b,north,16,32,all,combined,18,0.9,0.1224744871391589
qwen2.5-7b,north,14,28,all,context,18,0.65,0.1224744871391589
qwen2.5-7b,north,14,28,all,target,18,0.9,0.1224744871391589
qwen2.5-7b,north,14,28,all,combined,18,0.9,0.1224744871391589
llama-3-8b,noted,16,32,all,context,18,0.7,0.18708286933869706
llama-3-8b,noted,16,32,all,target,18,0.6,0.25495097567963926
llama-3-8b,noted,16,32,all,combined,18,0.6,0.25495097567963926
qwen2.5-7b,noted,14,28,all,context,18,0.6,0.1224744871391589
qwen2.5-7b,noted,14,28,all,target,18,0.6,0.33911649915626346
qwen2.5-7b,noted,14,28,all,combined,18,0.55,0.18708286933869706
llama-3-8b,noticed,16,32,all,context,18,0.35,0.2
llama-3-8b,noticed,16,32,all,target,18,0.35,0.2
llama-3-8b,noticed,16,32,all,combined,18,0.4,0.2
qwen2.5-7b,noticed,14,28,all,context,18,0.4,0.1224744871391589
qwen2.5-7b,noticed,14,28,all,target,18,0.25,0.27386127875258304
qwen2.5-7b,noticed,14,28,all,combined,18,0.3,0.18708286933869708
llama-3-8b,observed,16,32,all,context,18,0.75,0.27386127875258304
llama-3-8b,observed,16,32,all,target,18,0.7,0.2449489742783178
llama-3-8b,observed,16,32,all,combined,18,0.7,0.2449489742783178
qwen2.5-7b,observed,14,28,all,context,18,0.7,0.2449489742783178
qwen2.5-7b,observed,14,28,all,target,18,0.7,0.2449489742783178
qwen2.5-7b,observed,14,28,all,combined,18,0.7,0.2449489742783178
llama-3-8b,paused,16,32,all,context,18,0.65,0.30000000000000004
llama-3-8b,paused,16,32,all,target,18,0.4,0.33911649915626346
llama-3-8b,paused,16,32,all,combined,18,0.7,0.18708286933869706
qwen2.5-7b,paused,14,28,all,context,18,0.7,0.18708286933869706
qwen2.5-7b,paused,14,28,all,target,18,0.6,0.25495097567963926
qwen2.5-7b,paused,14,28,all,combined,18,0.8,0.09999999999999999
llama-3-8b,piece,16,32,all,context,18,0.45,0.29154759474226505
llama-3-8b,piece,16,32,all,target,18,0.3,0.24494897427831783
llama-3-8b,piece,16,32,all,combined,18,0.4,0.3
qwen2.5-7b,piece,14,28,all,context,18,0.45,0.291547594742265
qwen2.5-7b,piece,14,28,all,target,18,0.2,0.18708286933869708
qwen2.5-7b,piece,14,28,all,combined,18,0.3,0.29154759474226505
llama-3-8b,plane,16,32,all,context,18,0.95,0.09999999999999999
llama-3-8b,plane,16,32,all,target,18,0.75,0.22360679774997896
llama-3-8b,plane,16,32,all,combined,18,0.95,0.09999999999999999
qwen2.5-7b,plane,14,28,all,context,18,0.95,0.09999999999999999
qwen2.5-7b,plane,14,28,all,target,18,0.8,0.18708286933869706
qwen2.5-7b,plane,14,28,all,combined,18,0.9,0.1224744871391589
llama-3-8b,position,16,32,all,context,18,0.65,0.3741657386773941
llama-3-8b,position,16,32,all,target,18,0.85,0.2
llama-3-8b,position,16,32,all,combined,18,0.8,0.18708286933869706
qwen2.5-7b,position,14,28,all,context,18,0.6,0.33911649915626346
qwen2.5-7b,position,14,28,all,target,18,0.95,0.09999999999999999
qwen2.5-7b,position,14,28,all,combined,18,0.75,0.22360679774997896
llama-3-8b,prepared,16,32,all,context,18,0.5,0.31622776601683794
llama-3-8b,prepared,16,32,all,target,18,0.6,0.25495097567963926
llama-3-8b,prepared,16,32,all,combined,18,0.6,0.25495097567963926
qwen2.5-7b,prepared,14,28,all,context,18,0.6,0.25495097567963926
qwen2.5-7b,prepared,14,28,all,target,18,0.6,0.25495097567963926
qwen2.5-7b,prepared,14,28,all,combined,18,0.6,0.25495097567963926
llama-3-8b,professional,16,32,all,context,18,0.7,0.2449489742783178
llama-3-8b,professional,16,32,all,target,18,0.65,0.1224744871391589
llama-3-8b,professional,16,32,all,combined,18,0.75,0.15811388300841897
qwen2.5-7b,professional,14,28,all,context,18,0.6,0.2
qwen2.5-7b,professional,14,28,all,target,18,0.75,0.22360679774997896
qwen2.5-7b,professional,14,28,all,combined,18,0.7,0.291547594742265
llama-3-8b,published,16,32,all,context,18,0.3,0.18708286933869708
llama-3-8b,published,16,32,all,target,18,0.5,0.15811388300841897
llama-3-8b,published,16,32,all,combined,18,0.3,0.18708286933869708
qwen2.5-7b,published,14,28,all,context,18,0.4,0.25495097567963926
qwen2.5-7b,published,14,28,all,target,18,0.5,0.31622776601683794
qwen2.5-7b,published,14,28,all,combined,18,0.45,0.24494897427831783
llama-3-8b,raised,16,32,all,context,18,0.7,0.18708286933869706
llama-3-8b,raised,16,32,all,target,18,0.8,0.18708286933869706
llama-3-8b,raised,16,32,all,combined,18,0.65,0.2
qwen2.5-7b,raised,14,28,all,context,18,0.6,0.20000000000000004
qwen2.5-7b,raised,14,28,all,target,18,0.85,0.1224744871391589
qwen2.5-7b,raised,14,28,all,combined,18,0.8,0.18708286933869706
llama-3-8b,received,16,32,all,context,18,0.5,0.27386127875258304
llama-3-8b,received,16,32,all,target,18,0.5,0.27386127875258304
llama-3-8b,received,16,32,all,combined,18,0.6,0.3391164991562634
qwen2.5-7b,received,14,28,all,context,18,0.45,0.29154759474226505
qwen2.5-7b,received,14,28,all,target,18,0.4,0.25495097567963926
qwen2.5-7b,received,14,28,all,combined,18,0.6,0.3391164991562634
llama-3-8b,religion,16,32,all,context,18,0.55,0.3674234614174767
llama-3-8b,religion,16,32,all,target,18,0.3,0.39999999999999997
llama-3-8b,religion,16,32,all,combined,18,0.35,0.3741657386773941
qwen2.5-7b,religion,14,28,all,context,18,0.4,0.33911649915626346
qwen2.5-7b,religion,14,28,all,target,18,0.45,0.45825756949558405
qwen2.5-7b,religion,14,28,all,combined,18,0.3,0.29154759474226505
llama-3-8b,result,16,32,all,context,18,0.55,0.18708286933869706
llama-3-8b,result,16,32,all,target,18,0.9,0.1224744871391589
llama-3-8b,result,16,32,all,combined,18,0.85,0.2
qwen2.5-7b,result,14,28,all,context,18,0.55,0.09999999999999999
qwen2.5-7b,result,14,28,all,target,18,0.85,0.2
qwen2.5-7b,result,14,28,all,combined,18,0.8,0.2449489742783178
llama-3-8b,room,16,32,all,context,18,0.75,0.31622776601683794
llama-3-8b,room,16,32,all,target,18,0.9,0.1224744871391589
llama-3-8b,room,16,32,all,combined,18,0.95,0.09999999999999999
qwen2.5-7b,room,14,28,all,context,18,0.7,0.4
qwen2.5-7b,room,14,28,all,target,18,0.9,0.1224744871391589
qwen2.5-7b,room,14,28,all,combined,18,0.9,0.1224744871391589
llama-3-8b,scale,16,32,all,context,18,0.65,0.30000000000000004
llama-3-8b,scale,16,32,all,target,18,0.95,0.09999999999999999
llama-3-8b,scale,16,32,all,combined,18,0.85,0.2
qwen2.5-7b,scale,14,28,all,context,18,0.7,0.291547594742265
qwen2.5-7b,scale,14,28,all,target,18,0.95,0.09999999999999999
qwen2.5-7b,scale,14,28,all,combined,18,0.9,0.1224744871391589
llama-3-8b,secretary,16,32,all,context,18,0.6,0.33911649915626346
llama-3-8b,secretary,16,32,all,target,18,0.9,0.2
llama-3-8b,secretary,16,32,all,combined,18,0.9,0.2
qwen2.5-7b,secretary,14,28,all,context,18,0.65,0.3391164991562634
qwen2.5-7b,secretary,14,28,all,target,18,0.85,0.2
qwen2.5-7b,secretary,14,28,all,combined,18,0.75,0.15811388300841897
llama-3-8b,seek,16,32,all,context,18,0.55,0.18708286933869706
llama-3-8b,seek,16,32,all,target,18,0.45,0.3674234614174767
llama-3-8b,seek,16,32,all,combined,18,0.45,0.29154759474226505
qwen2.5-7b,seek,14,28,all,context,18,0.35,0.3741657386773941
qwen2.5-7b,seek,14,28,all,target,18,0.35,0.30000000000000004
qwen2.5-7b,seek,14,28,all,combined,18,0.3,0.29154759474226505
llama-3-8b,shot,16,32,all,context,18,0.55,0.18708286933869706
llama-3-8b,shot,16,32,all,target,18,0.85,0.2
llama-3-8b,shot,16,32,all,combined,18,0.8,0.18708286933869706
qwen2.5-7b,shot,14,28,all,context,18,0.5,0.22360679774997896
qwen2.5-7b,shot,14,28,all,target,18,0.85,0.1224744871391589
qwen2.5-7b,shot,14,28,all,combined,18,0.75,0.27386127875258304
llama-3-8b,simply,16,32,all,context,18,0.4,0.25495097567963926
llama-3-8b,simply,16,32,all,target,18,0.35,0.2
llama-3-8b,simply,16,32,all,combined,18,0.5,0.27386127875258304
qwen2.5-7b,simply,14,28,all,context,18,0.5,0.3535533905932738
qwen2.5-7b,simply,14,28,all,target,18,0.5,0.31622776601683794
qwen2.5-7b,simply,14,28,all,combined,18,0.45,0.2449489742783178
llama-3-8b,sat,16,32,all,context,18,0.35,0.25495097567963926
llama-3-8b,sat,16,32,all,target,18,0.45,0.18708286933869708
llama-3-8b,sat,16,32,all,combined,18,0.45,0.18708286933869708
qwen2.5-7b,sat,14,28,all,context,18,0.45,0.29154759474226505
qwen2.5-7b,sat,14,28,all,target,18,0.5,0.27386127875258304
qwen2.5-7b,sat,14,28,all,combined,18,0.5,0.15811388300841897
llama-3-8b,soil,16,32,all,context,18,0.95,0.09999999999999999
llama-3-8b,soil,16,32,all,target,18,0.95,0.09999999999999999
llama-3-8b,soil,16,32,all,combined,18,0.95,0.09999999999999999
qwen2.5-7b,soil,14,28,all,context,18,0.9,0.2
qwen2.5-7b,soil,14,28,all,target,18,0.95,0.09999999999999999
qwen2.5-7b,soil,14,28,all,combined,18,0.95,0.09999999999999999
llama-3-8b,staining,16,32,all,context,18,0.5,0.0
llama-3-8b,staining,16,32,all,target,18,0.45,0.33166247903554
llama-3-8b,staining,16,32,all,combined,18,0.3,0.24494897427831783
qwen2.5-7b,staining,14,28,all,context,18,0.45,0.29154759474226505
qwen2.5-7b,staining,14,28,all,target,18,0.45,0.33166247903554
qwen2.5-7b,staining,14,28,all,combined,18,0.6,0.37416573867739417
llama-3-8b,started,16,32,all,context,18,0.15,0.19999999999999998
llama-3-8b,started,16,32,all,target,18,0.7,0.18708286933869706
llama-3-8b,started,16,32,all,combined,18,0.65,0.1224744871391589
qwen2.5-7b,started,14,28,all,context,18,0.25,0.27386127875258304
qwen2.5-7b,started,14,28,all,target,18,0.7,0.18708286933869706
qwen2.5-7b,started,14,28,all,combined,18,0.6,0.25495097567963926
llama-3-8b,stay,16,32,all,context,18,0.5,0.0
llama-3-8b,stay,16,32,all,target,18,0.9,0.1224744871391589
llama-3-8b,stay,16,32,all,combined,18,0.7,0.18708286933869706
qwen2.5-7b,stay,14,28,all,context,18,0.35,0.2
qwen2.5-7b,stay,14,28,all,target,18,0.8,0.18708286933869706
qwen2.5-7b,stay,14,28,all,combined,18,0.65,0.25495097567963926
llama-3-8b,struck,16,32,all,context,18,0.95,0.09999999999999999
llama-3-8b,struck,16,32,all,target,18,0.9,0.1224744871391589
llama-3-8b,struck,16,32,all,combined,18,0.95,0.09999999999999999
qwen2.5-7b,struck,14,28,all,context,18,0.95,0.09999999999999999
qwen2.5-7b,struck,14,28,all,target,18,0.95,0.09999999999999999
qwen2.5-7b,struck,14,28,all,combined,18,0.95,0.09999999999999999
llama-3-8b,things,16,32,all,context,18,0.65,0.25495097567963926
llama-3-8b,things,16,32,all,target,18,0.75,0.22360679774997896
llama-3-8b,things,16,32,all,combined,18,0.65,0.25495097567963926
qwen2.5-7b,things,14,28,all,context,18,0.5,0.15811388300841897
qwen2.5-7b,things,14,28,all,target,18,0.55,0.2449489742783178
qwen2.5-7b,things,14,28,all,combined,18,0.4,0.1224744871391589
llama-3-8b,tomorrow,16,32,all,context,18,0.45,0.1
llama-3-8b,tomorrow,16,32,all,target,18,0.35,0.1224744871391589
llama-3-8b,tomorrow,16,32,all,combined,18,0.45,0.18708286933869708
qwen2.5-7b,tomorrow,14,28,all,context,18,0.5,0.15811388300841897
qwen2.5-7b,tomorrow,14,28,all,target,18,0.35,0.1224744871391589
qwen2.5-7b,tomorrow,14,28,all,combined,18,0.55,0.09999999999999999
llama-3-8b,volume,16,32,all,context,18,0.7,0.2449489742783178
llama-3-8b,volume,16,32,all,target,18,0.8,0.2449489742783178
llama-3-8b,volume,16,32,all,combined,18,0.8,0.2449489742783178
qwen2.5-7b,volume,14,28,all,context,18,0.6,0.2
qwen2.5-7b,volume,14,28,all,target,18,0.75,0.22360679774997896
qwen2.5-7b,volume,14,28,all,combined,18,0.7,0.291547594742265
llama-3-8b,win,16,32,all,context,18,0.6,0.1224744871391589
llama-3-8b,win,16,32,all,target,18,0.7,0.18708286933869706
llama-3-8b,win,16,32,all,combined,18,0.65,0.2
qwen2.5-7b,win,14,28,all,context,18,0.55,0.09999999999999999
qwen2.5-7b,win,14,28,all,target,18,0.7,0.18708286933869706
qwen2.5-7b,win,14,28,all,combined,18,0.65,0.2
llama-3-8b,wish,16,32,all,context,18,0.4,0.25495097567963926
llama-3-8b,wish,16,32,all,target,18,0.4,0.25495097567963926
llama-3-8b,wish,16,32,all,combined,18,0.4,0.25495097567963926
qwen2.5-7b,wish,14,28,all,context,18,0.55,0.18708286933869706
qwen2.5-7b,wish,14,28,all,target,18,0.65,0.2
qwen2.5-7b,wish,14,28,all,combined,18,0.55,0.18708286933869706
llama-3-8b,wondered,16,32,all,context,18,0.65,0.25495097567963926
llama-3-8b,wondered,16,32,all,target,18,0.4,0.2
llama-3-8b,wondered,16,32,all,combined,18,0.5,0.31622776601683794
qwen2.5-7b,wondered,14,28,all,context,18,0.7,0.291547594742265
qwen2.5-7b,wondered,14,28,all,target,18,0.4,0.2
qwen2.5-7b,wondered,14,28,all,combined,18,0.55,0.291547594742265
llama-3-8b,wrong,16,32,all,context,18,0.55,0.291547594742265
llama-3-8b,wrong,16,32,all,target,18,0.55,0.3674234614174767
llama-3-8b,wrong,16,32,all,combined,18,0.55,0.3674234614174767
qwen2.5-7b,wrong,14,28,all,context,18,0.55,0.33166247903554
qwen2.5-7b,wrong,14,28,all,target,18,0.6,0.3
qwen2.5-7b,wrong,14,28,all,combined,18,0.6,0.3
llama-3-8b,above,16,32,all,context,16,0.85,0.1224744871391589
llama-3-8b,above,16,32,all,target,16,0.95,0.09999999999999999
llama-3-8b,above,16,32,all,combined,16,0.9,0.1224744871391589
qwen2.5-7b,above,14,28,all,context,16,0.7,0.2449489742783178
qwen2.5-7b,above,14,28,all,target,16,1.0,0.0
qwen2.5-7b,above,14,28,all,combined,16,0.95,0.09999999999999999
llama-3-8b,appeal,16,32,all,context,16,0.95,0.09999999999999999
llama-3-8b,appeal,16,32,all,target,16,1.0,0.0
llama-3-8b,appeal,16,32,all,combined,16,1.0,0.0
qwen2.5-7b,appeal,14,28,all,context,16,1.0,0.0
qwen2.5-7b,appeal,14,28,all,target,16,1.0,0.0
qwen2.5-7b,appeal,14,28,all,combined,16,1.0,0.0
llama-3-8b,appeared,16,32,all,context,16,0.8,0.18708286933869706
llama-3-8b,appeared,16,32,all,target,16,0.7,0.18708286933869706
llama-3-8b,appeared,16,32,all,combined,16,0.8,0.18708286933869706
qwen2.5-7b,appeared,14,28,all,context,16,0.75,0.22360679774997896
qwen2.5-7b,appeared,14,28,all,target,16,0.8,0.18708286933869706
qwen2.5-7b,appeared,14,28,all,combined,16,0.75,0.22360679774997896
llama-3-8b,around,16,32,all,context,16,0.6,0.25495097567963926
llama-3-8b,around,16,32,all,target,16,0.85,0.2
llama-3-8b,around,16,32,all,combined,16,0.85,0.2
qwen2.5-7b,around,14,28,all,context,16,0.6,0.1224744871391589
qwen2.5-7b,around,14,28,all,target,16,0.65,0.3741657386773941
qwen2.5-7b,around,14,28,all,combined,16,0.7,0.18708286933869706
llama-3-8b,assigned,16,32,all,context,16,0.9,0.1224744871391589
llama-3-8b,assigned,16,32,all,target,16,0.8,0.18708286933869706
llama-3-8b,assigned,16,32,all,combined,16,0.8,0.18708286933869706
qwen2.5-7b,assigned,14,28,all,context,16,0.8,0.18708286933869706
qwen2.5-7b,assigned,14,28,all,target,16,0.9,0.20000000000000004
qwen2.5-7b,assigned,14,28,all,combined,16,0.8,0.18708286933869706
llama-3-8b,attention,16,32,all,context,16,0.45,0.2449489742783178
llama-3-8b,attention,16,32,all,target,16,0.5,0.15811388300841897
llama-3-8b,attention,16,32,all,combined,16,0.4,0.25495097567963926
qwen2.5-7b,attention,14,28,all,context,16,0.65,0.3741657386773941
qwen2.5-7b,attention,14,28,all,target,16,0.6,0.25495097567963926
qwen2.5-7b,attention,14,28,all,combined,16,0.6,0.33911649915626346
llama-3-8b,beginning,16,32,all,context,16,0.35,0.2
llama-3-8b,beginning,16,32,all,target,16,0.5,0.31622776601683794
llama-3-8b,beginning,16,32,all,combined,16,0.3,0.18708286933869708
qwen2.5-7b,beginning,14,28,all,context,16,0.1,0.12247448713915891
qwen2.5-7b,beginning,14,28,all,target,16,0.6,0.37416573867739417
qwen2.5-7b,beginning,14,28,all,combined,16,0.35,0.3741657386773941
llama-3-8b,blame,16,32,all,context,16,0.35,0.30000000000000004
llama-3-8b,blame,16,32,all,target,16,0.1,0.12247448713915891
llama-3-8b,blame,16,32,all,combined,16,0.15,0.19999999999999998
qwen2.5-7b,blame,14,28,all,context,16,0.35,0.2
qwen2.5-7b,blame,14,28,all,target,16,0.2,0.18708286933869708
qwen2.5-7b,blame,14,28,all,combined,16,0.2,0.18708286933869708
llama-3-8b,box,16,32,all,context,16,0.65,0.3741657386773941
llama-3-8b,box,16,32,all,target,16,0.95,0.09999999999999999
llama-3-8b,box,16,32,all,combined,16,0.95,0.09999999999999999
qwen2.5-7b,box,14,28,all,context,16,0.6,0.3391164991562634
qwen2.5-7b,box,14,28,all,target,16,0.95,0.09999999999999999
qwen2.5-7b,box,14,28,all,combined,16,0.9,0.1224744871391589
llama-3-8b,boy,16,32,all,context,16,0.6,0.2
llama-3-8b,boy,16,32,all,target,16,0.65,0.2
llama-3-8b,boy,16,32,all,combined,16,0.65,0.2
qwen2.5-7b,boy,14,28,all,context,16,0.45,0.10000000000000002
qwen2.5-7b,boy,14,28,all,target,16,0.65,0.2
qwen2.5-7b,boy,14,28,all,combined,16,0.55,0.2449489742783178
llama-3-8b,briefly,16,32,all,context,16,0.85,0.2
llama-3-8b,briefly,16,32,all,target,16,0.85,0.2
llama-3-8b,briefly,16,32,all,combined,16,0.9,0.2
qwen2.5-7b,briefly,14,28,all,context,16,0.9,0.2
qwen2.5-7b,briefly,14,28,all,target,16,0.9,0.2
qwen2.5-7b,briefly,14,28,all,combined,16,0.9,0.2
llama-3-8b,carried,16,32,all,context,16,0.75,0.22360679774997896
llama-3-8b,carried,16,32,all,target,16,0.8,0.18708286933869706
llama-3-8b,carried,16,32,all,combined,16,0.85,0.2
qwen2.5-7b,carried,14,28,all,context,16,0.8,0.18708286933869706
qwen2.5-7b,carried,14,28,all,target,16,0.75,0.22360679774997896
qwen2.5-7b,carried,14,28,all,combined,16,0.85,0.2
llama-3-8b,changed,16,32,all,context,16,0.5,0.27386127875258304
llama-3-8b,changed,16,32,all,target,16,0.8,0.18708286933869706
llama-3-8b,changed,16,32,all,combined,16,0.75,0.15811388300841897
qwen2.5-7b,changed,14,28,all,context,16,0.4,0.3391164991562634
qwen2.5-7b,changed,14,28,all,target,16,0.7,0.18708286933869706
qwen2.5-7b,changed,14,28,all,combined,16,0.7,0.18708286933869706
llama-3-8b,check,16,32,all,context,16,0.7,0.18708286933869706
llama-3-8b,check,16,32,all,target,16,1.0,0.0
llama-3-8b,check,16,32,all,combined,16,1.0,0.0
qwen2.5-7b,check,14,28,all,context,16,0.65,0.2
qwen2.5-7b,check,14,28,all,target,16,1.0,0.0
qwen2.5-7b,check,14,28,all,combined,16,1.0,0.0
llama-3-8b,choice,16,32,all,context,16,0.25,0.22360679774997896
llama-3-8b,choice,16,32,all,target,16,0.35,0.2
llama-3-8b,choice,16,32,all,combined,16,0.35,0.2
qwen2.5-7b,choice,14,28,all,context,16,0.45,0.2449489742783178
qwen2.5-7b,choice,14,28,all,target,16,0.5,0.3535533905932738
qwen2.5-7b,choice,14,28,all,combined,16,0.4,0.25495097567963926
llama-3-8b,city,16,32,all,context,16,0.75,0.22360679774997896
llama-3-8b,city,16,32,all,target,16,0.9,0.1224744871391589
llama-3-8b,city,16,32,all,combined,16,0.8,0.18708286933869706
qwen2.5-7b,city,14,28,all,context,16,0.75,0.22360679774997896
qwen2.5-7b,city,14,28,all,target,16,0.75,0.3872983346207417
qwen2.5-7b,city,14,28,all,combined,16,0.8,0.18708286933869706
llama-3-8b,concrete,16,32,all,context,16,0.85,0.2
llama-3-8b,concrete,16,32,all,target,16,0.95,0.09999999999999999
llama-3-8b,concrete,16,32,all,combined,16,0.95,0.09999999999999999
qwen2.5-7b,concrete,14,28,all,context,16,0.85,0.2
qwen2.5-7b,concrete,14,28,all,target,16,0.95,0.09999999999999999
qwen2.5-7b,concrete,14,28,all,combined,16,0.95,0.09999999999999999
llama-3-8b,considered,16,32,all,context,16,0.5,0.4183300132670378
llama-3-8b,considered,16,32,all,target,16,0.8,0.2449489742783178
llama-3-8b,considered,16,32,all,combined,16,0.6,0.37416573867739417
qwen2.5-7b,considered,14,28,all,context,16,0.15,0.12247448713915891
qwen2.5-7b,considered,14,28,all,target,16,0.65,0.3741657386773941
qwen2.5-7b,considered,14,28,all,combined,16,0.6,0.37416573867739417
llama-3-8b,contributed,16,32,all,context,16,0.8,0.4
llama-3-8b,contributed,16,32,all,target,16,0.65,0.3741657386773941
llama-3-8b,contributed,16,32,all,combined,16,0.7,0.4
qwen2.5-7b,contributed,14,28,all,context,16,0.7,0.18708286933869706
qwen2.5-7b,contributed,14,28,all,target,16,0.75,0.3872983346207417
qwen2.5-7b,contributed,14,28,all,combined,16,0.7,0.4
llama-3-8b,control,16,32,all,context,16,0.5,0.27386127875258304
llama-3-8b,control,16,32,all,target,16,0.7,0.2449489742783178
llama-3-8b,control,16,32,all,combined,16,0.65,0.25495097567963926
qwen2.5-7b,control,14,28,all,context,16,0.45,0.2449489742783178
qwen2.5-7b,control,14,28,all,target,16,0.9,0.20000000000000004
qwen2.5-7b,control,14,28,all,combined,16,0.6,0.1224744871391589
llama-3-8b,course,16,32,all,context,16,0.75,0.22360679774997896
llama-3-8b,course,16,32,all,target,16,0.9,0.20000000000000004
llama-3-8b,course,16,32,all,combined,16,0.95,0.09999999999999999
qwen2.5-7b,course,14,28,all,context,16,1.0,0.0
qwen2.5-7b,course,14,28,all,target,16,0.9,0.20000000000000004
qwen2.5-7b,course,14,28,all,combined,16,0.95,0.09999999999999999
llama-3-8b,created,16,32,all,context,16,0.55,0.33166247903554
llama-3-8b,created,16,32,all,target,16,0.7,0.18708286933869706
llama-3-8b,created,16,32,all,combined,16,0.55,0.33166247903554
qwen2.5-7b,created,14,28,all,context,16,0.6,0.33911649915626346
qwen2.5-7b,created,14,28,all,target,16,0.8,0.18708286933869706
qwen2.5-7b,created,14,28,all,combined,16,0.55,0.33166247903554
llama-3-8b,current,16,32,all,context,16,0.95,0.09999999999999999
llama-3-8b,current,16,32,all,target,16,0.95,0.09999999999999999
llama-3-8b,current,16,32,all,combined,16,0.9,0.2
qwen2.5-7b,current,14,28,all,context,16,0.95,0.09999999999999999
qwen2.5-7b,current,14,28,all,target,16,0.95,0.09999999999999999
qwen2.5-7b,current,14,28,all,combined,16,0.9,0.2
llama-3-8b,deep,16,32,all,context,16,0.75,0.3872983346207417
llama-3-8b,deep,16,32,all,target,16,0.75,0.3872983346207417
llama-3-8b,deep,16,32,all,combined,16,0.75,0.3872983346207417
qwen2.5-7b,deep,14,28,all,context,16,0.75,0.3872983346207417
qwen2.5-7b,deep,14,28,all,target,16,0.7,0.3674234614174767
qwen2.5-7b,deep,14,28,all,combined,16,0.75,0.3872983346207417
llama-3-8b,democratic,16,32,all,context,16,0.55,0.291547594742265
llama-3-8b,democratic,16,32,all,target,16,0.8,0.18708286933869706
llama-3-8b,democratic,16,32,all,combined,16,0.8,0.18708286933869706
qwen2.5-7b,democratic,14,28,all,context,16,0.55,0.33166247903554
qwen2.5-7b,democratic,14,28,all,target,16,0.85,0.2
qwen2.5-7b,democratic,14,28,all,combined,16,0.85,0.2
llama-3-8b,difference,16,32,all,context,16,0.6,0.33911649915626346
llama-3-8b,difference,16,32,all,target,16,0.2,0.18708286933869708
llama-3-8b,difference,16,32,all,combined,16,0.3,0.18708286933869708
qwen2.5-7b,difference,14,28,all,context,16,0.6,0.37416573867739417
qwen2.5-7b,difference,14,28,all,target,16,0.3,0.18708286933869708
qwen2.5-7b,difference,14,28,all,combined,16,0.55,0.33166247903554
llama-3-8b,discovered,16,32,all,context,16,0.35,0.30000000000000004
llama-3-8b,discovered,16,32,all,target,16,0.6,0.25495097567963926
llama-3-8b,discovered,16,32,all,combined,16,0.6,0.25495097567963926
qwen2.5-7b,discovered,14,28,all,context,16,0.55,0.33166247903554
qwen2.5-7b,discovered,14,28,all,target,16,0.7,0.291547594742265
qwen2.5-7b,discovered,14,28,all,combined,16,0.5,0.27386127875258304
llama-3-8b,domestic,16,32,all,context,16,1.0,0.0
llama-3-8b,domestic,16,32,all,target,16,1.0,0.0
llama-3-8b,domestic,16,32,all,combined,16,1.0,0.0
qwen2.5-7b,domestic,14,28,all,context,16,1.0,0.0
qwen2.5-7b,domestic,14,28,all,target,16,1.0,0.0
qwen2.5-7b,domestic,14,28,all,combined,16,1.0,0.0
llama-3-8b,drink,16,32,all,context,16,0.4,0.25495097567963926
llama-3-8b,drink,16,32,all,target,16,1.0,0.0
llama-3-8b,drink,16,32,all,combined,16,0.9,0.1224744871391589
qwen2.5-7b,drink,14,28,all,context,16,0.35,0.2
qwen2.5-7b,drink,14,28,all,target,16,1.0,0.0
qwen2.5-7b,drink,14,28,all,combined,16,0.95,0.09999999999999999
llama-3-8b,duty,16,32,all,context,16,0.5,0.0
llama-3-8b,duty,16,32,all,target,16,0.8,0.18708286933869706
llama-3-8b,duty,16,32,all,combined,16,0.7,0.18708286933869706
qwen2.5-7b,duty,14,28,all,context,16,0.35,0.30000000000000004
qwen2.5-7b,duty,14,28,all,target,16,0.65,0.2
qwen2.5-7b,duty,14,28,all,combined,16,0.65,0.2
llama-3-8b,efficiency,16,32,all,context,16,0.7,0.18708286933869706
llama-3-8b,efficiency,16,32,all,target,16,0.7,0.2449489742783178
llama-3-8b,efficiency,16,32,all,combined,16,0.75,0.22360679774997896
qwen2.5-7b,efficiency,14,28,all,context,16,0.55,0.2449489742783178
qwen2.5-7b,efficiency,14,28,all,target,16,0.85,0.2
qwen2.5-7b,efficiency,14,28,all,combined,16,0.7,0.2449489742783178
llama-3-8b,employed,16,32,all,context,16,0.85,0.2
llama-3-8b,employed,16,32,all,target,16,0.95,0.09999999999999999
llama-3-8b,employed,16,32,all,combined,16,1.0,0.0
qwen2.5-7b,employed,14,28,all,context,16,0.65,0.1224744871391589
qwen2.5-7b,employed,14,28,all,target,16,1.0,0.0
qwen2.5-7b,employed,14,28,all,combined,16,0.9,0.2
llama-3-8b,employment,16,32,all,context,16,0.6,0.1224744871391589
llama-3-8b,employment,16,32,all,target,16,0.4,0.25495097567963926
llama-3-8b,employment,16,32,all,combined,16,0.65,0.2
qwen2.5-7b,employment,14,28,all,context,16,0.8,0.18708286933869706
qwen2.5-7b,employment,14,28,all,target,16,0.65,0.25495097567963926
qwen2.5-7b,employment,14,28,all,combined,16,0.6,0.1224744871391589
llama-3-8b,entered,16,32,all,context,16,0.9,0.20000000000000004
llama-3-8b,entered,16,32,all,target,16,0.9,0.2
llama-3-8b,entered,16,32,all,combined,16,0.9,0.20000000000000004
qwen2.5-7b,entered,14,28,all,context,16,0.8,0.2449489742783178
qwen2.5-7b,entered,14,28,all,target,16,0.95,0.09999999999999999
qwen2.5-7b,entered,14,28,all,combined,16,0.9,0.20000000000000004
llama-3-8b,exception,16,32,all,context,16,0.65,0.3391164991562634
llama-3-8b,exception,16,32,all,target,16,0.75,0.22360679774997896
llama-3-8b,exception,16,32,all,combined,16,0.7,0.18708286933869706
qwen2.5-7b,exception,14,28,all,context,16,0.65,0.3741657386773941
qwen2.5-7b,exception,14,28,all,target,16,0.65,0.3741657386773941
qwen2.5-7b,exception,14,28,all,combined,16,0.7,0.3674234614174767
llama-3-8b,expressed,16,32,all,context,16,0.45,0.10000000000000002
llama-3-8b,expressed,16,32,all,target,16,0.4,0.406201920231798
llama-3-8b,expressed,16,32,all,combined,16,0.35,0.33911649915626346
qwen2.5-7b,expressed,14,28,all,context,16,0.55,0.2449489742783178
qwen2.5-7b,expressed,14,28,all,target,16,0.5,0.3535533905932738
qwen2.5-7b,expressed,14,28,all,combined,16,0.6,0.25495097567963926
llama-3-8b,expression,16,32,all,context,16,0.8,0.2449489742783178
llama-3-8b,expression,16,32,all,target,16,0.85,0.2
llama-3-8b,expression,16,32,all,combined,16,0.85,0.2
qwen2.5-7b,expression,14,28,all,context,16,0.9,0.2
qwen2.5-7b,expression,14,28,all,target,16,0.95,0.09999999999999999
qwen2.5-7b,expression,14,28,all,combined,16,0.9,0.2
llama-3-8b,extension,16,32,all,context,16,0.9,0.2
llama-3-8b,extension,16,32,all,target,16,1.0,0.0
llama-3-8b,extension,16,32,all,combined,16,1.0,0.0
qwen2.5-7b,extension,14,28,all,context,16,0.85,0.2
qwen2.5-7b,extension,14,28,all,target,16,1.0,0.0
qwen2.5-7b,extension,14,28,all,combined,16,1.0,0.0
llama-3-8b,fast,16,32,all,context,16,0.6,0.33911649915626346
llama-3-8b,fast,16,32,all,target,16,0.65,0.3741657386773941
llama-3-8b,fast,16,32,all,combined,16,0.6,0.37416573867739417
qwen2.5-7b,fast,14,28,all,context,16,0.55,0.291547594742265
qwen2.5-7b,fast,14,28,all,target,16,0.75,0.22360679774997896
qwen2.5-7b,fast,14,28,all,combined,16,0.6,0.33911649915626346
llama-3-8b,fight,16,32,all,context,16,0.05,0.10000000000000002
llama-3-8b,fight,16,32,all,target,16,0.1,0.12247448713915891
llama-3-8b,fight,16,32,all,combined,16,0.1,0.12247448713915891
qwen2.5-7b,fight,14,28,all,context,16,0.1,0.12247448713915891
qwen2.5-7b,fight,14,28,all,target,16,0.1,0.12247448713915891
qwen2.5-7b,fight,14,28,all,combined,16,0.15,0.12247448713915891
llama-3-8b,file,16,32,all,context,16,0.8,0.18708286933869706
llama-3-8b,file,16,32,all,target,16,0.95,0.09999999999999999
llama-3-8b,file,16,32,all,combined,16,0.9,0.1224744871391589
qwen2.5-7b,file,14,28,all,context,16,0.75,0.15811388300841897
qwen2.5-7b,file,14,28,all,target,16,0.95,0.09999999999999999
qwen2.5-7b,file,14,28,all,combined,16,0.9,0.1224744871391589
llama-3-8b,filled,16,32,all,context,16,0.25,0.22360679774997896
llama-3-8b,filled,16,32,all,target,16,0.55,0.33166247903554
llama-3-8b,filled,16,32,all,combined,16,0.55,0.291547594742265
qwen2.5-7b,filled,14,28,all,context,16,0.3,0.29154759474226505
qwen2.5-7b,filled,14,28,all,target,16,0.45,0.2449489742783178
qwen2.5-7b,filled,14,28,all,combined,16,0.45,0.33166247903554
llama-3-8b,front,16,32,all,context,16,0.65,0.1224744871391589
llama-3-8b,front,16,32,all,target,16,0.7,0.4
llama-3-8b,front,16,32,all,combined,16,0.55,0.291547594742265
qwen2.5-7b,front,14,28,all,context,16,0.6,0.1224744871391589
qwen2.5-7b,front,14,28,all,target,16,0.7,0.18708286933869706
qwen2.5-7b,front,14,28,all,combined,16,0.65,0.1224744871391589
llama-3-8b,increase,16,32,all,context,16,0.4,0.3391164991562634
llama-3-8b,increase,16,32,all,target,16,0.2,0.18708286933869708
llama-3-8b,increase,16,32,all,combined,16,0.1,0.20000000000000004
qwen2.5-7b,increase,14,28,all,context,16,0.25,0.22360679774997896
qwen2.5-7b,increase,14,28,all,target,16,0.35,0.30000000000000004
qwen2.5-7b,increase,14,28,all,combined,16,0.25,0.22360679774997896
llama-3-8b,led,16,32,all,context,16,0.8,0.2449489742783178
llama-3-8b,led,16,32,all,target,16,0.95,0.09999999999999999
llama-3-8b,led,16,32,all,combined,16,0.95,0.09999999999999999
qwen2.5-7b,led,14,28,all,context,16,0.8,0.2449489742783178
qwen2.5-7b,led,14,28,all,target,16,1.0,0.0
qwen2.5-7b,led,14,28,all,combined,16,0.9,0.20000000000000004
llama-3-8b,left,16,32,all,context,16,0.45,0.4
llama-3-8b,left,16,32,all,target,16,0.75,0.22360679774997896
llama-3-8b,left,16,32,all,combined,16,0.65,0.3741657386773941
qwen2.5-7b,left,14,28,all,context,16,0.35,0.3741657386773941
qwen2.5-7b,left,14,28,all,target,16,0.75,0.22360679774997896
qwen2.5-7b,left,14,28,all,combined,16,0.6,0.33911649915626346
llama-3-8b,live,16,32,all,context,16,0.5,0.15811388300841897
llama-3-8b,live,16,32,all,target,16,0.85,0.2
llama-3-8b,live,16,32,all,combined,16,0.8,0.18708286933869706
qwen2.5-7b,live,14,28,all,context,16,0.7,0.18708286933869706
qwen2.5-7b,live,14,28,all,target,16,0.85,0.2
qwen2.5-7b,live,14,28,all,combined,16,0.75,0.22360679774997896
llama-3-8b,looked,16,32,all,context,16,0.75,0.31622776601683794
llama-3-8b,looked,16,32,all,target,16,0.65,0.2
llama-3-8b,looked,16,32,all,combined,16,0.85,0.2
qwen2.5-7b,looked,14,28,all,context,16,0.75,0.31622776601683794
qwen2.5-7b,looked,14,28,all,target,16,0.5,0.15811388300841897
qwen2.5-7b,looked,14,28,all,combined,16,0.75,0.31622776601683794
llama-3-8b,lost,16,32,all,context,16,0.8,0.18708286933869706
llama-3-8b,lost,16,32,all,target,16,0.75,0.22360679774997896
llama-3-8b,lost,16,32,all,combined,16,0.7,0.18708286933869706
qwen2.5-7b,lost,14,28,all,context,16,0.6,0.3391164991562634
qwen2.5-7b,lost,14,28,all,target,16,0.75,0.22360679774997896
qwen2.5-7b,lost,14,28,all,combined,16,0.7,0.18708286933869706
llama-3-8b,loss,16,32,all,context,16,0.85,0.2
llama-3-8b,loss,16,32,all,target,16,0.65,0.3741657386773941
llama-3-8b,loss,16,32,all,combined,16,0.6,0.3391164991562634
qwen2.5-7b,loss,14,28,all,context,16,0.8,0.2449489742783178
qwen2.5-7b,loss,14,28,all,target,16,0.65,0.3741657386773941
qwen2.5-7b,loss,14,28,all,combined,16,0.85,0.2
llama-3-8b,made,16,32,all,context,16,0.35,0.3741657386773941
llama-3-8b,made,16,32,all,target,16,0.65,0.1224744871391589
llama-3-8b,made,16,32,all,combined,16,0.5,0.31622776601683794
qwen2.5-7b,made,14,28,all,context,16,0.3,0.29154759474226505
qwen2.5-7b,made,14,28,all,target,16,0.4,0.3391164991562634
qwen2.5-7b,made,14,28,all,combined,16,0.35,0.30000000000000004
llama-3-8b,management,16,32,all,context,16,0.7,0.18708286933869706
llama-3-8b,management,16,32,all,target,16,0.9,0.2
llama-3-8b,management,16,32,all,combined,16,0.95,0.09999999999999999
qwen2.5-7b,management,14,28,all,context,16,0.75,0.22360679774997896
qwen2.5-7b,management,14,28,all,target,16,0.95,0.09999999999999999
qwen2.5-7b,management,14,28,all,combined,16,1.0,0.0
llama-3-8b,mean,16,32,all,context,16,0.7,0.18708286933869706
llama-3-8b,mean,16,32,all,target,16,0.9,0.2
llama-3-8b,mean,16,32,all,combined,16,0.9,0.2
qwen2.5-7b,mean,14,28,all,context,16,0.55,0.09999999999999999
qwen2.5-7b,mean,14,28,all,target,16,0.95,0.09999999999999999
qwen2.5-7b,mean,14,28,all,combined,16,0.8,0.18708286933869706
llama-3-8b,means,16,32,all,context,16,0.3,0.29154759474226505
llama-3-8b,means,16,32,all,target,16,0.45,0.2449489742783178
llama-3-8b,means,16,32,all,combined,16,0.5,0.27386127875258304
qwen2.5-7b,means,14,28,all,context,16,0.45,0.291547594742265
qwen2.5-7b,means,14,28,all,target,16,0.5,0.27386127875258304
qwen2.5-7b,means,14,28,all,combined,16,0.4,0.25495097567963926
llama-3-8b,minimum,16,32,all,context,16,0.75,0.15811388300841897
llama-3-8b,minimum,16,32,all,target,16,0.8,0.2449489742783178
llama-3-8b,minimum,16,32,all,combined,16,0.75,0.22360679774997896
qwen2.5-7b,minimum,14,28,all,context,16,0.85,0.1224744871391589
qwen2.5-7b,minimum,14,28,all,target,16,0.7,0.291547594742265
qwen2.5-7b,minimum,14,28,all,combined,16,0.75,0.22360679774997896
llama-3-8b,model,16,32,all,context,16,0.95,0.09999999999999999
llama-3-8b,model,16,32,all,target,16,0.95,0.09999999999999999
llama-3-8b,model,16,32,all,combined,16,0.95,0.09999999999999999
qwen2.5-7b,model,14,28,all,context,16,0.9,0.20000000000000004
qwen2.5-7b,model,14,28,all,target,16,0.95,0.09999999999999999
qwen2.5-7b,model,14,28,all,combined,16,0.95,0.09999999999999999
llama-3-8b,nation,16,32,all,context,16,0.4,0.25495097567963926
llama-3-8b,nation,16,32,all,target,16,0.35,0.2
llama-3-8b,nation,16,32,all,combined,16,0.2,0.24494897427831783
qwen2.5-7b,nation,14,28,all,context,16,0.25,0.22360679774997896
qwen2.5-7b,nation,14,28,all,target,16,0.2,0.18708286933869708
qwen2.5-7b,nation,14,28,all,combined,16,0.25,0.22360679774997896
llama-3-8b,needed,16,32,all,context,16,0.55,0.33166247903554
llama-3-8b,needed,16,32,all,target,16,0.4,0.33911649915626346
llama-3-8b,needed,16,32,all,combined,16,0.45,0.33166247903554
qwen2.5-7b,needed,14,28,all,context,16,0.4,0.3391164991562634
qwen2.5-7b,needed,14,28,all,target,16,0.15,0.19999999999999998
qwen2.5-7b,needed,14,28,all,combined,16,0.35,0.30000000000000004
llama-3-8b,nodded,16,32,all,context,16,0.5,0.3535533905932738
llama-3-8b,nodded,16,32,all,target,16,0.7,0.2449489742783178
llama-3-8b,nodded,16,32,all,combined,16,0.6,0.33911649915626346
qwen2.5-7b,nodded,14,28,all,context,16,0.65,0.25495097567963926
qwen2.5-7b,nodded,14,28,all,target,16,0.65,0.2
qwen2.5-7b,nodded,14,28,all,combined,16,0.6,0.20000000000000004
llama-3-8b,notion,16,32,all,context,16,0.6,0.20000000000000004
llama-3-8b,notion,16,32,all,target,16,0.7,0.2449489742783178
llama-3-8b,notion,16,32,all,combined,16,0.65,0.2
qwen2.5-7b,notion,14,28,all,context,16,0.75,0.22360679774997896
qwen2.5-7b,notion,14,28,all,target,16,0.75,0.22360679774997896
qwen2.5-7b,notion,14,28,all,combined,16,0.6,0.20000000000000004
llama-3-8b,objective,16,32,all,context,16,0.6,0.1224744871391589
llama-3-8b,objective,16,32,all,target,16,1.0,0.0
llama-3-8b,objective,16,32,all,combined,16,0.85,0.2
qwen2.5-7b,objective,14,28,all,context,16,0.55,0.2449489742783178
qwen2.5-7b,objective,14,28,all,target,16,0.85,0.2
qwen2.5-7b,objective,14,28,all,combined,16,0.75,0.3872983346207417
llama-3-8b,offer,16,32,all,context,16,0.6,0.1224744871391589
llama-3-8b,offer,16,32,all,target,16,0.8,0.2449489742783178
llama-3-8b,offer,16,32,all,combined,16,0.75,0.22360679774997896
qwen2.5-7b,offer,14,28,all,context,16,0.6,0.1224744871391589
qwen2.5-7b,offer,14,28,all,target,16,0.55,0.33166247903554
qwen2.5-7b,offer,14,28,all,combined,16,0.5,0.27386127875258304
llama-3-8b,officer,16,32,all,context,16,0.85,0.2
llama-3-8b,officer,16,32,all,target,16,0.9,0.1224744871391589
llama-3-8b,officer,16,32,all,combined,16,0.85,0.2
qwen2.5-7b,officer,14,28,all,context,16,0.8,0.18708286933869706
qwen2.5-7b,officer,14,28,all,target,16,0.95,0.09999999999999999
qwen2.5-7b,officer,14,28,all,combined,16,0.95,0.09999999999999999
llama-3-8b,ordered,16,32,all,context,16,0.6,0.37416573867739417
llama-3-8b,ordered,16,32,all,target,16,0.75,0.3872983346207417
llama-3-8b,ordered,16,32,all,combined,16,0.75,0.3872983346207417
qwen2.5-7b,ordered,14,28,all,context,16,0.75,0.3872983346207417
qwen2.5-7b,ordered,14,28,all,target,16,0.75,0.3872983346207417
qwen2.5-7b,ordered,14,28,all,combined,16,0.8,0.4
llama-3-8b,organization,16,32,all,context,16,0.65,0.2
llama-3-8b,organization,16,32,all,target,16,0.75,0.22360679774997896
llama-3-8b,organization,16,32,all,combined,16,0.7,0.2449489742783178
qwen2.5-7b,organization,14,28,all,context,16,0.6,0.1224744871391589
qwen2.5-7b,organization,14,28,all,target,16,0.75,0.22360679774997896
qwen2.5-7b,organization,14,28,all,combined,16,0.7,0.18708286933869706
llama-3-8b,pain,16,32,all,context,16,0.7,0.18708286933869706
llama-3-8b,pain,16,32,all,target,16,0.65,0.2
llama-3-8b,pain,16,32,all,combined,16,0.6,0.1224744871391589
qwen2.5-7b,pain,14,28,all,context,16,0.55,0.09999999999999999
qwen2.5-7b,pain,14,28,all,target,16,0.6,0.20000000000000004
qwen2.5-7b,pain,14,28,all,combined,16,0.6,0.1224744871391589
llama-3-8b,point,16,32,all,context,16,0.9,0.2
llama-3-8b,point,16,32,all,target,16,1.0,0.0
llama-3-8b,point,16,32,all,combined,16,1.0,0.0
qwen2.5-7b,point,14,28,all,context,16,0.8,0.2449489742783178
qwen2.5-7b,point,14,28,all,target,16,1.0,0.0
qwen2.5-7b,point,14,28,all,combined,16,0.9,0.2
llama-3-8b,possibility,16,32,all,context,16,0.2,0.18708286933869708
llama-3-8b,possibility,16,32,all,target,16,0.55,0.4
llama-3-8b,possibility,16,32,all,combined,16,0.25,0.22360679774997896
qwen2.5-7b,possibility,14,28,all,context,16,0.2,0.18708286933869708
qwen2.5-7b,possibility,14,28,all,target,16,0.45,0.33166247903554
qwen2.5-7b,possibility,14,28,all,combined,16,0.15,0.19999999999999998
llama-3-8b,procedure,16,32,all,context,16,0.6,0.37416573867739417
llama-3-8b,procedure,16,32,all,target,16,0.7,0.3674234614174767
llama-3-8b,procedure,16,32,all,combined,16,0.65,0.3741657386773941
qwen2.5-7b,procedure,14,28,all,context,16,0.55,0.33166247903554
qwen2.5-7b,procedure,14,28,all,target,16,0.6,0.3391164991562634
qwen2.5-7b,procedure,14,28,all,combined,16,0.65,0.3741657386773941
llama-3-8b,promised,16,32,all,context,16,0.1,0.12247448713915891
llama-3-8b,promised,16,32,all,target,16,0.5,0.27386127875258304
llama-3-8b,promised,16,32,all,combined,16,0.45,0.24494897427831783
qwen2.5-7b,promised,14,28,all,context,16,0.35,0.2
qwen2.5-7b,promised,14,28,all,target,16,0.35,0.33911649915626346
qwen2.5-7b,promised,14,28,all,combined,16,0.35,0.30000000000000004
llama-3-8b,read,16,32,all,context,16,0.85,0.2
llama-3-8b,read,16,32,all,target,16,1.0,0.0
llama-3-8b,read,16,32,all,combined,16,1.0,0.0
qwen2.5-7b,read,14,28,all,context,16,0.45,0.24494897427831783
qwen2.5-7b,read,14,28,all,target,16,1.0,0.0
qwen2.5-7b,read,14,28,all,combined,16,0.8,0.4
llama-3-8b,rejected,16,32,all,context,16,0.55,0.33166247903554
llama-3-8b,rejected,16,32,all,target,16,0.65,0.3741657386773941
llama-3-8b,rejected,16,32,all,combined,16,0.65,0.3741657386773941
qwen2.5-7b,rejected,14,28,all,context,16,0.65,0.2
qwen2.5-7b,rejected,14,28,all,target,16,0.6,0.33911649915626346
qwen2.5-7b,rejected,14,28,all,combined,16,0.65,0.2
llama-3-8b,relationship,16,32,all,context,16,0.85,0.1224744871391589
llama-3-8b,relationship,16,32,all,target,16,0.75,0.22360679774997896
llama-3-8b,relationship,16,32,all,combined,16,0.9,0.1224744871391589
qwen2.5-7b,relationship,14,28,all,context,16,0.85,0.2
qwen2.5-7b,relationship,14,28,all,target,16,0.75,0.22360679774997896
qwen2.5-7b,relationship,14,28,all,combined,16,0.9,0.1224744871391589
llama-3-8b,replaced,16,32,all,context,16,0.45,0.24494897427831783
llama-3-8b,replaced,16,32,all,target,16,0.65,0.2
llama-3-8b,replaced,16,32,all,combined,16,0.55,0.09999999999999999
qwen2.5-7b,replaced,14,28,all,context,16,0.5,0.27386127875258304
qwen2.5-7b,replaced,14,28,all,target,16,0.55,0.09999999999999999
qwen2.5-7b,replaced,14,28,all,combined,16,0.55,0.09999999999999999
llama-3-8b,represents,16,32,all,context,16,0.35,0.2
llama-3-8b,represents,16,32,all,target,16,0.6,0.33911649915626346
llama-3-8b,represents,16,32,all,combined,16,0.6,0.33911649915626346
qwen2.5-7b,represents,14,28,all,context,16,0.4,0.1224744871391589
qwen2.5-7b,represents,14,28,all,target,16,0.65,0.30000000000000004
qwen2.5-7b,represents,14,28,all,combined,16,0.5,0.27386127875258304
llama-3-8b,response,16,32,all,context,16,0.5,0.27386127875258304
llama-3-8b,response,16,32,all,target,16,0.8,0.2449489742783178
llama-3-8b,response,16,32,all,combined,16,0.75,0.22360679774997896
qwen2.5-7b,response,14,28,all,context,16,0.65,0.2
qwen2.5-7b,response,14,28,all,target,16,0.9,0.20000000000000004
qwen2.5-7b,response,14,28,all,combined,16,0.9,0.1224744871391589
llama-3-8b,saved,16,32,all,context,16,0.75,0.22360679774997896
llama-3-8b,saved,16,32,all,target,16,0.75,0.22360679774997896
llama-3-8b,saved,16,32,all,combined,16,0.8,0.18708286933869706
qwen2.5-7b,saved,14,28,all,context,16,0.8,0.18708286933869706
qwen2.5-7b,saved,14,28,all,target,16,0.75,0.22360679774997896
qwen2.5-7b,saved,14,28,all,combined,16,0.65,0.3741657386773941
llama-3-8b,school,16,32,all,context,16,0.9,0.1224744871391589
llama-3-8b,school,16,32,all,target,16,1.0,0.0
llama-3-8b,school,16,32,all,combined,16,1.0,0.0
qwen2.5-7b,school,14,28,all,context,16,0.75,0.22360679774997896
qwen2.5-7b,school,14,28,all,target,16,0.95,0.09999999999999999
qwen2.5-7b,school,14,28,all,combined,16,0.9,0.1224744871391589
llama-3-8b,season,16,32,all,context,16,1.0,0.0
llama-3-8b,season,16,32,all,target,16,1.0,0.0
llama-3-8b,season,16,32,all,combined,16,1.0,0.0
qwen2.5-7b,season,14,28,all,context,16,0.95,0.09999999999999999
qwen2.5-7b,season,14,28,all,target,16,1.0,0.0
qwen2.5-7b,season,14,28,all,combined,16,0.95,0.09999999999999999
llama-3-8b,see,16,32,all,context,16,0.7,0.18708286933869706
llama-3-8b,see,16,32,all,target,16,0.65,0.2
llama-3-8b,see,16,32,all,combined,16,0.8,0.18708286933869706
qwen2.5-7b,see,14,28,all,context,16,0.7,0.18708286933869706
qwen2.5-7b,see,14,28,all,target,16,0.55,0.09999999999999999
qwen2.5-7b,see,14,28,all,combined,16,0.7,0.18708286933869706
llama-3-8b,shook,16,32,all,context,16,0.9,0.2
llama-3-8b,shook,16,32,all,target,16,0.9,0.20000000000000004
llama-3-8b,shook,16,32,all,combined,16,0.9,0.20000000000000004
qwen2.5-7b,shook,14,28,all,context,16,0.9,0.2
qwen2.5-7b,shook,14,28,all,target,16,0.95,0.09999999999999999
qwen2.5-7b,shook,14,28,all,combined,16,0.9,0.1224744871391589
llama-3-8b,silence,16,32,all,context,16,0.65,0.25495097567963926
llama-3-8b,silence,16,32,all,target,16,0.85,0.30000000000000004
llama-3-8b,silence,16,32,all,combined,16,0.75,0.31622776601683794
qwen2.5-7b,silence,14,28,all,context,16,0.7,0.291547594742265
qwen2.5-7b,silence,14,28,all,target,16,0.8,0.291547594742265
qwen2.5-7b,silence,14,28,all,combined,16,0.7,0.291547594742265
llama-3-8b,sleep,16,32,all,context,16,0.7,0.18708286933869706
llama-3-8b,sleep,16,32,all,target,16,0.9,0.20000000000000004
llama-3-8b,sleep,16,32,all,combined,16,0.85,0.2
qwen2.5-7b,sleep,14,28,all,context,16,0.6,0.3391164991562634
qwen2.5-7b,sleep,14,28,all,target,16,0.85,0.2
qwen2.5-7b,sleep,14,28,all,combined,16,0.8,0.18708286933869706
llama-3-8b,sound,16,32,all,context,16,0.5,0.27386127875258304
llama-3-8b,sound,16,32,all,target,16,0.9,0.1224744871391589
llama-3-8b,sound,16,32,all,combined,16,0.9,0.1224744871391589
qwen2.5-7b,sound,14,28,all,context,16,0.55,0.2449489742783178
qwen2.5-7b,sound,14,28,all,target,16,0.95,0.09999999999999999
qwen2.5-7b,sound,14,28,all,combined,16,0.8,0.18708286933869706
llama-3-8b,stood,16,32,all,context,16,0.8,0.291547594742265
llama-3-8b,stood,16,32,all,target,16,0.95,0.09999999999999999
llama-3-8b,stood,16,32,all,combined,16,0.95,0.09999999999999999
qwen2.5-7b,stood,14,28,all,context,16,0.6,0.25495097567963926
qwen2.5-7b,stood,14,28,all,target,16,0.95,0.09999999999999999
qwen2.5-7b,stood,14,28,all,combined,16,0.95,0.09999999999999999
llama-3-8b,statement,16,32,all,context,16,0.4,0.25495097567963926
llama-3-8b,statement,16,32,all,target,16,0.4,0.25495097567963926
llama-3-8b,statement,16,32,all,combined,16,0.45,0.29154759474226505
qwen2.5-7b,statement,14,28,all,context,16,0.45,0.24494897427831783
qwen2.5-7b,statement,14,28,all,target,16,0.45,0.33166247903554
qwen2.5-7b,statement,14,28,all,combined,16,0.4,0.25495097567963926
llama-3-8b,stems,16,32,all,context,16,1.0,0.0
llama-3-8b,stems,16,32,all,target,16,1.0,0.0
llama-3-8b,stems,16,32,all,combined,16,1.0,0.0
qwen2.5-7b,stems,14,28,all,context,16,0.85,0.2
qwen2.5-7b,stems,14,28,all,target,16,1.0,0.0
qwen2.5-7b,stems,14,28,all,combined,16,1.0,0.0
llama-3-8b,support,16,32,all,context,16,0.8,0.18708286933869706
llama-3-8b,support,16,32,all,target,16,0.8,0.18708286933869706
llama-3-8b,support,16,32,all,combined,16,0.85,0.2
qwen2.5-7b,support,14,28,all,context,16,0.8,0.2449489742783178
qwen2.5-7b,support,14,28,all,target,16,0.8,0.18708286933869706
qwen2.5-7b,support,14,28,all,combined,16,0.85,0.2
llama-3-8b,thought,16,32,all,context,16,0.6,0.1224744871391589
llama-3-8b,thought,16,32,all,target,16,0.65,0.1224744871391589
llama-3-8b,thought,16,32,all,combined,16,0.6,0.1224744871391589
qwen2.5-7b,thought,14,28,all,context,16,0.7,0.18708286933869706
qwen2.5-7b,thought,14,28,all,target,16,0.7,0.18708286933869706
qwen2.5-7b,thought,14,28,all,combined,16,0.8,0.18708286933869706
llama-3-8b,tone,16,32,all,context,16,0.9,0.2
llama-3-8b,tone,16,32,all,target,16,1.0,0.0
llama-3-8b,tone,16,32,all,combined,16,1.0,0.0
qwen2.5-7b,tone,14,28,all,context,16,0.95,0.09999999999999999
qwen2.5-7b,tone,14,28,all,target,16,0.9,0.2
qwen2.5-7b,tone,14,28,all,combined,16,0.85,0.2
llama-3-8b,town,16,32,all,context,16,0.5,0.15811388300841897
llama-3-8b,town,16,32,all,target,16,0.65,0.2
llama-3-8b,town,16,32,all,combined,16,0.55,0.2449489742783178
qwen2.5-7b,town,14,28,all,context,16,0.5,0.15811388300841897
qwen2.5-7b,town,14,28,all,target,16,0.7,0.2449489742783178
qwen2.5-7b,town,14,28,all,combined,16,0.65,0.30000000000000004
llama-3-8b,turned,16,32,all,context,16,0.5,0.27386127875258304
llama-3-8b,turned,16,32,all,target,16,0.5,0.31622776601683794
llama-3-8b,turned,16,32,all,combined,16,0.55,0.291547594742265
qwen2.5-7b,turned,14,28,all,context,16,0.4,0.3391164991562634
qwen2.5-7b,turned,14,28,all,target,16,0.65,0.2
qwen2.5-7b,turned,14,28,all,combined,16,0.5,0.27386127875258304
llama-3-8b,visit,16,32,all,context,16,0.3,0.29154759474226505
llama-3-8b,visit,16,32,all,target,16,0.25,0.22360679774997896
llama-3-8b,visit,16,32,all,combined,16,0.25,0.22360679774997896
qwen2.5-7b,visit,14,28,all,context,16,0.35,0.3
qwen2.5-7b,visit,14,28,all,target,16,0.35,0.2
qwen2.5-7b,visit,14,28,all,combined,16,0.25,0.22360679774997896
llama-3-8b,watching,16,32,all,context,16,0.35,0.30000000000000004
llama-3-8b,watching,16,32,all,target,16,0.35,0.2
llama-3-8b,watching,16,32,all,combined,16,0.35,0.2
qwen2.5-7b,watching,14,28,all,context,16,0.4,0.25495097567963926
qwen2.5-7b,watching,14,28,all,target,16,0.3,0.24494897427831783
qwen2.5-7b,watching,14,28,all,combined,16,0.2,0.18708286933869708
llama-3-8b,admitted,16,32,all,context,14,0.75,0.22360679774997896
llama-3-8b,admitted,16,32,all,target,14,1.0,0.0
llama-3-8b,admitted,16,32,all,combined,14,1.0,0.0
qwen2.5-7b,admitted,14,28,all,context,14,0.5,0.3535533905932738
qwen2.5-7b,admitted,14,28,all,target,14,1.0,0.0
qwen2.5-7b,admitted,14,28,all,combined,14,0.95,0.09999999999999999
llama-3-8b,agreed,16,32,all,context,14,0.25,0.22360679774997896
llama-3-8b,agreed,16,32,all,target,14,0.35,0.2
llama-3-8b,agreed,16,32,all,combined,14,0.3,0.24494897427831783
qwen2.5-7b,agreed,14,28,all,context,14,0.3,0.29154759474226505
qwen2.5-7b,agreed,14,28,all,target,14,0.2,0.24494897427831783
qwen2.5-7b,agreed,14,28,all,combined,14,0.35,0.30000000000000004
llama-3-8b,allow,16,32,all,context,14,0.1,0.12247448713915891
llama-3-8b,allow,16,32,all,target,14,0.3,0.24494897427831783
llama-3-8b,allow,16,32,all,combined,14,0.15,0.19999999999999998
qwen2.5-7b,allow,14,28,all,context,14,0.15,0.19999999999999998
qwen2.5-7b,allow,14,28,all,target,14,0.25,0.22360679774997896
qwen2.5-7b,allow,14,28,all,combined,14,0.15,0.19999999999999998
llama-3-8b,along,16,32,all,context,14,0.6,0.37416573867739417
llama-3-8b,along,16,32,all,target,14,0.8,0.2449489742783178
llama-3-8b,along,16,32,all,combined,14,0.8,0.2449489742783178
qwen2.5-7b,along,14,28,all,context,14,0.7,0.4
qwen2.5-7b,along,14,28,all,target,14,0.7,0.2449489742783178
qwen2.5-7b,along,14,28,all,combined,14,0.7,0.4
llama-3-8b,american,16,32,all,context,14,0.3,0.18708286933869708
llama-3-8b,american,16,32,all,target,14,0.25,0.22360679774997896
llama-3-8b,american,16,32,all,combined,14,0.35,0.2
qwen2.5-7b,american,14,28,all,context,14,0.2,0.18708286933869708
qwen2.5-7b,american,14,28,all,target,14,0.3,0.29154759474226505
qwen2.5-7b,american,14,28,all,combined,14,0.25,0.22360679774997896
llama-3-8b,apply,16,32,all,context,14,0.3,0.24494897427831783
llama-3-8b,apply,16,32,all,target,14,0.95,0.09999999999999999
llama-3-8b,apply,16,32,all,combined,14,0.65,0.2
qwen2.5-7b,apply,14,28,all,context,14,0.15,0.19999999999999998
qwen2.5-7b,apply,14,28,all,target,14,0.8,0.18708286933869706
qwen2.5-7b,apply,14,28,all,combined,14,0.55,0.33166247903554
llama-3-8b,assembled,16,32,all,context,14,0.4,0.25495097567963926
llama-3-8b,assembled,16,32,all,target,14,0.8,0.2449489742783178
llama-3-8b,assembled,16,32,all,combined,14,0.6,0.25495097567963926
qwen2.5-7b,assembled,14,28,all,context,14,0.3,0.29154759474226505
qwen2.5-7b,assembled,14,28,all,target,14,0.65,0.2
qwen2.5-7b,assembled,14,28,all,combined,14,0.6,0.25495097567963926
llama-3-8b,audience,16,32,all,context,14,0.5,0.31622776601683794
llama-3-8b,audience,16,32,all,target,14,0.8,0.2449489742783178
llama-3-8b,audience,16,32,all,combined,14,0.8,0.2449489742783178
qwen2.5-7b,audience,14,28,all,context,14,0.3,0.29154759474226505
qwen2.5-7b,audience,14,28,all,target,14,0.8,0.18708286933869706
qwen2.5-7b,audience,14,28,all,combined,14,0.8,0.18708286933869706
llama-3-8b,became,16,32,all,context,14,0.4,0.406201920231798
llama-3-8b,became,16,32,all,target,14,0.6,0.2
llama-3-8b,became,16,32,all,combined,14,0.6,0.25495097567963926
qwen2.5-7b,became,14,28,all,context,14,0.25,0.22360679774997896
qwen2.5-7b,became,14,28,all,target,14,0.6,0.25495097567963926
qwen2.5-7b,became,14,28,all,combined,14,0.5,0.3535533905932738
llama-3-8b,behavior,16,32,all,context,14,0.85,0.2
llama-3-8b,behavior,16,32,all,target,14,0.75,0.22360679774997896
llama-3-8b,behavior,16,32,all,combined,14,0.8,0.18708286933869706
qwen2.5-7b,behavior,14,28,all,context,14,0.75,0.22360679774997896
qwen2.5-7b,behavior,14,28,all,target,14,0.7,0.18708286933869706
qwen2.5-7b,behavior,14,28,all,combined,14,0.75,0.22360679774997896
llama-3-8b,breath,16,32,all,context,14,0.55,0.33166247903554
llama-3-8b,breath,16,32,all,target,14,0.5,0.3535533905932738
llama-3-8b,breath,16,32,all,combined,14,0.4,0.25495097567963926
qwen2.5-7b,breath,14,28,all,context,14,0.65,0.30000000000000004
qwen2.5-7b,breath,14,28,all,target,14,0.4,0.25495097567963926
qwen2.5-7b,breath,14,28,all,combined,14,0.55,0.09999999999999999
llama-3-8b,capacity,16,32,all,context,14,0.8,0.291547594742265
llama-3-8b,capacity,16,32,all,target,14,0.95,0.09999999999999999
llama-3-8b,capacity,16,32,all,combined,14,0.9,0.1224744871391589
qwen2.5-7b,capacity,14,28,all,context,14,0.7,0.291547594742265
qwen2.5-7b,capacity,14,28,all,target,14,0.95,0.09999999999999999
qwen2.5-7b,capacity,14,28,all,combined,14,0.75,0.22360679774997896
llama-3-8b,career,16,32,all,context,14,0.7,0.291547594742265
llama-3-8b,career,16,32,all,target,14,0.45,0.33166247903554
llama-3-8b,career,16,32,all,combined,14,0.45,0.33166247903554
qwen2.5-7b,career,14,28,all,context,14,0.6,0.25495097567963926
qwen2.5-7b,career,14,28,all,target,14,0.65,0.30000000000000004
qwen2.5-7b,career,14,28,all,combined,14,0.65,0.30000000000000004
llama-3-8b,collected,16,32,all,context,14,0.65,0.3741657386773941
llama-3-8b,collected,16,32,all,target,14,0.7,0.18708286933869706
llama-3-8b,collected,16,32,all,combined,14,0.6,0.33911649915626346
qwen2.5-7b,collected,14,28,all,context,14,0.35,0.30000000000000004
qwen2.5-7b,collected,14,28,all,target,14,0.6,0.3391164991562634
qwen2.5-7b,collected,14,28,all,combined,14,0.3,0.36742346141747667
llama-3-8b,confronted,16,32,all,context,14,0.25,0.22360679774997896
llama-3-8b,confronted,16,32,all,target,14,0.6,0.20000000000000004
llama-3-8b,confronted,16,32,all,combined,14,0.45,0.2449489742783178
qwen2.5-7b,confronted,14,28,all,context,14,0.25,0.22360679774997896
qwen2.5-7b,confronted,14,28,all,target,14,0.55,0.2449489742783178
qwen2.5-7b,confronted,14,28,all,combined,14,0.4,0.25495097567963926
llama-3-8b,connection,16,32,all,context,14,0.15,0.19999999999999998
llama-3-8b,connection,16,32,all,target,14,0.45,0.24494897427831783
llama-3-8b,connection,16,32,all,combined,14,0.3,0.29154759474226505
qwen2.5-7b,connection,14,28,all,context,14,0.2,0.24494897427831783
qwen2.5-7b,connection,14,28,all,target,14,0.6,0.1224744871391589
qwen2.5-7b,connection,14,28,all,combined,14,0.5,0.27386127875258304
llama-3-8b,cure,16,32,all,context,14,0.5,0.3535533905932738
llama-3-8b,cure,16,32,all,target,14,0.95,0.09999999999999999
llama-3-8b,cure,16,32,all,combined,14,0.8,0.291547594742265
qwen2.5-7b,cure,14,28,all,context,14,0.4,0.25495097567963926
qwen2.5-7b,cure,14,28,all,target,14,0.9,0.1224744871391589
qwen2.5-7b,cure,14,28,all,combined,14,0.8,0.291547594742265
llama-3-8b,dance,16,32,all,context,14,0.5,0.31622776601683794
llama-3-8b,dance,16,32,all,target,14,0.7,0.291547594742265
llama-3-8b,dance,16,32,all,combined,14,0.6,0.25495097567963926
qwen2.5-7b,dance,14,28,all,context,14,0.5,0.3535533905932738
qwen2.5-7b,dance,14,28,all,target,14,0.65,0.2
qwen2.5-7b,dance,14,28,all,combined,14,0.6,0.37416573867739417
llama-3-8b,dead,16,32,all,context,14,0.55,0.09999999999999999
llama-3-8b,dead,16,32,all,target,14,0.55,0.33166247903554
llama-3-8b,dead,16,32,all,combined,14,0.55,0.09999999999999999
qwen2.5-7b,dead,14,28,all,context,14,0.5,0.0
qwen2.5-7b,dead,14,28,all,target,14,0.7,0.2449489742783178
qwen2.5-7b,dead,14,28,all,combined,14,0.55,0.09999999999999999
llama-3-8b,defined,16,32,all,context,14,0.45,0.33166247903554
llama-3-8b,defined,16,32,all,target,14,0.7,0.2449489742783178
llama-3-8b,defined,16,32,all,combined,14,0.6,0.20000000000000004
qwen2.5-7b,defined,14,28,all,context,14,0.7,0.2449489742783178
qwen2.5-7b,defined,14,28,all,target,14,0.7,0.2449489742783178
qwen2.5-7b,defined,14,28,all,combined,14,0.6,0.2
llama-3-8b,definition,16,32,all,context,14,0.9,0.1224744871391589
llama-3-8b,definition,16,32,all,target,14,0.75,0.22360679774997896
llama-3-8b,definition,16,32,all,combined,14,0.85,0.2
qwen2.5-7b,definition,14,28,all,context,14,0.9,0.1224744871391589
qwen2.5-7b,definition,14,28,all,target,14,0.6,0.20000000000000004
qwen2.5-7b,definition,14,28,all,combined,14,0.75,0.22360679774997896
llama-3-8b,desire,16,32,all,context,14,0.25,0.31622776601683794
llama-3-8b,desire,16,32,all,target,14,1.0,0.0
llama-3-8b,desire,16,32,all,combined,14,0.9,0.20000000000000004
qwen2.5-7b,desire,14,28,all,context,14,0.35,0.2
qwen2.5-7b,desire,14,28,all,target,14,0.8,0.18708286933869706
qwen2.5-7b,desire,14,28,all,combined,14,0.65,0.2
llama-3-8b,difficulty,16,32,all,context,14,0.1,0.12247448713915891
llama-3-8b,difficulty,16,32,all,target,14,0.7,0.2449489742783178
llama-3-8b,difficulty,16,32,all,combined,14,0.3,0.24494897427831783
qwen2.5-7b,difficulty,14,28,all,context,14,0.15,0.19999999999999998
qwen2.5-7b,difficulty,14,28,all,target,14,0.6,0.2
qwen2.5-7b,difficulty,14,28,all,combined,14,0.2,0.18708286933869708
llama-3-8b,earlier,16,32,all,context,14,0.5,0.31622776601683794
llama-3-8b,earlier,16,32,all,target,14,0.85,0.2
llama-3-8b,earlier,16,32,all,combined,14,0.9,0.2
qwen2.5-7b,earlier,14,28,all,context,14,0.55,0.2449489742783178
qwen2.5-7b,earlier,14,28,all,target,14,1.0,0.0
qwen2.5-7b,earlier,14,28,all,combined,14,0.9,0.2
llama-3-8b,effect,16,32,all,context,14,0.6,0.25495097567963926
llama-3-8b,effect,16,32,all,target,14,1.0,0.0
llama-3-8b,effect,16,32,all,combined,14,1.0,0.0
qwen2.5-7b,effect,14,28,all,context,14,0.45,0.24494897427831783
qwen2.5-7b,effect,14,28,all,target,14,1.0,0.0
qwen2.5-7b,effect,14,28,all,combined,14,1.0,0.0
llama-3-8b,emotional,16,32,all,context,14,0.7,0.18708286933869706
llama-3-8b,emotional,16,32,all,target,14,0.7,0.18708286933869706
llama-3-8b,emotional,16,32,all,combined,14,0.7,0.18708286933869706
qwen2.5-7b,emotional,14,28,all,context,14,0.65,0.2
qwen2.5-7b,emotional,14,28,all,target,14,0.75,0.22360679774997896
qwen2.5-7b,emotional,14,28,all,combined,14,0.65,0.2
llama-3-8b,encountered,16,32,all,context,14,0.45,0.33166247903554
llama-3-8b,encountered,16,32,all,target,14,0.25,0.22360679774997896
llama-3-8b,encountered,16,32,all,combined,14,0.15,0.19999999999999998
qwen2.5-7b,encountered,14,28,all,context,14,0.4,0.25495097567963926
qwen2.5-7b,encountered,14,28,all,target,14,0.4,0.2
qwen2.5-7b,encountered,14,28,all,combined,14,0.15,0.19999999999999998
llama-3-8b,failure,16,32,all,context,14,0.7,0.2449489742783178
llama-3-8b,failure,16,32,all,target,14,0.6,0.25495097567963926
llama-3-8b,failure,16,32,all,combined,14,0.7,0.291547594742265
qwen2.5-7b,failure,14,28,all,context,14,0.7,0.2449489742783178
qwen2.5-7b,failure,14,28,all,target,14,0.7,0.18708286933869706
qwen2.5-7b,failure,14,28,all,combined,14,0.7,0.18708286933869706
llama-3-8b,flow,16,32,all,context,14,0.85,0.2
llama-3-8b,flow,16,32,all,target,14,1.0,0.0
llama-3-8b,flow,16,32,all,combined,14,0.95,0.09999999999999999
qwen2.5-7b,flow,14,28,all,context,14,0.75,0.31622776601683794
qwen2.5-7b,flow,14,28,all,target,14,0.95,0.09999999999999999
qwen2.5-7b,flow,14,28,all,combined,14,0.9,0.20000000000000004
llama-3-8b,forget,16,32,all,context,14,0.55,0.4
llama-3-8b,forget,16,32,all,target,14,0.5,0.27386127875258304
llama-3-8b,forget,16,32,all,combined,14,0.45,0.24494897427831783
qwen2.5-7b,forget,14,28,all,context,14,0.4,0.25495097567963926
qwen2.5-7b,forget,14,28,all,target,14,0.4,0.25495097567963926
qwen2.5-7b,forget,14,28,all,combined,14,0.45,0.24494897427831783
llama-3-8b,hung,16,32,all,context,14,0.2,0.18708286933869708
llama-3-8b,hung,16,32,all,target,14,0.2,0.18708286933869708
llama-3-8b,hung,16,32,all,combined,14,0.25,0.22360679774997896
qwen2.5-7b,hung,14,28,all,context,14,0.2,0.18708286933869708
qwen2.5-7b,hung,14,28,all,target,14,0.2,0.18708286933869708
qwen2.5-7b,hung,14,28,all,combined,14,0.2,0.24494897427831783
llama-3-8b,happened,16,32,all,context,14,0.2,0.18708286933869708
llama-3-8b,happened,16,32,all,target,14,0.3,0.29154759474226505
llama-3-8b,happened,16,32,all,combined,14,0.05,0.10000000000000002
qwen2.5-7b,happened,14,28,all,context,14,0.1,0.12247448713915891
qwen2.5-7b,happened,14,28,all,target,14,0.1,0.12247448713915891
qwen2.5-7b,happened,14,28,all,combined,14,0.1,0.12247448713915891
llama-3-8b,interpreted,16,32,all,context,14,0.35,0.3741657386773941
llama-3-8b,interpreted,16,32,all,target,14,0.25,0.22360679774997896
llama-3-8b,interpreted,16,32,all,combined,14,0.25,0.22360679774997896
qwen2.5-7b,interpreted,14,28,all,context,14,0.25,0.22360679774997896
qwen2.5-7b,interpreted,14,28,all,target,14,0.35,0.2
qwen2.5-7b,interpreted,14,28,all,combined,14,0.4,0.25495097567963926
llama-3-8b,join,16,32,all,context,14,0.85,0.2
llama-3-8b,join,16,32,all,target,14,0.75,0.3872983346207417
llama-3-8b,join,16,32,all,combined,14,0.75,0.3872983346207417
qwen2.5-7b,join,14,28,all,context,14,0.85,0.2
qwen2.5-7b,join,14,28,all,target,14,0.75,0.3872983346207417
qwen2.5-7b,join,14,28,all,combined,14,0.75,0.3872983346207417
llama-3-8b,lack,16,32,all,context,14,0.7,0.18708286933869706
llama-3-8b,lack,16,32,all,target,14,1.0,0.0
llama-3-8b,lack,16,32,all,combined,14,1.0,0.0
qwen2.5-7b,lack,14,28,all,context,14,0.55,0.33166247903554
qwen2.5-7b,lack,14,28,all,target,14,1.0,0.0
qwen2.5-7b,lack,14,28,all,combined,14,1.0,0.0
llama-3-8b,length,16,32,all,context,14,0.5,0.15811388300841897
llama-3-8b,length,16,32,all,target,14,0.45,0.24494897427831783
llama-3-8b,length,16,32,all,combined,14,0.45,0.10000000000000002
qwen2.5-7b,length,14,28,all,context,14,0.45,0.10000000000000002
qwen2.5-7b,length,14,28,all,target,14,0.5,0.0
qwen2.5-7b,length,14,28,all,combined,14,0.5,0.0
llama-3-8b,likely,16,32,all,context,14,0.55,0.2449489742783178
llama-3-8b,likely,16,32,all,target,14,0.85,0.2
llama-3-8b,likely,16,32,all,combined,14,0.9,0.1224744871391589
qwen2.5-7b,likely,14,28,all,context,14,0.5,0.3535533905932738
qwen2.5-7b,likely,14,28,all,target,14,0.8,0.18708286933869706
qwen2.5-7b,likely,14,28,all,combined,14,0.6,0.3391164991562634
llama-3-8b,liquor,16,32,all,context,14,1.0,0.0
llama-3-8b,liquor,16,32,all,target,14,1.0,0.0
llama-3-8b,liquor,16,32,all,combined,14,1.0,0.0
qwen2.5-7b,liquor,14,28,all,context,14,1.0,0.0
qwen2.5-7b,liquor,14,28,all,target,14,1.0,0.0
qwen2.5-7b,liquor,14,28,all,combined,14,1.0,0.0
llama-3-8b,marked,16,32,all,context,14,0.85,0.2
llama-3-8b,marked,16,32,all,target,14,0.8,0.2449489742783178
llama-3-8b,marked,16,32,all,combined,14,0.8,0.2449489742783178
qwen2.5-7b,marked,14,28,all,context,14,0.75,0.31622776601683794
qwen2.5-7b,marked,14,28,all,target,14,0.8,0.2449489742783178
qwen2.5-7b,marked,14,28,all,combined,14,0.8,0.2449489742783178
llama-3-8b,met,16,32,all,context,14,0.4,0.2
llama-3-8b,met,16,32,all,target,14,0.45,0.33166247903554
llama-3-8b,met,16,32,all,combined,14,0.4,0.25495097567963926
qwen2.5-7b,met,14,28,all,context,14,0.15,0.30000000000000004
qwen2.5-7b,met,14,28,all,target,14,0.5,0.31622776601683794
qwen2.5-7b,met,14,28,all,combined,14,0.4,0.37416573867739417
llama-3-8b,membership,16,32,all,context,14,0.25,0.22360679774997896
llama-3-8b,membership,16,32,all,target,14,0.4,0.25495097567963926
llama-3-8b,membership,16,32,all,combined,14,0.5,0.3535533905932738
qwen2.5-7b,membership,14,28,all,context,14,0.2,0.2915475947422651
qwen2.5-7b,membership,14,28,all,target,14,0.6,0.33911649915626346
qwen2.5-7b,membership,14,28,all,combined,14,0.45,0.45825756949558405
llama-3-8b,missed,16,32,all,context,14,0.6,0.2
llama-3-8b,missed,16,32,all,target,14,0.8,0.18708286933869706
llama-3-8b,missed,16,32,all,combined,14,0.7,0.2449489742783178
qwen2.5-7b,missed,14,28,all,context,14,0.4,0.2
qwen2.5-7b,missed,14,28,all,target,14,0.75,0.22360679774997896
qwen2.5-7b,missed,14,28,all,combined,14,0.7,0.2449489742783178
llama-3-8b,movement,16,32,all,context,14,0.15,0.19999999999999998
llama-3-8b,movement,16,32,all,target,14,0.3,0.18708286933869708
llama-3-8b,movement,16,32,all,combined,14,0.2,0.18708286933869708
qwen2.5-7b,movement,14,28,all,context,14,0.15,0.19999999999999998
qwen2.5-7b,movement,14,28,all,target,14,0.05,0.10000000000000002
qwen2.5-7b,movement,14,28,all,combined,14,0.15,0.19999999999999998
llama-3-8b,naturally,16,32,all,context,14,0.2,0.18708286933869708
llama-3-8b,naturally,16,32,all,target,14,0.85,0.2
llama-3-8b,naturally,16,32,all,combined,14,0.85,0.2
qwen2.5-7b,naturally,14,28,all,context,14,0.2,0.18708286933869708
qwen2.5-7b,naturally,14,28,all,target,14,0.9,0.2
qwen2.5-7b,naturally,14,28,all,combined,14,0.65,0.2
llama-3-8b,neighborhood,16,32,all,context,14,0.35,0.2
llama-3-8b,neighborhood,16,32,all,target,14,0.65,0.30000000000000004
llama-3-8b,neighborhood,16,32,all,combined,14,0.6,0.2
qwen2.5-7b,neighborhood,14,28,all,context,14,0.45,0.10000000000000002
qwen2.5-7b,neighborhood,14,28,all,target,14,0.5,0.31622776601683794
qwen2.5-7b,neighborhood,14,28,all,combined,14,0.55,0.2449489742783178
llama-3-8b,occurred,16,32,all,context,14,0.45,0.33166247903554
llama-3-8b,occurred,16,32,all,target,14,0.85,0.2
llama-3-8b,occurred,16,32,all,combined,14,0.9,0.20000000000000004
qwen2.5-7b,occurred,14,28,all,context,14,0.6,0.25495097567963926
qwen2.5-7b,occurred,14,28,all,target,14,0.95,0.09999999999999999
qwen2.5-7b,occurred,14,28,all,combined,14,0.85,0.2
llama-3-8b,official,16,32,all,context,14,0.4,0.2
llama-3-8b,official,16,32,all,target,14,0.8,0.2449489742783178
llama-3-8b,official,16,32,all,combined,14,0.8,0.2449489742783178
qwen2.5-7b,official,14,28,all,context,14,0.3,0.18708286933869708
qwen2.5-7b,official,14,28,all,target,14,0.6,0.2
qwen2.5-7b,official,14,28,all,combined,14,0.55,0.2449489742783178
llama-3-8b,outside,16,32,all,context,14,0.65,0.3741657386773941
llama-3-8b,outside,16,32,all,target,14,0.65,0.2
llama-3-8b,outside,16,32,all,combined,14,0.9,0.2
qwen2.5-7b,outside,14,28,all,context,14,0.7,0.3674234614174767
qwen2.5-7b,outside,14,28,all,target,14,0.7,0.18708286933869706
qwen2.5-7b,outside,14,28,all,combined,14,0.8,0.2449489742783178
llama-3-8b,pair,16,32,all,context,14,0.35,0.2
llama-3-8b,pair,16,32,all,target,14,0.4,0.25495097567963926
llama-3-8b,pair,16,32,all,combined,14,0.35,0.2
qwen2.5-7b,pair,14,28,all,context,14,0.15,0.19999999999999998
qwen2.5-7b,pair,14,28,all,target,14,0.4,0.25495097567963926
qwen2.5-7b,pair,14,28,all,combined,14,0.25,0.22360679774997896
llama-3-8b,persuaded,16,32,all,context,14,0.8,0.2449489742783178
llama-3-8b,persuaded,16,32,all,target,14,0.4,0.25495097567963926
llama-3-8b,persuaded,16,32,all,combined,14,0.75,0.22360679774997896
qwen2.5-7b,persuaded,14,28,all,context,14,0.8,0.2449489742783178
qwen2.5-7b,persuaded,14,28,all,target,14,0.5,0.3535533905932738
qwen2.5-7b,persuaded,14,28,all,combined,14,0.9,0.20000000000000004
llama-3-8b,philosophy,16,32,all,context,14,0.6,0.20000000000000004
llama-3-8b,philosophy,16,32,all,target,14,0.75,0.22360679774997896
llama-3-8b,philosophy,16,32,all,combined,14,0.75,0.22360679774997896
qwen2.5-7b,philosophy,14,28,all,context,14,0.5,0.27386127875258304
qwen2.5-7b,philosophy,14,28,all,target,14,0.9,0.2
qwen2.5-7b,philosophy,14,28,all,combined,14,0.75,0.22360679774997896
llama-3-8b,potential,16,32,all,context,14,0.5,0.27386127875258304
llama-3-8b,potential,16,32,all,target,14,0.85,0.2
llama-3-8b,potential,16,32,all,combined,14,0.75,0.22360679774997896
qwen2.5-7b,potential,14,28,all,context,14,0.6,0.20000000000000004
qwen2.5-7b,potential,14,28,all,target,14,0.95,0.09999999999999999
qwen2.5-7b,potential,14,28,all,combined,14,0.7,0.18708286933869706
llama-3-8b,prefer,16,32,all,context,14,0.25,0.3872983346207417
llama-3-8b,prefer,16,32,all,target,14,0.2,0.18708286933869708
llama-3-8b,prefer,16,32,all,combined,14,0.15,0.19999999999999998
qwen2.5-7b,prefer,14,28,all,context,14,0.15,0.19999999999999998
qwen2.5-7b,prefer,14,28,all,target,14,0.2,0.18708286933869708
qwen2.5-7b,prefer,14,28,all,combined,14,0.15,0.19999999999999998
llama-3-8b,price,16,32,all,context,14,0.85,0.2
llama-3-8b,price,16,32,all,target,14,0.45,0.33166247903554
llama-3-8b,price,16,32,all,combined,14,0.8,0.18708286933869706
qwen2.5-7b,price,14,28,all,context,14,0.75,0.22360679774997896
qwen2.5-7b,price,14,28,all,target,14,0.65,0.2
qwen2.5-7b,price,14,28,all,combined,14,0.8,0.18708286933869706
llama-3-8b,proof,16,32,all,context,14,0.8,0.2449489742783178
llama-3-8b,proof,16,32,all,target,14,0.85,0.2
llama-3-8b,proof,16,32,all,combined,14,0.85,0.2
qwen2.5-7b,proof,14,28,all,context,14,0.8,0.2449489742783178
qwen2.5-7b,proof,14,28,all,target,14,0.95,0.09999999999999999
qwen2.5-7b,proof,14,28,all,combined,14,0.85,0.2
llama-3-8b,proved,16,32,all,context,14,0.3,0.18708286933869708
llama-3-8b,proved,16,32,all,target,14,0.2,0.24494897427831783
llama-3-8b,proved,16,32,all,combined,14,0.35,0.2
qwen2.5-7b,proved,14,28,all,context,14,0.3,0.18708286933869708
qwen2.5-7b,proved,14,28,all,target,14,0.35,0.2
qwen2.5-7b,proved,14,28,all,combined,14,0.3,0.18708286933869708
llama-3-8b,refused,16,32,all,context,14,0.4,0.25495097567963926
llama-3-8b,refused,16,32,all,target,14,0.5,0.31622776601683794
llama-3-8b,refused,16,32,all,combined,14,0.6,0.20000000000000004
qwen2.5-7b,refused,14,28,all,context,14,0.45,0.33166247903554
qwen2.5-7b,refused,14,28,all,target,14,0.4,0.3391164991562634
qwen2.5-7b,refused,14,28,all,combined,14,0.5,0.27386127875258304
llama-3-8b,remained,16,32,all,context,14,0.3,0.24494897427831783
llama-3-8b,remained,16,32,all,target,14,0.6,0.37416573867739417
llama-3-8b,remained,16,32,all,combined,14,0.4,0.37416573867739417
qwen2.5-7b,remained,14,28,all,context,14,0.4,0.2
qwen2.5-7b,remained,14,28,all,target,14,0.7,0.4
qwen2.5-7b,remained,14,28,all,combined,14,0.45,0.2449489742783178
llama-3-8b,ran,16,32,all,context,14,0.85,0.2
llama-3-8b,ran,16,32,all,target,14,0.95,0.09999999999999999
llama-3-8b,ran,16,32,all,combined,14,1.0,0.0
qwen2.5-7b,ran,14,28,all,context,14,0.75,0.22360679774997896
qwen2.5-7b,ran,14,28,all,target,14,1.0,0.0
qwen2.5-7b,ran,14,28,all,combined,14,1.0,0.0
llama-3-8b,rural,16,32,all,context,14,0.65,0.2
llama-3-8b,rural,16,32,all,target,14,0.75,0.22360679774997896
llama-3-8b,rural,16,32,all,combined,14,0.5,0.27386127875258304
qwen2.5-7b,rural,14,28,all,context,14,0.45,0.24494897427831783
qwen2.5-7b,rural,14,28,all,target,14,0.65,0.2
qwen2.5-7b,rural,14,28,all,combined,14,0.45,0.24494897427831783
llama-3-8b,sense,16,32,all,context,14,0.5,0.15811388300841897
llama-3-8b,sense,16,32,all,target,14,1.0,0.0
llama-3-8b,sense,16,32,all,combined,14,1.0,0.0
qwen2.5-7b,sense,14,28,all,context,14,0.45,0.2449489742783178
qwen2.5-7b,sense,14,28,all,target,14,1.0,0.0
qwen2.5-7b,sense,14,28,all,combined,14,1.0,0.0
llama-3-8b,series,16,32,all,context,14,0.8,0.2449489742783178
llama-3-8b,series,16,32,all,target,14,0.75,0.22360679774997896
llama-3-8b,series,16,32,all,combined,14,0.85,0.2
qwen2.5-7b,series,14,28,all,context,14,0.85,0.2
qwen2.5-7b,series,14,28,all,target,14,0.8,0.2449489742783178
qwen2.5-7b,series,14,28,all,combined,14,0.75,0.22360679774997896
llama-3-8b,shouting,16,32,all,context,14,0.45,0.24494897427831783
llama-3-8b,shouting,16,32,all,target,14,0.5,0.0
llama-3-8b,shouting,16,32,all,combined,14,0.4,0.2
qwen2.5-7b,shouting,14,28,all,context,14,0.35,0.2
qwen2.5-7b,shouting,14,28,all,target,14,0.5,0.27386127875258304
qwen2.5-7b,shouting,14,28,all,combined,14,0.45,0.2449489742783178
llama-3-8b,shut,16,32,all,context,14,0.3,0.36742346141747667
llama-3-8b,shut,16,32,all,target,14,0.9,0.1224744871391589
llama-3-8b,shut,16,32,all,combined,14,0.7,0.18708286933869706
qwen2.5-7b,shut,14,28,all,context,14,0.45,0.4
qwen2.5-7b,shut,14,28,all,target,14,0.55,0.33166247903554
qwen2.5-7b,shut,14,28,all,combined,14,0.5,0.27386127875258304
llama-3-8b,situation,16,32,all,context,14,0.2,0.2915475947422651
llama-3-8b,situation,16,32,all,target,14,0.4,0.33911649915626346
llama-3-8b,situation,16,32,all,combined,14,0.2,0.24494897427831783
qwen2.5-7b,situation,14,28,all,context,14,0.4,0.406201920231798
qwen2.5-7b,situation,14,28,all,target,14,0.4,0.2
qwen2.5-7b,situation,14,28,all,combined,14,0.35,0.2
llama-3-8b,social,16,32,all,context,14,0.5,0.31622776601683794
llama-3-8b,social,16,32,all,target,14,0.35,0.30000000000000004
llama-3-8b,social,16,32,all,combined,14,0.35,0.30000000000000004
qwen2.5-7b,social,14,28,all,context,14,0.5,0.27386127875258304
qwen2.5-7b,social,14,28,all,target,14,0.2,0.24494897427831783
qwen2.5-7b,social,14,28,all,combined,14,0.35,0.30000000000000004
llama-3-8b,source,16,32,all,context,14,0.6,0.1224744871391589
llama-3-8b,source,16,32,all,target,14,0.9,0.1224744871391589
llama-3-8b,source,16,32,all,combined,14,0.85,0.2
qwen2.5-7b,source,14,28,all,context,14,0.65,0.3741657386773941
qwen2.5-7b,source,14,28,all,target,14,0.65,0.2
qwen2.5-7b,source,14,28,all,combined,14,0.75,0.3872983346207417
llama-3-8b,spent,16,32,all,context,14,0.65,0.2
llama-3-8b,spent,16,32,all,target,14,0.75,0.22360679774997896
llama-3-8b,spent,16,32,all,combined,14,0.75,0.22360679774997896
qwen2.5-7b,spent,14,28,all,context,14,0.65,0.2
qwen2.5-7b,spent,14,28,all,target,14,0.8,0.18708286933869706
qwen2.5-7b,spent,14,28,all,combined,14,0.8,0.18708286933869706
llama-3-8b,step,16,32,all,context,14,0.45,0.24494897427831783
llama-3-8b,step,16,32,all,target,14,1.0,0.0
llama-3-8b,step,16,32,all,combined,14,1.0,0.0
qwen2.5-7b,step,14,28,all,context,14,0.6,0.37416573867739417
qwen2.5-7b,step,14,28,all,target,14,0.9,0.2
qwen2.5-7b,step,14,28,all,combined,14,0.9,0.2
llama-3-8b,straight,16,32,all,context,14,0.15,0.19999999999999998
llama-3-8b,straight,16,32,all,target,14,0.3,0.24494897427831783
llama-3-8b,straight,16,32,all,combined,14,0.25,0.22360679774997896
qwen2.5-7b,straight,14,28,all,context,14,0.15,0.19999999999999998
qwen2.5-7b,straight,14,28,all,target,14,0.25,0.22360679774997896
qwen2.5-7b,straight,14,28,all,combined,14,0.25,0.22360679774997896
llama-3-8b,stress,16,32,all,context,14,1.0,0.0
llama-3-8b,stress,16,32,all,target,14,1.0,0.0
llama-3-8b,stress,16,32,all,combined,14,1.0,0.0
qwen2.5-7b,stress,14,28,all,context,14,0.95,0.09999999999999999
qwen2.5-7b,stress,14,28,all,target,14,0.95,0.09999999999999999
qwen2.5-7b,stress,14,28,all,combined,14,0.95,0.09999999999999999
llama-3-8b,suffered,16,32,all,context,14,0.7,0.18708286933869706
llama-3-8b,suffered,16,32,all,target,14,0.6,0.3391164991562634
llama-3-8b,suffered,16,32,all,combined,14,0.8,0.18708286933869706
qwen2.5-7b,suffered,14,28,all,context,14,0.9,0.1224744871391589
qwen2.5-7b,suffered,14,28,all,target,14,0.7,0.18708286933869706
qwen2.5-7b,suffered,14,28,all,combined,14,0.8,0.18708286933869706
llama-3-8b,swung,16,32,all,context,14,0.1,0.12247448713915891
llama-3-8b,swung,16,32,all,target,14,0.75,0.22360679774997896
llama-3-8b,swung,16,32,all,combined,14,0.3,0.29154759474226505
qwen2.5-7b,swung,14,28,all,context,14,0.1,0.20000000000000004
qwen2.5-7b,swung,14,28,all,target,14,0.45,0.4
qwen2.5-7b,swung,14,28,all,combined,14,0.3,0.36742346141747667
llama-3-8b,talk,16,32,all,context,14,0.15,0.19999999999999998
llama-3-8b,talk,16,32,all,target,14,0.35,0.2
llama-3-8b,talk,16,32,all,combined,14,0.4,0.25495097567963926
qwen2.5-7b,talk,14,28,all,context,14,0.2,0.18708286933869708
qwen2.5-7b,talk,14,28,all,target,14,0.35,0.2
qwen2.5-7b,talk,14,28,all,combined,14,0.35,0.2
llama-3-8b,think,16,32,all,context,14,0.4,0.25495097567963926
llama-3-8b,think,16,32,all,target,14,0.25,0.22360679774997896
llama-3-8b,think,16,32,all,combined,14,0.35,0.2
qwen2.5-7b,think,14,28,all,context,14,0.45,0.24494897427831783
qwen2.5-7b,think,14,28,all,target,14,0.4,0.20000000000000004
qwen2.5-7b,think,14,28,all,combined,14,0.35,0.2
llama-3-8b,threatened,16,32,all,context,14,0.4,0.3391164991562634
llama-3-8b,threatened,16,32,all,target,14,0.9,0.1224744871391589
llama-3-8b,threatened,16,32,all,combined,14,0.85,0.2
qwen2.5-7b,threatened,14,28,all,context,14,0.3,0.24494897427831783
qwen2.5-7b,threatened,14,28,all,target,14,0.95,0.09999999999999999
qwen2.5-7b,threatened,14,28,all,combined,14,0.9,0.1224744871391589
llama-3-8b,title,16,32,all,context,14,1.0,0.0
llama-3-8b,title,16,32,all,target,14,1.0,0.0
llama-3-8b,title,16,32,all,combined,14,1.0,0.0
qwen2.5-7b,title,14,28,all,context,14,1.0,0.0
qwen2.5-7b,title,14,28,all,target,14,1.0,0.0
qwen2.5-7b,title,14,28,all,combined,14,1.0,0.0
llama-3-8b,touch,16,32,all,context,14,0.4,0.406201920231798
llama-3-8b,touch,16,32,all,target,14,0.95,0.09999999999999999
llama-3-8b,touch,16,32,all,combined,14,0.95,0.09999999999999999
qwen2.5-7b,touch,14,28,all,context,14,0.2,0.2915475947422651
qwen2.5-7b,touch,14,28,all,target,14,0.8,0.2449489742783178
qwen2.5-7b,touch,14,28,all,combined,14,0.65,0.30000000000000004
llama-3-8b,tradition,16,32,all,context,14,0.3,0.29154759474226505
llama-3-8b,tradition,16,32,all,target,14,0.3,0.24494897427831783
llama-3-8b,tradition,16,32,all,combined,14,0.45,0.2449489742783178
qwen2.5-7b,tradition,14,28,all,context,14,0.4,0.25495097567963926
qwen2.5-7b,tradition,14,28,all,target,14,0.15,0.19999999999999998
qwen2.5-7b,tradition,14,28,all,combined,14,0.2,0.2915475947422651
llama-3-8b,truth,16,32,all,context,14,0.35,0.43588989435406733
llama-3-8b,truth,16,32,all,target,14,0.35,0.30000000000000004
llama-3-8b,truth,16,32,all,combined,14,0.35,0.2
qwen2.5-7b,truth,14,28,all,context,14,0.4,0.406201920231798
qwen2.5-7b,truth,14,28,all,target,14,0.45,0.24494897427831783
qwen2.5-7b,truth,14,28,all,combined,14,0.4,0.2
llama-3-8b,value,16,32,all,context,14,0.8,0.4
llama-3-8b,value,16,32,all,target,14,1.0,0.0
llama-3-8b,value,16,32,all,combined,14,1.0,0.0
qwen2.5-7b,value,14,28,all,context,14,0.75,0.3872983346207417
qwen2.5-7b,value,14,28,all,target,14,0.9,0.20000000000000004
qwen2.5-7b,value,14,28,all,combined,14,0.8,0.4
llama-3-8b,variety,16,32,all,context,14,0.25,0.22360679774997896
llama-3-8b,variety,16,32,all,target,14,0.75,0.3872983346207417
llama-3-8b,variety,16,32,all,combined,14,0.7,0.3674234614174767
qwen2.5-7b,variety,14,28,all,context,14,0.15,0.19999999999999998
qwen2.5-7b,variety,14,28,all,target,14,0.65,0.3741657386773941
qwen2.5-7b,variety,14,28,all,combined,14,0.35,0.30000000000000004
llama-3-8b,vary,16,32,all,context,14,0.35,0.2
llama-3-8b,vary,16,32,all,target,14,0.4,0.25495097567963926
llama-3-8b,vary,16,32,all,combined,14,0.4,0.25495097567963926
qwen2.5-7b,vary,14,28,all,context,14,0.6,0.25495097567963926
qwen2.5-7b,vary,14,28,all,target,14,0.3,0.18708286933869708
qwen2.5-7b,vary,14,28,all,combined,14,0.4,0.25495097567963926
llama-3-8b,view,16,32,all,context,14,0.25,0.22360679774997896
llama-3-8b,view,16,32,all,target,14,1.0,0.0
llama-3-8b,view,16,32,all,combined,14,1.0,0.0
qwen2.5-7b,view,14,28,all,context,14,0.35,0.2
qwen2.5-7b,view,14,28,all,target,14,0.9,0.2
qwen2.5-7b,view,14,28,all,combined,14,0.8,0.2449489742783178
llama-3-8b,warm,16,32,all,context,14,0.4,0.33911649915626346
llama-3-8b,warm,16,32,all,target,14,0.6,0.1224744871391589
llama-3-8b,warm,16,32,all,combined,14,0.45,0.24494897427831783
qwen2.5-7b,warm,14,28,all,context,14,0.3,0.29154759474226505
qwen2.5-7b,warm,14,28,all,target,14,0.55,0.09999999999999999
qwen2.5-7b,warm,14,28,all,combined,14,0.5,0.27386127875258304
llama-3-8b,wrote,16,32,all,context,14,0.4,0.3391164991562634
llama-3-8b,wrote,16,32,all,target,14,0.9,0.20000000000000004
llama-3-8b,wrote,16,32,all,combined,14,0.7,0.2449489742783178
qwen2.5-7b,wrote,14,28,all,context,14,0.45,0.33166247903554
qwen2.5-7b,wrote,14,28,all,target,14,0.8,0.18708286933869706
qwen2.5-7b,wrote,14,28,all,combined,14,0.65,0.2
llama-3-8b,ability,16,32,all,context,12,0.35,0.43588989435406733
llama-3-8b,ability,16,32,all,target,12,0.65,0.3741657386773941
llama-3-8b,ability,16,32,all,combined,12,0.55,0.45825756949558394
qwen2.5-7b,ability,14,28,all,context,12,0.4,0.37416573867739417
qwen2.5-7b,ability,14,28,all,target,12,0.25,0.31622776601683794
qwen2.5-7b,ability,14,28,all,combined,12,0.4,0.37416573867739417
llama-3-8b,absence,16,32,all,context,12,0.3,0.24494897427831783
llama-3-8b,absence,16,32,all,target,12,0.6,0.2
llama-3-8b,absence,16,32,all,combined,12,0.6,0.2
qwen2.5-7b,absence,14,28,all,context,12,0.3,0.24494897427831783
qwen2.5-7b,absence,14,28,all,target,12,0.6,0.2
qwen2.5-7b,absence,14,28,all,combined,12,0.6,0.2
llama-3-8b,accomplished,16,32,all,context,12,0.2,0.24494897427831783
llama-3-8b,accomplished,16,32,all,target,12,0.35,0.30000000000000004
llama-3-8b,accomplished,16,32,all,combined,12,0.3,0.39999999999999997
qwen2.5-7b,accomplished,14,28,all,context,12,0.65,0.2
qwen2.5-7b,accomplished,14,28,all,target,12,0.3,0.24494897427831783
qwen2.5-7b,accomplished,14,28,all,combined,12,0.55,0.33166247903554
llama-3-8b,activity,16,32,all,context,12,1.0,0.0
llama-3-8b,activity,16,32,all,target,12,0.9,0.2
llama-3-8b,activity,16,32,all,combined,12,0.9,0.2
qwen2.5-7b,activity,14,28,all,context,12,0.9,0.2
qwen2.5-7b,activity,14,28,all,target,12,0.9,0.2
qwen2.5-7b,activity,14,28,all,combined,12,0.9,0.2
llama-3-8b,advertising,16,32,all,context,12,0.5,0.31622776601683794
llama-3-8b,advertising,16,32,all,target,12,0.5,0.4472135954999579
llama-3-8b,advertising,16,32,all,combined,12,0.4,0.20000000000000004
qwen2.5-7b,advertising,14,28,all,context,12,0.35,0.30000000000000004
qwen2.5-7b,advertising,14,28,all,target,12,0.5,0.4472135954999579
qwen2.5-7b,advertising,14,28,all,combined,12,0.55,0.33166247903554
llama-3-8b,advised,16,32,all,context,12,0.2,0.24494897427831783
llama-3-8b,advised,16,32,all,target,12,0.5,0.31622776601683794
llama-3-8b,advised,16,32,all,combined,12,0.4,0.37416573867739417
qwen2.5-7b,advised,14,28,all,context,12,0.1,0.20000000000000004
qwen2.5-7b,advised,14,28,all,target,12,0.55,0.33166247903554
qwen2.5-7b,advised,14,28,all,combined,12,0.4,0.37416573867739417
llama-3-8b,affect,16,32,all,context,12,0.55,0.45825756949558394
llama-3-8b,affect,16,32,all,target,12,0.4,0.37416573867739417
llama-3-8b,affect,16,32,all,combined,12,0.35,0.30000000000000004
qwen2.5-7b,affect,14,28,all,context,12,0.6,0.37416573867739417
qwen2.5-7b,affect,14,28,all,target,12,0.35,0.30000000000000004
qwen2.5-7b,affect,14,28,all,combined,12,0.45,0.4
llama-3-8b,answer,16,32,all,context,12,0.55,0.33166247903554
llama-3-8b,answer,16,32,all,target,12,0.85,0.2
llama-3-8b,answer,16,32,all,combined,12,0.85,0.2
qwen2.5-7b,answer,14,28,all,context,12,0.45,0.2449489742783178
qwen2.5-7b,answer,14,28,all,target,12,0.85,0.2
qwen2.5-7b,answer,14,28,all,combined,12,0.75,0.22360679774997896
llama-3-8b,appointed,16,32,all,context,12,0.65,0.2
llama-3-8b,appointed,16,32,all,target,12,0.4,0.20000000000000004
llama-3-8b,appointed,16,32,all,combined,12,0.4,0.2
qwen2.5-7b,appointed,14,28,all,context,12,0.55,0.09999999999999999
qwen2.5-7b,appointed,14,28,all,target,12,0.5,0.31622776601683794
qwen2.5-7b,appointed,14,28,all,combined,12,0.35,0.30000000000000004
llama-3-8b,arc,16,32,all,context,12,0.9,0.2
llama-3-8b,arc,16,32,all,target,12,0.85,0.2
llama-3-8b,arc,16,32,all,combined,12,0.85,0.2
qwen2.5-7b,arc,14,28,all,context,12,0.95,0.09999999999999999
qwen2.5-7b,arc,14,28,all,target,12,0.8,0.2449489742783178
qwen2.5-7b,arc,14,28,all,combined,12,0.8,0.2449489742783178
llama-3-8b,assumed,16,32,all,context,12,0.75,0.3872983346207417
llama-3-8b,assumed,16,32,all,target,12,0.9,0.2
llama-3-8b,assumed,16,32,all,combined,12,0.85,0.2
qwen2.5-7b,assumed,14,28,all,context,12,0.55,0.33166247903554
qwen2.5-7b,assumed,14,28,all,target,12,0.9,0.2
qwen2.5-7b,assumed,14,28,all,combined,12,0.8,0.2449489742783178
llama-3-8b,atmosphere,16,32,all,context,12,0.8,0.2449489742783178
llama-3-8b,atmosphere,16,32,all,target,12,1.0,0.0
llama-3-8b,atmosphere,16,32,all,combined,12,0.9,0.2
qwen2.5-7b,atmosphere,14,28,all,context,12,0.75,0.22360679774997896
qwen2.5-7b,atmosphere,14,28,all,target,12,1.0,0.0
qwen2.5-7b,atmosphere,14,28,all,combined,12,0.9,0.2
llama-3-8b,attempt,16,32,all,context,12,0.3,0.24494897427831783
llama-3-8b,attempt,16,32,all,target,12,0.9,0.20000000000000004
llama-3-8b,attempt,16,32,all,combined,12,0.8,0.2449489742783178
qwen2.5-7b,attempt,14,28,all,context,12,0.4,0.2
qwen2.5-7b,attempt,14,28,all,target,12,0.75,0.22360679774997896
qwen2.5-7b,attempt,14,28,all,combined,12,0.6,0.37416573867739417
llama-3-8b,author,16,32,all,context,12,0.2,0.24494897427831783
llama-3-8b,author,16,32,all,target,12,0.6,0.2
llama-3-8b,author,16,32,all,combined,12,0.5,0.31622776601683794
qwen2.5-7b,author,14,28,all,context,12,0.3,0.39999999999999997
qwen2.5-7b,author,14,28,all,target,12,0.55,0.33166247903554
qwen2.5-7b,author,14,28,all,combined,12,0.4,0.37416573867739417
llama-3-8b,battle,16,32,all,context,12,0.2,0.24494897427831783
llama-3-8b,battle,16,32,all,target,12,0.15,0.30000000000000004
llama-3-8b,battle,16,32,all,combined,12,0.2,0.24494897427831783
qwen2.5-7b,battle,14,28,all,context,12,0.1,0.20000000000000004
qwen2.5-7b,battle,14,28,all,target,12,0.3,0.24494897427831783
qwen2.5-7b,battle,14,28,all,combined,12,0.2,0.24494897427831783
llama-3-8b,bill,16,32,all,context,12,0.55,0.33166247903554
llama-3-8b,bill,16,32,all,target,12,0.65,0.2
llama-3-8b,bill,16,32,all,combined,12,0.55,0.33166247903554
qwen2.5-7b,bill,14,28,all,context,12,0.45,0.4
qwen2.5-7b,bill,14,28,all,target,12,0.7,0.4
qwen2.5-7b,bill,14,28,all,combined,12,0.7,0.2449489742783178
llama-3-8b,body,16,32,all,context,12,0.85,0.2
llama-3-8b,body,16,32,all,target,12,0.9,0.20000000000000004
llama-3-8b,body,16,32,all,combined,12,0.85,0.2
qwen2.5-7b,body,14,28,all,context,12,0.65,0.2
qwen2.5-7b,body,14,28,all,target,12,0.9,0.20000000000000004
qwen2.5-7b,body,14,28,all,combined,12,0.85,0.2
llama-3-8b,cast,16,32,all,context,12,0.8,0.2449489742783178
llama-3-8b,cast,16,32,all,target,12,0.9,0.2
llama-3-8b,cast,16,32,all,combined,12,0.9,0.20000000000000004
qwen2.5-7b,cast,14,28,all,context,12,0.9,0.20000000000000004
qwen2.5-7b,cast,14,28,all,target,12,0.85,0.2
qwen2.5-7b,cast,14,28,all,combined,12,0.9,0.20000000000000004
llama-3-8b,certain,16,32,all,context,12,0.2,0.24494897427831783
llama-3-8b,certain,16,32,all,target,12,0.4,0.48989794855663565
llama-3-8b,certain,16,32,all,combined,12,0.35,0.43588989435406733
qwen2.5-7b,certain,14,28,all,context,12,0.15,0.19999999999999998
qwen2.5-7b,certain,14,28,all,target,12,0.35,0.43588989435406733
qwen2.5-7b,certain,14,28,all,combined,12,0.25,0.31622776601683794
llama-3-8b,closed,16,32,all,context,12,1.0,0.0
llama-3-8b,closed,16,32,all,target,12,1.0,0.0
llama-3-8b,closed,16,32,all,combined,12,1.0,0.0
qwen2.5-7b,closed,14,28,all,context,12,1.0,0.0
qwen2.5-7b,closed,14,28,all,target,12,0.9,0.2
qwen2.5-7b,closed,14,28,all,combined,12,0.9,0.2
llama-3-8b,comparison,16,32,all,context,12,0.55,0.33166247903554
llama-3-8b,comparison,16,32,all,target,12,0.7,0.4
llama-3-8b,comparison,16,32,all,combined,12,0.55,0.33166247903554
qwen2.5-7b,comparison,14,28,all,context,12,0.35,0.3741657386773941
qwen2.5-7b,comparison,14,28,all,target,12,0.8,0.4
qwen2.5-7b,comparison,14,28,all,combined,12,0.75,0.3872983346207417
llama-3-8b,concluded,16,32,all,context,12,0.45,0.4
llama-3-8b,concluded,16,32,all,target,12,0.6,0.2
llama-3-8b,concluded,16,32,all,combined,12,0.6,0.2
qwen2.5-7b,concluded,14,28,all,context,12,0.55,0.33166247903554
qwen2.5-7b,concluded,14,28,all,target,12,0.8,0.2449489742783178
qwen2.5-7b,concluded,14,28,all,combined,12,0.6,0.37416573867739417
llama-3-8b,conditions,16,32,all,context,12,0.9,0.2
llama-3-8b,conditions,16,32,all,target,12,0.7,0.4
llama-3-8b,conditions,16,32,all,combined,12,1.0,0.0
qwen2.5-7b,conditions,14,28,all,context,12,0.85,0.2
qwen2.5-7b,conditions,14,28,all,target,12,0.7,0.4
qwen2.5-7b,conditions,14,28,all,combined,12,1.0,0.0
llama-3-8b,confidence,16,32,all,context,12,0.05,0.10000000000000002
llama-3-8b,confidence,16,32,all,target,12,0.1,0.20000000000000004
llama-3-8b,confidence,16,32,all,combined,12,0.15,0.30000000000000004
qwen2.5-7b,confidence,14,28,all,context,12,0.25,0.22360679774997896
qwen2.5-7b,confidence,14,28,all,target,12,0.05,0.10000000000000002
qwen2.5-7b,confidence,14,28,all,combined,12,0.05,0.10000000000000002
llama-3-8b,confusion,16,32,all,context,12,0.55,0.33166247903554
llama-3-8b,confusion,16,32,all,target,12,0.6,0.2
llama-3-8b,confusion,16,32,all,combined,12,0.65,0.2
qwen2.5-7b,confusion,14,28,all,context,12,0.65,0.2
qwen2.5-7b,confusion,14,28,all,target,12,0.45,0.2449489742783178
qwen2.5-7b,confusion,14,28,all,combined,12,0.55,0.09999999999999999
llama-3-8b,contained,16,32,all,context,12,0.8,0.2449489742783178
llama-3-8b,contained,16,32,all,target,12,0.65,0.3741657386773941
llama-3-8b,contained,16,32,all,combined,12,0.8,0.2449489742783178
qwen2.5-7b,contained,14,28,all,context,12,0.8,0.2449489742783178
qwen2.5-7b,contained,14,28,all,target,12,0.8,0.2449489742783178
qwen2.5-7b,contained,14,28,all,combined,12,0.8,0.2449489742783178
llama-3-8b,demand,16,32,all,context,12,0.3,0.24494897427831783
llama-3-8b,demand,16,32,all,target,12,0.65,0.3741657386773941
llama-3-8b,demand,16,32,all,combined,12,0.65,0.3741657386773941
qwen2.5-7b,demand,14,28,all,context,12,0.4,0.2
qwen2.5-7b,demand,14,28,all,target,12,0.75,0.3872983346207417
qwen2.5-7b,demand,14,28,all,combined,12,0.4,0.37416573867739417
llama-3-8b,depth,16,32,all,context,12,0.75,0.22360679774997896
llama-3-8b,depth,16,32,all,target,12,1.0,0.0
llama-3-8b,depth,16,32,all,combined,12,1.0,0.0
qwen2.5-7b,depth,14,28,all,context,12,0.75,0.22360679774997896
qwen2.5-7b,depth,14,28,all,target,12,0.8,0.2449489742783178
qwen2.5-7b,depth,14,28,all,combined,12,0.9,0.20000000000000004
llama-3-8b,determined,16,32,all,context,12,0.25,0.22360679774997896
llama-3-8b,determined,16,32,all,target,12,0.65,0.3741657386773941
llama-3-8b,determined,16,32,all,combined,12,0.65,0.3741657386773941
qwen2.5-7b,determined,14,28,all,context,12,0.4,0.37416573867739417
qwen2.5-7b,determined,14,28,all,target,12,0.6,0.2
qwen2.5-7b,determined,14,28,all,combined,12,0.5,0.31622776601683794
llama-3-8b,die,16,32,all,context,12,0.95,0.09999999999999999
llama-3-8b,die,16,32,all,target,12,1.0,0.0
llama-3-8b,die,16,32,all,combined,12,1.0,0.0
qwen2.5-7b,die,14,28,all,context,12,0.65,0.30000000000000004
qwen2.5-7b,die,14,28,all,target,12,1.0,0.0
qwen2.5-7b,die,14,28,all,combined,12,1.0,0.0
llama-3-8b,director,16,32,all,context,12,0.6,0.2
llama-3-8b,director,16,32,all,target,12,0.2,0.24494897427831783
llama-3-8b,director,16,32,all,combined,12,0.4,0.2
qwen2.5-7b,director,14,28,all,context,12,0.6,0.2
qwen2.5-7b,director,14,28,all,target,12,0.2,0.24494897427831783
qwen2.5-7b,director,14,28,all,combined,12,0.6,0.2
llama-3-8b,dollars,16,32,all,context,12,0.15,0.19999999999999998
llama-3-8b,dollars,16,32,all,target,12,0.1,0.20000000000000004
llama-3-8b,dollars,16,32,all,combined,12,0.0,0.0
qwen2.5-7b,dollars,14,28,all,context,12,0.2,0.24494897427831783
qwen2.5-7b,dollars,14,28,all,target,12,0.2,0.24494897427831783
qwen2.5-7b,dollars,14,28,all,combined,12,0.15,0.19999999999999998
llama-3-8b,doubt,16,32,all,context,12,0.45,0.4
llama-3-8b,doubt,16,32,all,target,12,1.0,0.0
llama-3-8b,doubt,16,32,all,combined,12,1.0,0.0
qwen2.5-7b,doubt,14,28,all,context,12,0.25,0.31622776601683794
qwen2.5-7b,doubt,14,28,all,target,12,1.0,0.0
qwen2.5-7b,doubt,14,28,all,combined,12,0.8,0.4
llama-3-8b,dress,16,32,all,context,12,0.55,0.4
llama-3-8b,dress,16,32,all,target,12,0.95,0.09999999999999999
llama-3-8b,dress,16,32,all,combined,12,0.95,0.09999999999999999
qwen2.5-7b,dress,14,28,all,context,12,0.45,0.33166247903554
qwen2.5-7b,dress,14,28,all,target,12,0.95,0.09999999999999999
qwen2.5-7b,dress,14,28,all,combined,12,0.85,0.2
llama-3-8b,dry,16,32,all,context,12,0.9,0.2
llama-3-8b,dry,16,32,all,target,12,1.0,0.0
llama-3-8b,dry,16,32,all,combined,12,1.0,0.0
qwen2.5-7b,dry,14,28,all,context,12,1.0,0.0
qwen2.5-7b,dry,14,28,all,target,12,1.0,0.0
qwen2.5-7b,dry,14,28,all,combined,12,1.0,0.0
llama-3-8b,east,16,32,all,context,12,0.45,0.4
llama-3-8b,east,16,32,all,target,12,0.6,0.37416573867739417
llama-3-8b,east,16,32,all,combined,12,0.55,0.33166247903554
qwen2.5-7b,east,14,28,all,context,12,0.55,0.33166247903554
qwen2.5-7b,east,14,28,all,target,12,0.55,0.45825756949558405
qwen2.5-7b,east,14,28,all,combined,12,0.65,0.3741657386773941
llama-3-8b,enforced,16,32,all,context,12,0.4,0.2
llama-3-8b,enforced,16,32,all,target,12,0.2,0.24494897427831783
llama-3-8b,enforced,16,32,all,combined,12,0.35,0.2
qwen2.5-7b,enforced,14,28,all,context,12,0.65,0.3741657386773941
qwen2.5-7b,enforced,14,28,all,target,12,0.25,0.22360679774997896
qwen2.5-7b,enforced,14,28,all,combined,12,0.4,0.2
llama-3-8b,enjoyed,16,32,all,context,12,0.65,0.2
llama-3-8b,enjoyed,16,32,all,target,12,1.0,0.0
llama-3-8b,enjoyed,16,32,all,combined,12,0.9,0.2
qwen2.5-7b,enjoyed,14,28,all,context,12,0.35,0.30000000000000004
qwen2.5-7b,enjoyed,14,28,all,target,12,0.95,0.09999999999999999
qwen2.5-7b,enjoyed,14,28,all,combined,12,0.75,0.22360679774997896
llama-3-8b,entitled,16,32,all,context,12,0.8,0.2449489742783178
llama-3-8b,entitled,16,32,all,target,12,1.0,0.0
llama-3-8b,entitled,16,32,all,combined,12,1.0,0.0
qwen2.5-7b,entitled,14,28,all,context,12,0.7,0.4
qwen2.5-7b,entitled,14,28,all,target,12,1.0,0.0
qwen2.5-7b,entitled,14,28,all,combined,12,1.0,0.0
llama-3-8b,equal,16,32,all,context,12,0.2,0.24494897427831783
llama-3-8b,equal,16,32,all,target,12,0.55,0.33166247903554
llama-3-8b,equal,16,32,all,combined,12,0.55,0.33166247903554
qwen2.5-7b,equal,14,28,all,context,12,0.2,0.24494897427831783
qwen2.5-7b,equal,14,28,all,target,12,0.65,0.2
qwen2.5-7b,equal,14,28,all,combined,12,0.5,0.31622776601683794
llama-3-8b,estimate,16,32,all,context,12,0.25,0.22360679774997896
llama-3-8b,estimate,16,32,all,target,12,0.9,0.2
llama-3-8b,estimate,16,32,all,combined,12,0.7,0.4
qwen2.5-7b,estimate,14,28,all,context,12,0.2,0.24494897427831783
qwen2.5-7b,estimate,14,28,all,target,12,0.8,0.2449489742783178
qwen2.5-7b,estimate,14,28,all,combined,12,0.5,0.31622776601683794
llama-3-8b,exercise,16,32,all,context,12,0.65,0.3741657386773941
llama-3-8b,exercise,16,32,all,target,12,0.85,0.2
llama-3-8b,exercise,16,32,all,combined,12,0.75,0.22360679774997896
qwen2.5-7b,exercise,14,28,all,context,12,0.45,0.4
qwen2.5-7b,exercise,14,28,all,target,12,0.85,0.2
qwen2.5-7b,exercise,14,28,all,combined,12,0.65,0.3741657386773941
llama-3-8b,experiment,16,32,all,context,12,1.0,0.0
llama-3-8b,experiment,16,32,all,target,12,1.0,0.0
llama-3-8b,experiment,16,32,all,combined,12,1.0,0.0
qwen2.5-7b,experiment,14,28,all,context,12,1.0,0.0
qwen2.5-7b,experiment,14,28,all,target,12,0.9,0.2
qwen2.5-7b,experiment,14,28,all,combined,12,0.9,0.2
llama-3-8b,explanation,16,32,all,context,12,0.35,0.2
llama-3-8b,explanation,16,32,all,target,12,0.2,0.24494897427831783
llama-3-8b,explanation,16,32,all,combined,12,0.25,0.22360679774997896
qwen2.5-7b,explanation,14,28,all,context,12,0.5,0.31622776601683794
qwen2.5-7b,explanation,14,28,all,target,12,0.4,0.2
qwen2.5-7b,explanation,14,28,all,combined,12,0.35,0.2
llama-3-8b,extremely,16,32,all,context,12,0.5,0.31622776601683794
llama-3-8b,extremely,16,32,all,target,12,0.35,0.30000000000000004
llama-3-8b,extremely,16,32,all,combined,12,0.4,0.2
qwen2.5-7b,extremely,14,28,all,context,12,0.6,0.2
qwen2.5-7b,extremely,14,28,all,target,12,0.3,0.24494897427831783
qwen2.5-7b,extremely,14,28,all,combined,12,0.4,0.2
llama-3-8b,favor,16,32,all,context,12,0.75,0.22360679774997896
llama-3-8b,favor,16,32,all,target,12,1.0,0.0
llama-3-8b,favor,16,32,all,combined,12,1.0,0.0
qwen2.5-7b,favor,14,28,all,context,12,0.45,0.2449489742783178
qwen2.5-7b,favor,14,28,all,target,12,1.0,0.0
qwen2.5-7b,favor,14,28,all,combined,12,1.0,0.0
llama-3-8b,fire,16,32,all,context,12,0.3,0.24494897427831783
llama-3-8b,fire,16,32,all,target,12,0.85,0.2
llama-3-8b,fire,16,32,all,combined,12,0.55,0.33166247903554
qwen2.5-7b,fire,14,28,all,context,12,0.2,0.24494897427831783
qwen2.5-7b,fire,14,28,all,target,12,0.9,0.2
qwen2.5-7b,fire,14,28,all,combined,12,0.7,0.2449489742783178
llama-3-8b,fit,16,32,all,context,12,0.6,0.37416573867739417
llama-3-8b,fit,16,32,all,target,12,0.7,0.4
llama-3-8b,fit,16,32,all,combined,12,0.8,0.2449489742783178
qwen2.5-7b,fit,14,28,all,context,12,0.9,0.2
qwen2.5-7b,fit,14,28,all,target,12,0.9,0.2
qwen2.5-7b,fit,14,28,all,combined,12,0.9,0.2
llama-3-8b,fool,16,32,all,context,12,0.1,0.20000000000000004
llama-3-8b,fool,16,32,all,target,12,0.4,0.37416573867739417
llama-3-8b,fool,16,32,all,combined,12,0.4,0.37416573867739417
qwen2.5-7b,fool,14,28,all,context,12,0.2,0.24494897427831783
qwen2.5-7b,fool,14,28,all,target,12,0.5,0.31622776601683794
qwen2.5-7b,fool,14,28,all,combined,12,0.4,0.37416573867739417
llama-3-8b,forward,16,32,all,context,12,0.55,0.33166247903554
llama-3-8b,forward,16,32,all,target,12,0.65,0.2
llama-3-8b,forward,16,32,all,combined,12,0.65,0.2
qwen2.5-7b,forward,14,28,all,context,12,0.55,0.33166247903554
qwen2.5-7b,forward,14,28,all,target,12,0.65,0.2
qwen2.5-7b,forward,14,28,all,combined,12,0.65,0.2
llama-3-8b,french,16,32,all,context,12,0.75,0.22360679774997896
llama-3-8b,french,16,32,all,target,12,0.7,0.2449489742783178
llama-3-8b,french,16,32,all,combined,12,0.7,0.2449489742783178
qwen2.5-7b,french,14,28,all,context,12,0.7,0.2449489742783178
qwen2.5-7b,french,14,28,all,target,12,0.7,0.2449489742783178
qwen2.5-7b,french,14,28,all,combined,12,0.75,0.22360679774997896
llama-3-8b,gained,16,32,all,context,12,0.15,0.19999999999999998
llama-3-8b,gained,16,32,all,target,12,0.1,0.20000000000000004
llama-3-8b,gained,16,32,all,combined,12,0.05,0.10000000000000002
qwen2.5-7b,gained,14,28,all,context,12,0.15,0.19999999999999998
qwen2.5-7b,gained,14,28,all,target,12,0.15,0.30000000000000004
qwen2.5-7b,gained,14,28,all,combined,12,0.1,0.20000000000000004
llama-3-8b,gathered,16,32,all,context,12,0.8,0.2449489742783178
llama-3-8b,gathered,16,32,all,target,12,0.9,0.2
llama-3-8b,gathered,16,32,all,combined,12,0.9,0.2
qwen2.5-7b,gathered,14,28,all,context,12,0.75,0.22360679774997896
qwen2.5-7b,gathered,14,28,all,target,12,0.85,0.2
qwen2.5-7b,gathered,14,28,all,combined,12,0.8,0.2449489742783178
llama-3-8b,glance,16,32,all,context,12,0.5,0.31622776601683794
llama-3-8b,glance,16,32,all,target,12,1.0,0.0
llama-3-8b,glance,16,32,all,combined,12,0.8,0.2449489742783178
qwen2.5-7b,glance,14,28,all,context,12,0.3,0.24494897427831783
qwen2.5-7b,glance,14,28,all,target,12,0.8,0.2449489742783178
qwen2.5-7b,glance,14,28,all,combined,12,0.6,0.37416573867739417
llama-3-8b,handled,16,32,all,context,12,0.15,0.19999999999999998
llama-3-8b,handled,16,32,all,target,12,0.45,0.2449489742783178
llama-3-8b,handled,16,32,all,combined,12,0.45,0.24494897427831783
qwen2.5-7b,handled,14,28,all,context,12,0.2,0.24494897427831783
qwen2.5-7b,handled,14,28,all,target,12,0.5,0.0
qwen2.5-7b,handled,14,28,all,combined,12,0.3,0.24494897427831783
llama-3-8b,heavy,16,32,all,context,12,0.1,0.20000000000000004
llama-3-8b,heavy,16,32,all,target,12,0.15,0.19999999999999998
llama-3-8b,heavy,16,32,all,combined,12,0.05,0.10000000000000002
qwen2.5-7b,heavy,14,28,all,context,12,0.35,0.30000000000000004
qwen2.5-7b,heavy,14,28,all,target,12,0.05,0.10000000000000002
qwen2.5-7b,heavy,14,28,all,combined,12,0.1,0.20000000000000004
llama-3-8b,hesitated,16,32,all,context,12,0.35,0.3741657386773941
llama-3-8b,hesitated,16,32,all,target,12,0.4,0.37416573867739417
llama-3-8b,hesitated,16,32,all,combined,12,0.25,0.22360679774997896
qwen2.5-7b,hesitated,14,28,all,context,12,0.45,0.33166247903553997
qwen2.5-7b,hesitated,14,28,all,target,12,0.45,0.4
qwen2.5-7b,hesitated,14,28,all,combined,12,0.6,0.37416573867739417
llama-3-8b,hope,16,32,all,context,12,0.15,0.19999999999999998
llama-3-8b,hope,16,32,all,target,12,0.45,0.24494897427831783
llama-3-8b,hope,16,32,all,combined,12,0.45,0.24494897427831783
qwen2.5-7b,hope,14,28,all,context,12,0.2,0.24494897427831783
qwen2.5-7b,hope,14,28,all,target,12,0.45,0.4
qwen2.5-7b,hope,14,28,all,combined,12,0.2,0.24494897427831783
llama-3-8b,humor,16,32,all,context,12,0.4,0.37416573867739417
llama-3-8b,humor,16,32,all,target,12,0.6,0.2
llama-3-8b,humor,16,32,all,combined,12,0.45,0.33166247903554
qwen2.5-7b,humor,14,28,all,context,12,0.3,0.39999999999999997
qwen2.5-7b,humor,14,28,all,target,12,0.6,0.2
qwen2.5-7b,humor,14,28,all,combined,12,0.5,0.31622776601683794
llama-3-8b,ignored,16,32,all,context,12,0.1,0.20000000000000004
llama-3-8b,ignored,16,32,all,target,12,0.45,0.2449489742783178
llama-3-8b,ignored,16,32,all,combined,12,0.25,0.31622776601683794
qwen2.5-7b,ignored,14,28,all,context,12,0.2,0.24494897427831783
qwen2.5-7b,ignored,14,28,all,target,12,0.35,0.30000000000000004
qwen2.5-7b,ignored,14,28,all,combined,12,0.5,0.31622776601683794
llama-3-8b,imagination,16,32,all,context,12,0.2,0.24494897427831783
llama-3-8b,imagination,16,32,all,target,12,0.45,0.24494897427831783
llama-3-8b,imagination,16,32,all,combined,12,0.35,0.30000000000000004
qwen2.5-7b,imagination,14,28,all,context,12,0.15,0.30000000000000004
qwen2.5-7b,imagination,14,28,all,target,12,0.45,0.24494897427831783
qwen2.5-7b,imagination,14,28,all,combined,12,0.35,0.30000000000000004
llama-3-8b,impact,16,32,all,context,12,1.0,0.0
llama-3-8b,impact,16,32,all,target,12,0.7,0.2449489742783178
llama-3-8b,impact,16,32,all,combined,12,0.75,0.22360679774997896
qwen2.5-7b,impact,14,28,all,context,12,0.9,0.20000000000000004
qwen2.5-7b,impact,14,28,all,target,12,0.7,0.2449489742783178
qwen2.5-7b,impact,14,28,all,combined,12,0.7,0.2449489742783178
llama-3-8b,incident,16,32,all,context,12,0.9,0.2
llama-3-8b,incident,16,32,all,target,12,1.0,0.0
llama-3-8b,incident,16,32,all,combined,12,1.0,0.0
qwen2.5-7b,incident,14,28,all,context,12,0.8,0.2449489742783178
qwen2.5-7b,incident,14,28,all,target,12,0.9,0.2
qwen2.5-7b,incident,14,28,all,combined,12,0.95,0.09999999999999999
llama-3-8b,included,16,32,all,context,12,0.0,0.0
llama-3-8b,included,16,32,all,target,12,0.85,0.2
llama-3-8b,included,16,32,all,combined,12,0.45,0.24494897427831783
qwen2.5-7b,included,14,28,all,context,12,0.1,0.2
qwen2.5-7b,included,14,28,all,target,12,0.5,0.31622776601683794
qwen2.5-7b,included,14,28,all,combined,12,0.35,0.2
llama-3-8b,indicated,16,32,all,context,12,0.45,0.24494897427831783
llama-3-8b,indicated,16,32,all,target,12,0.7,0.2449489742783178
llama-3-8b,indicated,16,32,all,combined,12,0.6,0.20000000000000004
qwen2.5-7b,indicated,14,28,all,context,12,0.45,0.24494897427831783
qwen2.5-7b,indicated,14,28,all,target,12,0.4,0.37416573867739417
qwen2.5-7b,indicated,14,28,all,combined,12,0.45,0.24494897427831783
llama-3-8b,instant,16,32,all,context,12,0.6,0.37416573867739417
llama-3-8b,instant,16,32,all,target,12,0.85,0.2
llama-3-8b,instant,16,32,all,combined,12,0.75,0.22360679774997896
qwen2.5-7b,instant,14,28,all,context,12,0.45,0.4
qwen2.5-7b,instant,14,28,all,target,12,0.75,0.22360679774997896
qwen2.5-7b,instant,14,28,all,combined,12,0.75,0.22360679774997896
llama-3-8b,instructed,16,32,all,context,12,0.15,0.19999999999999998
llama-3-8b,instructed,16,32,all,target,12,0.4,0.37416573867739417
llama-3-8b,instructed,16,32,all,combined,12,0.5,0.31622776601683794
qwen2.5-7b,instructed,14,28,all,context,12,0.4,0.2
qwen2.5-7b,instructed,14,28,all,target,12,0.4,0.2
qwen2.5-7b,instructed,14,28,all,combined,12,0.35,0.2
llama-3-8b,justify,16,32,all,context,12,0.5,0.0
llama-3-8b,justify,16,32,all,target,12,0.7,0.2449489742783178
llama-3-8b,justify,16,32,all,combined,12,0.65,0.2
qwen2.5-7b,justify,14,28,all,context,12,0.6,0.2
qwen2.5-7b,justify,14,28,all,target,12,0.6,0.37416573867739417
qwen2.5-7b,justify,14,28,all,combined,12,0.6,0.2
llama-3-8b,laid,16,32,all,context,12,0.65,0.2
llama-3-8b,laid,16,32,all,target,12,0.55,0.33166247903554
llama-3-8b,laid,16,32,all,combined,12,0.45,0.4
qwen2.5-7b,laid,14,28,all,context,12,0.35,0.30000000000000004
qwen2.5-7b,laid,14,28,all,target,12,0.4,0.20000000000000004
qwen2.5-7b,laid,14,28,all,combined,12,0.25,0.31622776601683794
llama-3-8b,leadership,16,32,all,context,12,0.1,0.20000000000000004
llama-3-8b,leadership,16,32,all,target,12,0.35,0.30000000000000004
llama-3-8b,leadership,16,32,all,combined,12,0.4,0.37416573867739417
qwen2.5-7b,leadership,14,28,all,context,12,0.3,0.39999999999999997
qwen2.5-7b,leadership,14,28,all,target,12,0.4,0.37416573867739417
qwen2.5-7b,leadership,14,28,all,combined,12,0.4,0.37416573867739417
llama-3-8b,lifted,16,32,all,context,12,0.2,0.24494897427831783
llama-3-8b,lifted,16,32,all,target,12,0.05,0.10000000000000002
llama-3-8b,lifted,16,32,all,combined,12,0.1,0.2
qwen2.5-7b,lifted,14,28,all,context,12,0.3,0.24494897427831783
qwen2.5-7b,lifted,14,28,all,target,12,0.0,0.0
qwen2.5-7b,lifted,14,28,all,combined,12,0.0,0.0
llama-3-8b,limit,16,32,all,context,12,0.8,0.2449489742783178
llama-3-8b,limit,16,32,all,target,12,0.8,0.2449489742783178
llama-3-8b,limit,16,32,all,combined,12,0.8,0.2449489742783178
qwen2.5-7b,limit,14,28,all,context,12,0.7,0.2449489742783178
qwen2.5-7b,limit,14,28,all,target,12,0.8,0.2449489742783178
qwen2.5-7b,limit,14,28,all,combined,12,0.7,0.2449489742783178
llama-3-8b,listen,16,32,all,context,12,0.7,0.2449489742783178
llama-3-8b,listen,16,32,all,target,12,0.25,0.22360679774997896
llama-3-8b,listen,16,32,all,combined,12,0.45,0.33166247903554
qwen2.5-7b,listen,14,28,all,context,12,0.7,0.2449489742783178
qwen2.5-7b,listen,14,28,all,target,12,0.3,0.24494897427831783
qwen2.5-7b,listen,14,28,all,combined,12,0.7,0.2449489742783178
llama-3-8b,literature,16,32,all,context,12,0.55,0.09999999999999999
llama-3-8b,literature,16,32,all,target,12,0.55,0.33166247903554
llama-3-8b,literature,16,32,all,combined,12,0.4,0.20000000000000004
qwen2.5-7b,literature,14,28,all,context,12,0.65,0.2
qwen2.5-7b,literature,14,28,all,target,12,0.5,0.0
qwen2.5-7b,literature,14,28,all,combined,12,0.65,0.2
llama-3-8b,love,16,32,all,context,12,0.3,0.39999999999999997
llama-3-8b,love,16,32,all,target,12,0.9,0.2
llama-3-8b,love,16,32,all,combined,12,0.8,0.2449489742783178
qwen2.5-7b,love,14,28,all,context,12,0.25,0.31622776601683794
qwen2.5-7b,love,14,28,all,target,12,0.8,0.2449489742783178
qwen2.5-7b,love,14,28,all,combined,12,0.7,0.4
llama-3-8b,maintain,16,32,all,context,12,0.3,0.24494897427831783
llama-3-8b,maintain,16,32,all,target,12,0.3,0.24494897427831783
llama-3-8b,maintain,16,32,all,combined,12,0.2,0.24494897427831783
qwen2.5-7b,maintain,14,28,all,context,12,0.6,0.37416573867739417
qwen2.5-7b,maintain,14,28,all,target,12,0.45,0.24494897427831783
qwen2.5-7b,maintain,14,28,all,combined,12,0.45,0.39999999999999997
llama-3-8b,market,16,32,all,context,12,0.4,0.2
llama-3-8b,market,16,32,all,target,12,0.55,0.33166247903554
llama-3-8b,market,16,32,all,combined,12,0.35,0.30000000000000004
qwen2.5-7b,market,14,28,all,context,12,0.4,0.20000000000000004
qwen2.5-7b,market,14,28,all,target,12,0.45,0.4
qwen2.5-7b,market,14,28,all,combined,12,0.3,0.39999999999999997
llama-3-8b,measured,16,32,all,context,12,0.4,0.37416573867739417
llama-3-8b,measured,16,32,all,target,12,0.4,0.37416573867739417
llama-3-8b,measured,16,32,all,combined,12,0.4,0.37416573867739417
qwen2.5-7b,measured,14,28,all,context,12,0.6,0.2
qwen2.5-7b,measured,14,28,all,target,12,0.45,0.33166247903554
qwen2.5-7b,measured,14,28,all,combined,12,0.75,0.22360679774997896
llama-3-8b,message,16,32,all,context,12,0.2,0.24494897427831783
llama-3-8b,message,16,32,all,target,12,0.2,0.24494897427831783
llama-3-8b,message,16,32,all,combined,12,0.2,0.24494897427831783
qwen2.5-7b,message,14,28,all,context,12,0.2,0.24494897427831783
qwen2.5-7b,message,14,28,all,target,12,0.1,0.20000000000000004
qwen2.5-7b,message,14,28,all,combined,12,0.2,0.24494897427831783
llama-3-8b,moved,16,32,all,context,12,0.45,0.2449489742783178
llama-3-8b,moved,16,32,all,target,12,0.5,0.31622776601683794
llama-3-8b,moved,16,32,all,combined,12,0.5,0.0
qwen2.5-7b,moved,14,28,all,context,12,0.35,0.30000000000000004
qwen2.5-7b,moved,14,28,all,target,12,0.4,0.20000000000000004
qwen2.5-7b,moved,14,28,all,combined,12,0.6,0.2
llama-3-8b,opened,16,32,all,context,12,0.85,0.2
llama-3-8b,opened,16,32,all,target,12,0.75,0.3872983346207417
llama-3-8b,opened,16,32,all,combined,12,0.75,0.22360679774997896
qwen2.5-7b,opened,14,28,all,context,12,0.65,0.2
qwen2.5-7b,opened,14,28,all,target,12,0.8,0.4
qwen2.5-7b,opened,14,28,all,combined,12,0.65,0.2
llama-3-8b,painting,16,32,all,context,12,0.05,0.10000000000000002
llama-3-8b,painting,16,32,all,target,12,0.75,0.22360679774997896
llama-3-8b,painting,16,32,all,combined,12,0.45,0.24494897427831783
qwen2.5-7b,painting,14,28,all,context,12,0.25,0.31622776601683794
qwen2.5-7b,painting,14,28,all,target,12,0.6,0.20000000000000004
qwen2.5-7b,painting,14,28,all,combined,12,0.45,0.24494897427831783
llama-3-8b,percentage,16,32,all,context,12,0.35,0.3741657386773941
llama-3-8b,percentage,16,32,all,target,12,0.25,0.31622776601683794
llama-3-8b,percentage,16,32,all,combined,12,0.35,0.43588989435406733
qwen2.5-7b,percentage,14,28,all,context,12,0.5,0.31622776601683794
qwen2.5-7b,percentage,14,28,all,target,12,0.45,0.4
qwen2.5-7b,percentage,14,28,all,combined,12,0.4,0.37416573867739417
llama-3-8b,perform,16,32,all,context,12,0.6,0.37416573867739417
llama-3-8b,perform,16,32,all,target,12,0.6,0.37416573867739417
llama-3-8b,perform,16,32,all,combined,12,0.7,0.4
qwen2.5-7b,perform,14,28,all,context,12,0.9,0.2
qwen2.5-7b,perform,14,28,all,target,12,0.5,0.4472135954999579
qwen2.5-7b,perform,14,28,all,combined,12,0.8,0.2449489742783178
llama-3-8b,play,16,32,all,context,12,0.8,0.4
llama-3-8b,play,16,32,all,target,12,1.0,0.0
llama-3-8b,play,16,32,all,combined,12,0.8,0.4
qwen2.5-7b,play,14,28,all,context,12,0.7,0.4
qwen2.5-7b,play,14,28,all,target,12,0.9,0.2
qwen2.5-7b,play,14,28,all,combined,12,0.8,0.4
llama-3-8b,please,16,32,all,context,12,0.5,0.0
llama-3-8b,please,16,32,all,target,12,0.8,0.2449489742783178
llama-3-8b,please,16,32,all,combined,12,0.8,0.2449489742783178
qwen2.5-7b,please,14,28,all,context,12,0.45,0.33166247903553997
qwen2.5-7b,please,14,28,all,target,12,0.8,0.2449489742783178
qwen2.5-7b,please,14,28,all,combined,12,0.7,0.2449489742783178
llama-3-8b,produced,16,32,all,context,12,0.2,0.24494897427831783
llama-3-8b,produced,16,32,all,target,12,0.15,0.19999999999999998
llama-3-8b,produced,16,32,all,combined,12,0.05,0.10000000000000002
qwen2.5-7b,produced,14,28,all,context,12,0.25,0.22360679774997896
qwen2.5-7b,produced,14,28,all,target,12,0.0,0.0
qwen2.5-7b,produced,14,28,all,combined,12,0.05,0.10000000000000002
llama-3-8b,quiet,16,32,all,context,12,0.15,0.19999999999999998
llama-3-8b,quiet,16,32,all,target,12,0.45,0.39999999999999997
llama-3-8b,quiet,16,32,all,combined,12,0.3,0.39999999999999997
qwen2.5-7b,quiet,14,28,all,context,12,0.3,0.24494897427831783
qwen2.5-7b,quiet,14,28,all,target,12,0.45,0.39999999999999997
qwen2.5-7b,quiet,14,28,all,combined,12,0.3,0.39999999999999997
llama-3-8b,radio,16,32,all,context,12,0.2,0.24494897427831783
llama-3-8b,radio,16,32,all,target,12,0.85,0.2
llama-3-8b,radio,16,32,all,combined,12,0.8,0.2449489742783178
qwen2.5-7b,radio,14,28,all,context,12,0.2,0.24494897427831783
qwen2.5-7b,radio,14,28,all,target,12,0.95,0.09999999999999999
qwen2.5-7b,radio,14,28,all,combined,12,0.75,0.22360679774997896
llama-3-8b,reflected,16,32,all,context,12,0.65,0.2
llama-3-8b,reflected,16,32,all,target,12,0.85,0.2
llama-3-8b,reflected,16,32,all,combined,12,0.75,0.22360679774997896
qwen2.5-7b,reflected,14,28,all,context,12,0.65,0.2
qwen2.5-7b,reflected,14,28,all,target,12,0.85,0.2
qwen2.5-7b,reflected,14,28,all,combined,12,0.75,0.22360679774997896
llama-3-8b,relief,16,32,all,context,12,0.7,0.2449489742783178
llama-3-8b,relief,16,32,all,target,12,0.5,0.31622776601683794
llama-3-8b,relief,16,32,all,combined,12,0.45,0.10000000000000002
qwen2.5-7b,relief,14,28,all,context,12,0.6,0.2
qwen2.5-7b,relief,14,28,all,target,12,0.55,0.2449489742783178
qwen2.5-7b,relief,14,28,all,combined,12,0.6,0.2
llama-3-8b,reminded,16,32,all,context,12,0.35,0.2
llama-3-8b,reminded,16,32,all,target,12,0.65,0.30000000000000004
llama-3-8b,reminded,16,32,all,combined,12,0.65,0.30000000000000004
qwen2.5-7b,reminded,14,28,all,context,12,0.3,0.24494897427831783
qwen2.5-7b,reminded,14,28,all,target,12,0.65,0.30000000000000004
qwen2.5-7b,reminded,14,28,all,combined,12,0.55,0.2449489742783178
llama-3-8b,rendered,16,32,all,context,12,0.4,0.37416573867739417
llama-3-8b,rendered,16,32,all,target,12,1.0,0.0
llama-3-8b,rendered,16,32,all,combined,12,0.5,0.4472135954999579
qwen2.5-7b,rendered,14,28,all,context,12,0.3,0.24494897427831783
qwen2.5-7b,rendered,14,28,all,target,12,0.6,0.37416573867739417
qwen2.5-7b,rendered,14,28,all,combined,12,0.4,0.37416573867739417
llama-3-8b,require,16,32,all,context,12,0.4,0.37416573867739417
llama-3-8b,require,16,32,all,target,12,0.9,0.20000000000000004
llama-3-8b,require,16,32,all,combined,12,0.8,0.2449489742783178
qwen2.5-7b,require,14,28,all,context,12,0.4,0.37416573867739417
qwen2.5-7b,require,14,28,all,target,12,0.9,0.20000000000000004
qwen2.5-7b,require,14,28,all,combined,12,0.5,0.4472135954999579
llama-3-8b,return,16,32,all,context,12,0.7,0.4
llama-3-8b,return,16,32,all,target,12,1.0,0.0
llama-3-8b,return,16,32,all,combined,12,0.9,0.2
qwen2.5-7b,return,14,28,all,context,12,0.6,0.48989794855663565
qwen2.5-7b,return,14,28,all,target,12,1.0,0.0
qwen2.5-7b,return,14,28,all,combined,12,0.9,0.2
llama-3-8b,revealed,16,32,all,context,12,0.45,0.24494897427831783
llama-3-8b,revealed,16,32,all,target,12,0.4,0.2
llama-3-8b,revealed,16,32,all,combined,12,0.4,0.2
qwen2.5-7b,revealed,14,28,all,context,12,0.25,0.31622776601683794
qwen2.5-7b,revealed,14,28,all,target,12,0.45,0.24494897427831783
qwen2.5-7b,revealed,14,28,all,combined,12,0.3,0.24494897427831783
llama-3-8b,rose,16,32,all,context,12,0.4,0.37416573867739417
llama-3-8b,rose,16,32,all,target,12,0.45,0.4
llama-3-8b,rose,16,32,all,combined,12,0.4,0.37416573867739417
qwen2.5-7b,rose,14,28,all,context,12,0.4,0.37416573867739417
qwen2.5-7b,rose,14,28,all,target,12,0.5,0.31622776601683794
qwen2.5-7b,rose,14,28,all,combined,12,0.4,0.37416573867739417
llama-3-8b,role,16,32,all,context,12,0.75,0.22360679774997896
llama-3-8b,role,16,32,all,target,12,0.85,0.2
llama-3-8b,role,16,32,all,combined,12,0.85,0.2
qwen2.5-7b,role,14,28,all,context,12,0.85,0.2
qwen2.5-7b,role,14,28,all,target,12,0.9,0.20000000000000004
qwen2.5-7b,role,14,28,all,combined,12,0.85,0.2
llama-3-8b,rolled,16,32,all,context,12,0.5,0.31622776601683794
llama-3-8b,rolled,16,32,all,target,12,0.45,0.33166247903554
llama-3-8b,rolled,16,32,all,combined,12,0.25,0.3872983346207417
qwen2.5-7b,rolled,14,28,all,context,12,0.3,0.39999999999999997
qwen2.5-7b,rolled,14,28,all,target,12,0.5,0.31622776601683794
qwen2.5-7b,rolled,14,28,all,combined,12,0.25,0.3872983346207417
llama-3-8b,satisfy,16,32,all,context,12,0.25,0.31622776601683794
llama-3-8b,satisfy,16,32,all,target,12,0.15,0.19999999999999998
llama-3-8b,satisfy,16,32,all,combined,12,0.2,0.24494897427831783
qwen2.5-7b,satisfy,14,28,all,context,12,0.15,0.19999999999999998
qwen2.5-7b,satisfy,14,28,all,target,12,0.2,0.4000000000000001
qwen2.5-7b,satisfy,14,28,all,combined,12,0.25,0.3872983346207417
llama-3-8b,sensitive,16,32,all,context,12,0.9,0.2
llama-3-8b,sensitive,16,32,all,target,12,0.7,0.4
llama-3-8b,sensitive,16,32,all,combined,12,0.75,0.3872983346207417
qwen2.5-7b,sensitive,14,28,all,context,12,0.9,0.2
qwen2.5-7b,sensitive,14,28,all,target,12,0.8,0.4
qwen2.5-7b,sensitive,14,28,all,combined,12,0.8,0.4
llama-3-8b,service,16,32,all,context,12,0.4,0.48989794855663565
llama-3-8b,service,16,32,all,target,12,0.65,0.3741657386773941
llama-3-8b,service,16,32,all,combined,12,0.7,0.4
qwen2.5-7b,service,14,28,all,context,12,0.6,0.37416573867739417
qwen2.5-7b,service,14,28,all,target,12,0.7,0.4
qwen2.5-7b,service,14,28,all,combined,12,0.5,0.4472135954999579
llama-3-8b,share,16,32,all,context,12,0.7,0.4
llama-3-8b,share,16,32,all,target,12,0.9,0.2
llama-3-8b,share,16,32,all,combined,12,0.7,0.4
qwen2.5-7b,share,14,28,all,context,12,0.4,0.37416573867739417
qwen2.5-7b,share,14,28,all,target,12,0.7,0.4
qwen2.5-7b,share,14,28,all,combined,12,0.7,0.4
llama-3-8b,significance,16,32,all,context,12,0.1,0.20000000000000004
llama-3-8b,significance,16,32,all,target,12,0.85,0.2
llama-3-8b,significance,16,32,all,combined,12,0.55,0.33166247903554
qwen2.5-7b,significance,14,28,all,context,12,0.0,0.0
qwen2.5-7b,significance,14,28,all,target,12,0.65,0.3741657386773941
qwen2.5-7b,significance,14,28,all,combined,12,0.4,0.37416573867739417
llama-3-8b,skill,16,32,all,context,12,0.3,0.39999999999999997
llama-3-8b,skill,16,32,all,target,12,0.5,0.31622776601683794
llama-3-8b,skill,16,32,all,combined,12,0.25,0.31622776601683794
qwen2.5-7b,skill,14,28,all,context,12,0.25,0.31622776601683794
qwen2.5-7b,skill,14,28,all,target,12,0.3,0.39999999999999997
qwen2.5-7b,skill,14,28,all,combined,12,0.4,0.37416573867739417
llama-3-8b,speak,16,32,all,context,12,0.05,0.10000000000000002
llama-3-8b,speak,16,32,all,target,12,0.45,0.4
llama-3-8b,speak,16,32,all,combined,12,0.3,0.24494897427831783
qwen2.5-7b,speak,14,28,all,context,12,0.05,0.10000000000000002
qwen2.5-7b,speak,14,28,all,target,12,0.6,0.48989794855663565
qwen2.5-7b,speak,14,28,all,combined,12,0.25,0.22360679774997896
llama-3-8b,speech,16,32,all,context,12,0.45,0.24494897427831783
llama-3-8b,speech,16,32,all,target,12,0.8,0.2449489742783178
llama-3-8b,speech,16,32,all,combined,12,0.8,0.2449489742783178
qwen2.5-7b,speech,14,28,all,context,12,0.5,0.31622776601683794
qwen2.5-7b,speech,14,28,all,target,12,0.7,0.4
qwen2.5-7b,speech,14,28,all,combined,12,0.7,0.4
llama-3-8b,sponsored,16,32,all,context,12,0.5,0.31622776601683794
llama-3-8b,sponsored,16,32,all,target,12,0.2,0.24494897427831783
llama-3-8b,sponsored,16,32,all,combined,12,0.2,0.24494897427831783
qwen2.5-7b,sponsored,14,28,all,context,12,0.4,0.37416573867739417
qwen2.5-7b,sponsored,14,28,all,target,12,0.25,0.31622776601683794
qwen2.5-7b,sponsored,14,28,all,combined,12,0.3,0.39999999999999997
llama-3-8b,square,16,32,all,context,12,0.85,0.2
llama-3-8b,square,16,32,all,target,12,0.85,0.2
llama-3-8b,square,16,32,all,combined,12,1.0,0.0
qwen2.5-7b,square,14,28,all,context,12,0.75,0.3872983346207417
qwen2.5-7b,square,14,28,all,target,12,0.65,0.2
qwen2.5-7b,square,14,28,all,combined,12,0.75,0.22360679774997896
llama-3-8b,stories,16,32,all,context,12,0.7,0.4
llama-3-8b,stories,16,32,all,target,12,1.0,0.0
llama-3-8b,stories,16,32,all,combined,12,0.9,0.20000000000000004
qwen2.5-7b,stories,14,28,all,context,12,0.6,0.48989794855663565
qwen2.5-7b,stories,14,28,all,target,12,0.9,0.20000000000000004
qwen2.5-7b,stories,14,28,all,combined,12,0.9,0.20000000000000004
llama-3-8b,strength,16,32,all,context,12,0.6,0.20000000000000004
llama-3-8b,strength,16,32,all,target,12,0.8,0.2449489742783178
llama-3-8b,strength,16,32,all,combined,12,0.75,0.22360679774997896
qwen2.5-7b,strength,14,28,all,context,12,0.6,0.20000000000000004
qwen2.5-7b,strength,14,28,all,target,12,0.8,0.2449489742783178
qwen2.5-7b,strength,14,28,all,combined,12,0.75,0.22360679774997896
llama-3-8b,student,16,32,all,context,12,0.9,0.2
llama-3-8b,student,16,32,all,target,12,0.65,0.3741657386773941
llama-3-8b,student,16,32,all,combined,12,0.7,0.4
qwen2.5-7b,student,14,28,all,context,12,0.7,0.2449489742783178
qwen2.5-7b,student,14,28,all,target,12,0.6,0.37416573867739417
qwen2.5-7b,student,14,28,all,combined,12,0.65,0.2
llama-3-8b,subject,16,32,all,context,12,0.65,0.2
llama-3-8b,subject,16,32,all,target,12,0.65,0.3741657386773941
llama-3-8b,subject,16,32,all,combined,12,0.75,0.22360679774997896
qwen2.5-7b,subject,14,28,all,context,12,0.65,0.2
qwen2.5-7b,subject,14,28,all,target,12,0.75,0.22360679774997896
qwen2.5-7b,subject,14,28,all,combined,12,0.65,0.2
llama-3-8b,succeeded,16,32,all,context,12,0.65,0.2
llama-3-8b,succeeded,16,32,all,target,12,0.9,0.20000000000000004
llama-3-8b,succeeded,16,32,all,combined,12,0.9,0.20000000000000004
qwen2.5-7b,succeeded,14,28,all,context,12,0.55,0.33166247903554
qwen2.5-7b,succeeded,14,28,all,target,12,0.9,0.20000000000000004
qwen2.5-7b,succeeded,14,28,all,combined,12,0.9,0.20000000000000004
llama-3-8b,tossed,16,32,all,context,12,0.75,0.22360679774997896
llama-3-8b,tossed,16,32,all,target,12,0.85,0.2
llama-3-8b,tossed,16,32,all,combined,12,0.8,0.2449489742783178
qwen2.5-7b,tossed,14,28,all,context,12,0.75,0.22360679774997896
qwen2.5-7b,tossed,14,28,all,target,12,0.85,0.2
qwen2.5-7b,tossed,14,28,all,combined,12,0.85,0.2
llama-3-8b,travel,16,32,all,context,12,0.45,0.39999999999999997
llama-3-8b,travel,16,32,all,target,12,0.9,0.2
llama-3-8b,travel,16,32,all,combined,12,0.75,0.22360679774997896
qwen2.5-7b,travel,14,28,all,context,12,0.4,0.37416573867739417
qwen2.5-7b,travel,14,28,all,target,12,0.65,0.2
qwen2.5-7b,travel,14,28,all,combined,12,0.4,0.37416573867739417
llama-3-8b,tried,16,32,all,context,12,0.5,0.31622776601683794
llama-3-8b,tried,16,32,all,target,12,0.3,0.24494897427831783
llama-3-8b,tried,16,32,all,combined,12,0.6,0.37416573867739417
qwen2.5-7b,tried,14,28,all,context,12,0.3,0.39999999999999997
qwen2.5-7b,tried,14,28,all,target,12,0.3,0.24494897427831783
qwen2.5-7b,tried,14,28,all,combined,12,0.5,0.31622776601683794
llama-3-8b,units,16,32,all,context,12,0.9,0.2
llama-3-8b,units,16,32,all,target,12,0.9,0.2
llama-3-8b,units,16,32,all,combined,12,0.9,0.2
qwen2.5-7b,units,14,28,all,context,12,0.8,0.2449489742783178
qwen2.5-7b,units,14,28,all,target,12,0.9,0.2
qwen2.5-7b,units,14,28,all,combined,12,0.9,0.2
llama-3-8b,up,16,32,all,context,12,0.7,0.2449489742783178
llama-3-8b,up,16,32,all,target,12,0.9,0.20000000000000004
llama-3-8b,up,16,32,all,combined,12,0.8,0.2449489742783178
qwen2.5-7b,up,14,28,all,context,12,0.45,0.10000000000000002
qwen2.5-7b,up,14,28,all,target,12,0.9,0.20000000000000004
qwen2.5-7b,up,14,28,all,combined,12,0.8,0.2449489742783178
llama-3-8b,variation,16,32,all,context,12,0.85,0.2
llama-3-8b,variation,16,32,all,target,12,0.75,0.22360679774997896
llama-3-8b,variation,16,32,all,combined,12,0.85,0.2
qwen2.5-7b,variation,14,28,all,context,12,0.85,0.2
qwen2.5-7b,variation,14,28,all,target,12,0.65,0.2
qwen2.5-7b,variation,14,28,all,combined,12,0.75,0.22360679774997896
llama-3-8b,vote,16,32,all,context,12,0.4,0.2
llama-3-8b,vote,16,32,all,target,12,0.7,0.4
llama-3-8b,vote,16,32,all,combined,12,0.6,0.37416573867739417
qwen2.5-7b,vote,14,28,all,context,12,0.3,0.24494897427831783
qwen2.5-7b,vote,14,28,all,target,12,0.65,0.2
qwen2.5-7b,vote,14,28,all,combined,12,0.5,0.31622776601683794
llama-3-8b,want,16,32,all,context,12,0.75,0.22360679774997896
llama-3-8b,want,16,32,all,target,12,0.75,0.3872983346207417
llama-3-8b,want,16,32,all,combined,12,0.75,0.22360679774997896
qwen2.5-7b,want,14,28,all,context,12,0.4,0.2
qwen2.5-7b,want,14,28,all,target,12,0.7,0.2449489742783178
qwen2.5-7b,want,14,28,all,combined,12,0.6,0.37416573867739417
llama-3-8b,young,16,32,all,context,12,0.75,0.22360679774997896
llama-3-8b,young,16,32,all,target,12,0.7,0.2449489742783178
llama-3-8b,young,16,32,all,combined,12,0.75,0.22360679774997896
qwen2.5-7b,young,14,28,all,context,12,0.65,0.2
qwen2.5-7b,young,14,28,all,target,12,0.65,0.2
qwen2.5-7b,young,14,28,all,combined,12,0.75,0.22360679774997896
llama-3-8b,about,16,32,all,context,10,0.6,0.37416573867739417
llama-3-8b,about,16,32,all,target,10,1.0,0.0
llama-3-8b,about,16,32,all,combined,10,1.0,0.0
qwen2.5-7b,about,14,28,all,context,10,0.5,0.4472135954999579
qwen2.5-7b,about,14,28,all,target,10,1.0,0.0
qwen2.5-7b,about,14,28,all,combined,10,1.0,0.0
llama-3-8b,accompanied,16,32,all,context,10,0.5,0.31622776601683794
llama-3-8b,accompanied,16,32,all,target,10,0.4,0.37416573867739417
llama-3-8b,accompanied,16,32,all,combined,10,0.4,0.37416573867739417
qwen2.5-7b,accompanied,14,28,all,context,10,0.5,0.31622776601683794
qwen2.5-7b,accompanied,14,28,all,target,10,0.4,0.37416573867739417
qwen2.5-7b,accompanied,14,28,all,combined,10,0.5,0.31622776601683794
llama-3-8b,active,16,32,all,context,10,0.8,0.2449489742783178
llama-3-8b,active,16,32,all,target,10,0.9,0.2
llama-3-8b,active,16,32,all,combined,10,0.9,0.2
qwen2.5-7b,active,14,28,all,context,10,0.6,0.37416573867739417
qwen2.5-7b,active,14,28,all,target,10,0.9,0.20000000000000004
qwen2.5-7b,active,14,28,all,combined,10,0.8,0.2449489742783178
llama-3-8b,aegean,16,32,all,context,10,0.5,0.31622776601683794
llama-3-8b,aegean,16,32,all,target,10,0.1,0.2
llama-3-8b,aegean,16,32,all,combined,10,0.3,0.39999999999999997
qwen2.5-7b,aegean,14,28,all,context,10,0.7,0.2449489742783178
qwen2.5-7b,aegean,14,28,all,target,10,0.1,0.2
qwen2.5-7b,aegean,14,28,all,combined,10,0.2,0.24494897427831783
llama-3-8b,agreement,16,32,all,context,10,0.5,0.4472135954999579
llama-3-8b,agreement,16,32,all,target,10,0.7,0.4
llama-3-8b,agreement,16,32,all,combined,10,0.7,0.4
qwen2.5-7b,agreement,14,28,all,context,10,0.5,0.4472135954999579
qwen2.5-7b,agreement,14,28,all,target,10,0.4,0.37416573867739417
qwen2.5-7b,agreement,14,28,all,combined,10,0.7,0.4
llama-3-8b,ahead,16,32,all,context,10,0.7,0.4
llama-3-8b,ahead,16,32,all,target,10,0.6,0.20000000000000004
llama-3-8b,ahead,16,32,all,combined,10,0.7,0.4
qwen2.5-7b,ahead,14,28,all,context,10,0.3,0.39999999999999997
qwen2.5-7b,ahead,14,28,all,target,10,0.7,0.2449489742783178
qwen2.5-7b,ahead,14,28,all,combined,10,0.7,0.2449489742783178
llama-3-8b,apart,16,32,all,context,10,0.4,0.48989794855663565
llama-3-8b,apart,16,32,all,target,10,0.8,0.2449489742783178
llama-3-8b,apart,16,32,all,combined,10,0.8,0.2449489742783178
qwen2.5-7b,apart,14,28,all,context,10,0.2,0.24494897427831783
qwen2.5-7b,apart,14,28,all,target,10,0.8,0.2449489742783178
qwen2.5-7b,apart,14,28,all,combined,10,0.5,0.4472135954999579
llama-3-8b,application,16,32,all,context,10,0.6,0.37416573867739417
llama-3-8b,application,16,32,all,target,10,0.8,0.2449489742783178
llama-3-8b,application,16,32,all,combined,10,0.7,0.4
qwen2.5-7b,application,14,28,all,context,10,0.7,0.4
qwen2.5-7b,application,14,28,all,target,10,0.5,0.4472135954999579
qwen2.5-7b,application,14,28,all,combined,10,0.7,0.4
llama-3-8b,argued,16,32,all,context,10,0.2,0.24494897427831783
llama-3-8b,argued,16,32,all,target,10,0.5,0.31622776601683794
llama-3-8b,argued,16,32,all,combined,10,0.4,0.37416573867739417
qwen2.5-7b,argued,14,28,all,context,10,0.2,0.24494897427831783
qwen2.5-7b,argued,14,28,all,target,10,0.4,0.37416573867739417
qwen2.5-7b,argued,14,28,all,combined,10,0.2,0.24494897427831783
llama-3-8b,asserted,16,32,all,context,10,0.2,0.24494897427831783
llama-3-8b,asserted,16,32,all,target,10,0.0,0.0
llama-3-8b,asserted,16,32,all,combined,10,0.1,0.2
qwen2.5-7b,asserted,14,28,all,context,10,0.2,0.24494897427831783
qwen2.5-7b,asserted,14,28,all,target,10,0.2,0.24494897427831783
qwen2.5-7b,asserted,14,28,all,combined,10,0.1,0.2
llama-3-8b,assumption,16,32,all,context,10,0.3,0.24494897427831783
llama-3-8b,assumption,16,32,all,target,10,0.6,0.37416573867739417
llama-3-8b,assumption,16,32,all,combined,10,0.6,0.37416573867739417
qwen2.5-7b,assumption,14,28,all,context,10,0.2,0.24494897427831783
qwen2.5-7b,assumption,14,28,all,target,10,0.7,0.2449489742783178
qwen2.5-7b,assumption,14,28,all,combined,10,0.4,0.37416573867739417
llama-3-8b,assured,16,32,all,context,10,0.1,0.20000000000000004
llama-3-8b,assured,16,32,all,target,10,0.3,0.24494897427831783
llama-3-8b,assured,16,32,all,combined,10,0.1,0.2
qwen2.5-7b,assured,14,28,all,context,10,0.3,0.24494897427831783
qwen2.5-7b,assured,14,28,all,target,10,0.0,0.0
qwen2.5-7b,assured,14,28,all,combined,10,0.2,0.24494897427831783
llama-3-8b,attack,16,32,all,context,10,0.2,0.24494897427831783
llama-3-8b,attack,16,32,all,target,10,1.0,0.0
llama-3-8b,attack,16,32,all,combined,10,0.8,0.2449489742783178
qwen2.5-7b,attack,14,28,all,context,10,0.1,0.20000000000000004
qwen2.5-7b,attack,14,28,all,target,10,0.9,0.20000000000000004
qwen2.5-7b,attack,14,28,all,combined,10,0.6,0.2
llama-3-8b,background,16,32,all,context,10,0.4,0.37416573867739417
llama-3-8b,background,16,32,all,target,10,0.8,0.2449489742783178
llama-3-8b,background,16,32,all,combined,10,0.6,0.37416573867739417
qwen2.5-7b,background,14,28,all,context,10,0.3,0.39999999999999997
qwen2.5-7b,background,14,28,all,target,10,0.8,0.2449489742783178
qwen2.5-7b,background,14,28,all,combined,10,0.6,0.37416573867739417
llama-3-8b,band,16,32,all,context,10,0.4,0.37416573867739417
llama-3-8b,band,16,32,all,target,10,0.8,0.2449489742783178
llama-3-8b,band,16,32,all,combined,10,0.7,0.2449489742783178
qwen2.5-7b,band,14,28,all,context,10,0.2,0.24494897427831783
qwen2.5-7b,band,14,28,all,target,10,0.8,0.4000000000000001
qwen2.5-7b,band,14,28,all,combined,10,0.4,0.20000000000000004
llama-3-8b,begin,16,32,all,context,10,0.2,0.24494897427831783
llama-3-8b,begin,16,32,all,target,10,0.6,0.2
llama-3-8b,begin,16,32,all,combined,10,0.3,0.24494897427831783
qwen2.5-7b,begin,14,28,all,context,10,0.1,0.2
qwen2.5-7b,begin,14,28,all,target,10,0.6,0.20000000000000004
qwen2.5-7b,begin,14,28,all,combined,10,0.4,0.2
llama-3-8b,bent,16,32,all,context,10,0.2,0.24494897427831783
llama-3-8b,bent,16,32,all,target,10,0.5,0.31622776601683794
llama-3-8b,bent,16,32,all,combined,10,0.4,0.37416573867739417
qwen2.5-7b,bent,14,28,all,context,10,0.6,0.2
qwen2.5-7b,bent,14,28,all,target,10,0.4,0.37416573867739417
qwen2.5-7b,bent,14,28,all,combined,10,0.6,0.2
llama-3-8b,benefit,16,32,all,context,10,0.7,0.2449489742783178
llama-3-8b,benefit,16,32,all,target,10,1.0,0.0
llama-3-8b,benefit,16,32,all,combined,10,0.9,0.20000000000000004
qwen2.5-7b,benefit,14,28,all,context,10,0.8,0.4000000000000001
qwen2.5-7b,benefit,14,28,all,target,10,0.8,0.2449489742783178
qwen2.5-7b,benefit,14,28,all,combined,10,0.9,0.20000000000000004
llama-3-8b,board,16,32,all,context,10,1.0,0.0
llama-3-8b,board,16,32,all,target,10,1.0,0.0
llama-3-8b,board,16,32,all,combined,10,1.0,0.0
qwen2.5-7b,board,14,28,all,context,10,0.9,0.20000000000000004
qwen2.5-7b,board,14,28,all,target,10,1.0,0.0
qwen2.5-7b,board,14,28,all,combined,10,1.0,0.0
llama-3-8b,books,16,32,all,context,10,0.5,0.31622776601683794
llama-3-8b,books,16,32,all,target,10,0.3,0.24494897427831783
llama-3-8b,books,16,32,all,combined,10,0.4,0.2
qwen2.5-7b,books,14,28,all,context,10,0.5,0.31622776601683794
qwen2.5-7b,books,14,28,all,target,10,0.5,0.31622776601683794
qwen2.5-7b,books,14,28,all,combined,10,0.5,0.31622776601683794
llama-3-8b,bother,16,32,all,context,10,0.3,0.24494897427831783
llama-3-8b,bother,16,32,all,target,10,1.0,0.0
llama-3-8b,bother,16,32,all,combined,10,1.0,0.0
qwen2.5-7b,bother,14,28,all,context,10,0.3,0.24494897427831783
qwen2.5-7b,bother,14,28,all,target,10,1.0,0.0
qwen2.5-7b,bother,14,28,all,combined,10,1.0,0.0
llama-3-8b,bottom,16,32,all,context,10,0.5,0.4472135954999579
llama-3-8b,bottom,16,32,all,target,10,0.7,0.4
llama-3-8b,bottom,16,32,all,combined,10,0.7,0.4
qwen2.5-7b,bottom,14,28,all,context,10,0.4,0.2
qwen2.5-7b,bottom,14,28,all,target,10,0.5,0.31622776601683794
qwen2.5-7b,bottom,14,28,all,combined,10,0.6,0.2
llama-3-8b,branch,16,32,all,context,10,0.9,0.20000000000000004
llama-3-8b,branch,16,32,all,target,10,0.9,0.2
llama-3-8b,branch,16,32,all,combined,10,1.0,0.0
qwen2.5-7b,branch,14,28,all,context,10,0.9,0.20000000000000004
qwen2.5-7b,branch,14,28,all,target,10,1.0,0.0
qwen2.5-7b,branch,14,28,all,combined,10,0.9,0.20000000000000004
llama-3-8b,care,16,32,all,context,10,0.5,0.31622776601683794
llama-3-8b,care,16,32,all,target,10,0.9,0.2
llama-3-8b,care,16,32,all,combined,10,0.8,0.2449489742783178
qwen2.5-7b,care,14,28,all,context,10,0.5,0.4472135954999579
qwen2.5-7b,care,14,28,all,target,10,0.9,0.2
qwen2.5-7b,care,14,28,all,combined,10,0.7,0.4
llama-3-8b,caught,16,32,all,context,10,0.2,0.24494897427831783
llama-3-8b,caught,16,32,all,target,10,0.7,0.2449489742783178
llama-3-8b,caught,16,32,all,combined,10,0.6,0.20000000000000004
qwen2.5-7b,caught,14,28,all,context,10,0.4,0.20000000000000004
qwen2.5-7b,caught,14,28,all,target,10,0.7,0.2449489742783178
qwen2.5-7b,caught,14,28,all,combined,10,0.5,0.31622776601683794
llama-3-8b,chance,16,32,all,context,10,0.4,0.48989794855663565
llama-3-8b,chance,16,32,all,target,10,0.5,0.31622776601683794
llama-3-8b,chance,16,32,all,combined,10,0.3,0.39999999999999997
qwen2.5-7b,chance,14,28,all,context,10,0.4,0.37416573867739417
qwen2.5-7b,chance,14,28,all,target,10,0.4,0.37416573867739417
qwen2.5-7b,chance,14,28,all,combined,10,0.4,0.37416573867739417
llama-3-8b,characteristic,16,32,all,context,10,0.4,0.37416573867739417
llama-3-8b,characteristic,16,32,all,target,10,0.6,0.48989794855663565
llama-3-8b,characteristic,16,32,all,combined,10,0.4,0.37416573867739417
qwen2.5-7b,characteristic,14,28,all,context,10,0.6,0.2
qwen2.5-7b,characteristic,14,28,all,target,10,0.5,0.31622776601683794
qwen2.5-7b,characteristic,14,28,all,combined,10,0.5,0.31622776601683794
llama-3-8b,characterized,16,32,all,context,10,0.2,0.24494897427831783
llama-3-8b,characterized,16,32,all,target,10,0.5,0.31622776601683794
llama-3-8b,characterized,16,32,all,combined,10,0.3,0.4
qwen2.5-7b,characterized,14,28,all,context,10,0.1,0.2
qwen2.5-7b,characterized,14,28,all,target,10,0.5,0.31622776601683794
qwen2.5-7b,characterized,14,28,all,combined,10,0.4,0.37416573867739417
llama-3-8b,chemical,16,32,all,context,10,0.0,0.0
llama-3-8b,chemical,16,32,all,target,10,0.0,0.0
llama-3-8b,chemical,16,32,all,combined,10,0.0,0.0
qwen2.5-7b,chemical,14,28,all,context,10,0.2,0.24494897427831783
qwen2.5-7b,chemical,14,28,all,target,10,0.2,0.24494897427831783
qwen2.5-7b,chemical,14,28,all,combined,10,0.3,0.24494897427831783
llama-3-8b,chose,16,32,all,context,10,0.5,0.4472135954999579
llama-3-8b,chose,16,32,all,target,10,0.4,0.37416573867739417
llama-3-8b,chose,16,32,all,combined,10,0.5,0.4472135954999579
qwen2.5-7b,chose,14,28,all,context,10,0.4,0.37416573867739417
qwen2.5-7b,chose,14,28,all,target,10,0.3,0.39999999999999997
qwen2.5-7b,chose,14,28,all,combined,10,0.4,0.37416573867739417
llama-3-8b,circles,16,32,all,context,10,0.6,0.37416573867739417
llama-3-8b,circles,16,32,all,target,10,0.9,0.2
llama-3-8b,circles,16,32,all,combined,10,0.8,0.2449489742783178
qwen2.5-7b,circles,14,28,all,context,10,0.7,0.4
qwen2.5-7b,circles,14,28,all,target,10,1.0,0.0
qwen2.5-7b,circles,14,28,all,combined,10,0.9,0.20000000000000004
llama-3-8b,class,16,32,all,context,10,0.4,0.37416573867739417
llama-3-8b,class,16,32,all,target,10,0.6,0.37416573867739417
llama-3-8b,class,16,32,all,combined,10,0.4,0.37416573867739417
qwen2.5-7b,class,14,28,all,context,10,0.3,0.39999999999999997
qwen2.5-7b,class,14,28,all,target,10,0.8,0.2449489742783178
qwen2.5-7b,class,14,28,all,combined,10,0.6,0.2
llama-3-8b,classification,16,32,all,context,10,0.6,0.2
llama-3-8b,classification,16,32,all,target,10,0.3,0.24494897427831783
llama-3-8b,classification,16,32,all,combined,10,0.6,0.2
qwen2.5-7b,classification,14,28,all,context,10,0.3,0.24494897427831783
qwen2.5-7b,classification,14,28,all,target,10,0.5,0.31622776601683794
qwen2.5-7b,classification,14,28,all,combined,10,0.4,0.37416573867739417
llama-3-8b,close,16,32,all,context,10,0.3,0.24494897427831783
llama-3-8b,close,16,32,all,target,10,1.0,0.0
llama-3-8b,close,16,32,all,combined,10,1.0,0.0
qwen2.5-7b,close,14,28,all,context,10,0.2,0.24494897427831783
qwen2.5-7b,close,14,28,all,target,10,1.0,0.0
qwen2.5-7b,close,14,28,all,combined,10,0.7,0.2449489742783178
llama-3-8b,communicate,16,32,all,context,10,0.1,0.2
llama-3-8b,communicate,16,32,all,target,10,0.5,0.31622776601683794
llama-3-8b,communicate,16,32,all,combined,10,0.1,0.2
qwen2.5-7b,communicate,14,28,all,context,10,0.2,0.24494897427831783
qwen2.5-7b,communicate,14,28,all,target,10,0.2,0.24494897427831783
qwen2.5-7b,communicate,14,28,all,combined,10,0.1,0.2
llama-3-8b,communications,16,32,all,context,10,0.1,0.2
llama-3-8b,communications,16,32,all,target,10,0.2,0.24494897427831783
llama-3-8b,communications,16,32,all,combined,10,0.1,0.2
qwen2.5-7b,communications,14,28,all,context,10,0.1,0.2
qwen2.5-7b,communications,14,28,all,target,10,0.2,0.24494897427831783
qwen2.5-7b,communications,14,28,all,combined,10,0.0,0.0
llama-3-8b,compared,16,32,all,context,10,0.0,0.0
llama-3-8b,compared,16,32,all,target,10,0.0,0.0
llama-3-8b,compared,16,32,all,combined,10,0.0,0.0
qwen2.5-7b,compared,14,28,all,context,10,0.2,0.4
qwen2.5-7b,compared,14,28,all,target,10,0.0,0.0
qwen2.5-7b,compared,14,28,all,combined,10,0.0,0.0
llama-3-8b,complex,16,32,all,context,10,0.6,0.37416573867739417
llama-3-8b,complex,16,32,all,target,10,0.7,0.2449489742783178
llama-3-8b,complex,16,32,all,combined,10,0.7,0.2449489742783178
qwen2.5-7b,complex,14,28,all,context,10,0.6,0.37416573867739417
qwen2.5-7b,complex,14,28,all,target,10,0.6,0.37416573867739417
qwen2.5-7b,complex,14,28,all,combined,10,0.6,0.37416573867739417
llama-3-8b,components,16,32,all,context,10,0.7,0.4
llama-3-8b,components,16,32,all,target,10,0.3,0.39999999999999997
llama-3-8b,components,16,32,all,combined,10,0.4,0.37416573867739417
qwen2.5-7b,components,14,28,all,context,10,0.5,0.31622776601683794
qwen2.5-7b,components,14,28,all,target,10,0.4,0.37416573867739417
qwen2.5-7b,components,14,28,all,combined,10,0.4,0.37416573867739417
llama-3-8b,concerned,16,32,all,context,10,0.1,0.2
llama-3-8b,concerned,16,32,all,target,10,0.7,0.2449489742783178
llama-3-8b,concerned,16,32,all,combined,10,0.4,0.37416573867739417
qwen2.5-7b,concerned,14,28,all,context,10,0.2,0.4
qwen2.5-7b,concerned,14,28,all,target,10,0.7,0.2449489742783178
qwen2.5-7b,concerned,14,28,all,combined,10,0.4,0.37416573867739417
llama-3-8b,cool,16,32,all,context,10,0.7,0.4
llama-3-8b,cool,16,32,all,target,10,0.9,0.20000000000000004
llama-3-8b,cool,16,32,all,combined,10,0.8,0.2449489742783178
qwen2.5-7b,cool,14,28,all,context,10,0.7,0.2449489742783178
qwen2.5-7b,cool,14,28,all,target,10,0.9,0.20000000000000004
qwen2.5-7b,cool,14,28,all,combined,10,0.8,0.2449489742783178
llama-3-8b,couple,16,32,all,context,10,0.0,0.0
llama-3-8b,couple,16,32,all,target,10,0.0,0.0
llama-3-8b,couple,16,32,all,combined,10,0.0,0.0
qwen2.5-7b,couple,14,28,all,context,10,0.1,0.2
qwen2.5-7b,couple,14,28,all,target,10,0.2,0.24494897427831783
qwen2.5-7b,couple,14,28,all,combined,10,0.0,0.0
llama-3-8b,credit,16,32,all,context,10,0.9,0.2
llama-3-8b,credit,16,32,all,target,10,0.8,0.2449489742783178
llama-3-8b,credit,16,32,all,combined,10,0.8,0.2449489742783178
qwen2.5-7b,credit,14,28,all,context,10,0.7,0.4
qwen2.5-7b,credit,14,28,all,target,10,0.7,0.2449489742783178
qwen2.5-7b,credit,14,28,all,combined,10,0.7,0.2449489742783178
llama-3-8b,crisis,16,32,all,context,10,0.1,0.2
llama-3-8b,crisis,16,32,all,target,10,0.1,0.2
llama-3-8b,crisis,16,32,all,combined,10,0.1,0.2
qwen2.5-7b,crisis,14,28,all,context,10,0.1,0.2
qwen2.5-7b,crisis,14,28,all,target,10,0.2,0.24494897427831783
qwen2.5-7b,crisis,14,28,all,combined,10,0.1,0.2
llama-3-8b,critical,16,32,all,context,10,0.7,0.2449489742783178
llama-3-8b,critical,16,32,all,target,10,0.8,0.2449489742783178
llama-3-8b,critical,16,32,all,combined,10,1.0,0.0
qwen2.5-7b,critical,14,28,all,context,10,0.6,0.37416573867739417
qwen2.5-7b,critical,14,28,all,target,10,0.7,0.2449489742783178
qwen2.5-7b,critical,14,28,all,combined,10,0.9,0.2
llama-3-8b,cup,16,32,all,context,10,0.2,0.24494897427831783
llama-3-8b,cup,16,32,all,target,10,0.3,0.24494897427831783
llama-3-8b,cup,16,32,all,combined,10,0.3,0.39999999999999997
qwen2.5-7b,cup,14,28,all,context,10,0.3,0.24494897427831783
qwen2.5-7b,cup,14,28,all,target,10,0.4,0.20000000000000004
qwen2.5-7b,cup,14,28,all,combined,10,0.5,0.31622776601683794
llama-3-8b,curve,16,32,all,context,10,0.9,0.20000000000000004
llama-3-8b,curve,16,32,all,target,10,1.0,0.0
llama-3-8b,curve,16,32,all,combined,10,1.0,0.0
qwen2.5-7b,curve,14,28,all,context,10,0.8,0.2449489742783178
qwen2.5-7b,curve,14,28,all,target,10,1.0,0.0
qwen2.5-7b,curve,14,28,all,combined,10,1.0,0.0
llama-3-8b,dealing,16,32,all,context,10,0.7,0.2449489742783178
llama-3-8b,dealing,16,32,all,target,10,0.7,0.2449489742783178
llama-3-8b,dealing,16,32,all,combined,10,0.6,0.20000000000000004
qwen2.5-7b,dealing,14,28,all,context,10,0.6,0.2
qwen2.5-7b,dealing,14,28,all,target,10,0.6,0.20000000000000004
qwen2.5-7b,dealing,14,28,all,combined,10,0.7,0.2449489742783178
llama-3-8b,debate,16,32,all,context,10,0.8,0.2449489742783178
llama-3-8b,debate,16,32,all,target,10,0.8,0.2449489742783178
llama-3-8b,debate,16,32,all,combined,10,0.7,0.2449489742783178
qwen2.5-7b,debate,14,28,all,context,10,0.7,0.2449489742783178
qwen2.5-7b,debate,14,28,all,target,10,0.9,0.20000000000000004
qwen2.5-7b,debate,14,28,all,combined,10,0.8,0.2449489742783178
llama-3-8b,decision,16,32,all,context,10,0.2,0.24494897427831783
llama-3-8b,decision,16,32,all,target,10,0.1,0.2
llama-3-8b,decision,16,32,all,combined,10,0.2,0.24494897427831783
qwen2.5-7b,decision,14,28,all,context,10,0.1,0.2
qwen2.5-7b,decision,14,28,all,target,10,0.2,0.24494897427831783
qwen2.5-7b,decision,14,28,all,combined,10,0.1,0.2
llama-3-8b,defend,16,32,all,context,10,0.6,0.37416573867739417
llama-3-8b,defend,16,32,all,target,10,0.9,0.20000000000000004
llama-3-8b,defend,16,32,all,combined,10,0.7,0.2449489742783178
qwen2.5-7b,defend,14,28,all,context,10,0.8,0.2449489742783178
qwen2.5-7b,defend,14,28,all,target,10,0.8,0.2449489742783178
qwen2.5-7b,defend,14,28,all,combined,10,0.9,0.20000000000000004
llama-3-8b,destruction,16,32,all,context,10,0.2,0.4
llama-3-8b,destruction,16,32,all,target,10,0.3,0.4
llama-3-8b,destruction,16,32,all,combined,10,0.3,0.4
qwen2.5-7b,destruction,14,28,all,context,10,0.3,0.39999999999999997
qwen2.5-7b,destruction,14,28,all,target,10,0.2,0.24494897427831783
qwen2.5-7b,destruction,14,28,all,combined,10,0.3,0.4
llama-3-8b,detail,16,32,all,context,10,0.2,0.24494897427831783
llama-3-8b,detail,16,32,all,target,10,0.1,0.2
llama-3-8b,detail,16,32,all,combined,10,0.1,0.2
qwen2.5-7b,detail,14,28,all,context,10,0.6,0.20000000000000004
qwen2.5-7b,detail,14,28,all,target,10,0.1,0.2
qwen2.5-7b,detail,14,28,all,combined,10,0.5,0.31622776601683794
llama-3-8b,disaster,16,32,all,context,10,0.4,0.37416573867739417
llama-3-8b,disaster,16,32,all,target,10,0.4,0.20000000000000004
llama-3-8b,disaster,16,32,all,combined,10,0.2,0.24494897427831783
qwen2.5-7b,disaster,14,28,all,context,10,0.2,0.4
qwen2.5-7b,disaster,14,28,all,target,10,0.4,0.37416573867739417
qwen2.5-7b,disaster,14,28,all,combined,10,0.3,0.4
llama-3-8b,discrimination,16,32,all,context,10,0.4,0.37416573867739417
llama-3-8b,discrimination,16,32,all,target,10,0.8,0.2449489742783178
llama-3-8b,discrimination,16,32,all,combined,10,0.8,0.2449489742783178
qwen2.5-7b,discrimination,14,28,all,context,10,0.4,0.37416573867739417
qwen2.5-7b,discrimination,14,28,all,target,10,0.9,0.2
qwen2.5-7b,discrimination,14,28,all,combined,10,0.7,0.2449489742783178
llama-3-8b,distinction,16,32,all,context,10,0.8,0.2449489742783178
llama-3-8b,distinction,16,32,all,target,10,1.0,0.0
llama-3-8b,distinction,16,32,all,combined,10,0.9,0.2
qwen2.5-7b,distinction,14,28,all,context,10,0.6,0.2
qwen2.5-7b,distinction,14,28,all,target,10,0.9,0.2
qwen2.5-7b,distinction,14,28,all,combined,10,0.8,0.2449489742783178
llama-3-8b,drinking,16,32,all,context,10,0.6,0.20000000000000004
llama-3-8b,drinking,16,32,all,target,10,0.5,0.0
llama-3-8b,drinking,16,32,all,combined,10,0.5,0.0
qwen2.5-7b,drinking,14,28,all,context,10,0.6,0.20000000000000004
qwen2.5-7b,drinking,14,28,all,target,10,0.6,0.37416573867739417
qwen2.5-7b,drinking,14,28,all,combined,10,0.7,0.2449489742783178
llama-3-8b,drove,16,32,all,context,10,0.0,0.0
llama-3-8b,drove,16,32,all,target,10,0.3,0.24494897427831783
llama-3-8b,drove,16,32,all,combined,10,0.2,0.24494897427831783
qwen2.5-7b,drove,14,28,all,context,10,0.0,0.0
qwen2.5-7b,drove,14,28,all,target,10,0.2,0.24494897427831783
qwen2.5-7b,drove,14,28,all,combined,10,0.1,0.2
llama-3-8b,earn,16,32,all,context,10,0.6,0.37416573867739417
llama-3-8b,earn,16,32,all,target,10,0.5,0.4472135954999579
llama-3-8b,earn,16,32,all,combined,10,0.6,0.37416573867739417
qwen2.5-7b,earn,14,28,all,context,10,0.8,0.2449489742783178
qwen2.5-7b,earn,14,28,all,target,10,0.6,0.37416573867739417
qwen2.5-7b,earn,14,28,all,combined,10,0.7,0.4
llama-3-8b,eat,16,32,all,context,10,0.4,0.37416573867739417
llama-3-8b,eat,16,32,all,target,10,0.4,0.37416573867739417
llama-3-8b,eat,16,32,all,combined,10,0.2,0.4
qwen2.5-7b,eat,14,28,all,context,10,0.3,0.4
qwen2.5-7b,eat,14,28,all,target,10,0.4,0.48989794855663565
qwen2.5-7b,eat,14,28,all,combined,10,0.2,0.4
llama-3-8b,emerged,16,32,all,context,10,0.4,0.37416573867739417
llama-3-8b,emerged,16,32,all,target,10,0.4,0.48989794855663565
llama-3-8b,emerged,16,32,all,combined,10,0.2,0.4
qwen2.5-7b,emerged,14,28,all,context,10,0.4,0.20000000000000004
qwen2.5-7b,emerged,14,28,all,target,10,0.4,0.48989794855663565
qwen2.5-7b,emerged,14,28,all,combined,10,0.3,0.4
llama-3-8b,evil,16,32,all,context,10,0.1,0.2
llama-3-8b,evil,16,32,all,target,10,0.3,0.4
llama-3-8b,evil,16,32,all,combined,10,0.1,0.2
qwen2.5-7b,evil,14,28,all,context,10,0.0,0.0
qwen2.5-7b,evil,14,28,all,target,10,0.2,0.24494897427831783
qwen2.5-7b,evil,14,28,all,combined,10,0.1,0.2
llama-3-8b,examined,16,32,all,context,10,0.4,0.37416573867739417
llama-3-8b,examined,16,32,all,target,10,0.7,0.4
llama-3-8b,examined,16,32,all,combined,10,0.5,0.4472135954999579
qwen2.5-7b,examined,14,28,all,context,10,0.4,0.37416573867739417
qwen2.5-7b,examined,14,28,all,target,10,0.7,0.4
qwen2.5-7b,examined,14,28,all,combined,10,0.5,0.4472135954999579
llama-3-8b,extended,16,32,all,context,10,0.5,0.31622776601683794
llama-3-8b,extended,16,32,all,target,10,0.7,0.4
llama-3-8b,extended,16,32,all,combined,10,0.7,0.4
qwen2.5-7b,extended,14,28,all,context,10,0.4,0.37416573867739417
qwen2.5-7b,extended,14,28,all,target,10,0.5,0.31622776601683794
qwen2.5-7b,extended,14,28,all,combined,10,0.4,0.37416573867739417
llama-3-8b,factor,16,32,all,context,10,0.1,0.2
llama-3-8b,factor,16,32,all,target,10,0.4,0.48989794855663565
llama-3-8b,factor,16,32,all,combined,10,0.3,0.4
qwen2.5-7b,factor,14,28,all,context,10,0.2,0.4
qwen2.5-7b,factor,14,28,all,target,10,0.3,0.4
qwen2.5-7b,factor,14,28,all,combined,10,0.2,0.4
llama-3-8b,faith,16,32,all,context,10,0.5,0.31622776601683794
llama-3-8b,faith,16,32,all,target,10,0.2,0.4
llama-3-8b,faith,16,32,all,combined,10,0.4,0.37416573867739417
qwen2.5-7b,faith,14,28,all,context,10,0.4,0.20000000000000004
qwen2.5-7b,faith,14,28,all,target,10,0.2,0.4
qwen2.5-7b,faith,14,28,all,combined,10,0.2,0.24494897427831783
llama-3-8b,features,16,32,all,context,10,0.7,0.4
llama-3-8b,features,16,32,all,target,10,1.0,0.0
llama-3-8b,features,16,32,all,combined,10,1.0,0.0
qwen2.5-7b,features,14,28,all,context,10,0.4,0.37416573867739417
qwen2.5-7b,features,14,28,all,target,10,0.9,0.20000000000000004
qwen2.5-7b,features,14,28,all,combined,10,0.9,0.20000000000000004
llama-3-8b,feeding,16,32,all,context,10,0.6,0.37416573867739417
llama-3-8b,feeding,16,32,all,target,10,0.5,0.31622776601683794
llama-3-8b,feeding,16,32,all,combined,10,0.6,0.37416573867739417
qwen2.5-7b,feeding,14,28,all,context,10,0.7,0.4
qwen2.5-7b,feeding,14,28,all,target,10,0.4,0.37416573867739417
qwen2.5-7b,feeding,14,28,all,combined,10,0.5,0.4472135954999579
llama-3-8b,flesh,16,32,all,context,10,0.2,0.24494897427831783
llama-3-8b,flesh,16,32,all,target,10,0.4,0.20000000000000004
llama-3-8b,flesh,16,32,all,combined,10,0.5,0.31622776601683794
qwen2.5-7b,flesh,14,28,all,context,10,0.2,0.24494897427831783
qwen2.5-7b,flesh,14,28,all,target,10,0.3,0.24494897427831783
qwen2.5-7b,flesh,14,28,all,combined,10,0.5,0.4472135954999579
llama-3-8b,fraction,16,32,all,context,10,0.7,0.4
llama-3-8b,fraction,16,32,all,target,10,0.9,0.2
llama-3-8b,fraction,16,32,all,combined,10,1.0,0.0
qwen2.5-7b,fraction,14,28,all,context,10,0.8,0.2449489742783178
qwen2.5-7b,fraction,14,28,all,target,10,1.0,0.0
qwen2.5-7b,fraction,14,28,all,combined,10,1.0,0.0
llama-3-8b,frequencies,16,32,all,context,10,0.9,0.2
llama-3-8b,frequencies,16,32,all,target,10,0.8,0.2449489742783178
llama-3-8b,frequencies,16,32,all,combined,10,0.9,0.2
qwen2.5-7b,frequencies,14,28,all,context,10,0.7,0.2449489742783178
qwen2.5-7b,frequencies,14,28,all,target,10,0.8,0.2449489742783178
qwen2.5-7b,frequencies,14,28,all,combined,10,0.8,0.2449489742783178
llama-3-8b,generation,16,32,all,context,10,0.0,0.0
llama-3-8b,generation,16,32,all,target,10,0.4,0.37416573867739417
llama-3-8b,generation,16,32,all,combined,10,0.3,0.39999999999999997
qwen2.5-7b,generation,14,28,all,context,10,0.0,0.0
qwen2.5-7b,generation,14,28,all,target,10,0.5,0.31622776601683794
qwen2.5-7b,generation,14,28,all,combined,10,0.3,0.24494897427831783
llama-3-8b,government,16,32,all,context,10,0.6,0.2
llama-3-8b,government,16,32,all,target,10,0.4,0.20000000000000004
llama-3-8b,government,16,32,all,combined,10,0.5,0.31622776601683794
qwen2.5-7b,government,14,28,all,context,10,0.6,0.2
qwen2.5-7b,government,14,28,all,target,10,0.5,0.0
qwen2.5-7b,government,14,28,all,combined,10,0.6,0.2
llama-3-8b,granted,16,32,all,context,10,0.1,0.2
llama-3-8b,granted,16,32,all,target,10,0.3,0.24494897427831783
llama-3-8b,granted,16,32,all,combined,10,0.1,0.2
qwen2.5-7b,granted,14,28,all,context,10,0.3,0.39999999999999997
qwen2.5-7b,granted,14,28,all,target,10,0.2,0.4
qwen2.5-7b,granted,14,28,all,combined,10,0.2,0.4
llama-3-8b,greek,16,32,all,context,10,0.0,0.0
llama-3-8b,greek,16,32,all,target,10,0.4,0.20000000000000004
llama-3-8b,greek,16,32,all,combined,10,0.2,0.24494897427831783
qwen2.5-7b,greek,14,28,all,context,10,0.0,0.0
qwen2.5-7b,greek,14,28,all,target,10,0.4,0.20000000000000004
qwen2.5-7b,greek,14,28,all,combined,10,0.2,0.24494897427831783
llama-3-8b,head,16,32,all,context,10,0.5,0.0
llama-3-8b,head,16,32,all,target,10,0.9,0.2
llama-3-8b,head,16,32,all,combined,10,0.9,0.2
qwen2.5-7b,head,14,28,all,context,10,0.6,0.37416573867739417
qwen2.5-7b,head,14,28,all,target,10,0.9,0.2
qwen2.5-7b,head,14,28,all,combined,10,0.7,0.4
llama-3-8b,honor,16,32,all,context,10,0.2,0.24494897427831783
llama-3-8b,honor,16,32,all,target,10,0.5,0.0
llama-3-8b,honor,16,32,all,combined,10,0.2,0.24494897427831783
qwen2.5-7b,honor,14,28,all,context,10,0.2,0.24494897427831783
qwen2.5-7b,honor,14,28,all,target,10,0.4,0.37416573867739417
qwen2.5-7b,honor,14,28,all,combined,10,0.1,0.20000000000000004
llama-3-8b,horizon,16,32,all,context,10,0.7,0.2449489742783178
llama-3-8b,horizon,16,32,all,target,10,0.7,0.4
llama-3-8b,horizon,16,32,all,combined,10,0.8,0.2449489742783178
qwen2.5-7b,horizon,14,28,all,context,10,0.6,0.20000000000000004
qwen2.5-7b,horizon,14,28,all,target,10,0.8,0.2449489742783178
qwen2.5-7b,horizon,14,28,all,combined,10,0.9,0.2
llama-3-8b,host,16,32,all,context,10,0.6,0.37416573867739417
llama-3-8b,host,16,32,all,target,10,0.9,0.20000000000000004
llama-3-8b,host,16,32,all,combined,10,0.9,0.20000000000000004
qwen2.5-7b,host,14,28,all,context,10,0.7,0.2449489742783178
qwen2.5-7b,host,14,28,all,target,10,0.8,0.2449489742783178
qwen2.5-7b,host,14,28,all,combined,10,0.7,0.2449489742783178
llama-3-8b,hurry,16,32,all,context,10,0.8,0.4
llama-3-8b,hurry,16,32,all,target,10,0.1,0.2
llama-3-8b,hurry,16,32,all,combined,10,0.6,0.48989794855663565
qwen2.5-7b,hurry,14,28,all,context,10,0.9,0.2
qwen2.5-7b,hurry,14,28,all,target,10,0.0,0.0
qwen2.5-7b,hurry,14,28,all,combined,10,0.7,0.4
llama-3-8b,identified,16,32,all,context,10,0.3,0.24494897427831783
llama-3-8b,identified,16,32,all,target,10,0.5,0.31622776601683794
llama-3-8b,identified,16,32,all,combined,10,0.4,0.20000000000000004
qwen2.5-7b,identified,14,28,all,context,10,0.3,0.24494897427831783
qwen2.5-7b,identified,14,28,all,target,10,0.5,0.31622776601683794
qwen2.5-7b,identified,14,28,all,combined,10,0.3,0.24494897427831783
llama-3-8b,illusion,16,32,all,context,10,0.5,0.4472135954999579
llama-3-8b,illusion,16,32,all,target,10,0.5,0.31622776601683794
llama-3-8b,illusion,16,32,all,combined,10,0.4,0.48989794855663565
qwen2.5-7b,illusion,14,28,all,context,10,0.4,0.48989794855663565
qwen2.5-7b,illusion,14,28,all,target,10,0.5,0.4472135954999579
qwen2.5-7b,illusion,14,28,all,combined,10,0.4,0.48989794855663565
llama-3-8b,illustrated,16,32,all,context,10,0.5,0.31622776601683794
llama-3-8b,illustrated,16,32,all,target,10,0.8,0.2449489742783178
llama-3-8b,illustrated,16,32,all,combined,10,0.7,0.2449489742783178
qwen2.5-7b,illustrated,14,28,all,context,10,0.4,0.37416573867739417
qwen2.5-7b,illustrated,14,28,all,target,10,0.8,0.2449489742783178
qwen2.5-7b,illustrated,14,28,all,combined,10,0.6,0.2
llama-3-8b,image,16,32,all,context,10,0.2,0.4
llama-3-8b,image,16,32,all,target,10,0.2,0.4
llama-3-8b,image,16,32,all,combined,10,0.2,0.4
qwen2.5-7b,image,14,28,all,context,10,0.2,0.4
qwen2.5-7b,image,14,28,all,target,10,0.2,0.4
qwen2.5-7b,image,14,28,all,combined,10,0.2,0.4
llama-3-8b,imagine,16,32,all,context,10,0.0,0.0
llama-3-8b,imagine,16,32,all,target,10,0.2,0.24494897427831783
llama-3-8b,imagine,16,32,all,combined,10,0.2,0.24494897427831783
qwen2.5-7b,imagine,14,28,all,context,10,0.0,0.0
qwen2.5-7b,imagine,14,28,all,target,10,0.2,0.24494897427831783
qwen2.5-7b,imagine,14,28,all,combined,10,0.1,0.20000000000000004
llama-3-8b,immediately,16,32,all,context,10,0.6,0.37416573867739417
llama-3-8b,immediately,16,32,all,target,10,0.7,0.4
llama-3-8b,immediately,16,32,all,combined,10,0.7,0.4
qwen2.5-7b,immediately,14,28,all,context,10,0.8,0.2449489742783178
qwen2.5-7b,immediately,14,28,all,target,10,0.6,0.37416573867739417
qwen2.5-7b,immediately,14,28,all,combined,10,0.7,0.4
llama-3-8b,impressed,16,32,all,context,10,0.2,0.24494897427831783
llama-3-8b,impressed,16,32,all,target,10,0.4,0.37416573867739417
llama-3-8b,impressed,16,32,all,combined,10,0.3,0.24494897427831783
qwen2.5-7b,impressed,14,28,all,context,10,0.2,0.24494897427831783
qwen2.5-7b,impressed,14,28,all,target,10,0.2,0.24494897427831783
qwen2.5-7b,impressed,14,28,all,combined,10,0.2,0.24494897427831783
llama-3-8b,injury,16,32,all,context,10,0.5,0.0
llama-3-8b,injury,16,32,all,target,10,0.7,0.2449489742783178
llama-3-8b,injury,16,32,all,combined,10,0.6,0.2
qwen2.5-7b,injury,14,28,all,context,10,0.5,0.0
qwen2.5-7b,injury,14,28,all,target,10,0.7,0.2449489742783178
qwen2.5-7b,injury,14,28,all,combined,10,0.5,0.0
llama-3-8b,inspired,16,32,all,context,10,0.1,0.20000000000000004
llama-3-8b,inspired,16,32,all,target,10,0.0,0.0
llama-3-8b,inspired,16,32,all,combined,10,0.0,0.0
qwen2.5-7b,inspired,14,28,all,context,10,0.1,0.20000000000000004
qwen2.5-7b,inspired,14,28,all,target,10,0.0,0.0
qwen2.5-7b,inspired,14,28,all,combined,10,0.0,0.0
llama-3-8b,issue,16,32,all,context,10,0.4,0.37416573867739417
llama-3-8b,issue,16,32,all,target,10,0.8,0.2449489742783178
llama-3-8b,issue,16,32,all,combined,10,0.7,0.4
qwen2.5-7b,issue,14,28,all,context,10,0.4,0.37416573867739417
qwen2.5-7b,issue,14,28,all,target,10,0.8,0.2449489742783178
qwen2.5-7b,issue,14,28,all,combined,10,0.7,0.4
llama-3-8b,jumped,16,32,all,context,10,0.4,0.2
llama-3-8b,jumped,16,32,all,target,10,0.3,0.24494897427831783
llama-3-8b,jumped,16,32,all,combined,10,0.2,0.24494897427831783
qwen2.5-7b,jumped,14,28,all,context,10,0.5,0.4472135954999579
qwen2.5-7b,jumped,14,28,all,target,10,0.2,0.24494897427831783
qwen2.5-7b,jumped,14,28,all,combined,10,0.3,0.24494897427831783
llama-3-8b,killing,16,32,all,context,10,0.0,0.0
llama-3-8b,killing,16,32,all,target,10,0.5,0.0
llama-3-8b,killing,16,32,all,combined,10,0.3,0.24494897427831783
qwen2.5-7b,killing,14,28,all,context,10,0.2,0.24494897427831783
qwen2.5-7b,killing,14,28,all,target,10,0.7,0.2449489742783178
qwen2.5-7b,killing,14,28,all,combined,10,0.3,0.24494897427831783
llama-3-8b,knife,16,32,all,context,10,0.3,0.4
llama-3-8b,knife,16,32,all,target,10,0.2,0.24494897427831783
llama-3-8b,knife,16,32,all,combined,10,0.1,0.2
qwen2.5-7b,knife,14,28,all,context,10,0.5,0.4472135954999579
qwen2.5-7b,knife,14,28,all,target,10,0.4,0.37416573867739417
qwen2.5-7b,knife,14,28,all,combined,10,0.3,0.24494897427831783
llama-3-8b,legs,16,32,all,context,10,0.6,0.37416573867739417
llama-3-8b,legs,16,32,all,target,10,0.7,0.2449489742783178
llama-3-8b,legs,16,32,all,combined,10,0.7,0.2449489742783178
qwen2.5-7b,legs,14,28,all,context,10,0.5,0.4472135954999579
qwen2.5-7b,legs,14,28,all,target,10,0.8,0.2449489742783178
qwen2.5-7b,legs,14,28,all,combined,10,0.6,0.37416573867739417
llama-3-8b,located,16,32,all,context,10,0.7,0.2449489742783178
llama-3-8b,located,16,32,all,target,10,0.9,0.20000000000000004
llama-3-8b,located,16,32,all,combined,10,0.8,0.2449489742783178
qwen2.5-7b,located,14,28,all,context,10,0.6,0.37416573867739417
qwen2.5-7b,located,14,28,all,target,10,0.7,0.2449489742783178
qwen2.5-7b,located,14,28,all,combined,10,0.7,0.2449489742783178
llama-3-8b,maximum,16,32,all,context,10,0.1,0.2
llama-3-8b,maximum,16,32,all,target,10,0.1,0.2
llama-3-8b,maximum,16,32,all,combined,10,0.1,0.2
qwen2.5-7b,maximum,14,28,all,context,10,0.1,0.2
qwen2.5-7b,maximum,14,28,all,target,10,0.0,0.0
qwen2.5-7b,maximum,14,28,all,combined,10,0.0,0.0
llama-3-8b,metal,16,32,all,context,10,0.2,0.24494897427831783
llama-3-8b,metal,16,32,all,target,10,0.5,0.31622776601683794
llama-3-8b,metal,16,32,all,combined,10,0.5,0.31622776601683794
qwen2.5-7b,metal,14,28,all,context,10,0.3,0.24494897427831783
qwen2.5-7b,metal,14,28,all,target,10,0.3,0.24494897427831783
qwen2.5-7b,metal,14,28,all,combined,10,0.3,0.24494897427831783
llama-3-8b,nature,16,32,all,context,10,0.1,0.2
llama-3-8b,nature,16,32,all,target,10,0.8,0.4
llama-3-8b,nature,16,32,all,combined,10,0.5,0.4472135954999579
qwen2.5-7b,nature,14,28,all,context,10,0.5,0.31622776601683794
qwen2.5-7b,nature,14,28,all,target,10,1.0,0.0
qwen2.5-7b,nature,14,28,all,combined,10,0.6,0.37416573867739417
llama-3-8b,newspapers,16,32,all,context,10,0.1,0.20000000000000004
llama-3-8b,newspapers,16,32,all,target,10,0.1,0.20000000000000004
llama-3-8b,newspapers,16,32,all,combined,10,0.1,0.20000000000000004
qwen2.5-7b,newspapers,14,28,all,context,10,0.1,0.20000000000000004
qwen2.5-7b,newspapers,14,28,all,target,10,0.4,0.37416573867739417
qwen2.5-7b,newspapers,14,28,all,combined,10,0.1,0.2
llama-3-8b,nuclear,16,32,all,context,10,0.9,0.2
llama-3-8b,nuclear,16,32,all,target,10,0.9,0.20000000000000004
llama-3-8b,nuclear,16,32,all,combined,10,0.9,0.20000000000000004
qwen2.5-7b,nuclear,14,28,all,context,10,0.8,0.2449489742783178
qwen2.5-7b,nuclear,14,28,all,target,10,0.8,0.2449489742783178
qwen2.5-7b,nuclear,14,28,all,combined,10,0.9,0.20000000000000004
llama-3-8b,off,16,32,all,context,10,0.4,0.2
llama-3-8b,off,16,32,all,target,10,0.7,0.2449489742783178
llama-3-8b,off,16,32,all,combined,10,0.6,0.2
qwen2.5-7b,off,14,28,all,context,10,0.4,0.2
qwen2.5-7b,off,14,28,all,target,10,0.9,0.2
qwen2.5-7b,off,14,28,all,combined,10,0.7,0.4
llama-3-8b,on,16,32,all,context,10,0.3,0.24494897427831783
llama-3-8b,on,16,32,all,target,10,1.0,0.0
llama-3-8b,on,16,32,all,combined,10,0.9,0.20000000000000004
qwen2.5-7b,on,14,28,all,context,10,0.4,0.37416573867739417
qwen2.5-7b,on,14,28,all,target,10,0.9,0.20000000000000004
qwen2.5-7b,on,14,28,all,combined,10,0.6,0.37416573867739417
llama-3-8b,operation,16,32,all,context,10,0.3,0.24494897427831783
llama-3-8b,operation,16,32,all,target,10,0.8,0.2449489742783178
llama-3-8b,operation,16,32,all,combined,10,0.6,0.37416573867739417
qwen2.5-7b,operation,14,28,all,context,10,0.7,0.2449489742783178
qwen2.5-7b,operation,14,28,all,target,10,0.5,0.31622776601683794
qwen2.5-7b,operation,14,28,all,combined,10,0.7,0.2449489742783178
llama-3-8b,oppose,16,32,all,context,10,0.0,0.0
llama-3-8b,oppose,16,32,all,target,10,0.1,0.20000000000000004
llama-3-8b,oppose,16,32,all,combined,10,0.0,0.0
qwen2.5-7b,oppose,14,28,all,context,10,0.4,0.37416573867739417
qwen2.5-7b,oppose,14,28,all,target,10,0.2,0.24494897427831783
qwen2.5-7b,oppose,14,28,all,combined,10,0.2,0.24494897427831783
llama-3-8b,otherwise,16,32,all,context,10,0.3,0.24494897427831783
llama-3-8b,otherwise,16,32,all,target,10,0.4,0.37416573867739417
llama-3-8b,otherwise,16,32,all,combined,10,0.4,0.20000000000000004
qwen2.5-7b,otherwise,14,28,all,context,10,0.5,0.31622776601683794
qwen2.5-7b,otherwise,14,28,all,target,10,0.4,0.37416573867739417
qwen2.5-7b,otherwise,14,28,all,combined,10,0.5,0.31622776601683794
llama-3-8b,outlook,16,32,all,context,10,0.6,0.37416573867739417
llama-3-8b,outlook,16,32,all,target,10,0.8,0.2449489742783178
llama-3-8b,outlook,16,32,all,combined,10,0.7,0.2449489742783178
qwen2.5-7b,outlook,14,28,all,context,10,0.5,0.31622776601683794
qwen2.5-7b,outlook,14,28,all,target,10,0.8,0.2449489742783178
qwen2.5-7b,outlook,14,28,all,combined,10,0.7,0.2449489742783178
llama-3-8b,path,16,32,all,context,10,0.4,0.37416573867739417
llama-3-8b,path,16,32,all,target,10,0.6,0.20000000000000004
llama-3-8b,path,16,32,all,combined,10,0.6,0.48989794855663565
qwen2.5-7b,path,14,28,all,context,10,0.2,0.24494897427831783
qwen2.5-7b,path,14,28,all,target,10,0.6,0.37416573867739417
qwen2.5-7b,path,14,28,all,combined,10,0.5,0.4472135954999579
llama-3-8b,peace,16,32,all,context,10,0.0,0.0
llama-3-8b,peace,16,32,all,target,10,0.1,0.2
llama-3-8b,peace,16,32,all,combined,10,0.0,0.0
qwen2.5-7b,peace,14,28,all,context,10,0.0,0.0
qwen2.5-7b,peace,14,28,all,target,10,0.3,0.39999999999999997
qwen2.5-7b,peace,14,28,all,combined,10,0.0,0.0
llama-3-8b,physical,16,32,all,context,10,0.5,0.31622776601683794
llama-3-8b,physical,16,32,all,target,10,0.6,0.37416573867739417
llama-3-8b,physical,16,32,all,combined,10,0.5,0.4472135954999579
qwen2.5-7b,physical,14,28,all,context,10,0.3,0.24494897427831783
qwen2.5-7b,physical,14,28,all,target,10,0.8,0.4000000000000001
qwen2.5-7b,physical,14,28,all,combined,10,0.3,0.4
llama-3-8b,place,16,32,all,context,10,0.3,0.39999999999999997
llama-3-8b,place,16,32,all,target,10,1.0,0.0
llama-3-8b,place,16,32,all,combined,10,0.9,0.20000000000000004
qwen2.5-7b,place,14,28,all,context,10,0.6,0.2
qwen2.5-7b,place,14,28,all,target,10,0.9,0.20000000000000004
qwen2.5-7b,place,14,28,all,combined,10,0.9,0.20000000000000004
llama-3-8b,plans,16,32,all,context,10,0.2,0.24494897427831783
llama-3-8b,plans,16,32,all,target,10,1.0,0.0
llama-3-8b,plans,16,32,all,combined,10,1.0,0.0
qwen2.5-7b,plans,14,28,all,context,10,0.3,0.24494897427831783
qwen2.5-7b,plans,14,28,all,target,10,0.7,0.2449489742783178
qwen2.5-7b,plans,14,28,all,combined,10,0.6,0.37416573867739417
llama-3-8b,plenty,16,32,all,context,10,0.5,0.31622776601683794
llama-3-8b,plenty,16,32,all,target,10,0.6,0.2
llama-3-8b,plenty,16,32,all,combined,10,0.6,0.2
qwen2.5-7b,plenty,14,28,all,context,10,0.3,0.39999999999999997
qwen2.5-7b,plenty,14,28,all,target,10,0.5,0.31622776601683794
qwen2.5-7b,plenty,14,28,all,combined,10,0.4,0.37416573867739417
llama-3-8b,preserve,16,32,all,context,10,0.1,0.2
llama-3-8b,preserve,16,32,all,target,10,0.1,0.2
llama-3-8b,preserve,16,32,all,combined,10,0.1,0.2
qwen2.5-7b,preserve,14,28,all,context,10,0.2,0.4
qwen2.5-7b,preserve,14,28,all,target,10,0.1,0.2
qwen2.5-7b,preserve,14,28,all,combined,10,0.1,0.2
llama-3-8b,president,16,32,all,context,10,0.4,0.20000000000000004
llama-3-8b,president,16,32,all,target,10,0.9,0.2
llama-3-8b,president,16,32,all,combined,10,0.8,0.2449489742783178
qwen2.5-7b,president,14,28,all,context,10,0.1,0.2
qwen2.5-7b,president,14,28,all,target,10,1.0,0.0
qwen2.5-7b,president,14,28,all,combined,10,0.9,0.20000000000000004
llama-3-8b,pretending,16,32,all,context,10,0.4,0.37416573867739417
llama-3-8b,pretending,16,32,all,target,10,0.1,0.2
llama-3-8b,pretending,16,32,all,combined,10,0.1,0.2
qwen2.5-7b,pretending,14,28,all,context,10,0.5,0.31622776601683794
qwen2.5-7b,pretending,14,28,all,target,10,0.2,0.24494897427831783
qwen2.5-7b,pretending,14,28,all,combined,10,0.4,0.20000000000000004
llama-3-8b,principles,16,32,all,context,10,0.6,0.2
llama-3-8b,principles,16,32,all,target,10,1.0,0.0
llama-3-8b,principles,16,32,all,combined,10,0.7,0.2449489742783178
qwen2.5-7b,principles,14,28,all,context,10,0.5,0.0
qwen2.5-7b,principles,14,28,all,target,10,1.0,0.0
qwen2.5-7b,principles,14,28,all,combined,10,0.9,0.2
llama-3-8b,proceed,16,32,all,context,10,0.3,0.4
llama-3-8b,proceed,16,32,all,target,10,0.6,0.2
llama-3-8b,proceed,16,32,all,combined,10,0.2,0.24494897427831783
qwen2.5-7b,proceed,14,28,all,context,10,0.3,0.39999999999999997
qwen2.5-7b,proceed,14,28,all,target,10,0.5,0.31622776601683794
qwen2.5-7b,proceed,14,28,all,combined,10,0.2,0.24494897427831783
llama-3-8b,profession,16,32,all,context,10,0.1,0.2
llama-3-8b,profession,16,32,all,target,10,0.8,0.2449489742783178
llama-3-8b,profession,16,32,all,combined,10,0.5,0.31622776601683794
qwen2.5-7b,profession,14,28,all,context,10,0.1,0.2
qwen2.5-7b,profession,14,28,all,target,10,0.9,0.20000000000000004
qwen2.5-7b,profession,14,28,all,combined,10,0.4,0.37416573867739417
llama-3-8b,project,16,32,all,context,10,0.2,0.24494897427831783
llama-3-8b,project,16,32,all,target,10,1.0,0.0
llama-3-8b,project,16,32,all,combined,10,1.0,0.0
qwen2.5-7b,project,14,28,all,context,10,0.4,0.37416573867739417
qwen2.5-7b,project,14,28,all,target,10,1.0,0.0
qwen2.5-7b,project,14,28,all,combined,10,0.9,0.2
llama-3-8b,provided,16,32,all,context,10,0.4,0.2
llama-3-8b,provided,16,32,all,target,10,0.5,0.31622776601683794
llama-3-8b,provided,16,32,all,combined,10,0.4,0.2
qwen2.5-7b,provided,14,28,all,context,10,0.4,0.2
qwen2.5-7b,provided,14,28,all,target,10,0.1,0.2
qwen2.5-7b,provided,14,28,all,combined,10,0.2,0.24494897427831783
llama-3-8b,quantity,16,32,all,context,10,0.5,0.31622776601683794
llama-3-8b,quantity,16,32,all,target,10,0.8,0.2449489742783178
llama-3-8b,quantity,16,32,all,combined,10,0.7,0.2449489742783178
qwen2.5-7b,quantity,14,28,all,context,10,0.5,0.4472135954999579
qwen2.5-7b,quantity,14,28,all,target,10,1.0,0.0
qwen2.5-7b,quantity,14,28,all,combined,10,0.7,0.2449489742783178
llama-3-8b,quietly,16,32,all,context,10,0.3,0.39999999999999997
llama-3-8b,quietly,16,32,all,target,10,0.4,0.37416573867739417
llama-3-8b,quietly,16,32,all,combined,10,0.4,0.37416573867739417
qwen2.5-7b,quietly,14,28,all,context,10,0.2,0.24494897427831783
qwen2.5-7b,quietly,14,28,all,target,10,0.3,0.24494897427831783
qwen2.5-7b,quietly,14,28,all,combined,10,0.3,0.24494897427831783
llama-3-8b,range,16,32,all,context,10,0.4,0.37416573867739417
llama-3-8b,range,16,32,all,target,10,0.9,0.2
llama-3-8b,range,16,32,all,combined,10,0.7,0.2449489742783178
qwen2.5-7b,range,14,28,all,context,10,0.5,0.4472135954999579
qwen2.5-7b,range,14,28,all,target,10,0.8,0.2449489742783178
qwen2.5-7b,range,14,28,all,combined,10,0.8,0.2449489742783178
llama-3-8b,reaction,16,32,all,context,10,0.6,0.37416573867739417
llama-3-8b,reaction,16,32,all,target,10,0.9,0.2
llama-3-8b,reaction,16,32,all,combined,10,0.8,0.4
qwen2.5-7b,reaction,14,28,all,context,10,0.5,0.31622776601683794
qwen2.5-7b,reaction,14,28,all,target,10,0.7,0.4
qwen2.5-7b,reaction,14,28,all,combined,10,0.6,0.37416573867739417
llama-3-8b,recognition,16,32,all,context,10,0.5,0.31622776601683794
llama-3-8b,recognition,16,32,all,target,10,0.3,0.4
llama-3-8b,recognition,16,32,all,combined,10,0.3,0.4
qwen2.5-7b,recognition,14,28,all,context,10,0.6,0.2
qwen2.5-7b,recognition,14,28,all,target,10,0.3,0.4
qwen2.5-7b,recognition,14,28,all,combined,10,0.6,0.2
llama-3-8b,record,16,32,all,context,10,0.0,0.0
llama-3-8b,record,16,32,all,target,10,0.8,0.2449489742783178
llama-3-8b,record,16,32,all,combined,10,0.4,0.37416573867739417
qwen2.5-7b,record,14,28,all,context,10,0.2,0.24494897427831783
qwen2.5-7b,record,14,28,all,target,10,0.3,0.39999999999999997
qwen2.5-7b,record,14,28,all,combined,10,0.2,0.24494897427831783
llama-3-8b,recording,16,32,all,context,10,0.3,0.24494897427831783
llama-3-8b,recording,16,32,all,target,10,0.7,0.4
llama-3-8b,recording,16,32,all,combined,10,0.5,0.31622776601683794
qwen2.5-7b,recording,14,28,all,context,10,0.4,0.37416573867739417
qwen2.5-7b,recording,14,28,all,target,10,0.5,0.4472135954999579
qwen2.5-7b,recording,14,28,all,combined,10,0.4,0.37416573867739417
llama-3-8b,research,16,32,all,context,10,0.3,0.24494897427831783
llama-3-8b,research,16,32,all,target,10,0.4,0.2
llama-3-8b,research,16,32,all,combined,10,0.4,0.2
qwen2.5-7b,research,14,28,all,context,10,0.2,0.4
qwen2.5-7b,research,14,28,all,target,10,0.6,0.2
qwen2.5-7b,research,14,28,all,combined,10,0.4,0.2
llama-3-8b,resist,16,32,all,context,10,0.0,0.0
llama-3-8b,resist,16,32,all,target,10,0.0,0.0
llama-3-8b,resist,16,32,all,combined,10,0.0,0.0
qwen2.5-7b,resist,14,28,all,context,10,0.0,0.0
qwen2.5-7b,resist,14,28,all,target,10,0.0,0.0
qwen2.5-7b,resist,14,28,all,combined,10,0.0,0.0
llama-3-8b,rest,16,32,all,context,10,0.3,0.24494897427831783
llama-3-8b,rest,16,32,all,target,10,0.9,0.2
llama-3-8b,rest,16,32,all,combined,10,0.7,0.2449489742783178
qwen2.5-7b,rest,14,28,all,context,10,0.1,0.20000000000000004
qwen2.5-7b,rest,14,28,all,target,10,0.9,0.2
qwen2.5-7b,rest,14,28,all,combined,10,0.7,0.2449489742783178
llama-3-8b,reviewed,16,32,all,context,10,0.2,0.24494897427831783
llama-3-8b,reviewed,16,32,all,target,10,0.2,0.24494897427831783
llama-3-8b,reviewed,16,32,all,combined,10,0.1,0.2
qwen2.5-7b,reviewed,14,28,all,context,10,0.2,0.24494897427831783
qwen2.5-7b,reviewed,14,28,all,target,10,0.3,0.24494897427831783
qwen2.5-7b,reviewed,14,28,all,combined,10,0.1,0.2
llama-3-8b,rode,16,32,all,context,10,0.7,0.2449489742783178
llama-3-8b,rode,16,32,all,target,10,0.8,0.2449489742783178
llama-3-8b,rode,16,32,all,combined,10,0.7,0.2449489742783178
qwen2.5-7b,rode,14,28,all,context,10,0.7,0.2449489742783178
qwen2.5-7b,rode,14,28,all,target,10,0.9,0.2
qwen2.5-7b,rode,14,28,all,combined,10,0.8,0.2449489742783178
llama-3-8b,rock,16,32,all,context,10,0.5,0.0
llama-3-8b,rock,16,32,all,target,10,0.4,0.20000000000000004
llama-3-8b,rock,16,32,all,combined,10,0.4,0.20000000000000004
qwen2.5-7b,rock,14,28,all,context,10,0.2,0.24494897427831783
qwen2.5-7b,rock,14,28,all,target,10,0.5,0.31622776601683794
qwen2.5-7b,rock,14,28,all,combined,10,0.4,0.20000000000000004
llama-3-8b,safe,16,32,all,context,10,0.1,0.2
llama-3-8b,safe,16,32,all,target,10,0.6,0.48989794855663565
llama-3-8b,safe,16,32,all,combined,10,0.5,0.4472135954999579
qwen2.5-7b,safe,14,28,all,context,10,0.3,0.24494897427831783
qwen2.5-7b,safe,14,28,all,target,10,0.8,0.4
qwen2.5-7b,safe,14,28,all,combined,10,0.7,0.4
llama-3-8b,salt,16,32,all,context,10,0.0,0.0
llama-3-8b,salt,16,32,all,target,10,0.2,0.24494897427831783
llama-3-8b,salt,16,32,all,combined,10,0.1,0.2
qwen2.5-7b,salt,14,28,all,context,10,0.1,0.2
qwen2.5-7b,salt,14,28,all,target,10,0.2,0.24494897427831783
qwen2.5-7b,salt,14,28,all,combined,10,0.1,0.2
llama-3-8b,scene,16,32,all,context,10,0.1,0.2
llama-3-8b,scene,16,32,all,target,10,0.4,0.37416573867739417
llama-3-8b,scene,16,32,all,combined,10,0.3,0.39999999999999997
qwen2.5-7b,scene,14,28,all,context,10,0.1,0.2
qwen2.5-7b,scene,14,28,all,target,10,0.4,0.37416573867739417
qwen2.5-7b,scene,14,28,all,combined,10,0.2,0.4
llama-3-8b,score,16,32,all,context,10,0.9,0.2
llama-3-8b,score,16,32,all,target,10,0.9,0.2
llama-3-8b,score,16,32,all,combined,10,0.9,0.2
qwen2.5-7b,score,14,28,all,context,10,0.9,0.2
qwen2.5-7b,score,14,28,all,target,10,1.0,0.0
qwen2.5-7b,score,14,28,all,combined,10,0.9,0.2
llama-3-8b,self,16,32,all,context,10,0.4,0.37416573867739417
llama-3-8b,self,16,32,all,target,10,0.3,0.24494897427831783
llama-3-8b,self,16,32,all,combined,10,0.3,0.24494897427831783
qwen2.5-7b,self,14,28,all,context,10,0.4,0.37416573867739417
qwen2.5-7b,self,14,28,all,target,10,0.3,0.24494897427831783
qwen2.5-7b,self,14,28,all,combined,10,0.5,0.31622776601683794
llama-3-8b,separate,16,32,all,context,10,0.4,0.37416573867739417
llama-3-8b,separate,16,32,all,target,10,1.0,0.0
llama-3-8b,separate,16,32,all,combined,10,0.8,0.4000000000000001
qwen2.5-7b,separate,14,28,all,context,10,0.4,0.37416573867739417
qwen2.5-7b,separate,14,28,all,target,10,0.9,0.20000000000000004
qwen2.5-7b,separate,14,28,all,combined,10,0.6,0.37416573867739417
llama-3-8b,session,16,32,all,context,10,0.3,0.39999999999999997
llama-3-8b,session,16,32,all,target,10,0.2,0.24494897427831783
llama-3-8b,session,16,32,all,combined,10,0.2,0.24494897427831783
qwen2.5-7b,session,14,28,all,context,10,0.3,0.39999999999999997
qwen2.5-7b,session,14,28,all,target,10,0.2,0.24494897427831783
qwen2.5-7b,session,14,28,all,combined,10,0.2,0.24494897427831783
llama-3-8b,shoot,16,32,all,context,10,0.4,0.37416573867739417
llama-3-8b,shoot,16,32,all,target,10,0.1,0.2
llama-3-8b,shoot,16,32,all,combined,10,0.2,0.24494897427831783
qwen2.5-7b,shoot,14,28,all,context,10,0.5,0.31622776601683794
qwen2.5-7b,shoot,14,28,all,target,10,0.1,0.2
qwen2.5-7b,shoot,14,28,all,combined,10,0.5,0.31622776601683794
llama-3-8b,shop,16,32,all,context,10,0.5,0.4472135954999579
llama-3-8b,shop,16,32,all,target,10,1.0,0.0
llama-3-8b,shop,16,32,all,combined,10,1.0,0.0
qwen2.5-7b,shop,14,28,all,context,10,0.4,0.2
qwen2.5-7b,shop,14,28,all,target,10,1.0,0.0
qwen2.5-7b,shop,14,28,all,combined,10,0.9,0.2
llama-3-8b,sign,16,32,all,context,10,0.9,0.20000000000000004
llama-3-8b,sign,16,32,all,target,10,1.0,0.0
llama-3-8b,sign,16,32,all,combined,10,0.9,0.20000000000000004
qwen2.5-7b,sign,14,28,all,context,10,0.8,0.4000000000000001
qwen2.5-7b,sign,14,28,all,target,10,1.0,0.0
qwen2.5-7b,sign,14,28,all,combined,10,0.9,0.20000000000000004
llama-3-8b,similar,16,32,all,context,10,0.7,0.2449489742783178
llama-3-8b,similar,16,32,all,target,10,0.9,0.2
llama-3-8b,similar,16,32,all,combined,10,0.8,0.2449489742783178
qwen2.5-7b,similar,14,28,all,context,10,0.7,0.2449489742783178
qwen2.5-7b,similar,14,28,all,target,10,0.9,0.2
qwen2.5-7b,similar,14,28,all,combined,10,0.7,0.2449489742783178
llama-3-8b,sing,16,32,all,context,10,0.2,0.4
llama-3-8b,sing,16,32,all,target,10,0.2,0.24494897427831783
llama-3-8b,sing,16,32,all,combined,10,0.2,0.24494897427831783
qwen2.5-7b,sing,14,28,all,context,10,0.3,0.24494897427831783
qwen2.5-7b,sing,14,28,all,target,10,0.3,0.24494897427831783
qwen2.5-7b,sing,14,28,all,combined,10,0.3,0.24494897427831783
llama-3-8b,slammed,16,32,all,context,10,0.5,0.4472135954999579
llama-3-8b,slammed,16,32,all,target,10,0.7,0.2449489742783178
llama-3-8b,slammed,16,32,all,combined,10,0.6,0.20000000000000004
qwen2.5-7b,slammed,14,28,all,context,10,0.6,0.37416573867739417
qwen2.5-7b,slammed,14,28,all,target,10,0.6,0.37416573867739417
qwen2.5-7b,slammed,14,28,all,combined,10,0.4,0.37416573867739417
llama-3-8b,slid,16,32,all,context,10,0.3,0.24494897427831783
llama-3-8b,slid,16,32,all,target,10,0.2,0.24494897427831783
llama-3-8b,slid,16,32,all,combined,10,0.2,0.24494897427831783
qwen2.5-7b,slid,14,28,all,context,10,0.2,0.24494897427831783
qwen2.5-7b,slid,14,28,all,target,10,0.2,0.24494897427831783
qwen2.5-7b,slid,14,28,all,combined,10,0.2,0.24494897427831783
llama-3-8b,smelled,16,32,all,context,10,0.2,0.24494897427831783
llama-3-8b,smelled,16,32,all,target,10,1.0,0.0
llama-3-8b,smelled,16,32,all,combined,10,0.8,0.4
qwen2.5-7b,smelled,14,28,all,context,10,0.3,0.24494897427831783
qwen2.5-7b,smelled,14,28,all,target,10,0.8,0.2449489742783178
qwen2.5-7b,smelled,14,28,all,combined,10,0.7,0.4
llama-3-8b,solution,16,32,all,context,10,0.9,0.2
llama-3-8b,solution,16,32,all,target,10,1.0,0.0
llama-3-8b,solution,16,32,all,combined,10,0.9,0.2
qwen2.5-7b,solution,14,28,all,context,10,0.7,0.2449489742783178
qwen2.5-7b,solution,14,28,all,target,10,1.0,0.0
qwen2.5-7b,solution,14,28,all,combined,10,0.9,0.2
llama-3-8b,somehow,16,32,all,context,10,0.8,0.2449489742783178
llama-3-8b,somehow,16,32,all,target,10,0.6,0.2
llama-3-8b,somehow,16,32,all,combined,10,0.8,0.2449489742783178
qwen2.5-7b,somehow,14,28,all,context,10,0.7,0.2449489742783178
qwen2.5-7b,somehow,14,28,all,target,10,0.7,0.2449489742783178
qwen2.5-7b,somehow,14,28,all,combined,10,0.8,0.2449489742783178
llama-3-8b,species,16,32,all,context,10,0.6,0.2
llama-3-8b,species,16,32,all,target,10,0.5,0.4472135954999579
llama-3-8b,species,16,32,all,combined,10,0.5,0.31622776601683794
qwen2.5-7b,species,14,28,all,context,10,0.7,0.4
qwen2.5-7b,species,14,28,all,target,10,0.3,0.39999999999999997
qwen2.5-7b,species,14,28,all,combined,10,0.6,0.37416573867739417
llama-3-8b,state,16,32,all,context,10,0.0,0.0
llama-3-8b,state,16,32,all,target,10,0.9,0.2
llama-3-8b,state,16,32,all,combined,10,0.8,0.4
qwen2.5-7b,state,14,28,all,context,10,0.1,0.2
qwen2.5-7b,state,14,28,all,target,10,0.9,0.2
qwen2.5-7b,state,14,28,all,combined,10,0.7,0.4
llama-3-8b,stretched,16,32,all,context,10,0.7,0.2449489742783178
llama-3-8b,stretched,16,32,all,target,10,0.8,0.2449489742783178
llama-3-8b,stretched,16,32,all,combined,10,0.9,0.2
qwen2.5-7b,stretched,14,28,all,context,10,0.6,0.2
qwen2.5-7b,stretched,14,28,all,target,10,0.6,0.20000000000000004
qwen2.5-7b,stretched,14,28,all,combined,10,0.5,0.0
llama-3-8b,suffering,16,32,all,context,10,0.7,0.2449489742783178
llama-3-8b,suffering,16,32,all,target,10,0.7,0.2449489742783178
llama-3-8b,suffering,16,32,all,combined,10,0.7,0.2449489742783178
qwen2.5-7b,suffering,14,28,all,context,10,0.8,0.4000000000000001
qwen2.5-7b,suffering,14,28,all,target,10,0.6,0.37416573867739417
qwen2.5-7b,suffering,14,28,all,combined,10,0.7,0.2449489742783178
llama-3-8b,survive,16,32,all,context,10,0.2,0.24494897427831783
llama-3-8b,survive,16,32,all,target,10,0.2,0.24494897427831783
llama-3-8b,survive,16,32,all,combined,10,0.3,0.24494897427831783
qwen2.5-7b,survive,14,28,all,context,10,0.2,0.24494897427831783
qwen2.5-7b,survive,14,28,all,target,10,0.4,0.37416573867739417
qwen2.5-7b,survive,14,28,all,combined,10,0.3,0.24494897427831783
llama-3-8b,sympathetic,16,32,all,context,10,0.9,0.20000000000000004
llama-3-8b,sympathetic,16,32,all,target,10,1.0,0.0
llama-3-8b,sympathetic,16,32,all,combined,10,1.0,0.0
qwen2.5-7b,sympathetic,14,28,all,context,10,0.9,0.20000000000000004
qwen2.5-7b,sympathetic,14,28,all,target,10,1.0,0.0
qwen2.5-7b,sympathetic,14,28,all,combined,10,1.0,0.0
llama-3-8b,sympathy,16,32,all,context,10,0.3,0.24494897427831783
llama-3-8b,sympathy,16,32,all,target,10,0.3,0.39999999999999997
llama-3-8b,sympathy,16,32,all,combined,10,0.3,0.39999999999999997
qwen2.5-7b,sympathy,14,28,all,context,10,0.3,0.24494897427831783
qwen2.5-7b,sympathy,14,28,all,target,10,0.2,0.4
qwen2.5-7b,sympathy,14,28,all,combined,10,0.3,0.24494897427831783
llama-3-8b,test,16,32,all,context,10,0.7,0.4
llama-3-8b,test,16,32,all,target,10,1.0,0.0
llama-3-8b,test,16,32,all,combined,10,0.9,0.20000000000000004
qwen2.5-7b,test,14,28,all,context,10,0.7,0.4
qwen2.5-7b,test,14,28,all,target,10,1.0,0.0
qwen2.5-7b,test,14,28,all,combined,10,0.7,0.4
llama-3-8b,theme,16,32,all,context,10,0.2,0.24494897427831783
llama-3-8b,theme,16,32,all,target,10,0.3,0.24494897427831783
llama-3-8b,theme,16,32,all,combined,10,0.1,0.2
qwen2.5-7b,theme,14,28,all,context,10,0.3,0.24494897427831783
qwen2.5-7b,theme,14,28,all,target,10,0.6,0.2
qwen2.5-7b,theme,14,28,all,combined,10,0.2,0.24494897427831783
llama-3-8b,thoroughly,16,32,all,context,10,0.1,0.2
llama-3-8b,thoroughly,16,32,all,target,10,0.7,0.2449489742783178
llama-3-8b,thoroughly,16,32,all,combined,10,0.4,0.37416573867739417
qwen2.5-7b,thoroughly,14,28,all,context,10,0.2,0.24494897427831783
qwen2.5-7b,thoroughly,14,28,all,target,10,0.5,0.31622776601683794
qwen2.5-7b,thoroughly,14,28,all,combined,10,0.3,0.39999999999999997
llama-3-8b,tube,16,32,all,context,10,0.4,0.37416573867739417
llama-3-8b,tube,16,32,all,target,10,0.1,0.2
llama-3-8b,tube,16,32,all,combined,10,0.2,0.24494897427831783
qwen2.5-7b,tube,14,28,all,context,10,0.5,0.31622776601683794
qwen2.5-7b,tube,14,28,all,target,10,0.1,0.2
qwen2.5-7b,tube,14,28,all,combined,10,0.2,0.24494897427831783
llama-3-8b,urged,16,32,all,context,10,0.2,0.4
llama-3-8b,urged,16,32,all,target,10,0.5,0.31622776601683794
llama-3-8b,urged,16,32,all,combined,10,0.3,0.39999999999999997
qwen2.5-7b,urged,14,28,all,context,10,0.4,0.37416573867739417
qwen2.5-7b,urged,14,28,all,target,10,0.2,0.24494897427831783
qwen2.5-7b,urged,14,28,all,combined,10,0.3,0.39999999999999997
llama-3-8b,use,16,32,all,context,10,0.4,0.37416573867739417
llama-3-8b,use,16,32,all,target,10,0.9,0.2
llama-3-8b,use,16,32,all,combined,10,0.8,0.2449489742783178
qwen2.5-7b,use,14,28,all,context,10,0.6,0.2
qwen2.5-7b,use,14,28,all,target,10,0.8,0.2449489742783178
qwen2.5-7b,use,14,28,all,combined,10,0.7,0.2449489742783178
llama-3-8b,wall,16,32,all,context,10,0.5,0.31622776601683794
llama-3-8b,wall,16,32,all,target,10,0.7,0.4
llama-3-8b,wall,16,32,all,combined,10,0.6,0.37416573867739417
qwen2.5-7b,wall,14,28,all,context,10,0.4,0.48989794855663565
qwen2.5-7b,wall,14,28,all,target,10,0.6,0.37416573867739417
qwen2.5-7b,wall,14,28,all,combined,10,0.5,0.4472135954999579
llama-3-8b,warning,16,32,all,context,10,0.3,0.4
llama-3-8b,warning,16,32,all,target,10,0.7,0.4
llama-3-8b,warning,16,32,all,combined,10,0.5,0.31622776601683794
qwen2.5-7b,warning,14,28,all,context,10,0.7,0.4
qwen2.5-7b,warning,14,28,all,target,10,0.3,0.39999999999999997
qwen2.5-7b,warning,14,28,all,combined,10,0.6,0.37416573867739417
llama-3-8b,wealth,16,32,all,context,10,0.1,0.2
llama-3-8b,wealth,16,32,all,target,10,0.6,0.37416573867739417
llama-3-8b,wealth,16,32,all,combined,10,0.4,0.37416573867739417
qwen2.5-7b,wealth,14,28,all,context,10,0.1,0.2
qwen2.5-7b,wealth,14,28,all,target,10,0.5,0.4472135954999579
qwen2.5-7b,wealth,14,28,all,combined,10,0.3,0.39999999999999997
llama-3-8b,wore,16,32,all,context,10,0.2,0.24494897427831783
llama-3-8b,wore,16,32,all,target,10,0.4,0.37416573867739417
llama-3-8b,wore,16,32,all,combined,10,0.4,0.20000000000000004
qwen2.5-7b,wore,14,28,all,context,10,0.3,0.24494897427831783
qwen2.5-7b,wore,14,28,all,target,10,0.7,0.4
qwen2.5-7b,wore,14,28,all,combined,10,0.4,0.37416573867739417
llama-3-8b,wild,16,32,all,context,10,0.3,0.39999999999999997
llama-3-8b,wild,16,32,all,target,10,0.5,0.4472135954999579
llama-3-8b,wild,16,32,all,combined,10,0.4,0.37416573867739417
qwen2.5-7b,wild,14,28,all,context,10,0.5,0.31622776601683794
qwen2.5-7b,wild,14,28,all,target,10,0.6,0.37416573867739417
qwen2.5-7b,wild,14,28,all,combined,10,0.4,0.37416573867739417
llama-3-8b,wire,16,32,all,context,10,0.6,0.2
llama-3-8b,wire,16,32,all,target,10,0.6,0.2
llama-3-8b,wire,16,32,all,combined,10,0.6,0.2
qwen2.5-7b,wire,14,28,all,context,10,0.5,0.31622776601683794
qwen2.5-7b,wire,14,28,all,target,10,0.6,0.2
qwen2.5-7b,wire,14,28,all,combined,10,0.6,0.2
llama-3-8b,worry,16,32,all,context,10,0.4,0.37416573867739417
llama-3-8b,worry,16,32,all,target,10,0.4,0.37416573867739417
llama-3-8b,worry,16,32,all,combined,10,0.5,0.31622776601683794
qwen2.5-7b,worry,14,28,all,context,10,0.4,0.37416573867739417
qwen2.5-7b,worry,14,28,all,target,10,0.5,0.31622776601683794
qwen2.5-7b,worry,14,28,all,combined,10,0.5,0.31622776601683794
llama-3-8b,writer,16,32,all,context,10,0.0,0.0
llama-3-8b,writer,16,32,all,target,10,0.3,0.24494897427831783
llama-3-8b,writer,16,32,all,combined,10,0.1,0.2
qwen2.5-7b,writer,14,28,all,context,10,0.0,0.0
qwen2.5-7b,writer,14,28,all,target,10,0.4,0.20000000000000004
qwen2.5-7b,writer,14,28,all,combined,10,0.2,0.24494897427831783
llama-3-8b,yard,16,32,all,context,10,0.7,0.4
llama-3-8b,yard,16,32,all,target,10,1.0,0.0
llama-3-8b,yard,16,32,all,combined,10,1.0,0.0
qwen2.5-7b,yard,14,28,all,context,10,0.7,0.4
qwen2.5-7b,yard,14,28,all,target,10,1.0,0.0
qwen2.5-7b,yard,14,28,all,combined,10,0.7,0.4
llama-3-8b,years,16,32,all,context,10,0.8,0.2449489742783178
llama-3-8b,years,16,32,all,target,10,0.8,0.2449489742783178
llama-3-8b,years,16,32,all,combined,10,0.9,0.2
qwen2.5-7b,years,14,28,all,context,10,0.7,0.2449489742783178
qwen2.5-7b,years,14,28,all,target,10,0.7,0.2449489742783178
qwen2.5-7b,years,14,28,all,combined,10,0.7,0.2449489742783178
llama-3-8b,youth,16,32,all,context,10,0.4,0.37416573867739417
llama-3-8b,youth,16,32,all,target,10,0.5,0.0
llama-3-8b,youth,16,32,all,combined,10,0.3,0.24494897427831783
qwen2.5-7b,youth,14,28,all,context,10,0.3,0.24494897427831783
qwen2.5-7b,youth,14,28,all,target,10,0.4,0.2
qwen2.5-7b,youth,14,28,all,combined,10,0.4,0.20000000000000004
llama-3-8b,administered,16,32,all,context,8,0.625,0.21650635094610965
llama-3-8b,administered,16,32,all,target,8,0.875,0.21650635094610965
llama-3-8b,administered,16,32,all,combined,8,0.875,0.21650635094610965
qwen2.5-7b,administered,14,28,all,context,8,0.5,0.0
qwen2.5-7b,administered,14,28,all,target,8,0.875,0.21650635094610965
qwen2.5-7b,administered,14,28,all,combined,8,0.875,0.21650635094610965
llama-3-8b,affair,16,32,all,context,8,0.125,0.21650635094610965
llama-3-8b,affair,16,32,all,target,8,0.75,0.25
llama-3-8b,affair,16,32,all,combined,8,0.25,0.25
qwen2.5-7b,affair,14,28,all,context,8,0.375,0.21650635094610965
qwen2.5-7b,affair,14,28,all,target,8,0.875,0.21650635094610965
qwen2.5-7b,affair,14,28,all,combined,8,0.5,0.3535533905932738
llama-3-8b,agents,16,32,all,context,8,0.25,0.4330127018922193
llama-3-8b,agents,16,32,all,target,8,0.625,0.414578098794425
llama-3-8b,agents,16,32,all,combined,8,0.625,0.414578098794425
qwen2.5-7b,agents,14,28,all,context,8,0.625,0.414578098794425
qwen2.5-7b,agents,14,28,all,target,8,0.875,0.21650635094610965
qwen2.5-7b,agents,14,28,all,combined,8,0.625,0.414578098794425
llama-3-8b,alert,16,32,all,context,8,0.125,0.21650635094610965
llama-3-8b,alert,16,32,all,target,8,0.875,0.21650635094610965
llama-3-8b,alert,16,32,all,combined,8,0.625,0.21650635094610965
qwen2.5-7b,alert,14,28,all,context,8,0.0,0.0
qwen2.5-7b,alert,14,28,all,target,8,0.75,0.25
qwen2.5-7b,alert,14,28,all,combined,8,0.25,0.25
llama-3-8b,ambiguous,16,32,all,context,8,0.125,0.21650635094610965
llama-3-8b,ambiguous,16,32,all,target,8,0.25,0.4330127018922193
llama-3-8b,ambiguous,16,32,all,combined,8,0.125,0.21650635094610965
qwen2.5-7b,ambiguous,14,28,all,context,8,0.125,0.21650635094610965
qwen2.5-7b,ambiguous,14,28,all,target,8,0.125,0.21650635094610965
qwen2.5-7b,ambiguous,14,28,all,combined,8,0.125,0.21650635094610965
llama-3-8b,analysis,16,32,all,context,8,0.25,0.25
llama-3-8b,analysis,16,32,all,target,8,0.375,0.21650635094610965
llama-3-8b,analysis,16,32,all,combined,8,0.375,0.21650635094610965
qwen2.5-7b,analysis,14,28,all,context,8,0.5,0.3535533905932738
qwen2.5-7b,analysis,14,28,all,target,8,0.5,0.3535533905932738
qwen2.5-7b,analysis,14,28,all,combined,8,0.5,0.3535533905932738
llama-3-8b,anxiety,16,32,all,context,8,0.0,0.0
llama-3-8b,anxiety,16,32,all,target,8,0.5,0.5
llama-3-8b,anxiety,16,32,all,combined,8,0.0,0.0
qwen2.5-7b,anxiety,14,28,all,context,8,0.0,0.0
qwen2.5-7b,anxiety,14,28,all,target,8,0.25,0.25
qwen2.5-7b,anxiety,14,28,all,combined,8,0.0,0.0
llama-3-8b,appearance,16,32,all,context,8,0.0,0.0
llama-3-8b,appearance,16,32,all,target,8,0.0,0.0
llama-3-8b,appearance,16,32,all,combined,8,0.0,0.0
qwen2.5-7b,appearance,14,28,all,context,8,0.625,0.414578098794425
qwen2.5-7b,appearance,14,28,all,target,8,0.0,0.0
qwen2.5-7b,appearance,14,28,all,combined,8,0.25,0.25
llama-3-8b,approved,16,32,all,context,8,0.25,0.25
llama-3-8b,approved,16,32,all,target,8,0.375,0.414578098794425
llama-3-8b,approved,16,32,all,combined,8,0.5,0.3535533905932738
qwen2.5-7b,approved,14,28,all,context,8,0.375,0.21650635094610965
qwen2.5-7b,approved,14,28,all,target,8,0.5,0.5
qwen2.5-7b,approved,14,28,all,combined,8,0.625,0.414578098794425
llama-3-8b,arise,16,32,all,context,8,0.0,0.0
llama-3-8b,arise,16,32,all,target,8,0.125,0.21650635094610965
llama-3-8b,arise,16,32,all,combined,8,0.0,0.0
qwen2.5-7b,arise,14,28,all,context,8,0.375,0.21650635094610965
qwen2.5-7b,arise,14,28,all,target,8,0.0,0.0
qwen2.5-7b,arise,14,28,all,combined,8,0.125,0.21650635094610965
llama-3-8b,articles,16,32,all,context,8,0.25,0.25
llama-3-8b,articles,16,32,all,target,8,1.0,0.0
llama-3-8b,articles,16,32,all,combined,8,0.375,0.21650635094610965
qwen2.5-7b,articles,14,28,all,context,8,0.125,0.21650635094610965
qwen2.5-7b,articles,14,28,all,target,8,0.75,0.25
qwen2.5-7b,articles,14,28,all,combined,8,0.125,0.21650635094610965
llama-3-8b,association,16,32,all,context,8,0.125,0.21650635094610965
llama-3-8b,association,16,32,all,target,8,0.125,0.21650635094610965
llama-3-8b,association,16,32,all,combined,8,0.125,0.21650635094610965
qwen2.5-7b,association,14,28,all,context,8,0.375,0.21650635094610965
qwen2.5-7b,association,14,28,all,target,8,0.0,0.0
qwen2.5-7b,association,14,28,all,combined,8,0.25,0.25
llama-3-8b,badly,16,32,all,context,8,0.0,0.0
llama-3-8b,badly,16,32,all,target,8,0.0,0.0
llama-3-8b,badly,16,32,all,combined,8,0.0,0.0
qwen2.5-7b,badly,14,28,all,context,8,0.0,0.0
qwen2.5-7b,badly,14,28,all,target,8,0.25,0.25
qwen2.5-7b,badly,14,28,all,combined,8,0.0,0.0
llama-3-8b,balance,16,32,all,context,8,0.25,0.25
llama-3-8b,balance,16,32,all,target,8,0.5,0.3535533905932738
llama-3-8b,balance,16,32,all,combined,8,0.5,0.3535533905932738
qwen2.5-7b,balance,14,28,all,context,8,0.25,0.25
qwen2.5-7b,balance,14,28,all,target,8,0.5,0.3535533905932738
qwen2.5-7b,balance,14,28,all,combined,8,0.375,0.414578098794425
llama-3-8b,beat,16,32,all,context,8,0.125,0.21650635094610965
llama-3-8b,beat,16,32,all,target,8,0.75,0.4330127018922193
llama-3-8b,beat,16,32,all,combined,8,0.25,0.25
qwen2.5-7b,beat,14,28,all,context,8,0.125,0.21650635094610965
qwen2.5-7b,beat,14,28,all,target,8,0.375,0.414578098794425
qwen2.5-7b,beat,14,28,all,combined,8,0.25,0.25
llama-3-8b,black,16,32,all,context,8,0.75,0.25
llama-3-8b,black,16,32,all,target,8,1.0,0.0
llama-3-8b,black,16,32,all,combined,8,0.875,0.21650635094610965
qwen2.5-7b,black,14,28,all,context,8,0.75,0.25
qwen2.5-7b,black,14,28,all,target,8,1.0,0.0
qwen2.5-7b,black,14,28,all,combined,8,0.75,0.25
llama-3-8b,blanket,16,32,all,context,8,0.75,0.25
llama-3-8b,blanket,16,32,all,target,8,0.875,0.21650635094610965
llama-3-8b,blanket,16,32,all,combined,8,0.875,0.21650635094610965
qwen2.5-7b,blanket,14,28,all,context,8,0.5,0.3535533905932738
qwen2.5-7b,blanket,14,28,all,target,8,0.875,0.21650635094610965
qwen2.5-7b,blanket,14,28,all,combined,8,0.625,0.21650635094610965
llama-3-8b,bond,16,32,all,context,8,1.0,0.0
llama-3-8b,bond,16,32,all,target,8,0.875,0.21650635094610965
llama-3-8b,bond,16,32,all,combined,8,0.875,0.21650635094610965
qwen2.5-7b,bond,14,28,all,context,8,0.625,0.21650635094610965
qwen2.5-7b,bond,14,28,all,target,8,0.875,0.21650635094610965
qwen2.5-7b,bond,14,28,all,combined,8,0.875,0.21650635094610965
llama-3-8b,boss,16,32,all,context,8,0.25,0.25
llama-3-8b,boss,16,32,all,target,8,0.375,0.21650635094610965
llama-3-8b,boss,16,32,all,combined,8,0.25,0.25
qwen2.5-7b,boss,14,28,all,context,8,0.25,0.25
qwen2.5-7b,boss,14,28,all,target,8,0.5,0.0
qwen2.5-7b,boss,14,28,all,combined,8,0.5,0.0
llama-3-8b,bounced,16,32,all,context,8,0.125,0.21650635094610965
llama-3-8b,bounced,16,32,all,target,8,0.5,0.3535533905932738
llama-3-8b,bounced,16,32,all,combined,8,0.375,0.414578098794425
qwen2.5-7b,bounced,14,28,all,context,8,0.0,0.0
qwen2.5-7b,bounced,14,28,all,target,8,0.125,0.21650635094610965
qwen2.5-7b,bounced,14,28,all,combined,8,0.0,0.0
llama-3-8b,break,16,32,all,context,8,0.0,0.0
llama-3-8b,break,16,32,all,target,8,0.25,0.4330127018922193
llama-3-8b,break,16,32,all,combined,8,0.0,0.0
qwen2.5-7b,break,14,28,all,context,8,0.0,0.0
qwen2.5-7b,break,14,28,all,target,8,0.25,0.25
qwen2.5-7b,break,14,28,all,combined,8,0.0,0.0
llama-3-8b,burst,16,32,all,context,8,0.0,0.0
llama-3-8b,burst,16,32,all,target,8,0.0,0.0
llama-3-8b,burst,16,32,all,combined,8,0.0,0.0
qwen2.5-7b,burst,14,28,all,context,8,0.0,0.0
qwen2.5-7b,burst,14,28,all,target,8,0.125,0.21650635094610965
qwen2.5-7b,burst,14,28,all,combined,8,0.0,0.0
llama-3-8b,campaign,16,32,all,context,8,0.0,0.0
llama-3-8b,campaign,16,32,all,target,8,1.0,0.0
llama-3-8b,campaign,16,32,all,combined,8,0.5,0.3535533905932738
qwen2.5-7b,campaign,14,28,all,context,8,0.0,0.0
qwen2.5-7b,campaign,14,28,all,target,8,0.875,0.21650635094610965
qwen2.5-7b,campaign,14,28,all,combined,8,0.5,0.3535533905932738
llama-3-8b,catholic,16,32,all,context,8,0.0,0.0
llama-3-8b,catholic,16,32,all,target,8,0.375,0.414578098794425
llama-3-8b,catholic,16,32,all,combined,8,0.25,0.25
qwen2.5-7b,catholic,14,28,all,context,8,0.0,0.0
qwen2.5-7b,catholic,14,28,all,target,8,0.25,0.25
qwen2.5-7b,catholic,14,28,all,combined,8,0.0,0.0
llama-3-8b,centers,16,32,all,context,8,0.375,0.21650635094610965
llama-3-8b,centers,16,32,all,target,8,1.0,0.0
llama-3-8b,centers,16,32,all,combined,8,0.875,0.21650635094610965
qwen2.5-7b,centers,14,28,all,context,8,0.25,0.25
qwen2.5-7b,centers,14,28,all,target,8,0.875,0.21650635094610965
qwen2.5-7b,centers,14,28,all,combined,8,0.625,0.21650635094610965
llama-3-8b,challenge,16,32,all,context,8,0.0,0.0
llama-3-8b,challenge,16,32,all,target,8,0.0,0.0
llama-3-8b,challenge,16,32,all,combined,8,0.0,0.0
qwen2.5-7b,challenge,14,28,all,context,8,0.0,0.0
qwen2.5-7b,challenge,14,28,all,target,8,0.125,0.21650635094610965
qwen2.5-7b,challenge,14,28,all,combined,8,0.0,0.0
llama-3-8b,chicken,16,32,all,context,8,0.75,0.25
llama-3-8b,chicken,16,32,all,target,8,0.875,0.21650635094610965
llama-3-8b,chicken,16,32,all,combined,8,1.0,0.0
qwen2.5-7b,chicken,14,28,all,context,8,0.75,0.4330127018922193
qwen2.5-7b,chicken,14,28,all,target,8,1.0,0.0
qwen2.5-7b,chicken,14,28,all,combined,8,0.875,0.21650635094610965
llama-3-8b,china,16,32,all,context,8,0.375,0.21650635094610965
llama-3-8b,china,16,32,all,target,8,1.0,0.0
llama-3-8b,china,16,32,all,combined,8,1.0,0.0
qwen2.5-7b,china,14,28,all,context,8,0.375,0.21650635094610965
qwen2.5-7b,china,14,28,all,target,8,1.0,0.0
qwen2.5-7b,china,14,28,all,combined,8,0.875,0.21650635094610965
llama-3-8b,circumstances,16,32,all,context,8,0.0,0.0
llama-3-8b,circumstances,16,32,all,target,8,0.0,0.0
llama-3-8b,circumstances,16,32,all,combined,8,0.0,0.0
qwen2.5-7b,circumstances,14,28,all,context,8,0.0,0.0
qwen2.5-7b,circumstances,14,28,all,target,8,0.0,0.0
qwen2.5-7b,circumstances,14,28,all,combined,8,0.0,0.0
llama-3-8b,claim,16,32,all,context,8,1.0,0.0
llama-3-8b,claim,16,32,all,target,8,1.0,0.0
llama-3-8b,claim,16,32,all,combined,8,1.0,0.0
qwen2.5-7b,claim,14,28,all,context,8,1.0,0.0
qwen2.5-7b,claim,14,28,all,target,8,1.0,0.0
qwen2.5-7b,claim,14,28,all,combined,8,1.0,0.0
llama-3-8b,clear,16,32,all,context,8,0.0,0.0
llama-3-8b,clear,16,32,all,target,8,0.875,0.21650635094610965
llama-3-8b,clear,16,32,all,combined,8,0.75,0.25
qwen2.5-7b,clear,14,28,all,context,8,0.125,0.21650635094610965
qwen2.5-7b,clear,14,28,all,target,8,0.875,0.21650635094610965
qwen2.5-7b,clear,14,28,all,combined,8,0.625,0.414578098794425
llama-3-8b,collapsed,16,32,all,context,8,0.0,0.0
llama-3-8b,collapsed,16,32,all,target,8,0.0,0.0
llama-3-8b,collapsed,16,32,all,combined,8,0.0,0.0
qwen2.5-7b,collapsed,14,28,all,context,8,0.5,0.5
qwen2.5-7b,collapsed,14,28,all,target,8,0.0,0.0
qwen2.5-7b,collapsed,14,28,all,combined,8,0.125,0.21650635094610965
llama-3-8b,combat,16,32,all,context,8,0.0,0.0
llama-3-8b,combat,16,32,all,target,8,0.875,0.21650635094610965
llama-3-8b,combat,16,32,all,combined,8,0.625,0.21650635094610965
qwen2.5-7b,combat,14,28,all,context,8,0.0,0.0
qwen2.5-7b,combat,14,28,all,target,8,0.875,0.21650635094610965
qwen2.5-7b,combat,14,28,all,combined,8,0.625,0.414578098794425
llama-3-8b,combined,16,32,all,context,8,0.0,0.0
llama-3-8b,combined,16,32,all,target,8,0.0,0.0
llama-3-8b,combined,16,32,all,combined,8,0.0,0.0
qwen2.5-7b,combined,14,28,all,context,8,0.0,0.0
qwen2.5-7b,combined,14,28,all,target,8,0.0,0.0
qwen2.5-7b,combined,14,28,all,combined,8,0.0,0.0
llama-3-8b,comfort,16,32,all,context,8,0.0,0.0
llama-3-8b,comfort,16,32,all,target,8,0.375,0.414578098794425
llama-3-8b,comfort,16,32,all,combined,8,0.25,0.25
qwen2.5-7b,comfort,14,28,all,context,8,0.0,0.0
qwen2.5-7b,comfort,14,28,all,target,8,0.5,0.3535533905932738
qwen2.5-7b,comfort,14,28,all,combined,8,0.0,0.0
llama-3-8b,communism,16,32,all,context,8,0.0,0.0
llama-3-8b,communism,16,32,all,target,8,0.375,0.414578098794425
llama-3-8b,communism,16,32,all,combined,8,0.25,0.25
qwen2.5-7b,communism,14,28,all,context,8,0.125,0.21650635094610965
qwen2.5-7b,communism,14,28,all,target,8,0.5,0.3535533905932738
qwen2.5-7b,communism,14,28,all,combined,8,0.25,0.25
llama-3-8b,community,16,32,all,context,8,0.5,0.5
llama-3-8b,community,16,32,all,target,8,0.375,0.414578098794425
llama-3-8b,community,16,32,all,combined,8,0.5,0.5
qwen2.5-7b,community,14,28,all,context,8,0.125,0.21650635094610965
qwen2.5-7b,community,14,28,all,target,8,0.25,0.25
qwen2.5-7b,community,14,28,all,combined,8,0.25,0.25
llama-3-8b,competition,16,32,all,context,8,0.25,0.25
llama-3-8b,competition,16,32,all,target,8,0.75,0.25
llama-3-8b,competition,16,32,all,combined,8,0.25,0.25
qwen2.5-7b,competition,14,28,all,context,8,0.25,0.25
qwen2.5-7b,competition,14,28,all,target,8,0.875,0.21650635094610965
qwen2.5-7b,competition,14,28,all,combined,8,0.375,0.21650635094610965
llama-3-8b,composition,16,32,all,context,8,0.25,0.4330127018922193
llama-3-8b,composition,16,32,all,target,8,0.75,0.4330127018922193
llama-3-8b,composition,16,32,all,combined,8,0.5,0.3535533905932738
qwen2.5-7b,composition,14,28,all,context,8,0.25,0.25
qwen2.5-7b,composition,14,28,all,target,8,0.875,0.21650635094610965
qwen2.5-7b,composition,14,28,all,combined,8,0.625,0.21650635094610965
llama-3-8b,concentration,16,32,all,context,8,0.375,0.414578098794425
llama-3-8b,concentration,16,32,all,target,8,0.25,0.25
llama-3-8b,concentration,16,32,all,combined,8,0.25,0.25
qwen2.5-7b,concentration,14,28,all,context,8,0.125,0.21650635094610965
qwen2.5-7b,concentration,14,28,all,target,8,0.25,0.25
qwen2.5-7b,concentration,14,28,all,combined,8,0.25,0.25
llama-3-8b,conscience,16,32,all,context,8,0.5,0.0
llama-3-8b,conscience,16,32,all,target,8,0.25,0.25
llama-3-8b,conscience,16,32,all,combined,8,0.25,0.25
qwen2.5-7b,conscience,14,28,all,context,8,0.625,0.21650635094610965
qwen2.5-7b,conscience,14,28,all,target,8,0.375,0.21650635094610965
qwen2.5-7b,conscience,14,28,all,combined,8,0.625,0.21650635094610965
llama-3-8b,consideration,16,32,all,context,8,0.625,0.414578098794425
llama-3-8b,consideration,16,32,all,target,8,0.0,0.0
llama-3-8b,consideration,16,32,all,combined,8,0.375,0.414578098794425
qwen2.5-7b,consideration,14,28,all,context,8,0.625,0.414578098794425
qwen2.5-7b,consideration,14,28,all,target,8,0.125,0.21650635094610965
qwen2.5-7b,consideration,14,28,all,combined,8,0.625,0.414578098794425
llama-3-8b,context,16,32,all,context,8,0.5,0.5
llama-3-8b,context,16,32,all,target,8,0.375,0.21650635094610965
llama-3-8b,context,16,32,all,combined,8,0.5,0.3535533905932738
qwen2.5-7b,context,14,28,all,context,8,0.375,0.414578098794425
qwen2.5-7b,context,14,28,all,target,8,0.5,0.3535533905932738
qwen2.5-7b,context,14,28,all,combined,8,0.375,0.414578098794425
llama-3-8b,continuous,16,32,all,context,8,0.5,0.5
llama-3-8b,continuous,16,32,all,target,8,0.5,0.3535533905932738
llama-3-8b,continuous,16,32,all,combined,8,0.625,0.414578098794425
qwen2.5-7b,continuous,14,28,all,context,8,0.5,0.5
qwen2.5-7b,continuous,14,28,all,target,8,0.5,0.3535533905932738
qwen2.5-7b,continuous,14,28,all,combined,8,0.375,0.414578098794425
llama-3-8b,continuously,16,32,all,context,8,0.0,0.0
llama-3-8b,continuously,16,32,all,target,8,0.0,0.0
llama-3-8b,continuously,16,32,all,combined,8,0.0,0.0
qwen2.5-7b,continuously,14,28,all,context,8,0.125,0.21650635094610965
qwen2.5-7b,continuously,14,28,all,target,8,0.0,0.0
qwen2.5-7b,continuously,14,28,all,combined,8,0.125,0.21650635094610965
llama-3-8b,contract,16,32,all,context,8,0.0,0.0
llama-3-8b,contract,16,32,all,target,8,0.875,0.21650635094610965
llama-3-8b,contract,16,32,all,combined,8,0.625,0.414578098794425
qwen2.5-7b,contract,14,28,all,context,8,0.125,0.21650635094610965
qwen2.5-7b,contract,14,28,all,target,8,0.625,0.21650635094610965
qwen2.5-7b,contract,14,28,all,combined,8,0.375,0.21650635094610965
llama-3-8b,converted,16,32,all,context,8,0.125,0.21650635094610965
llama-3-8b,converted,16,32,all,target,8,0.25,0.25
llama-3-8b,converted,16,32,all,combined,8,0.25,0.25
qwen2.5-7b,converted,14,28,all,context,8,0.5,0.3535533905932738
qwen2.5-7b,converted,14,28,all,target,8,0.375,0.21650635094610965
qwen2.5-7b,converted,14,28,all,combined,8,0.5,0.3535533905932738
llama-3-8b,convey,16,32,all,context,8,0.375,0.21650635094610965
llama-3-8b,convey,16,32,all,target,8,0.0,0.0
llama-3-8b,convey,16,32,all,combined,8,0.0,0.0
qwen2.5-7b,convey,14,28,all,context,8,0.5,0.0
qwen2.5-7b,convey,14,28,all,target,8,0.0,0.0
qwen2.5-7b,convey,14,28,all,combined,8,0.25,0.25
llama-3-8b,cook,16,32,all,context,8,0.0,0.0
llama-3-8b,cook,16,32,all,target,8,0.875,0.21650635094610965
llama-3-8b,cook,16,32,all,combined,8,0.375,0.21650635094610965
qwen2.5-7b,cook,14,28,all,context,8,0.125,0.21650635094610965
qwen2.5-7b,cook,14,28,all,target,8,0.75,0.25
qwen2.5-7b,cook,14,28,all,combined,8,0.5,0.0
llama-3-8b,crew,16,32,all,context,8,0.375,0.21650635094610965
llama-3-8b,crew,16,32,all,target,8,0.125,0.21650635094610965
llama-3-8b,crew,16,32,all,combined,8,0.125,0.21650635094610965
qwen2.5-7b,crew,14,28,all,context,8,0.25,0.25
qwen2.5-7b,crew,14,28,all,target,8,0.0,0.0
qwen2.5-7b,crew,14,28,all,combined,8,0.125,0.21650635094610965
llama-3-8b,cursed,16,32,all,context,8,0.25,0.25
llama-3-8b,cursed,16,32,all,target,8,0.125,0.21650635094610965
llama-3-8b,cursed,16,32,all,combined,8,0.125,0.21650635094610965
qwen2.5-7b,cursed,14,28,all,context,8,0.25,0.25
qwen2.5-7b,cursed,14,28,all,target,8,0.125,0.21650635094610965
qwen2.5-7b,cursed,14,28,all,combined,8,0.125,0.21650635094610965
llama-3-8b,damage,16,32,all,context,8,0.25,0.25
llama-3-8b,damage,16,32,all,target,8,0.75,0.4330127018922193
llama-3-8b,damage,16,32,all,combined,8,0.25,0.25
qwen2.5-7b,damage,14,28,all,context,8,0.0,0.0
qwen2.5-7b,damage,14,28,all,target,8,0.5,0.5
qwen2.5-7b,damage,14,28,all,combined,8,0.25,0.25
llama-3-8b,danger,16,32,all,context,8,0.5,0.5
llama-3-8b,danger,16,32,all,target,8,0.625,0.21650635094610965
llama-3-8b,danger,16,32,all,combined,8,0.375,0.414578098794425
qwen2.5-7b,danger,14,28,all,context,8,0.375,0.414578098794425
qwen2.5-7b,danger,14,28,all,target,8,0.375,0.21650635094610965
qwen2.5-7b,danger,14,28,all,combined,8,0.375,0.21650635094610965
llama-3-8b,decided,16,32,all,context,8,0.0,0.0
llama-3-8b,decided,16,32,all,target,8,0.0,0.0
llama-3-8b,decided,16,32,all,combined,8,0.0,0.0
qwen2.5-7b,decided,14,28,all,context,8,0.0,0.0
qwen2.5-7b,decided,14,28,all,target,8,0.0,0.0
qwen2.5-7b,decided,14,28,all,combined,8,0.0,0.0
llama-3-8b,decrease,16,32,all,context,8,0.25,0.25
llama-3-8b,decrease,16,32,all,target,8,0.25,0.4330127018922193
llama-3-8b,decrease,16,32,all,combined,8,0.125,0.21650635094610965
qwen2.5-7b,decrease,14,28,all,context,8,0.5,0.5
qwen2.5-7b,decrease,14,28,all,target,8,0.0,0.0
qwen2.5-7b,decrease,14,28,all,combined,8,0.125,0.21650635094610965
llama-3-8b,defense,16,32,all,context,8,0.25,0.25
llama-3-8b,defense,16,32,all,target,8,0.625,0.21650635094610965
llama-3-8b,defense,16,32,all,combined,8,0.25,0.25
qwen2.5-7b,defense,14,28,all,context,8,0.25,0.25
qwen2.5-7b,defense,14,28,all,target,8,0.0,0.0
qwen2.5-7b,defense,14,28,all,combined,8,0.125,0.21650635094610965
llama-3-8b,derived,16,32,all,context,8,0.0,0.0
llama-3-8b,derived,16,32,all,target,8,0.125,0.21650635094610965
llama-3-8b,derived,16,32,all,combined,8,0.0,0.0
qwen2.5-7b,derived,14,28,all,context,8,0.0,0.0
qwen2.5-7b,derived,14,28,all,target,8,0.0,0.0
qwen2.5-7b,derived,14,28,all,combined,8,0.0,0.0
llama-3-8b,devote,16,32,all,context,8,0.0,0.0
llama-3-8b,devote,16,32,all,target,8,0.0,0.0
llama-3-8b,devote,16,32,all,combined,8,0.0,0.0
qwen2.5-7b,devote,14,28,all,context,8,0.0,0.0
qwen2.5-7b,devote,14,28,all,target,8,0.0,0.0
qwen2.5-7b,devote,14,28,all,combined,8,0.0,0.0
llama-3-8b,discovery,16,32,all,context,8,0.0,0.0
llama-3-8b,discovery,16,32,all,target,8,0.125,0.21650635094610965
llama-3-8b,discovery,16,32,all,combined,8,0.125,0.21650635094610965
qwen2.5-7b,discovery,14,28,all,context,8,0.5,0.3535533905932738
qwen2.5-7b,discovery,14,28,all,target,8,0.0,0.0
qwen2.5-7b,discovery,14,28,all,combined,8,0.375,0.21650635094610965
llama-3-8b,dislike,16,32,all,context,8,0.25,0.25
llama-3-8b,dislike,16,32,all,target,8,0.75,0.25
llama-3-8b,dislike,16,32,all,combined,8,0.375,0.21650635094610965
qwen2.5-7b,dislike,14,28,all,context,8,0.25,0.25
qwen2.5-7b,dislike,14,28,all,target,8,0.125,0.21650635094610965
qwen2.5-7b,dislike,14,28,all,combined,8,0.25,0.25
llama-3-8b,distance,16,32,all,context,8,0.0,0.0
llama-3-8b,distance,16,32,all,target,8,0.0,0.0
llama-3-8b,distance,16,32,all,combined,8,0.0,0.0
qwen2.5-7b,distance,14,28,all,context,8,0.0,0.0
qwen2.5-7b,distance,14,28,all,target,8,0.0,0.0
qwen2.5-7b,distance,14,28,all,combined,8,0.0,0.0
llama-3-8b,dragged,16,32,all,context,8,0.125,0.21650635094610965
llama-3-8b,dragged,16,32,all,target,8,0.125,0.21650635094610965
llama-3-8b,dragged,16,32,all,combined,8,0.125,0.21650635094610965
qwen2.5-7b,dragged,14,28,all,context,8,0.25,0.25
qwen2.5-7b,dragged,14,28,all,target,8,0.0,0.0
qwen2.5-7b,dragged,14,28,all,combined,8,0.125,0.21650635094610965
llama-3-8b,ear,16,32,all,context,8,0.625,0.21650635094610965
llama-3-8b,ear,16,32,all,target,8,0.625,0.414578098794425
llama-3-8b,ear,16,32,all,combined,8,0.875,0.21650635094610965
qwen2.5-7b,ear,14,28,all,context,8,0.75,0.25
qwen2.5-7b,ear,14,28,all,target,8,0.625,0.21650635094610965
qwen2.5-7b,ear,14,28,all,combined,8,0.625,0.21650635094610965
llama-3-8b,economic,16,32,all,context,8,0.0,0.0
llama-3-8b,economic,16,32,all,target,8,0.0,0.0
llama-3-8b,economic,16,32,all,combined,8,0.0,0.0
qwen2.5-7b,economic,14,28,all,context,8,0.0,0.0
qwen2.5-7b,economic,14,28,all,target,8,0.0,0.0
qwen2.5-7b,economic,14,28,all,combined,8,0.0,0.0
llama-3-8b,edge,16,32,all,context,8,0.0,0.0
llama-3-8b,edge,16,32,all,target,8,0.0,0.0
llama-3-8b,edge,16,32,all,combined,8,0.0,0.0
qwen2.5-7b,edge,14,28,all,context,8,0.0,0.0
qwen2.5-7b,edge,14,28,all,target,8,0.0,0.0
qwen2.5-7b,edge,14,28,all,combined,8,0.0,0.0
llama-3-8b,electricity,16,32,all,context,8,1.0,0.0
llama-3-8b,electricity,16,32,all,target,8,0.875,0.21650635094610965
llama-3-8b,electricity,16,32,all,combined,8,1.0,0.0
qwen2.5-7b,electricity,14,28,all,context,8,0.875,0.21650635094610965
qwen2.5-7b,electricity,14,28,all,target,8,0.75,0.25
qwen2.5-7b,electricity,14,28,all,combined,8,0.875,0.21650635094610965
llama-3-8b,emphasis,16,32,all,context,8,0.0,0.0
llama-3-8b,emphasis,16,32,all,target,8,0.0,0.0
llama-3-8b,emphasis,16,32,all,combined,8,0.0,0.0
qwen2.5-7b,emphasis,14,28,all,context,8,0.0,0.0
qwen2.5-7b,emphasis,14,28,all,target,8,0.0,0.0
qwen2.5-7b,emphasis,14,28,all,combined,8,0.0,0.0
llama-3-8b,encourage,16,32,all,context,8,0.125,0.21650635094610965
llama-3-8b,encourage,16,32,all,target,8,0.125,0.21650635094610965
llama-3-8b,encourage,16,32,all,combined,8,0.125,0.21650635094610965
qwen2.5-7b,encourage,14,28,all,context,8,0.0,0.0
qwen2.5-7b,encourage,14,28,all,target,8,0.25,0.4330127018922193
qwen2.5-7b,encourage,14,28,all,combined,8,0.125,0.21650635094610965
llama-3-8b,end,16,32,all,context,8,0.375,0.21650635094610965
llama-3-8b,end,16,32,all,target,8,0.875,0.21650635094610965
llama-3-8b,end,16,32,all,combined,8,0.75,0.25
qwen2.5-7b,end,14,28,all,context,8,0.375,0.21650635094610965
qwen2.5-7b,end,14,28,all,target,8,0.75,0.25
qwen2.5-7b,end,14,28,all,combined,8,0.75,0.25
llama-3-8b,energy,16,32,all,context,8,0.75,0.25
llama-3-8b,energy,16,32,all,target,8,0.625,0.21650635094610965
llama-3-8b,energy,16,32,all,combined,8,0.625,0.21650635094610965
qwen2.5-7b,energy,14,28,all,context,8,0.5,0.0
qwen2.5-7b,energy,14,28,all,target,8,0.375,0.21650635094610965
qwen2.5-7b,energy,14,28,all,combined,8,0.5,0.0
llama-3-8b,engaged,16,32,all,context,8,0.0,0.0
llama-3-8b,engaged,16,32,all,target,8,0.125,0.21650635094610965
llama-3-8b,engaged,16,32,all,combined,8,0.125,0.21650635094610965
qwen2.5-7b,engaged,14,28,all,context,8,0.0,0.0
qwen2.5-7b,engaged,14,28,all,target,8,0.0,0.0
qwen2.5-7b,engaged,14,28,all,combined,8,0.0,0.0
llama-3-8b,entry,16,32,all,context,8,1.0,0.0
llama-3-8b,entry,16,32,all,target,8,0.625,0.21650635094610965
llama-3-8b,entry,16,32,all,combined,8,0.875,0.21650635094610965
qwen2.5-7b,entry,14,28,all,context,8,0.75,0.25
qwen2.5-7b,entry,14,28,all,target,8,0.625,0.21650635094610965
qwen2.5-7b,entry,14,28,all,combined,8,0.75,0.25
llama-3-8b,exclaimed,16,32,all,context,8,0.0,0.0
llama-3-8b,exclaimed,16,32,all,target,8,0.375,0.21650635094610965
llama-3-8b,exclaimed,16,32,all,combined,8,0.25,0.25
qwen2.5-7b,exclaimed,14,28,all,context,8,0.0,0.0
qwen2.5-7b,exclaimed,14,28,all,target,8,0.375,0.21650635094610965
qwen2.5-7b,exclaimed,14,28,all,combined,8,0.125,0.21650635094610965
llama-3-8b,expense,16,32,all,context,8,0.25,0.25
llama-3-8b,expense,16,32,all,target,8,0.375,0.414578098794425
llama-3-8b,expense,16,32,all,combined,8,0.125,0.21650635094610965
qwen2.5-7b,expense,14,28,all,context,8,0.25,0.25
qwen2.5-7b,expense,14,28,all,target,8,0.625,0.21650635094610965
qwen2.5-7b,expense,14,28,all,combined,8,0.25,0.25
llama-3-8b,explained,16,32,all,context,8,0.0,0.0
llama-3-8b,explained,16,32,all,target,8,0.125,0.21650635094610965
llama-3-8b,explained,16,32,all,combined,8,0.0,0.0
qwen2.5-7b,explained,14,28,all,context,8,0.0,0.0
qwen2.5-7b,explained,14,28,all,target,8,0.125,0.21650635094610965
qwen2.5-7b,explained,14,28,all,combined,8,0.0,0.0
llama-3-8b,firmly,16,32,all,context,8,0.0,0.0
llama-3-8b,firmly,16,32,all,target,8,0.0,0.0
llama-3-8b,firmly,16,32,all,combined,8,0.0,0.0
qwen2.5-7b,firmly,14,28,all,context,8,0.125,0.21650635094610965
qwen2.5-7b,firmly,14,28,all,target,8,0.0,0.0
qwen2.5-7b,firmly,14,28,all,combined,8,0.0,0.0
llama-3-8b,flight,16,32,all,context,8,0.0,0.0
llama-3-8b,flight,16,32,all,target,8,0.125,0.21650635094610965
llama-3-8b,flight,16,32,all,combined,8,0.0,0.0
qwen2.5-7b,flight,14,28,all,context,8,0.25,0.25
qwen2.5-7b,flight,14,28,all,target,8,0.5,0.3535533905932738
qwen2.5-7b,flight,14,28,all,combined,8,0.25,0.4330127018922193
llama-3-8b,flew,16,32,all,context,8,0.0,0.0
llama-3-8b,flew,16,32,all,target,8,0.625,0.21650635094610965
llama-3-8b,flew,16,32,all,combined,8,0.5,0.0
qwen2.5-7b,flew,14,28,all,context,8,0.0,0.0
qwen2.5-7b,flew,14,28,all,target,8,0.5,0.3535533905932738
qwen2.5-7b,flew,14,28,all,combined,8,0.125,0.21650635094610965
llama-3-8b,formation,16,32,all,context,8,0.25,0.4330127018922193
llama-3-8b,formation,16,32,all,target,8,0.125,0.21650635094610965
llama-3-8b,formation,16,32,all,combined,8,0.0,0.0
qwen2.5-7b,formation,14,28,all,context,8,0.125,0.21650635094610965
qwen2.5-7b,formation,14,28,all,target,8,0.125,0.21650635094610965
qwen2.5-7b,formation,14,28,all,combined,8,0.125,0.21650635094610965
llama-3-8b,formula,16,32,all,context,8,0.0,0.0
llama-3-8b,formula,16,32,all,target,8,0.0,0.0
llama-3-8b,formula,16,32,all,combined,8,0.0,0.0
qwen2.5-7b,formula,14,28,all,context,8,0.0,0.0
qwen2.5-7b,formula,14,28,all,target,8,0.0,0.0
qwen2.5-7b,formula,14,28,all,combined,8,0.0,0.0
llama-3-8b,garden,16,32,all,context,8,0.0,0.0
llama-3-8b,garden,16,32,all,target,8,0.0,0.0
llama-3-8b,garden,16,32,all,combined,8,0.0,0.0
qwen2.5-7b,garden,14,28,all,context,8,0.5,0.3535533905932738
qwen2.5-7b,garden,14,28,all,target,8,0.0,0.0
qwen2.5-7b,garden,14,28,all,combined,8,0.25,0.25
llama-3-8b,gaze,16,32,all,context,8,0.0,0.0
llama-3-8b,gaze,16,32,all,target,8,1.0,0.0
llama-3-8b,gaze,16,32,all,combined,8,0.125,0.21650635094610965
qwen2.5-7b,gaze,14,28,all,context,8,0.0,0.0
qwen2.5-7b,gaze,14,28,all,target,8,0.5,0.3535533905932738
qwen2.5-7b,gaze,14,28,all,combined,8,0.0,0.0
llama-3-8b,general,16,32,all,context,8,0.125,0.21650635094610965
llama-3-8b,general,16,32,all,target,8,0.875,0.21650635094610965
llama-3-8b,general,16,32,all,combined,8,0.625,0.21650635094610965
qwen2.5-7b,general,14,28,all,context,8,0.625,0.21650635094610965
qwen2.5-7b,general,14,28,all,target,8,0.75,0.25
qwen2.5-7b,general,14,28,all,combined,8,0.875,0.21650635094610965
llama-3-8b,gesture,16,32,all,context,8,0.0,0.0
llama-3-8b,gesture,16,32,all,target,8,0.125,0.21650635094610965
llama-3-8b,gesture,16,32,all,combined,8,0.0,0.0
qwen2.5-7b,gesture,14,28,all,context,8,0.0,0.0
qwen2.5-7b,gesture,14,28,all,target,8,0.25,0.4330127018922193
qwen2.5-7b,gesture,14,28,all,combined,8,0.0,0.0
llama-3-8b,gold,16,32,all,context,8,0.125,0.21650635094610965
llama-3-8b,gold,16,32,all,target,8,0.25,0.25
llama-3-8b,gold,16,32,all,combined,8,0.125,0.21650635094610965
qwen2.5-7b,gold,14,28,all,context,8,0.0,0.0
qwen2.5-7b,gold,14,28,all,target,8,0.375,0.21650635094610965
qwen2.5-7b,gold,14,28,all,combined,8,0.125,0.21650635094610965
llama-3-8b,governing,16,32,all,context,8,0.0,0.0
llama-3-8b,governing,16,32,all,target,8,0.125,0.21650635094610965
llama-3-8b,governing,16,32,all,combined,8,0.0,0.0
qwen2.5-7b,governing,14,28,all,context,8,0.0,0.0
qwen2.5-7b,governing,14,28,all,target,8,0.0,0.0
qwen2.5-7b,governing,14,28,all,combined,8,0.0,0.0
llama-3-8b,grounds,16,32,all,context,8,0.25,0.25
llama-3-8b,grounds,16,32,all,target,8,1.0,0.0
llama-3-8b,grounds,16,32,all,combined,8,0.75,0.25
qwen2.5-7b,grounds,14,28,all,context,8,0.0,0.0
qwen2.5-7b,grounds,14,28,all,target,8,1.0,0.0
qwen2.5-7b,grounds,14,28,all,combined,8,0.875,0.21650635094610965
llama-3-8b,growing,16,32,all,context,8,0.0,0.0
llama-3-8b,growing,16,32,all,target,8,0.625,0.21650635094610965
llama-3-8b,growing,16,32,all,combined,8,0.25,0.25
qwen2.5-7b,growing,14,28,all,context,8,0.0,0.0
qwen2.5-7b,growing,14,28,all,target,8,0.375,0.21650635094610965
qwen2.5-7b,growing,14,28,all,combined,8,0.0,0.0
llama-3-8b,house,16,32,all,context,8,0.375,0.21650635094610965
llama-3-8b,house,16,32,all,target,8,0.875,0.21650635094610965
llama-3-8b,house,16,32,all,combined,8,1.0,0.0
qwen2.5-7b,house,14,28,all,context,8,0.875,0.21650635094610965
qwen2.5-7b,house,14,28,all,target,8,0.875,0.21650635094610965
qwen2.5-7b,house,14,28,all,combined,8,0.875,0.21650635094610965
llama-3-8b,identity,16,32,all,context,8,0.0,0.0
llama-3-8b,identity,16,32,all,target,8,0.0,0.0
llama-3-8b,identity,16,32,all,combined,8,0.0,0.0
qwen2.5-7b,identity,14,28,all,context,8,0.0,0.0
qwen2.5-7b,identity,14,28,all,target,8,0.125,0.21650635094610965
qwen2.5-7b,identity,14,28,all,combined,8,0.0,0.0
llama-3-8b,implications,16,32,all,context,8,0.375,0.21650635094610965
llama-3-8b,implications,16,32,all,target,8,0.375,0.21650635094610965
llama-3-8b,implications,16,32,all,combined,8,0.375,0.21650635094610965
qwen2.5-7b,implications,14,28,all,context,8,0.5,0.0
qwen2.5-7b,implications,14,28,all,target,8,0.125,0.21650635094610965
qwen2.5-7b,implications,14,28,all,combined,8,0.375,0.21650635094610965
llama-3-8b,imply,16,32,all,context,8,0.125,0.21650635094610965
llama-3-8b,imply,16,32,all,target,8,0.0,0.0
llama-3-8b,imply,16,32,all,combined,8,0.0,0.0
qwen2.5-7b,imply,14,28,all,context,8,0.125,0.21650635094610965
qwen2.5-7b,imply,14,28,all,target,8,0.0,0.0
qwen2.5-7b,imply,14,28,all,combined,8,0.0,0.0
llama-3-8b,importance,16,32,all,context,8,0.0,0.0
llama-3-8b,importance,16,32,all,target,8,0.25,0.25
llama-3-8b,importance,16,32,all,combined,8,0.25,0.25
qwen2.5-7b,importance,14,28,all,context,8,0.125,0.21650635094610965
qwen2.5-7b,importance,14,28,all,target,8,0.25,0.25
qwen2.5-7b,importance,14,28,all,combined,8,0.25,0.25
llama-3-8b,important,16,32,all,context,8,0.0,0.0
llama-3-8b,important,16,32,all,target,8,0.375,0.414578098794425
llama-3-8b,important,16,32,all,combined,8,0.0,0.0
qwen2.5-7b,important,14,28,all,context,8,0.0,0.0
qwen2.5-7b,important,14,28,all,target,8,0.5,0.3535533905932738
qwen2.5-7b,important,14,28,all,combined,8,0.125,0.21650635094610965
llama-3-8b,impression,16,32,all,context,8,0.0,0.0
llama-3-8b,impression,16,32,all,target,8,0.0,0.0
llama-3-8b,impression,16,32,all,combined,8,0.0,0.0
qwen2.5-7b,impression,14,28,all,context,8,0.25,0.25
qwen2.5-7b,impression,14,28,all,target,8,0.0,0.0
qwen2.5-7b,impression,14,28,all,combined,8,0.0,0.0
llama-3-8b,improved,16,32,all,context,8,0.25,0.25
llama-3-8b,improved,16,32,all,target,8,0.5,0.5
llama-3-8b,improved,16,32,all,combined,8,0.375,0.414578098794425
qwen2.5-7b,improved,14,28,all,context,8,0.125,0.21650635094610965
qwen2.5-7b,improved,14,28,all,target,8,0.375,0.414578098794425
qwen2.5-7b,improved,14,28,all,combined,8,0.25,0.25
llama-3-8b,initiative,16,32,all,context,8,0.25,0.4330127018922193
llama-3-8b,initiative,16,32,all,target,8,0.375,0.21650635094610965
llama-3-8b,initiative,16,32,all,combined,8,0.25,0.25
qwen2.5-7b,initiative,14,28,all,context,8,0.75,0.25
qwen2.5-7b,initiative,14,28,all,target,8,0.375,0.21650635094610965
qwen2.5-7b,initiative,14,28,all,combined,8,0.625,0.414578098794425
llama-3-8b,instituted,16,32,all,context,8,0.0,0.0
llama-3-8b,instituted,16,32,all,target,8,0.0,0.0
llama-3-8b,instituted,16,32,all,combined,8,0.0,0.0
qwen2.5-7b,instituted,14,28,all,context,8,0.125,0.21650635094610965
qwen2.5-7b,instituted,14,28,all,target,8,0.0,0.0
qwen2.5-7b,instituted,14,28,all,combined,8,0.0,0.0
llama-3-8b,insure,16,32,all,context,8,0.0,0.0
llama-3-8b,insure,16,32,all,target,8,0.0,0.0
llama-3-8b,insure,16,32,all,combined,8,0.0,0.0
qwen2.5-7b,insure,14,28,all,context,8,0.0,0.0
qwen2.5-7b,insure,14,28,all,target,8,0.0,0.0
qwen2.5-7b,insure,14,28,all,combined,8,0.0,0.0
llama-3-8b,interrupted,16,32,all,context,8,0.25,0.25
llama-3-8b,interrupted,16,32,all,target,8,0.0,0.0
llama-3-8b,interrupted,16,32,all,combined,8,0.0,0.0
qwen2.5-7b,interrupted,14,28,all,context,8,0.25,0.25
qwen2.5-7b,interrupted,14,28,all,target,8,0.0,0.0
qwen2.5-7b,interrupted,14,28,all,combined,8,0.125,0.21650635094610965
llama-3-8b,interval,16,32,all,context,8,0.75,0.25
llama-3-8b,interval,16,32,all,target,8,0.875,0.21650635094610965
llama-3-8b,interval,16,32,all,combined,8,0.75,0.25
qwen2.5-7b,interval,14,28,all,context,8,0.625,0.414578098794425
qwen2.5-7b,interval,14,28,all,target,8,0.75,0.25
qwen2.5-7b,interval,14,28,all,combined,8,0.875,0.21650635094610965
llama-3-8b,investment,16,32,all,context,8,0.0,0.0
llama-3-8b,investment,16,32,all,target,8,0.0,0.0
llama-3-8b,investment,16,32,all,combined,8,0.0,0.0
qwen2.5-7b,investment,14,28,all,context,8,0.0,0.0
qwen2.5-7b,investment,14,28,all,target,8,0.0,0.0
qwen2.5-7b,investment,14,28,all,combined,8,0.0,0.0
llama-3-8b,item,16,32,all,context,8,0.75,0.25
llama-3-8b,item,16,32,all,target,8,0.75,0.25
llama-3-8b,item,16,32,all,combined,8,0.875,0.21650635094610965
qwen2.5-7b,item,14,28,all,context,8,0.375,0.414578098794425
qwen2.5-7b,item,14,28,all,target,8,0.875,0.21650635094610965
qwen2.5-7b,item,14,28,all,combined,8,0.875,0.21650635094610965
llama-3-8b,judgment,16,32,all,context,8,0.0,0.0
llama-3-8b,judgment,16,32,all,target,8,0.0,0.0
llama-3-8b,judgment,16,32,all,combined,8,0.0,0.0
qwen2.5-7b,judgment,14,28,all,context,8,0.0,0.0
qwen2.5-7b,judgment,14,28,all,target,8,0.0,0.0
qwen2.5-7b,judgment,14,28,all,combined,8,0.0,0.0
llama-3-8b,justice,16,32,all,context,8,0.0,0.0
llama-3-8b,justice,16,32,all,target,8,0.0,0.0
llama-3-8b,justice,16,32,all,combined,8,0.0,0.0
qwen2.5-7b,justice,14,28,all,context,8,0.125,0.21650635094610965
qwen2.5-7b,justice,14,28,all,target,8,0.0,0.0
qwen2.5-7b,justice,14,28,all,combined,8,0.0,0.0
llama-3-8b,key,16,32,all,context,8,0.25,0.4330127018922193
llama-3-8b,key,16,32,all,target,8,0.875,0.21650635094610965
llama-3-8b,key,16,32,all,combined,8,0.875,0.21650635094610965
qwen2.5-7b,key,14,28,all,context,8,0.25,0.4330127018922193
qwen2.5-7b,key,14,28,all,target,8,0.875,0.21650635094610965
qwen2.5-7b,key,14,28,all,combined,8,0.5,0.5
llama-3-8b,kiss,16,32,all,context,8,0.75,0.25
llama-3-8b,kiss,16,32,all,target,8,0.5,0.5
llama-3-8b,kiss,16,32,all,combined,8,0.625,0.414578098794425
qwen2.5-7b,kiss,14,28,all,context,8,0.5,0.3535533905932738
qwen2.5-7b,kiss,14,28,all,target,8,0.375,0.21650635094610965
qwen2.5-7b,kiss,14,28,all,combined,8,0.5,0.3535533905932738
llama-3-8b,laugh,16,32,all,context,8,0.0,0.0
llama-3-8b,laugh,16,32,all,target,8,0.75,0.25
llama-3-8b,laugh,16,32,all,combined,8,0.25,0.4330127018922193
qwen2.5-7b,laugh,14,28,all,context,8,0.0,0.0
qwen2.5-7b,laugh,14,28,all,target,8,0.625,0.414578098794425
qwen2.5-7b,laugh,14,28,all,combined,8,0.25,0.4330127018922193
llama-3-8b,legal,16,32,all,context,8,0.0,0.0
llama-3-8b,legal,16,32,all,target,8,0.375,0.21650635094610965
llama-3-8b,legal,16,32,all,combined,8,0.25,0.25
qwen2.5-7b,legal,14,28,all,context,8,0.0,0.0
qwen2.5-7b,legal,14,28,all,target,8,0.125,0.21650635094610965
qwen2.5-7b,legal,14,28,all,combined,8,0.125,0.21650635094610965
llama-3-8b,literally,16,32,all,context,8,0.125,0.21650635094610965
llama-3-8b,literally,16,32,all,target,8,0.25,0.25
llama-3-8b,literally,16,32,all,combined,8,0.25,0.25
qwen2.5-7b,literally,14,28,all,context,8,0.0,0.0
qwen2.5-7b,literally,14,28,all,target,8,0.375,0.414578098794425
qwen2.5-7b,literally,14,28,all,combined,8,0.0,0.0
llama-3-8b,luck,16,32,all,context,8,0.0,0.0
llama-3-8b,luck,16,32,all,target,8,0.0,0.0
llama-3-8b,luck,16,32,all,combined,8,0.0,0.0
qwen2.5-7b,luck,14,28,all,context,8,0.0,0.0
qwen2.5-7b,luck,14,28,all,target,8,0.0,0.0
qwen2.5-7b,luck,14,28,all,combined,8,0.0,0.0
llama-3-8b,m,16,32,all,context,8,0.5,0.5
llama-3-8b,m,16,32,all,target,8,1.0,0.0
llama-3-8b,m,16,32,all,combined,8,0.875,0.21650635094610965
qwen2.5-7b,m,14,28,all,context,8,0.25,0.4330127018922193
qwen2.5-7b,m,14,28,all,target,8,1.0,0.0
qwen2.5-7b,m,14,28,all,combined,8,1.0,0.0
llama-3-8b,manufacturer,16,32,all,context,8,0.25,0.25
llama-3-8b,manufacturer,16,32,all,target,8,0.75,0.25
llama-3-8b,manufacturer,16,32,all,combined,8,0.5,0.3535533905932738
qwen2.5-7b,manufacturer,14,28,all,context,8,0.25,0.25
qwen2.5-7b,manufacturer,14,28,all,target,8,0.625,0.414578098794425
qwen2.5-7b,manufacturer,14,28,all,combined,8,0.5,0.3535533905932738
llama-3-8b,marriage,16,32,all,context,8,0.25,0.25
llama-3-8b,marriage,16,32,all,target,8,0.5,0.3535533905932738
llama-3-8b,marriage,16,32,all,combined,8,0.375,0.414578098794425
qwen2.5-7b,marriage,14,28,all,context,8,0.25,0.25
qwen2.5-7b,marriage,14,28,all,target,8,0.25,0.4330127018922193
qwen2.5-7b,marriage,14,28,all,combined,8,0.25,0.4330127018922193
llama-3-8b,mate,16,32,all,context,8,0.75,0.25
llama-3-8b,mate,16,32,all,target,8,1.0,0.0
llama-3-8b,mate,16,32,all,combined,8,0.875,0.21650635094610965
qwen2.5-7b,mate,14,28,all,context,8,0.875,0.21650635094610965
qwen2.5-7b,mate,14,28,all,target,8,0.875,0.21650635094610965
qwen2.5-7b,mate,14,28,all,combined,8,0.875,0.21650635094610965
llama-3-8b,mature,16,32,all,context,8,0.0,0.0
llama-3-8b,mature,16,32,all,target,8,0.75,0.25
llama-3-8b,mature,16,32,all,combined,8,0.0,0.0
qwen2.5-7b,mature,14,28,all,context,8,0.0,0.0
qwen2.5-7b,mature,14,28,all,target,8,0.5,0.3535533905932738
qwen2.5-7b,mature,14,28,all,combined,8,0.125,0.21650635094610965
llama-3-8b,medical,16,32,all,context,8,0.125,0.21650635094610965
llama-3-8b,medical,16,32,all,target,8,0.125,0.21650635094610965
llama-3-8b,medical,16,32,all,combined,8,0.0,0.0
qwen2.5-7b,medical,14,28,all,context,8,0.375,0.414578098794425
qwen2.5-7b,medical,14,28,all,target,8,0.25,0.25
qwen2.5-7b,medical,14,28,all,combined,8,0.25,0.25
llama-3-8b,mexican,16,32,all,context,8,0.0,0.0
llama-3-8b,mexican,16,32,all,target,8,0.125,0.21650635094610965
llama-3-8b,mexican,16,32,all,combined,8,0.0,0.0
qwen2.5-7b,mexican,14,28,all,context,8,0.0,0.0
qwen2.5-7b,mexican,14,28,all,target,8,0.0,0.0
qwen2.5-7b,mexican,14,28,all,combined,8,0.0,0.0
llama-3-8b,mississippi,16,32,all,context,8,0.5,0.0
llama-3-8b,mississippi,16,32,all,target,8,1.0,0.0
llama-3-8b,mississippi,16,32,all,combined,8,0.875,0.21650635094610965
qwen2.5-7b,mississippi,14,28,all,context,8,0.375,0.21650635094610965
qwen2.5-7b,mississippi,14,28,all,target,8,1.0,0.0
qwen2.5-7b,mississippi,14,28,all,combined,8,1.0,0.0
llama-3-8b,mood,16,32,all,context,8,0.0,0.0
llama-3-8b,mood,16,32,all,target,8,0.375,0.21650635094610965
llama-3-8b,mood,16,32,all,combined,8,0.0,0.0
qwen2.5-7b,mood,14,28,all,context,8,0.0,0.0
qwen2.5-7b,mood,14,28,all,target,8,0.625,0.21650635094610965
qwen2.5-7b,mood,14,28,all,combined,8,0.125,0.21650635094610965
llama-3-8b,morality,16,32,all,context,8,0.0,0.0
llama-3-8b,morality,16,32,all,target,8,0.0,0.0
llama-3-8b,morality,16,32,all,combined,8,0.0,0.0
qwen2.5-7b,morality,14,28,all,context,8,0.0,0.0
qwen2.5-7b,morality,14,28,all,target,8,0.125,0.21650635094610965
qwen2.5-7b,morality,14,28,all,combined,8,0.0,0.0
llama-3-8b,mounted,16,32,all,context,8,0.25,0.4330127018922193
llama-3-8b,mounted,16,32,all,target,8,0.75,0.25
llama-3-8b,mounted,16,32,all,combined,8,0.75,0.25
qwen2.5-7b,mounted,14,28,all,context,8,0.125,0.21650635094610965
qwen2.5-7b,mounted,14,28,all,target,8,0.625,0.414578098794425
qwen2.5-7b,mounted,14,28,all,combined,8,0.625,0.414578098794425
llama-3-8b,net,16,32,all,context,8,0.875,0.21650635094610965
llama-3-8b,net,16,32,all,target,8,1.0,0.0
llama-3-8b,net,16,32,all,combined,8,1.0,0.0
qwen2.5-7b,net,14,28,all,context,8,0.75,0.25
qwen2.5-7b,net,14,28,all,target,8,1.0,0.0
qwen2.5-7b,net,14,28,all,combined,8,1.0,0.0
llama-3-8b,observation,16,32,all,context,8,0.0,0.0
llama-3-8b,observation,16,32,all,target,8,0.125,0.21650635094610965
llama-3-8b,observation,16,32,all,combined,8,0.0,0.0
qwen2.5-7b,observation,14,28,all,context,8,0.0,0.0
qwen2.5-7b,observation,14,28,all,target,8,0.0,0.0
qwen2.5-7b,observation,14,28,all,combined,8,0.0,0.0
llama-3-8b,observers,16,32,all,context,8,0.125,0.21650635094610965
llama-3-8b,observers,16,32,all,target,8,0.0,0.0
llama-3-8b,observers,16,32,all,combined,8,0.0,0.0
qwen2.5-7b,observers,14,28,all,context,8,0.5,0.3535533905932738
qwen2.5-7b,observers,14,28,all,target,8,0.0,0.0
qwen2.5-7b,observers,14,28,all,combined,8,0.125,0.21650635094610965
llama-3-8b,oil,16,32,all,context,8,0.0,0.0
llama-3-8b,oil,16,32,all,target,8,0.625,0.21650635094610965
llama-3-8b,oil,16,32,all,combined,8,0.0,0.0
qwen2.5-7b,oil,14,28,all,context,8,0.125,0.21650635094610965
qwen2.5-7b,oil,14,28,all,target,8,0.625,0.21650635094610965
qwen2.5-7b,oil,14,28,all,combined,8,0.375,0.21650635094610965
llama-3-8b,opening,16,32,all,context,8,0.0,0.0
llama-3-8b,opening,16,32,all,target,8,1.0,0.0
llama-3-8b,opening,16,32,all,combined,8,0.375,0.414578098794425
qwen2.5-7b,opening,14,28,all,context,8,0.25,0.25
qwen2.5-7b,opening,14,28,all,target,8,0.875,0.21650635094610965
qwen2.5-7b,opening,14,28,all,combined,8,0.375,0.414578098794425
llama-3-8b,operator,16,32,all,context,8,0.875,0.21650635094610965
llama-3-8b,operator,16,32,all,target,8,0.75,0.25
llama-3-8b,operator,16,32,all,combined,8,0.875,0.21650635094610965
qwen2.5-7b,operator,14,28,all,context,8,0.5,0.5
qwen2.5-7b,operator,14,28,all,target,8,1.0,0.0
qwen2.5-7b,operator,14,28,all,combined,8,0.75,0.25
llama-3-8b,overcome,16,32,all,context,8,0.0,0.0
llama-3-8b,overcome,16,32,all,target,8,0.125,0.21650635094610965
llama-3-8b,overcome,16,32,all,combined,8,0.0,0.0
qwen2.5-7b,overcome,14,28,all,context,8,0.0,0.0
qwen2.5-7b,overcome,14,28,all,target,8,0.0,0.0
qwen2.5-7b,overcome,14,28,all,combined,8,0.0,0.0
llama-3-8b,owners,16,32,all,context,8,0.25,0.4330127018922193
llama-3-8b,owners,16,32,all,target,8,0.25,0.25
llama-3-8b,owners,16,32,all,combined,8,0.125,0.21650635094610965
qwen2.5-7b,owners,14,28,all,context,8,0.0,0.0
qwen2.5-7b,owners,14,28,all,target,8,0.125,0.21650635094610965
qwen2.5-7b,owners,14,28,all,combined,8,0.0,0.0
llama-3-8b,paint,16,32,all,context,8,0.125,0.21650635094610965
llama-3-8b,paint,16,32,all,target,8,0.0,0.0
llama-3-8b,paint,16,32,all,combined,8,0.0,0.0
qwen2.5-7b,paint,14,28,all,context,8,0.25,0.25
qwen2.5-7b,paint,14,28,all,target,8,0.125,0.21650635094610965
qwen2.5-7b,paint,14,28,all,combined,8,0.25,0.25
llama-3-8b,passage,16,32,all,context,8,0.75,0.25
llama-3-8b,passage,16,32,all,target,8,0.875,0.21650635094610965
llama-3-8b,passage,16,32,all,combined,8,0.875,0.21650635094610965
qwen2.5-7b,passage,14,28,all,context,8,0.5,0.0
qwen2.5-7b,passage,14,28,all,target,8,0.75,0.25
qwen2.5-7b,passage,14,28,all,combined,8,0.625,0.21650635094610965
llama-3-8b,perception,16,32,all,context,8,0.5,0.0
llama-3-8b,perception,16,32,all,target,8,0.5,0.3535533905932738
llama-3-8b,perception,16,32,all,combined,8,0.5,0.3535533905932738
qwen2.5-7b,perception,14,28,all,context,8,0.125,0.21650635094610965
qwen2.5-7b,perception,14,28,all,target,8,0.75,0.25
qwen2.5-7b,perception,14,28,all,combined,8,0.625,0.21650635094610965
llama-3-8b,phenomenon,16,32,all,context,8,0.0,0.0
llama-3-8b,phenomenon,16,32,all,target,8,0.0,0.0
llama-3-8b,phenomenon,16,32,all,combined,8,0.0,0.0
qwen2.5-7b,phenomenon,14,28,all,context,8,0.0,0.0
qwen2.5-7b,phenomenon,14,28,all,target,8,0.0,0.0
qwen2.5-7b,phenomenon,14,28,all,combined,8,0.0,0.0
llama-3-8b,planning,16,32,all,context,8,0.125,0.21650635094610965
llama-3-8b,planning,16,32,all,target,8,0.0,0.0
llama-3-8b,planning,16,32,all,combined,8,0.0,0.0
qwen2.5-7b,planning,14,28,all,context,8,0.625,0.21650635094610965
qwen2.5-7b,planning,14,28,all,target,8,0.0,0.0
qwen2.5-7b,planning,14,28,all,combined,8,0.125,0.21650635094610965
llama-3-8b,plunged,16,32,all,context,8,0.0,0.0
llama-3-8b,plunged,16,32,all,target,8,0.375,0.21650635094610965
llama-3-8b,plunged,16,32,all,combined,8,0.125,0.21650635094610965
qwen2.5-7b,plunged,14,28,all,context,8,0.25,0.25
qwen2.5-7b,plunged,14,28,all,target,8,0.125,0.21650635094610965
qwen2.5-7b,plunged,14,28,all,combined,8,0.25,0.25
llama-3-8b,population,16,32,all,context,8,0.0,0.0
llama-3-8b,population,16,32,all,target,8,0.125,0.21650635094610965
llama-3-8b,population,16,32,all,combined,8,0.0,0.0
qwen2.5-7b,population,14,28,all,context,8,0.0,0.0
qwen2.5-7b,population,14,28,all,target,8,0.0,0.0
qwen2.5-7b,population,14,28,all,combined,8,0.0,0.0
llama-3-8b,portion,16,32,all,context,8,0.0,0.0
llama-3-8b,portion,16,32,all,target,8,0.5,0.0
llama-3-8b,portion,16,32,all,combined,8,0.375,0.21650635094610965
qwen2.5-7b,portion,14,28,all,context,8,0.25,0.25
qwen2.5-7b,portion,14,28,all,target,8,0.375,0.21650635094610965
qwen2.5-7b,portion,14,28,all,combined,8,0.5,0.3535533905932738
llama-3-8b,possess,16,32,all,context,8,0.0,0.0
llama-3-8b,possess,16,32,all,target,8,0.375,0.21650635094610965
llama-3-8b,possess,16,32,all,combined,8,0.125,0.21650635094610965
qwen2.5-7b,possess,14,28,all,context,8,0.125,0.21650635094610965
qwen2.5-7b,possess,14,28,all,target,8,0.125,0.21650635094610965
qwen2.5-7b,possess,14,28,all,combined,8,0.125,0.21650635094610965
llama-3-8b,pot,16,32,all,context,8,0.25,0.25
llama-3-8b,pot,16,32,all,target,8,0.125,0.21650635094610965
llama-3-8b,pot,16,32,all,combined,8,0.125,0.21650635094610965
qwen2.5-7b,pot,14,28,all,context,8,0.25,0.25
qwen2.5-7b,pot,14,28,all,target,8,0.0,0.0
qwen2.5-7b,pot,14,28,all,combined,8,0.0,0.0
llama-3-8b,poured,16,32,all,context,8,0.125,0.21650635094610965
llama-3-8b,poured,16,32,all,target,8,0.5,0.3535533905932738
llama-3-8b,poured,16,32,all,combined,8,0.375,0.21650635094610965
qwen2.5-7b,poured,14,28,all,context,8,0.125,0.21650635094610965
qwen2.5-7b,poured,14,28,all,target,8,0.375,0.21650635094610965
qwen2.5-7b,poured,14,28,all,combined,8,0.25,0.25
llama-3-8b,precipitated,16,32,all,context,8,0.5,0.3535533905932738
llama-3-8b,precipitated,16,32,all,target,8,1.0,0.0
llama-3-8b,precipitated,16,32,all,combined,8,1.0,0.0
qwen2.5-7b,precipitated,14,28,all,context,8,0.375,0.21650635094610965
qwen2.5-7b,precipitated,14,28,all,target,8,1.0,0.0
qwen2.5-7b,precipitated,14,28,all,combined,8,0.875,0.21650635094610965
llama-3-8b,presentation,16,32,all,context,8,0.5,0.3535533905932738
llama-3-8b,presentation,16,32,all,target,8,0.5,0.3535533905932738
llama-3-8b,presentation,16,32,all,combined,8,0.375,0.414578098794425
qwen2.5-7b,presentation,14,28,all,context,8,0.25,0.25
qwen2.5-7b,presentation,14,28,all,target,8,0.5,0.3535533905932738
qwen2.5-7b,presentation,14,28,all,combined,8,0.375,0.414578098794425
llama-3-8b,press,16,32,all,context,8,0.5,0.0
llama-3-8b,press,16,32,all,target,8,0.5,0.3535533905932738
llama-3-8b,press,16,32,all,combined,8,0.5,0.3535533905932738
qwen2.5-7b,press,14,28,all,context,8,0.625,0.21650635094610965
qwen2.5-7b,press,14,28,all,target,8,0.5,0.3535533905932738
qwen2.5-7b,press,14,28,all,combined,8,0.75,0.25
llama-3-8b,priest,16,32,all,context,8,0.375,0.21650635094610965
llama-3-8b,priest,16,32,all,target,8,0.75,0.25
llama-3-8b,priest,16,32,all,combined,8,0.625,0.414578098794425
qwen2.5-7b,priest,14,28,all,context,8,0.25,0.25
qwen2.5-7b,priest,14,28,all,target,8,0.625,0.414578098794425
qwen2.5-7b,priest,14,28,all,combined,8,0.625,0.414578098794425
llama-3-8b,property,16,32,all,context,8,0.25,0.25
llama-3-8b,property,16,32,all,target,8,0.5,0.0
llama-3-8b,property,16,32,all,combined,8,0.375,0.21650635094610965
qwen2.5-7b,property,14,28,all,context,8,0.375,0.21650635094610965
qwen2.5-7b,property,14,28,all,target,8,0.5,0.3535533905932738
qwen2.5-7b,property,14,28,all,combined,8,0.5,0.0
llama-3-8b,queen,16,32,all,context,8,0.375,0.414578098794425
llama-3-8b,queen,16,32,all,target,8,0.25,0.25
llama-3-8b,queen,16,32,all,combined,8,0.25,0.25
qwen2.5-7b,queen,14,28,all,context,8,0.25,0.4330127018922193
qwen2.5-7b,queen,14,28,all,target,8,0.375,0.21650635094610965
qwen2.5-7b,queen,14,28,all,combined,8,0.375,0.21650635094610965
llama-3-8b,recommend,16,32,all,context,8,0.0,0.0
llama-3-8b,recommend,16,32,all,target,8,0.5,0.0
llama-3-8b,recommend,16,32,all,combined,8,0.25,0.25
qwen2.5-7b,recommend,14,28,all,context,8,0.375,0.414578098794425
qwen2.5-7b,recommend,14,28,all,target,8,0.5,0.0
qwen2.5-7b,recommend,14,28,all,combined,8,0.5,0.3535533905932738
llama-3-8b,reduced,16,32,all,context,8,0.0,0.0
llama-3-8b,reduced,16,32,all,target,8,0.625,0.21650635094610965
llama-3-8b,reduced,16,32,all,combined,8,0.375,0.414578098794425
qwen2.5-7b,reduced,14,28,all,context,8,0.125,0.21650635094610965
qwen2.5-7b,reduced,14,28,all,target,8,0.625,0.21650635094610965
qwen2.5-7b,reduced,14,28,all,combined,8,0.125,0.21650635094610965
llama-3-8b,registered,16,32,all,context,8,0.0,0.0
llama-3-8b,registered,16,32,all,target,8,0.125,0.21650635094610965
llama-3-8b,registered,16,32,all,combined,8,0.0,0.0
qwen2.5-7b,registered,14,28,all,context,8,0.0,0.0
qwen2.5-7b,registered,14,28,all,target,8,0.125,0.21650635094610965
qwen2.5-7b,registered,14,28,all,combined,8,0.0,0.0
llama-3-8b,relating,16,32,all,context,8,0.25,0.25
llama-3-8b,relating,16,32,all,target,8,0.75,0.25
llama-3-8b,relating,16,32,all,combined,8,0.625,0.21650635094610965
qwen2.5-7b,relating,14,28,all,context,8,0.25,0.25
qwen2.5-7b,relating,14,28,all,target,8,0.75,0.25
qwen2.5-7b,relating,14,28,all,combined,8,0.375,0.414578098794425
llama-3-8b,related,16,32,all,context,8,0.25,0.25
llama-3-8b,related,16,32,all,target,8,0.0,0.0
llama-3-8b,related,16,32,all,combined,8,0.125,0.21650635094610965
qwen2.5-7b,related,14,28,all,context,8,0.125,0.21650635094610965
qwen2.5-7b,related,14,28,all,target,8,0.0,0.0
qwen2.5-7b,related,14,28,all,combined,8,0.125,0.21650635094610965
llama-3-8b,reply,16,32,all,context,8,0.375,0.21650635094610965
llama-3-8b,reply,16,32,all,target,8,0.375,0.414578098794425
llama-3-8b,reply,16,32,all,combined,8,0.25,0.4330127018922193
qwen2.5-7b,reply,14,28,all,context,8,0.375,0.21650635094610965
qwen2.5-7b,reply,14,28,all,target,8,0.125,0.21650635094610965
qwen2.5-7b,reply,14,28,all,combined,8,0.25,0.25
llama-3-8b,representation,16,32,all,context,8,0.125,0.21650635094610965
llama-3-8b,representation,16,32,all,target,8,0.125,0.21650635094610965
llama-3-8b,representation,16,32,all,combined,8,0.0,0.0
qwen2.5-7b,representation,14,28,all,context,8,0.125,0.21650635094610965
qwen2.5-7b,representation,14,28,all,target,8,0.125,0.21650635094610965
qwen2.5-7b,representation,14,28,all,combined,8,0.125,0.21650635094610965
llama-3-8b,residential,16,32,all,context,8,0.375,0.414578098794425
llama-3-8b,residential,16,32,all,target,8,0.625,0.414578098794425
llama-3-8b,residential,16,32,all,combined,8,0.625,0.414578098794425
qwen2.5-7b,residential,14,28,all,context,8,0.25,0.25
qwen2.5-7b,residential,14,28,all,target,8,0.625,0.414578098794425
qwen2.5-7b,residential,14,28,all,combined,8,0.5,0.3535533905932738
llama-3-8b,resistance,16,32,all,context,8,0.625,0.21650635094610965
llama-3-8b,resistance,16,32,all,target,8,0.5,0.3535533905932738
llama-3-8b,resistance,16,32,all,combined,8,0.625,0.21650635094610965
qwen2.5-7b,resistance,14,28,all,context,8,0.5,0.3535533905932738
qwen2.5-7b,resistance,14,28,all,target,8,0.625,0.21650635094610965
qwen2.5-7b,resistance,14,28,all,combined,8,0.5,0.3535533905932738
llama-3-8b,resources,16,32,all,context,8,0.25,0.25
llama-3-8b,resources,16,32,all,target,8,0.25,0.25
llama-3-8b,resources,16,32,all,combined,8,0.25,0.25
qwen2.5-7b,resources,14,28,all,context,8,0.0,0.0
qwen2.5-7b,resources,14,28,all,target,8,0.375,0.21650635094610965
qwen2.5-7b,resources,14,28,all,combined,8,0.25,0.25
llama-3-8b,resume,16,32,all,context,8,0.125,0.21650635094610965
llama-3-8b,resume,16,32,all,target,8,1.0,0.0
llama-3-8b,resume,16,32,all,combined,8,0.75,0.25
qwen2.5-7b,resume,14,28,all,context,8,0.0,0.0
qwen2.5-7b,resume,14,28,all,target,8,1.0,0.0
qwen2.5-7b,resume,14,28,all,combined,8,0.75,0.25
llama-3-8b,revolution,16,32,all,context,8,0.75,0.25
llama-3-8b,revolution,16,32,all,target,8,0.625,0.21650635094610965
llama-3-8b,revolution,16,32,all,combined,8,0.75,0.25
qwen2.5-7b,revolution,14,28,all,context,8,0.875,0.21650635094610965
qwen2.5-7b,revolution,14,28,all,target,8,0.5,0.3535533905932738
qwen2.5-7b,revolution,14,28,all,combined,8,0.625,0.21650635094610965
llama-3-8b,rhythm,16,32,all,context,8,0.25,0.4330127018922193
llama-3-8b,rhythm,16,32,all,target,8,0.0,0.0
llama-3-8b,rhythm,16,32,all,combined,8,0.125,0.21650635094610965
qwen2.5-7b,rhythm,14,28,all,context,8,0.25,0.25
qwen2.5-7b,rhythm,14,28,all,target,8,0.625,0.414578098794425
qwen2.5-7b,rhythm,14,28,all,combined,8,0.5,0.3535533905932738
llama-3-8b,rice,16,32,all,context,8,0.0,0.0
llama-3-8b,rice,16,32,all,target,8,0.375,0.21650635094610965
llama-3-8b,rice,16,32,all,combined,8,0.0,0.0
qwen2.5-7b,rice,14,28,all,context,8,0.0,0.0
qwen2.5-7b,rice,14,28,all,target,8,0.125,0.21650635094610965
qwen2.5-7b,rice,14,28,all,combined,8,0.0,0.0
llama-3-8b,rushed,16,32,all,context,8,0.5,0.3535533905932738
llama-3-8b,rushed,16,32,all,target,8,0.625,0.21650635094610965
llama-3-8b,rushed,16,32,all,combined,8,0.5,0.3535533905932738
qwen2.5-7b,rushed,14,28,all,context,8,0.75,0.25
qwen2.5-7b,rushed,14,28,all,target,8,0.75,0.25
qwen2.5-7b,rushed,14,28,all,combined,8,0.75,0.25
llama-3-8b,scholarship,16,32,all,context,8,0.25,0.25
llama-3-8b,scholarship,16,32,all,target,8,0.875,0.21650635094610965
llama-3-8b,scholarship,16,32,all,combined,8,0.75,0.25
qwen2.5-7b,scholarship,14,28,all,context,8,0.375,0.21650635094610965
qwen2.5-7b,scholarship,14,28,all,target,8,0.75,0.25
qwen2.5-7b,scholarship,14,28,all,combined,8,0.625,0.21650635094610965
llama-3-8b,scream,16,32,all,context,8,0.0,0.0
llama-3-8b,scream,16,32,all,target,8,0.75,0.25
llama-3-8b,scream,16,32,all,combined,8,0.5,0.0
qwen2.5-7b,scream,14,28,all,context,8,0.25,0.25
qwen2.5-7b,scream,14,28,all,target,8,0.625,0.21650635094610965
qwen2.5-7b,scream,14,28,all,combined,8,0.5,0.0
llama-3-8b,seat,16,32,all,context,8,1.0,0.0
llama-3-8b,seat,16,32,all,target,8,0.625,0.21650635094610965
llama-3-8b,seat,16,32,all,combined,8,0.875,0.21650635094610965
qwen2.5-7b,seat,14,28,all,context,8,0.875,0.21650635094610965
qwen2.5-7b,seat,14,28,all,target,8,0.625,0.21650635094610965
qwen2.5-7b,seat,14,28,all,combined,8,0.875,0.21650635094610965
llama-3-8b,security,16,32,all,context,8,0.125,0.21650635094610965
llama-3-8b,security,16,32,all,target,8,0.375,0.21650635094610965
llama-3-8b,security,16,32,all,combined,8,0.25,0.25
qwen2.5-7b,security,14,28,all,context,8,0.375,0.21650635094610965
qwen2.5-7b,security,14,28,all,target,8,0.625,0.21650635094610965
qwen2.5-7b,security,14,28,all,combined,8,0.75,0.25
llama-3-8b,seem,16,32,all,context,8,0.0,0.0
llama-3-8b,seem,16,32,all,target,8,0.375,0.414578098794425
llama-3-8b,seem,16,32,all,combined,8,0.375,0.414578098794425
qwen2.5-7b,seem,14,28,all,context,8,0.0,0.0
qwen2.5-7b,seem,14,28,all,target,8,0.375,0.414578098794425
qwen2.5-7b,seem,14,28,all,combined,8,0.25,0.25
llama-3-8b,seized,16,32,all,context,8,0.125,0.21650635094610965
llama-3-8b,seized,16,32,all,target,8,0.25,0.25
llama-3-8b,seized,16,32,all,combined,8,0.125,0.21650635094610965
qwen2.5-7b,seized,14,28,all,context,8,0.25,0.25
qwen2.5-7b,seized,14,28,all,target,8,0.25,0.25
qwen2.5-7b,seized,14,28,all,combined,8,0.375,0.21650635094610965
llama-3-8b,sell,16,32,all,context,8,0.0,0.0
llama-3-8b,sell,16,32,all,target,8,0.75,0.25
llama-3-8b,sell,16,32,all,combined,8,0.125,0.21650635094610965
qwen2.5-7b,sell,14,28,all,context,8,0.125,0.21650635094610965
qwen2.5-7b,sell,14,28,all,target,8,0.5,0.0
qwen2.5-7b,sell,14,28,all,combined,8,0.125,0.21650635094610965
llama-3-8b,sensitivity,16,32,all,context,8,0.375,0.414578098794425
llama-3-8b,sensitivity,16,32,all,target,8,0.75,0.25
llama-3-8b,sensitivity,16,32,all,combined,8,0.375,0.414578098794425
qwen2.5-7b,sensitivity,14,28,all,context,8,0.25,0.25
qwen2.5-7b,sensitivity,14,28,all,target,8,0.75,0.25
qwen2.5-7b,sensitivity,14,28,all,combined,8,0.75,0.25
llama-3-8b,serve,16,32,all,context,8,0.125,0.21650635094610965
llama-3-8b,serve,16,32,all,target,8,0.125,0.21650635094610965
llama-3-8b,serve,16,32,all,combined,8,0.125,0.21650635094610965
qwen2.5-7b,serve,14,28,all,context,8,0.625,0.21650635094610965
qwen2.5-7b,serve,14,28,all,target,8,0.0,0.0
qwen2.5-7b,serve,14,28,all,combined,8,0.375,0.21650635094610965
llama-3-8b,settled,16,32,all,context,8,0.0,0.0
llama-3-8b,settled,16,32,all,target,8,0.625,0.21650635094610965
llama-3-8b,settled,16,32,all,combined,8,0.25,0.25
qwen2.5-7b,settled,14,28,all,context,8,0.0,0.0
qwen2.5-7b,settled,14,28,all,target,8,0.625,0.21650635094610965
qwen2.5-7b,settled,14,28,all,combined,8,0.125,0.21650635094610965
llama-3-8b,shape,16,32,all,context,8,0.375,0.21650635094610965
llama-3-8b,shape,16,32,all,target,8,1.0,0.0
llama-3-8b,shape,16,32,all,combined,8,1.0,0.0
qwen2.5-7b,shape,14,28,all,context,8,0.0,0.0
qwen2.5-7b,shape,14,28,all,target,8,1.0,0.0
qwen2.5-7b,shape,14,28,all,combined,8,0.75,0.25
llama-3-8b,shifted,16,32,all,context,8,0.25,0.25
llama-3-8b,shifted,16,32,all,target,8,0.25,0.25
llama-3-8b,shifted,16,32,all,combined,8,0.25,0.25
qwen2.5-7b,shifted,14,28,all,context,8,0.25,0.25
qwen2.5-7b,shifted,14,28,all,target,8,0.25,0.25
qwen2.5-7b,shifted,14,28,all,combined,8,0.25,0.25
llama-3-8b,shooting,16,32,all,context,8,0.25,0.25
llama-3-8b,shooting,16,32,all,target,8,0.625,0.414578098794425
llama-3-8b,shooting,16,32,all,combined,8,0.625,0.414578098794425
qwen2.5-7b,shooting,14,28,all,context,8,0.375,0.21650635094610965
qwen2.5-7b,shooting,14,28,all,target,8,0.75,0.4330127018922193
qwen2.5-7b,shooting,14,28,all,combined,8,0.75,0.4330127018922193
llama-3-8b,show,16,32,all,context,8,0.0,0.0
llama-3-8b,show,16,32,all,target,8,0.125,0.21650635094610965
llama-3-8b,show,16,32,all,combined,8,0.0,0.0
qwen2.5-7b,show,14,28,all,context,8,0.0,0.0
qwen2.5-7b,show,14,28,all,target,8,0.0,0.0
qwen2.5-7b,show,14,28,all,combined,8,0.0,0.0
llama-3-8b,sight,16,32,all,context,8,0.125,0.21650635094610965
llama-3-8b,sight,16,32,all,target,8,0.0,0.0
llama-3-8b,sight,16,32,all,combined,8,0.0,0.0
qwen2.5-7b,sight,14,28,all,context,8,0.0,0.0
qwen2.5-7b,sight,14,28,all,target,8,0.0,0.0
qwen2.5-7b,sight,14,28,all,combined,8,0.0,0.0
llama-3-8b,sin,16,32,all,context,8,0.375,0.414578098794425
llama-3-8b,sin,16,32,all,target,8,0.375,0.414578098794425
llama-3-8b,sin,16,32,all,combined,8,0.375,0.414578098794425
qwen2.5-7b,sin,14,28,all,context,8,0.5,0.5
qwen2.5-7b,sin,14,28,all,target,8,0.25,0.25
qwen2.5-7b,sin,14,28,all,combined,8,0.5,0.5
llama-3-8b,slipped,16,32,all,context,8,0.0,0.0
llama-3-8b,slipped,16,32,all,target,8,0.125,0.21650635094610965
llama-3-8b,slipped,16,32,all,combined,8,0.0,0.0
qwen2.5-7b,slipped,14,28,all,context,8,0.0,0.0
qwen2.5-7b,slipped,14,28,all,target,8,0.125,0.21650635094610965
qwen2.5-7b,slipped,14,28,all,combined,8,0.0,0.0
llama-3-8b,slope,16,32,all,context,8,0.25,0.25
llama-3-8b,slope,16,32,all,target,8,0.625,0.414578098794425
llama-3-8b,slope,16,32,all,combined,8,0.25,0.25
qwen2.5-7b,slope,14,28,all,context,8,0.25,0.25
qwen2.5-7b,slope,14,28,all,target,8,0.625,0.414578098794425
qwen2.5-7b,slope,14,28,all,combined,8,0.375,0.21650635094610965
llama-3-8b,smoke,16,32,all,context,8,0.125,0.21650635094610965
llama-3-8b,smoke,16,32,all,target,8,0.875,0.21650635094610965
llama-3-8b,smoke,16,32,all,combined,8,0.125,0.21650635094610965
qwen2.5-7b,smoke,14,28,all,context,8,0.125,0.21650635094610965
qwen2.5-7b,smoke,14,28,all,target,8,0.875,0.21650635094610965
qwen2.5-7b,smoke,14,28,all,combined,8,0.375,0.414578098794425
llama-3-8b,souls,16,32,all,context,8,0.0,0.0
llama-3-8b,souls,16,32,all,target,8,0.0,0.0
llama-3-8b,souls,16,32,all,combined,8,0.0,0.0
qwen2.5-7b,souls,14,28,all,context,8,0.375,0.21650635094610965
qwen2.5-7b,souls,14,28,all,target,8,0.0,0.0
qwen2.5-7b,souls,14,28,all,combined,8,0.125,0.21650635094610965
llama-3-8b,span,16,32,all,context,8,0.5,0.0
llama-3-8b,span,16,32,all,target,8,0.625,0.21650635094610965
llama-3-8b,span,16,32,all,combined,8,0.625,0.21650635094610965
qwen2.5-7b,span,14,28,all,context,8,0.5,0.0
qwen2.5-7b,span,14,28,all,target,8,0.625,0.21650635094610965
qwen2.5-7b,span,14,28,all,combined,8,0.5,0.0
llama-3-8b,stomach,16,32,all,context,8,0.25,0.25
llama-3-8b,stomach,16,32,all,target,8,0.375,0.21650635094610965
llama-3-8b,stomach,16,32,all,combined,8,0.25,0.25
qwen2.5-7b,stomach,14,28,all,context,8,0.625,0.21650635094610965
qwen2.5-7b,stomach,14,28,all,target,8,0.5,0.0
qwen2.5-7b,stomach,14,28,all,combined,8,0.5,0.0
llama-3-8b,stone,16,32,all,context,8,0.0,0.0
llama-3-8b,stone,16,32,all,target,8,0.625,0.414578098794425
llama-3-8b,stone,16,32,all,combined,8,0.125,0.21650635094610965
qwen2.5-7b,stone,14,28,all,context,8,0.25,0.25
qwen2.5-7b,stone,14,28,all,target,8,0.375,0.21650635094610965
qwen2.5-7b,stone,14,28,all,combined,8,0.25,0.25
llama-3-8b,store,16,32,all,context,8,0.375,0.21650635094610965
llama-3-8b,store,16,32,all,target,8,0.75,0.25
llama-3-8b,store,16,32,all,combined,8,0.75,0.25
qwen2.5-7b,store,14,28,all,context,8,0.25,0.25
qwen2.5-7b,store,14,28,all,target,8,0.875,0.21650635094610965
qwen2.5-7b,store,14,28,all,combined,8,0.5,0.0
