group,control,words,n_models,mean,median,n_positive,n_negative,min,max,loo_min,loo_max,loo_min_dropped,loo_max_dropped,t_p,wilcoxon_p
decoders,linear,all,9,0.323287721418713,0.31075736605388793,9,0,0.21963437142310474,0.4844358919804297,0.3031442000984983,0.33624439016816393,llama-2-7b,qwen2-7b,1.588688812567693e-06,0.00390625
decoders,quadratic,all,9,0.17942953105941117,0.21394156554853028,8,1,-0.03653664702049219,0.3721914961599402,0.15533428542184508,0.20642530331939912,llama-2-7b,qwen2-7b,0.0031392783676941257,0.01171875
llama,linear,all,4,0.3522234334271676,0.3306062453523953,4,0,0.26324535102345026,0.4844358919804297,0.30815261390941356,0.3818827942284067,llama-2-7b,llama-3-8b,0.005773885945540345,0.125
llama,quadratic,all,4,0.2671134563604006,0.24116038186656608,4,0,0.21394156554853028,0.3721914961599402,0.23208744309388743,0.28483741996435746,llama-2-7b,llama-3-8b,0.005225193007924615,0.125
qwen,linear,all,5,0.30013915181194917,0.31075736605388793,5,0,0.21963437142310474,0.35501612324879456,0.28641990895273783,0.32026534690916025,qwen2.5-7b,qwen2-7b,0.00028278193572089797,0.0625
qwen,quadratic,all,5,0.10928239081861964,0.09801071960579665,4,1,-0.03653664702049219,0.2805546106789184,0.06646433585354494,0.1457371502783976,qwen1.5-7b,qwen2-7b,0.12185608227329717,0.1875
encoders,linear,all,4,0.0880509436542806,0.09102397974812834,3,1,-0.06693059731577776,0.23708641243664344,0.03837245406015965,0.1397114573109667,xlm-roberta-base,roberta-base,0.3027570108669747,0.375
encoders,quadratic,all,4,-0.058050006601379725,-0.05059392379888099,1,3,-0.16630158810396514,0.03528940929620822,-0.08916314523390904,-0.02196614610051792,xlm-roberta-base,roberta-base,0.25794806147585775,0.25
decoders,linear,without_all,9,0.3232895505597686,0.3106628083942182,9,0,0.2195449012780312,0.4845130492681925,0.30313661322121555,0.33625763171998574,llama-2-7b,qwen2-7b,1.5828016006904974e-06,0.00390625
decoders,quadratic,without_all,9,0.17937477399919283,0.21433525468011028,8,1,-0.03652485403044256,0.37210193523778756,0.1552838788443685,0.20636222750289723,llama-2-7b,qwen2-7b,0.0031445871838435726,0.01171875
decoders,linear,without_alone,9,0.3230070792811292,0.3102415079702766,9,0,0.2195082416465443,0.48403847525801297,0.3028781547840188,0.3359444339854524,llama-2-7b,qwen2-7b,1.5908502574801177e-06,0.00390625
decoders,quadratic,without_alone,9,0.17915053407987994,0.21371592909481296,8,1,-0.03653656990609144,0.37178696800711325,0.15507097983897575,0.20611142207812633,llama-2-7b,qwen2-7b,0.0031490268013858592,0.01171875
decoders,linear,without_back,9,0.32300509975092356,0.31034958541004026,9,0,0.21924153150215517,0.4840502062246683,0.3028744614417055,0.3359755457820196,llama-2-7b,qwen2-7b,1.5922947759151532e-06,0.00390625
decoders,quadratic,without_back,9,0.1791811155685891,0.213817730579206,8,1,-0.03669954689512025,0.37177719265443515,0.15510660593285835,0.20616619837655278,llama-2-7b,qwen2-7b,0.0031560363743851267,0.01171875
decoders,linear,without_basis,9,0.3230743528534416,0.3104572917413891,9,0,0.219641700689196,0.4840803499519495,0.30294860321612815,0.3360034343739723,llama-2-7b,qwen2-7b,1.5809106814219453e-06,0.00390625
decoders,quadratic,without_basis,9,0.17931905332689005,0.21380322283233358,8,1,-0.036270273562886,0.37188309712631856,0.15524854785196146,0.20626771918811204,llama-2-7b,qwen2-7b,0.003128964287932592,0.01171875
decoders,linear,without_better,9,0.3239930140940741,0.31136548503299455,9,0,0.22035345810855253,0.4853549202315083,0.3038227758268949,0.3369479585922643,llama-2-7b,qwen2-7b,1.574851589231454e-06,0.00390625
decoders,quadratic,without_better,9,0.17960164554113708,0.21460348837278528,8,1,-0.03693988848985805,0.37254497525367813,0.15548372932706944,0.2066693372950115,llama-2-7b,qwen2-7b,0.003143091745132001,0.01171875
decoders,linear,without_death,9,0.3230070179160145,0.31042054463986773,9,0,0.2191940556516664,0.4839834424867943,0.3028849648446671,0.3359836381990581,llama-2-7b,qwen2-7b,1.590216338919629e-06,0.00390625
decoders,quadratic,without_death,9,0.17922059355100226,0.21385721238575883,8,1,-0.036686550122561376,0.3716751954143309,0.1551637683180862,0.2062089865101977,llama-2-7b,qwen2-7b,0.0031477276064506557,0.01171875
decoders,linear,without_down,9,0.3236474765355226,0.31138169137647514,9,0,0.22021296278943955,0.48500932938175767,0.30347724492974326,0.336576790753783,llama-2-7b,qwen2-7b,1.5901941696246031e-06,0.00390625
decoders,quadratic,without_down,9,0.1797996684079969,0.21454543336494816,8,1,-0.036539843595881666,0.3730307663415616,0.15564578116630134,0.20684210740848175,llama-2-7b,qwen2-7b,0.0031383262844011136,0.01171875
decoders,linear,without_evidence,9,0.3235672195429434,0.3114289872889359,9,0,0.21920042618510266,0.48484654112181147,0.3034073043455848,0.3366130687126735,llama-2-7b,qwen2-7b,1.6071103404875755e-06,0.00390625
decoders,quadratic,without_evidence,9,0.17979298297573043,0.21445746455994125,8,1,-0.03695127479583705,0.37268093007083947,0.15568198958884183,0.20688601519717637,llama-2-7b,qwen2-7b,0.0031467788247862127,0.01171875
decoders,linear,without_first,9,0.3234093686393076,0.31054549716186614,9,0,0.2203035605430413,0.48423870131853075,0.30330570205440455,0.3362975946513408,llama-2-7b,qwen2-7b,1.5482401337252036e-06,0.00390625
decoders,quadratic,without_first,9,0.17937757613960154,0.21419808578351057,8,1,-0.03626364317488968,0.3719806391491687,0.15530219326340564,0.20633272855391294,llama-2-7b,qwen2-7b,0.0031277521116449152,0.01171875
decoders,linear,without_heart,9,0.32299952915840385,0.31029040589380136,9,0,0.2195360885150016,0.48403836643106307,0.30286967449932145,0.3359324592388292,llama-2-7b,qwen2-7b,1.5860581643833093e-06,0.00390625
decoders,quadratic,without_heart,9,0.17925128706977358,0.2136334265781888,8,1,-0.03617318778705237,0.37177842196617306,0.15518539520772365,0.20617934642687683,llama-2-7b,qwen2-7b,0.0031216475441346162,0.01171875
decoders,linear,without_here,9,0.3229775652295173,0.31041571074369584,9,0,0.21942896771907736,0.48404919666170426,0.3028436113004939,0.3359211399183223,llama-2-7b,qwen2-7b,1.5935445877644268e-06,0.00390625
decoders,quadratic,without_here,9,0.17926441912623955,0.21370662427826728,8,1,-0.036161189525298246,0.37177844236661894,0.15520016622119215,0.20619262020768178,llama-2-7b,qwen2-7b,0.003130024357722428,0.01171875
decoders,linear,without_information,9,0.32348677787822755,0.31074291188494124,9,0,0.2203856340879911,0.4846786036670162,0.3033377996546289,0.3363744208520071,llama-2-7b,qwen2-7b,1.5775885636702966e-06,0.00390625
decoders,quadratic,without_information,9,0.17942338059060775,0.21387603754060447,8,1,-0.03605441217009701,0.3721819081922029,0.15532856464040837,0.20635810468569585,llama-2-7b,qwen2-7b,0.0031162555827247205,0.01171875
decoders,linear,without_just,9,0.32336120889094694,0.3111036767373927,9,0,0.21933036106082934,0.4844331797020932,0.30322721253955365,0.3363650648697116,llama-2-7b,qwen2-7b,1.5883738499977843e-06,0.00390625
decoders,quadratic,without_just,9,0.17951138215175128,0.21417500744821918,8,1,-0.03675351678948202,0.3723409463588256,0.155407686625867,0.20654449451940543,llama-2-7b,qwen2-7b,0.003145855911879399,0.01171875
decoders,linear,without_less,9,0.3235016114067911,0.31156322654122254,9,0,0.21958590397441038,0.48475363781514397,0.303345108105747,0.33649107483583873,llama-2-7b,qwen2-7b,1.5892003864019289e-06,0.00390625
decoders,quadratic,without_less,9,0.17936454920328795,0.2138159830917558,8,1,-0.037126752308437934,0.37245051762611026,0.15522880315043522,0.2064259618922537,llama-2-7b,qwen2-7b,0.0031715184802198594,0.01171875
decoders,linear,without_little,9,0.3231730880706127,0.31067345312679706,9,0,0.219610625592372,0.4841170567594437,0.3030550919845088,0.3361183958803927,llama-2-7b,qwen2-7b,1.5797428878830354e-06,0.00390625
decoders,quadratic,without_little,9,0.1793871892713691,0.21400128966875706,8,1,-0.0364257641319831,0.3719221840433512,0.15532031492487136,0.20636380844678814,llama-2-7b,qwen2-7b,0.003125146156307625,0.01171875
decoders,linear,without_major,9,0.32361218753414756,0.31119516000291675,9,0,0.2202842859933083,0.4843060553085623,0.3035254540623457,0.3365281752267525,llama-2-7b,qwen2-7b,1.5421173588426386e-06,0.00390625
decoders,quadratic,without_major,9,0.17972774361055824,0.2142393157949637,8,1,-0.03601046258149275,0.3720929945043691,0.15568208724883187,0.2066950193845646,llama-2-7b,qwen2-7b,0.0030898141214684054,0.01171875
decoders,linear,without_more,9,0.32360363049942964,0.31099322505287336,9,0,0.2202140618613615,0.4849667323826175,0.30343324276403116,0.3365273265791882,llama-2-7b,qwen2-7b,1.5754273410801896e-06,0.00390625
decoders,quadratic,without_more,9,0.17945043818214584,0.21421466155849242,8,1,-0.03648189636485151,0.3723784028102616,0.15533444260363138,0.20644198000052053,llama-2-7b,qwen2-7b,0.003140404072565481,0.01171875
decoders,linear,without_most,9,0.3237250695912036,0.3109295795156959,9,0,0.2204484132285257,0.48458233448416016,0.303617911479584,0.33663465163653833,llama-2-7b,qwen2-7b,1.5341815501649178e-06,0.00390625
decoders,quadratic,without_most,9,0.17962581461777993,0.21471793641951153,8,1,-0.0362334391524205,0.37220060700371776,0.15555396556953768,0.20660822133905496,llama-2-7b,qwen2-7b,0.003118174823051258,0.01171875
decoders,linear,without_much,9,0.32345822584777595,0.3109189545148059,9,0,0.21992421292705305,0.4845258863679827,0.3033247682827501,0.3363999774628663,llama-2-7b,qwen2-7b,1.5690384919693698e-06,0.00390625
decoders,quadratic,without_much,9,0.17941765864691714,0.21411756178014935,8,1,-0.036580734526973774,0.37217030558047004,0.15532357778022304,0.2064174577936535,llama-2-7b,qwen2-7b,0.003142616625354708,0.01171875
decoders,linear,without_no,9,0.32361397785138646,0.3114214609206277,9,0,0.22005674813792825,0.48485763746191823,0.30345852040007,0.33655863156556876,llama-2-7b,qwen2-7b,1.5863312259519442e-06,0.00390625
decoders,quadratic,without_no,9,0.17962764707818152,0.21423014249440064,8,1,-0.0364349580720488,0.3729008246923752,0.15546849987640732,0.2066354727219603,llama-2-7b,qwen2-7b,0.003140803476193595,0.01171875
decoders,linear,without_now,9,0.3232769629126585,0.3110473233302109,9,0,0.2195701827659643,0.4841348479135637,0.3031697272875454,0.3362403104309953,llama-2-7b,qwen2-7b,1.57535361170019e-06,0.00390625
decoders,quadratic,without_now,9,0.17951891629589287,0.21394506257899856,8,1,-0.03639109202486695,0.37195429193121143,0.15546449434147802,0.20650766733598785,llama-2-7b,qwen2-7b,0.0031054010419185253,0.01171875
decoders,linear,without_only,9,0.323280706663122,0.31060460598887524,9,0,0.21996231618887,0.4842187384968133,0.30316345268391054,0.33619550547240346,llama-2-7b,qwen2-7b,1.5699294571043176e-06,0.00390625
decoders,quadratic,without_only,9,0.1793710144318881,0.2140970587538132,8,1,-0.036363038797143254,0.3720515120665547,0.15528595222755476,0.20633777108551704,llama-2-7b,qwen2-7b,0.0031378582814867695,0.01171875
decoders,linear,without_past,9,0.3230320841138119,0.3102626425403095,9,0,0.21974426137248235,0.4840598649466579,0.3029036115097061,0.33594306195647805,llama-2-7b,qwen2-7b,1.58369711072117e-06,0.00390625
decoders,quadratic,without_past,9,0.17920537872899295,0.2136363446674798,8,1,-0.03621741926621698,0.3717582555577587,0.15513626912539724,0.20613322847839421,llama-2-7b,qwen2-7b,0.003128113356759059,0.01171875
decoders,linear,without_present,9,0.32335535768141344,0.31054083081530764,9,0,0.22015673341669253,0.4842160256489961,0.3032477741854656,0.3362551857145035,llama-2-7b,qwen2-7b,1.5575886238828015e-06,0.00390625
decoders,quadratic,without_present,9,0.17930732654701356,0.21397531560689967,8,1,-0.036198516799489024,0.3718653191536349,0.15523757747118588,0.20624555696532637,llama-2-7b,qwen2-7b,0.0031269717550524343,0.01171875
decoders,linear,without_public,9,0.3231175937693797,0.3105596275220415,9,0,0.21981093081665523,0.4840628304873807,0.30299943917962957,0.33603092663847023,llama-2-7b,qwen2-7b,1.5742630492393817e-06,0.00390625
decoders,quadratic,without_public,9,0.17929719437610905,0.2137375516673668,8,1,-0.03619911224803902,0.3718200574723424,0.15523183648907984,0.20623423270412755,llama-2-7b,qwen2-7b,0.0031236798676637562,0.01171875
decoders,linear,without_quite,9,0.32309224297491196,0.3106362171293329,9,0,0.21941081967822482,0.4842353236944622,0.3029493578849682,0.3360524208869979,llama-2-7b,qwen2-7b,1.5954283878246333e-06,0.00390625
decoders,quadratic,without_quite,9,0.17923083218864094,0.2137546884485592,8,1,-0.0367233793419708,0.3720203937477396,0.1551321369937536,0.2062251086299674,llama-2-7b,qwen2-7b,0.0031539016102631423,0.01171875
decoders,linear,without_rather,9,0.3230765293784257,0.31030671973877716,9,0,0.21979904573124437,0.4840664266319529,0.30295279222173477,0.33598621483432334,llama-2-7b,qwen2-7b,1.5807181679392866e-06,0.00390625
decoders,quadratic,without_rather,9,0.1792881489667068,0.21382848443539848,8,1,-0.036235380913525295,0.37184460656595364,0.15521859176680095,0.2062285902017358,llama-2-7b,qwen2-7b,0.003127715284073879,0.01171875
decoders,linear,without_really,9,0.3234183412091834,0.3107570901181794,9,0,0.21994385121063023,0.4842957535064021,0.303308664672031,0.33635265245900253,llama-2-7b,qwen2-7b,1.566922931294638e-06,0.00390625
decoders,quadratic,without_really,9,0.1793656639368592,0.2137241971623292,8,1,-0.0363121256448681,0.3718725194412385,0.15530230699881178,0.20632538763457514,llama-2-7b,qwen2-7b,0.0031128937025036688,0.01171875
decoders,linear,without_same,9,0.3232922835300029,0.31050130635333206,9,0,0.22004694109660722,0.48430158621555314,0.30316612069430915,0.33619795133417735,llama-2-7b,qwen2-7b,1.5862592761617916e-06,0.00390625
decoders,quadratic,without_same,9,0.17951069503517544,0.21387079328906897,8,1,-0.03617461760368035,0.3722152885821219,0.15542262084180714,0.20647135911503242,llama-2-7b,qwen2-7b,0.0031125852114752845,0.01171875
decoders,linear,without_so,9,0.32312734749027255,0.3104390460868442,9,0,0.21981526924812356,0.48416853841987145,0.3029971986240727,0.3360413572705412,llama-2-7b,qwen2-7b,1.5779635661988829e-06,0.00390625
decoders,quadratic,without_so,9,0.1793565799319102,0.214004986759607,8,1,-0.036176052236921566,0.37196840576727547,0.15528010170248957,0.20629815895301418,llama-2-7b,qwen2-7b,0.0031228986211850607,0.01171875
decoders,linear,without_suddenly,9,0.32323368503681554,0.3105955015400351,9,0,0.2192851455707145,0.4844689860918862,0.3030792724049317,0.3362272524700781,llama-2-7b,qwen2-7b,1.6025640521565143e-06,0.00390625
decoders,quadratic,without_suddenly,9,0.17973438062595476,0.21400310678262993,8,1,-0.03682246068522823,0.37280992788696504,0.15559993721832846,0.20680398578985265,llama-2-7b,qwen2-7b,0.0031539596554196227,0.01171875
decoders,linear,without_then,9,0.3232486802670501,0.3101959632749813,9,0,0.22012120851730307,0.48428096547868943,0.30311964461559515,0.33613961423576844,llama-2-7b,qwen2-7b,1.5673825478523173e-06,0.00390625
decoders,quadratic,without_then,9,0.17922142174617123,0.2136742880191731,8,1,-0.03629251227463458,0.3718196468723552,0.15514664360539823,0.20616066349877193,llama-2-7b,qwen2-7b,0.0031356760233666532,0.01171875
decoders,linear,without_too,9,0.3231556184406226,0.31048056811353625,9,0,0.22024516793848944,0.4840026618867558,0.30304973800985596,0.3360194247533892,llama-2-7b,qwen2-7b,1.562669500429851e-06,0.00390625
decoders,quadratic,without_too,9,0.1792651901932785,0.2137750020116577,8,1,-0.03614413229384482,0.37171217718708593,0.1552093168190526,0.2061913555041689,llama-2-7b,qwen2-7b,0.0031249725150446655,0.01171875
decoders,linear,without_well,9,0.323264344045258,0.3108323446109926,9,0,0.22005410476662657,0.48424560736215766,0.3031416861306455,0.3361656239550869,llama-2-7b,qwen2-7b,1.5709071409453565e-06,0.00390625
decoders,quadratic,without_well,9,0.17922862133646494,0.213746258768557,8,1,-0.03641693513900629,0.37185815152402973,0.15514993006301933,0.20618431589589883,llama-2-7b,qwen2-7b,0.0031477631822143704,0.01171875
decoders,linear,without_world,9,0.32332123611124935,0.31041491692194434,9,0,0.21974817548969938,0.484199885119052,0.303211404985274,0.3362678686889431,llama-2-7b,qwen2-7b,1.5626665317542002e-06,0.00390625
decoders,quadratic,without_world,9,0.17932200796647133,0.21406816086421296,8,1,-0.036299404545551944,0.3718640636239865,0.15525425100928192,0.2062746845304742,llama-2-7b,qwen2-7b,0.0031288744472342325,0.01171875
decoders,linear,without_business,9,0.32314448169092747,0.3104849912528314,9,0,0.21940701660202258,0.484047067090365,0.3030316585159978,0.3361116648270406,llama-2-7b,qwen2-7b,1.5855159943503556e-06,0.00390625
decoders,quadratic,without_business,9,0.1793038875810486,0.21383870444882938,8,1,-0.03662861313171222,0.37180994396475586,0.15524063053308518,0.20629545017014367,llama-2-7b,qwen2-7b,0.0031373624843149504,0.01171875
decoders,linear,without_designed,9,0.3229618329936849,0.31048592506369355,9,0,0.21925845423807006,0.48401267432914635,0.3028304778267522,0.3359247553381368,llama-2-7b,qwen2-7b,1.5924357412995519e-06,0.00390625
decoders,quadratic,without_designed,9,0.17918521740345675,0.21358016332056476,8,1,-0.03650214236230502,0.3717268032712858,0.1551175191699781,0.20614613737417697,llama-2-7b,qwen2-7b,0.0031481244778195556,0.01171875
decoders,linear,without_development,9,0.3231464449275352,0.31052221184929735,9,0,0.21963147511165976,0.4841265409073234,0.3030239329300617,0.3360858161545196,llama-2-7b,qwen2-7b,1.574544319936698e-06,0.00390625
decoders,quadratic,without_development,9,0.17927931700864835,0.21394926544511558,8,1,-0.03635370446879181,0.3717889899873649,0.15521560788630878,0.20623344469332838,llama-2-7b,qwen2-7b,0.0031349774060710216,0.01171875
decoders,linear,without_door,9,0.323079971883948,0.31045372923835696,9,0,0.21933644402611077,0.48416900287422343,0.3029438430101635,0.33604791286617763,llama-2-7b,qwen2-7b,1.5894270206869752e-06,0.00390625
decoders,quadratic,without_door,9,0.17916999645968845,0.21367047794494248,8,1,-0.03666034685508421,0.3719069263745465,0.15507788022033117,0.20614878937403502,llama-2-7b,qwen2-7b,0.003157702710228565,0.01171875
decoders,linear,without_home,9,0.3231882375577212,0.3106005541130351,9,0,0.21962579517348998,0.48413447234654416,0.3030699582091183,0.3361335428557501,llama-2-7b,qwen2-7b,1.5778744746382693e-06,0.00390625
decoders,quadratic,without_home,9,0.1793248620748214,0.21401894979581437,8,1,-0.03651678814680995,0.3719010161990884,0.15525284280928803,0.20630506835252532,llama-2-7b,qwen2-7b,0.003131565689392731,0.01171875
decoders,linear,without_paper,9,0.3230066028915498,0.3103702943805335,9,0,0.21958841375918206,0.4840104087787691,0.3028811271556474,0.33593387653309575,llama-2-7b,qwen2-7b,1.586072935901639e-06,0.00390625
decoders,quadratic,without_paper,9,0.1792490237139645,0.21363431470385977,8,1,-0.03619435057889526,0.37173668138979105,0.1551880665044862,0.20617944550057196,llama-2-7b,qwen2-7b,0.0031197184871133796,0.01171875
decoders,linear,without_still,9,0.32299928850976956,0.31052895616099335,9,0,0.21932611966893087,0.4841044761500912,0.3028611400547293,0.3359584346148744,llama-2-7b,qwen2-7b,1.5965971460260997e-06,0.00390625
decoders,quadratic,without_still,9,0.17923032148084464,0.21389067481671228,8,1,-0.03658745479550729,0.3719415965141526,0.15514141210168114,0.2062075435153886,llama-2-7b,qwen2-7b,0.003152275595795129,0.01171875
decoders,linear,without_age,9,0.3229544466420744,0.31030037786073894,9,0,0.21926061272041283,0.48403318576822607,0.3028196042513054,0.33591617588228206,llama-2-7b,qwen2-7b,1.5983382424057616e-06,0.00390625
decoders,quadratic,without_age,9,0.17918996277912547,0.2136169851204908,8,1,-0.03646960593662818,0.3717831700431588,0.15511581187112128,0.20614740886859467,llama-2-7b,qwen2-7b,0.0031406998231279398,0.01171875
decoders,linear,without_away,9,0.32307938316836904,0.3103598826097559,9,0,0.21902505674041953,0.48433781347951005,0.30292207937947635,0.33608617397186263,llama-2-7b,qwen2-7b,1.6065192906690032e-06,0.00390625
decoders,quadratic,without_away,9,0.17935060068572561,0.21402684489939042,8,1,-0.037174532889567215,0.3724227514611495,0.15521658183879758,0.20641624238263717,llama-2-7b,qwen2-7b,0.0031823782898819475,0.01171875
decoders,linear,without_experience,9,0.323362785159143,0.31076231130576876,9,0,0.21986840893823548,0.4847725944741314,0.3031865589947695,0.3362995821867565,llama-2-7b,qwen2-7b,1.5963288812412345e-06,0.00390625
decoders,quadratic,without_experience,9,0.17951696851596516,0.2136606161448646,8,1,-0.036017346511197736,0.37250393187340347,0.15539359809628536,0.20645875789436052,llama-2-7b,qwen2-7b,0.003119993674217407,0.01171875
decoders,linear,without_history,9,0.32296566178007496,0.3103577445465152,9,0,0.21913052473530137,0.4841992715683661,0.30281146055653857,0.33594505391067164,llama-2-7b,qwen2-7b,1.6082186168617892e-06,0.00390625
decoders,quadratic,without_history,9,0.17922358787053327,0.21356817465813435,8,1,-0.036834187093140354,0.3721338286534006,0.15510980777267486,0.2062308097409925,llama-2-7b,qwen2-7b,0.0031693818596891313,0.01171875
decoders,linear,without_life,9,0.32312175682725464,0.31047637444608334,9,0,0.21944420033013,0.4841022526175741,0.3029991948534647,0.3360814513893952,llama-2-7b,qwen2-7b,1.5799881133602781e-06,0.00390625
decoders,quadratic,without_life,9,0.17918878731838964,0.21377891677084515,8,1,-0.036611190196056825,0.3718203318752993,0.15510984424877594,0.20616378450769546,llama-2-7b,qwen2-7b,0.0031490777045659365,0.01171875
decoders,linear,without_long,9,0.32296490487367147,0.3105904460333175,9,0,0.21921595783726863,0.48405433674564763,0.30282872588967447,0.33593352325322184,llama-2-7b,qwen2-7b,1.5985781689842597e-06,0.00390625
decoders,quadratic,without_long,9,0.17926215963369174,0.21354771614966134,8,1,-0.036409197100311944,0.37182636682805204,0.15519163373439665,0.2062210792254422,llama-2-7b,qwen2-7b,0.0031404499581257185,0.01171875
decoders,linear,without_people,9,0.32322135573875027,0.31042435684176084,9,0,0.21973787536886716,0.48415310359894215,0.3031048872562263,0.3361567907849856,llama-2-7b,qwen2-7b,1.5683587545501439e-06,0.00390625
decoders,quadratic,without_people,9,0.17924231742629695,0.21386956508156985,8,1,-0.036537730391526316,0.3718704605961831,0.15516379953006118,0.20621482340352487,llama-2-7b,qwen2-7b,0.0031435328370573693,0.01171875
decoders,linear,without_possible,9,0.32349401383184934,0.3107789680359751,9,0,0.22039225767057463,0.48423469089319926,0.30340142919918056,0.3363817333520086,llama-2-7b,qwen2-7b,1.5469601008239164e-06,0.00390625
decoders,quadratic,without_possible,9,0.17937954990428195,0.2140729126113681,8,1,-0.03610110014662086,0.37186881659106186,0.1553183915684345,0.20631463116064483,llama-2-7b,qwen2-7b,0.003119257281015692,0.01171875
decoders,linear,without_war,9,0.32353221658688763,0.31086986062722205,9,0,0.22003306336114947,0.4846685399866087,0.3033901761619225,0.3364696107401049,llama-2-7b,qwen2-7b,1.5769083911149482e-06,0.00390625
decoders,quadratic,without_war,9,0.17982808334676084,0.21411657390158978,8,1,-0.03627797596566051,0.37282583334355096,0.15570336459716205,0.2068413407608135,llama-2-7b,qwen2-7b,0.0031178424303931226,0.01171875
decoders,linear,without_way,9,0.32356993107594684,0.3110312821016296,9,0,0.21944034755490482,0.4848678821593951,0.3034076871905158,0.3365861290160771,llama-2-7b,qwen2-7b,1.590549971189909e-06,0.00390625
decoders,quadratic,without_way,9,0.1796952487105544,0.2144907991315094,8,1,-0.036907727572822194,0.3728090270163823,0.1555560264223259,0.20677062074597646,llama-2-7b,qwen2-7b,0.003148894491242663,0.01171875
decoders,linear,without_figure,9,0.323364189337728,0.31078895226905406,9,0,0.22010129315679186,0.48421617010159695,0.3032576917422444,0.336272051360345,llama-2-7b,qwen2-7b,1.5604484227205263e-06,0.00390625
decoders,quadratic,without_figure,9,0.17942996613043258,0.21399458379037928,8,1,-0.03606082037091042,0.3719571629257679,0.15536406653101564,0.20636631444310044,llama-2-7b,qwen2-7b,0.0031123942134653805,0.01171875
decoders,linear,without_high,9,0.3230702368947618,0.31029109238170016,9,0,0.21968508812928417,0.48406234889111244,0.30294622289521794,0.33599338049044647,llama-2-7b,qwen2-7b,1.5762214949884174e-06,0.00390625
decoders,quadratic,without_high,9,0.17925079885124104,0.21374031215250566,8,1,-0.03619199321690325,0.37176951543005127,0.15518595927888978,0.2061811478597591,llama-2-7b,qwen2-7b,0.003124202774604748,0.01171875
decoders,linear,without_however,9,0.32314983320586144,0.3107085772514486,9,0,0.2195883144788613,0.48412213574396934,0.303028295388598,0.33609502304673644,llama-2-7b,qwen2-7b,1.5748406624305382e-06,0.00390625
decoders,quadratic,without_however,9,0.17928259433362875,0.21378472557551087,8,1,-0.03638246815978169,0.3719801079245452,0.1551954051347642,0.20624072714530506,llama-2-7b,qwen2-7b,0.0031332886593810273,0.01171875
decoders,linear,without_human,9,0.32361386255994234,0.3114376975733865,9,0,0.22026605017833434,0.4845771927642252,0.303493446284407,0.33653233910764335,llama-2-7b,qwen2-7b,1.565283608369497e-06,0.00390625
decoders,quadratic,without_human,9,0.17976870958757749,0.21420504989330527,8,1,-0.03621049165750576,0.3724370926327977,0.15568516170692495,0.20676610974321288,llama-2-7b,qwen2-7b,0.0031091992680548604,0.01171875
decoders,linear,without_labor,9,0.3230726552498877,0.3106169520562239,9,0,0.2194880863950302,0.4840936667551892,0.3029450288117249,0.33602072635674485,llama-2-7b,qwen2-7b,1.5915889196645832e-06,0.00390625
decoders,quadratic,without_labor,9,0.17948047868074407,0.21373107514542528,8,1,-0.03618388034340416,0.3719121255075507,0.15542652282739322,0.20643852355876258,llama-2-7b,qwen2-7b,0.0030996172287697417,0.01171875
decoders,linear,without_moment,9,0.32322740352067797,0.31066143157304654,9,0,0.21929703302591483,0.48411189091141255,0.3031168425968361,0.3362186998325233,llama-2-7b,qwen2-7b,1.576885962674699e-06,0.00390625
decoders,quadratic,without_moment,9,0.1793387352401145,0.21419720356867203,8,1,-0.03685606871094099,0.37188664985335596,0.1552702459134593,0.20636308573399645,llama-2-7b,qwen2-7b,0.003153275431545932,0.01171875
decoders,linear,without_surface,9,0.32295408368752876,0.31033622948546974,9,0,0.2191221266435521,0.48401187851116706,0.302821859334574,0.3359330783180259,llama-2-7b,qwen2-7b,1.5967571475334228e-06,0.00390625
decoders,quadratic,without_surface,9,0.17918487688435786,0.2137739051539748,8,1,-0.0368356889055136,0.3717328795684722,0.15511637654884355,0.20618744760809177,llama-2-7b,qwen2-7b,0.003152339794438724,0.01171875
decoders,linear,without_today,9,0.3231280536475159,0.31066058434968513,9,0,0.219686574374763,0.4842770736957036,0.3029844261414924,0.33605823855660993,llama-2-7b,qwen2-7b,1.5937586932690578e-06,0.00390625
decoders,quadratic,without_today,9,0.1794375058422492,0.21358380521142434,8,1,-0.03612211904898997,0.3719332389049122,0.15537553920941635,0.20638245895365412,llama-2-7b,qwen2-7b,0.003099489612165425,0.01171875
decoders,linear,without_voice,9,0.32323042821326153,0.31122448235589517,9,0,0.2191726044199621,0.4841751580044351,0.3031123369893649,0.33623765618742396,llama-2-7b,qwen2-7b,1.6023183343957773e-06,0.00390625
decoders,quadratic,without_voice,9,0.17941545654934346,0.21352153046092134,8,1,-0.03684639779668887,0.37201456714795483,0.15534056772451701,0.20644818834259748,llama-2-7b,qwen2-7b,0.0031435105646754214,0.01171875
decoders,linear,without_water,9,0.3230123244621913,0.31064109331711026,9,0,0.21916162450478882,0.48415904857546166,0.3028689839480325,0.33599366195686664,llama-2-7b,qwen2-7b,1.611001817692343e-06,0.00390625
decoders,quadratic,without_water,9,0.1793401775002677,0.21356940712135558,8,1,-0.03683900161652666,0.37208372678941765,0.15524723383912395,0.20636257488986698,llama-2-7b,qwen2-7b,0.003156079544115018,0.01171875
decoders,linear,without_earth,9,0.3230044200589164,0.31044250789687655,9,0,0.21920096990950252,0.4841445211110049,0.3028619074274054,0.3359798513275931,llama-2-7b,qwen2-7b,1.6020336114932395e-06,0.00390625
decoders,quadratic,without_earth,9,0.17930251028836242,0.21376488808696825,8,1,-0.03666690980156069,0.37200877981604163,0.15521422659740247,0.20629868779960278,llama-2-7b,qwen2-7b,0.0031484540052927686,0.01171875
decoders,linear,without_finally,9,0.3232231492523176,0.31092930546930375,9,0,0.21958900681078955,0.4842814984203212,0.30309085560631716,0.3361774170575086,llama-2-7b,qwen2-7b,1.595819228367384e-06,0.00390625
decoders,quadratic,without_finally,9,0.1798067642315113,0.21392067326092812,8,1,-0.036245017007591744,0.3724606632935222,0.1557250268487599,0.20681323688639916,llama-2-7b,qwen2-7b,0.0030917438104680964,0.01171875
decoders,linear,without_growth,9,0.32297475408412935,0.31031702486860246,9,0,0.21931775232803175,0.48410890007808116,0.3028329858348854,0.33593187930364155,llama-2-7b,qwen2-7b,1.5979337822241786e-06,0.00390625
decoders,quadratic,without_growth,9,0.17921625215046305,0.21379906932363246,8,1,-0.03651297320739245,0.3719391252065816,0.15512589301844823,0.206182405320195,llama-2-7b,qwen2-7b,0.0031601364703638217,0.01171875
decoders,linear,without_hit,9,0.3230587468082352,0.31093543737317497,9,0,0.21911669051556548,0.48428372779108975,0.30290562418537836,0.3360515038448189,llama-2-7b,qwen2-7b,1.6119273521329366e-06,0.00390625
decoders,quadratic,without_hit,9,0.17944699148351786,0.2137572355419184,8,1,-0.036926281596901485,0.37237476931918706,0.15533101925405923,0.2064936506185703,llama-2-7b,qwen2-7b,0.003154641050708404,0.01171875
decoders,linear,without_interest,9,0.32301371882197816,0.3103678457707917,9,0,0.21940491248035182,0.48402129601662824,0.3028877716726469,0.3359648196146815,llama-2-7b,qwen2-7b,1.5874759226435697e-06,0.00390625
decoders,quadratic,without_interest,9,0.17920122671645766,0.2137298383604541,8,1,-0.03650822966624271,0.37175151426323483,0.15513244077311053,0.20616490876429522,llama-2-7b,qwen2-7b,0.003139182899314676,0.01171875
decoders,linear,without_later,9,0.32363480565834707,0.3110194694611543,9,0,0.22043354877263938,0.48454512927983295,0.3035210152056613,0.3365349627690606,llama-2-7b,qwen2-7b,1.5512755796821318e-06,0.00390625
decoders,quadratic,without_later,9,0.17963621978412586,0.2142391457662339,8,1,-0.03637040284534003,0.3725908240490742,0.1555168942510073,0.20663704761280907,llama-2-7b,qwen2-7b,0.003115260048790992,0.01171875
decoders,linear,without_meaning,9,0.32333694218543596,0.31072436976363443,9,0,0.22023267654036535,0.48445084568320135,0.30319770424821535,0.3362249753910698,llama-2-7b,qwen2-7b,1.5731326701988198e-06,0.00390625
decoders,quadratic,without_meaning,9,0.17933696942898078,0.213614487142032,8,1,-0.036161618758754,0.3720369440591896,0.15524947260020472,0.20627429295244765,llama-2-7b,qwen2-7b,0.0031331160780909686,0.01171875
decoders,linear,without_number,9,0.32302670212373097,0.3102520077277773,9,0,0.2194729323632154,0.4839760952390783,0.3029080279843126,0.3359709233437954,llama-2-7b,qwen2-7b,1.5849007281219867e-06,0.00390625
decoders,quadratic,without_number,9,0.17921279801582685,0.21373010324661085,8,1,-0.036339657980732014,0.3716683588898144,0.1551558529065784,0.2061568550153967,llama-2-7b,qwen2-7b,0.0031298732480178567,0.01171875
decoders,linear,without_old,9,0.3236309304030942,0.3111944559297256,9,0,0.22012660515660318,0.4842824278947721,0.3035494932166344,0.3365689710589056,llama-2-7b,qwen2-7b,1.538651767423706e-06,0.00390625
decoders,quadratic,without_old,9,0.17959253437678643,0.2145485176294059,8,1,-0.036142408078329545,0.372025760276217,0.15553838113935758,0.2065594021836759,llama-2-7b,qwen2-7b,0.00311466651328318,0.01171875
decoders,linear,without_once,9,0.32301826952529983,0.3103228575001333,9,0,0.2196192539759407,0.48403611310632716,0.3028910390776714,0.3359431464689697,llama-2-7b,qwen2-7b,1.5858022341252584e-06,0.00390625
decoders,quadratic,without_once,9,0.1792352876329635,0.2137444449451863,8,1,-0.036378332719656944,0.3717893479818996,0.15516603008934648,0.20618699017704104,llama-2-7b,qwen2-7b,0.0031410353779999164,0.01171875
decoders,linear,without_pressure,9,0.32306410463708546,0.3103290150186387,9,0,0.21967521669533113,0.48410694775334034,0.30293374924755345,0.3359877156298047,llama-2-7b,qwen2-7b,1.5861213615328028e-06,0.00390625
decoders,quadratic,without_pressure,9,0.1792096300748443,0.2136373025403242,8,1,-0.03630089214375783,0.3718041396410354,0.1551353163790704,0.20614844535216958,llama-2-7b,qwen2-7b,0.003138508901360895,0.01171875
decoders,linear,without_set,9,0.32306733928366627,0.31099775309654654,9,0,0.2197429065450665,0.48401953049649354,0.30294831538206285,0.3359828933759912,llama-2-7b,qwen2-7b,1.5839742004951649e-06,0.00390625
decoders,quadratic,without_set,9,0.17937802511422307,0.21373400325758649,8,1,-0.03608896086676856,0.37175480614476597,0.15533092748540522,0.20631139836184703,llama-2-7b,qwen2-7b,0.0031213352714185277,0.01171875
decoders,linear,without_spirit,9,0.32291036189676087,0.3104061933252367,9,0,0.21918660341988205,0.48398989617133603,0.30277542011243896,0.3358758317063707,llama-2-7b,qwen2-7b,1.6009591558542886e-06,0.00390625
decoders,quadratic,without_spirit,9,0.1791567830167408,0.21354274679264593,8,1,-0.036457722743196266,0.3716851526217839,0.15509073681611038,0.20610859623673292,llama-2-7b,qwen2-7b,0.0031370617162533917,0.01171875
decoders,linear,without_together,9,0.3230273710580762,0.31042955597492294,9,0,0.2192583096009621,0.48403746707193124,0.30290110905634426,0.33599850374021545,llama-2-7b,qwen2-7b,1.5905068869532713e-06,0.00390625
decoders,quadratic,without_together,9,0.17921081835596553,0.21392305013523477,8,1,-0.036800241078010776,0.37178931353101147,0.15513850645908478,0.20621220078521257,llama-2-7b,qwen2-7b,0.0031615033105488665,0.01171875
decoders,linear,without_treatment,9,0.322959402103908,0.3103545461939743,9,0,0.21935596245012293,0.4840621856582209,0.30282155415961887,0.3359098320606311,llama-2-7b,qwen2-7b,1.5959868022986514e-06,0.00390625
decoders,quadratic,without_treatment,9,0.17915260022171625,0.21368612998891667,8,1,-0.036653396798473875,0.37184449386642093,0.15506611351612817,0.20612834984924003,llama-2-7b,qwen2-7b,0.0031583093056664524,0.01171875
decoders,linear,without_amount,9,0.32306056822689316,0.3108102893780834,9,0,0.21951219771510314,0.48407152614698856,0.3029341984868812,0.3360041145408669,llama-2-7b,qwen2-7b,1.5923633426049082e-06,0.00390625
decoders,quadratic,without_amount,9,0.1792833774409011,0.21364085780805844,8,1,-0.03669477901210339,0.3718625549514325,0.15521098025208468,0.20628064699752666,llama-2-7b,qwen2-7b,0.0031461505243534733,0.01171875
decoders,linear,without_cut,9,0.3230827559766903,0.31050728222040225,9,0,0.21960417233016505,0.48409746425809047,0.3029559174415153,0.33601757893250594,llama-2-7b,qwen2-7b,1.5866424068883244e-06,0.00390625
decoders,quadratic,without_cut,9,0.17941192574188264,0.21383242790585696,8,1,-0.03626649492788757,0.3719223506005636,0.15534812263454756,0.2063717283256039,llama-2-7b,qwen2-7b,0.0031261058283776136,0.01171875
decoders,linear,without_dark,9,0.3230718873073601,0.31034255736900296,9,0,0.21964614181634762,0.4841067315622152,0.30294253177550323,0.3360001054937366,llama-2-7b,qwen2-7b,1.5837496930751493e-06,0.00390625
decoders,quadratic,without_dark,9,0.17932702236365555,0.2137388108319003,8,1,-0.03620166074423563,0.37190844823293523,0.15525434412999561,0.20626810775214194,llama-2-7b,qwen2-7b,0.0031315431380923675,0.01171875
decoders,linear,without_degree,9,0.3237729871480379,0.3114849890748621,9,0,0.21955705586730534,0.484483757901276,0.3036841408038832,0.3367999785581296,llama-2-7b,qwen2-7b,1.5617628913111751e-06,0.00390625
decoders,quadratic,without_degree,9,0.17962392480391406,0.21420939662932018,8,1,-0.036695008352952425,0.37205664476000483,0.15556983480940273,0.20666379144852237,llama-2-7b,qwen2-7b,0.003133838037652191,0.01171875
decoders,linear,without_discussion,9,0.3232485528279486,0.31093554120332945,9,0,0.21907131607009706,0.4844528597468446,0.30309801446308665,0.33627070742268006,llama-2-7b,qwen2-7b,1.6063898491924799e-06,0.00390625
decoders,quadratic,without_discussion,9,0.1797236553292316,0.21440403603900096,8,1,-0.03708473361625853,0.3728456156177276,0.15558341029316958,0.20682470394741787,llama-2-7b,qwen2-7b,0.0031595115881370645,0.01171875
decoders,linear,without_early,9,0.3233648292622671,0.3106920728259282,9,0,0.21958952098092432,0.48471052792977576,0.3031966169288285,0.336336742797435,llama-2-7b,qwen2-7b,1.606764592699142e-06,0.00390625
decoders,quadratic,without_early,9,0.17938009256253368,0.21375028852616382,8,1,-0.03670991156405323,0.37222116637935465,0.15527495833543103,0.20639134307835702,llama-2-7b,qwen2-7b,0.0031443562977085952,0.01171875
decoders,linear,without_family,9,0.32329589340780546,0.31118926202652397,9,0,0.2192355079468609,0.4843923739875631,0.3031588333353358,0.3363034415904235,llama-2-7b,qwen2-7b,1.598853361166332e-06,0.00390625
decoders,quadratic,without_family,9,0.1795138710278049,0.2141281939593741,8,1,-0.03717283585662619,0.3725435011782426,0.15538516725900015,0.20659970938835875,llama-2-7b,qwen2-7b,0.003175943020805989,0.01171875
decoders,linear,without_job,9,0.32295703741694354,0.31058091782324987,9,0,0.21916601379749723,0.4840392184264654,0.3028217647907533,0.33593091536937436,llama-2-7b,qwen2-7b,1.6013335512932446e-06,0.00390625
decoders,quadratic,without_job,9,0.17927942111156878,0.2136316699741006,8,1,-0.03667016102092603,0.37175312336112176,0.15522020833037467,0.20627311887813066,llama-2-7b,qwen2-7b,0.0031226867867986245,0.01171875
decoders,linear,without_land,9,0.3234089361473697,0.31101858819370776,9,0,0.21993258563301993,0.4850938700343151,0.30319831941150155,0.33634347996166347,llama-2-7b,qwen2-7b,1.6057369735662853e-06,0.00390625
decoders,quadratic,without_land,9,0.1799008659693614,0.2142713891236199,8,1,-0.03619491951043694,0.37296461868976793,0.15576789687931053,0.20691283915433617,llama-2-7b,qwen2-7b,0.0031043728246695755,0.01171875
decoders,linear,without_late,9,0.3235286199875586,0.31089977974364874,9,0,0.22047429625641815,0.4842886256181117,0.30343361928373946,0.33641041045395115,llama-2-7b,qwen2-7b,1.5432901301552634e-06,0.00390625
decoders,quadratic,without_late,9,0.17953466789774764,0.21425734600599677,8,1,-0.03598911688144102,0.3720887422906362,0.15546540859863656,0.20647514099514622,llama-2-7b,qwen2-7b,0.0031046710122178394,0.01171875
decoders,linear,without_like,9,0.3237674710630254,0.3111150979765983,9,0,0.22037336458742177,0.48436506978480787,0.3036927712228026,0.3366917343724758,llama-2-7b,qwen2-7b,1.5327396630217926e-06,0.00390625
decoders,quadratic,without_like,9,0.1796365343629784,0.21451742491245818,8,1,-0.036579262494212825,0.3721357428188756,0.15557413330599124,0.2066635089701273,llama-2-7b,qwen2-7b,0.0031245372330873855,0.01171875
decoders,linear,without_manager,9,0.32330859218463465,0.31059939273017934,9,0,0.21994252557884073,0.48438251518250147,0.30317435180990127,0.3362293505103589,llama-2-7b,qwen2-7b,1.5746400134844094e-06,0.00390625
decoders,quadratic,without_manager,9,0.17927102911073411,0.21376219725341125,8,1,-0.036291434621083966,0.3719583044619208,0.15518511969183577,0.20621633707721138,llama-2-7b,qwen2-7b,0.00313676254478871,0.01171875
decoders,linear,without_material,9,0.32325090853505295,0.31054043369165385,9,0,0.2200231546980145,0.4842619929051615,0.3031245229887894,0.33615437776468277,llama-2-7b,qwen2-7b,1.5703450526973395e-06,0.00390625
decoders,quadratic,without_material,9,0.1791846192566022,0.21372519881267904,8,1,-0.0364094034756585,0.3718141430061128,0.15510592878791335,0.20613387209813477,llama-2-7b,qwen2-7b,0.003147539502581255,0.01171875
decoders,linear,without_national,9,0.32340850215737865,0.31119546747842713,9,0,0.22027922326152527,0.4841183762166623,0.3033197678999682,0.33629966201936035,llama-2-7b,qwen2-7b,1.5634244282623304e-06,0.00390625
decoders,quadratic,without_national,9,0.17952566596894115,0.21377399939744296,8,1,-0.03623113941396835,0.37191897184708367,0.15547650273417335,0.20649526664180484,llama-2-7b,qwen2-7b,0.003102682635098694,0.01171875
decoders,linear,without_natural,9,0.3230659844475474,0.3104773447498028,9,0,0.21987035766276608,0.48414598939772924,0.30293098382877465,0.335965437795645,llama-2-7b,qwen2-7b,1.5800393201383377e-06,0.00390625
decoders,quadratic,without_natural,9,0.1793233215270145,0.21384083328635783,8,1,-0.0361586104650319,0.37200440386479217,0.15523818623479227,0.20625856302602028,llama-2-7b,qwen2-7b,0.0031240338862339504,0.01171875
decoders,linear,without_phase,9,0.32307544061789895,0.3102970715834323,9,0,0.219523633182249,0.4840218361173532,0.3029571411804672,0.33601941654735523,llama-2-7b,qwen2-7b,1.5779397560922347e-06,0.00390625
decoders,quadratic,without_phase,9,0.17916714232970626,0.21381439991107495,8,1,-0.03656273578155046,0.37172754951432657,0.15509709143162875,0.20613337709361337,llama-2-7b,qwen2-7b,0.0031463534182537677,0.01171875
decoders,linear,without_reason,9,0.3233650605222557,0.31053105498055467,9,0,0.22029500642067462,0.484100132071153,0.3032731765786435,0.3362488172849533,llama-2-7b,qwen2-7b,1.553889775337737e-06,0.00390625
decoders,quadratic,without_reason,9,0.17943218329415403,0.21414789413438196,8,1,-0.03611771582122221,0.37192203820666914,0.15537095143008967,0.20637592068357608,llama-2-7b,qwen2-7b,0.0031078285470108793,0.01171875
decoders,linear,without_suppose,9,0.32319437933142264,0.3103597595418264,9,0,0.21959275781457147,0.484010745974433,0.30309233350104636,0.33614458202102904,llama-2-7b,qwen2-7b,1.5622430738574768e-06,0.00390625
decoders,quadratic,without_suppose,9,0.179284926897072,0.21405700510946807,8,1,-0.036450052471781805,0.3717331562612566,0.15522889822654892,0.20625179931817872,llama-2-7b,qwen2-7b,0.003133187412097907,0.01171875
decoders,linear,without_table,9,0.32319537654054353,0.31062563177441577,9,0,0.21953176216500855,0.48418326266253947,0.30307189077529406,0.33615332833748546,llama-2-7b,qwen2-7b,1.58025037988832e-06,0.00390625
decoders,quadratic,without_table,9,0.17923459613968842,0.21378097183410996,8,1,-0.03651336713979084,0.3718478692830568,0.1551579369967674,0.20620309154962335,llama-2-7b,qwen2-7b,0.0031402909621251903,0.01171875
decoders,linear,without_thus,9,0.3237165633182195,0.31049919931084674,9,0,0.22052069556969975,0.48496754572589945,0.3035601905172595,0.3366160467867845,llama-2-7b,qwen2-7b,1.5625524051082668e-06,0.00390625
decoders,quadratic,without_thus,9,0.179431206575872,0.21421328349825394,8,1,-0.036193813208485796,0.37228492379957895,0.15532449192290865,0.2063843340489167,llama-2-7b,qwen2-7b,0.0031248169248830893,0.01171875
decoders,linear,without_white,9,0.3230256579112249,0.3103970118461855,9,0,0.21934478294255194,0.4841219291296179,0.3028886240089258,0.335985767282309,llama-2-7b,qwen2-7b,1.5926722743111063e-06,0.00390625
decoders,quadratic,without_white,9,0.17929362296578766,0.21369182259217268,8,1,-0.036414812473344375,0.3719035440526329,0.155217382829932,0.20625717739567917,llama-2-7b,qwen2-7b,0.0031393615217748415,0.01171875
decoders,linear,without_asked,9,0.32312922786120074,0.3107421447841236,9,0,0.219578047865888,0.48419969506205446,0.30299541946109404,0.33607312536061484,llama-2-7b,qwen2-7b,1.5903546973292668e-06,0.00390625
decoders,quadratic,without_asked,9,0.1794625669324329,0.21405682118749794,8,1,-0.03670715884535169,0.3721332743702963,0.15537872850269996,0.20648378265465597,llama-2-7b,qwen2-7b,0.0031497357213918467,0.01171875
decoders,linear,without_cost,9,0.3236893126294206,0.31135401580242067,9,0,0.2203320871129461,0.484787364854617,0.303552056101271,0.33660896581897987,llama-2-7b,qwen2-7b,1.5696312095950932e-06,0.00390625
decoders,quadratic,without_cost,9,0.17947308785781496,0.21414669049381463,8,1,-0.036516812328912934,0.37236836273349305,0.15536117849835523,0.206471825381156,llama-2-7b,qwen2-7b,0.003143097269407547,0.01171875
decoders,linear,without_english,9,0.3231675110623193,0.31054863453187337,9,0,0.21986162367722137,0.4840548465038937,0.30305659413212244,0.3360807469854565,llama-2-7b,qwen2-7b,1.5714860176766373e-06,0.00390625
decoders,quadratic,without_english,9,0.17934496988132953,0.2138049064136241,8,1,-0.036228371580874184,0.37180887404381335,0.15528698186101905,0.206291637564105,llama-2-7b,qwen2-7b,0.003119951316815046,0.01171875
decoders,linear,without_far,9,0.3235412384375785,0.3110537609216685,9,0,0.2201201927309616,0.48443497758484566,0.3034295210441701,0.33646886915090557,llama-2-7b,qwen2-7b,1.5561452615320737e-06,0.00390625
decoders,quadratic,without_far,9,0.1793345543571041,0.2140816079196429,8,1,-0.03654250296456686,0.37200192058598347,0.1552511335784942,0.206319186522313,llama-2-7b,qwen2-7b,0.003146737102253196,0.01171875
decoders,linear,without_feeling,9,0.32295435901459896,0.3103459059043221,9,0,0.21926548693671818,0.48401428657657264,0.3028218680693523,0.3359154680243341,llama-2-7b,qwen2-7b,1.5977611541651031e-06,0.00390625
decoders,quadratic,without_feeling,9,0.17917524225213893,0.21355591473707417,8,1,-0.03666982217455403,0.37173038200655545,0.15510584978283687,0.20615587530547552,llama-2-7b,qwen2-7b,0.003154985174777241,0.01171875
decoders,linear,without_law,9,0.32309458626420984,0.3106405003889517,9,0,0.21945042664420925,0.4840894273535965,0.3029702311280365,0.33605010621670994,llama-2-7b,qwen2-7b,1.5800754837146826e-06,0.00390625
decoders,quadratic,without_law,9,0.17939303921534272,0.21405782581567515,8,1,-0.036356445888900545,0.37187767931364474,0.15533245920305497,0.20636172485337312,llama-2-7b,qwen2-7b,0.0031120999415246366,0.01171875
decoders,linear,without_level,9,0.3232354000940247,0.31034978868727325,9,0,0.2200474425622219,0.48426806893548807,0.3031063164888418,0.3361338947855,llama-2-7b,qwen2-7b,1.5649092731450556e-06,0.00390625
decoders,quadratic,without_level,9,0.17932071317426018,0.21392834162029714,8,1,-0.036132780518056073,0.37194243404007693,0.1552429980660331,0.20625239988579971,llama-2-7b,qwen2-7b,0.0031241207279205175,0.01171875
decoders,linear,without_performance,9,0.3232131466499949,0.31055352900403527,9,0,0.2201475200023943,0.48426259480435496,0.3030819656306999,0.33609634998094495,llama-2-7b,qwen2-7b,1.575671308053395e-06,0.00390625
decoders,quadratic,without_performance,9,0.17928207001126775,0.21365005636371814,8,1,-0.035996675502721925,0.37192184898064207,0.155202097640096,0.2061919132005165,llama-2-7b,qwen2-7b,0.0031259903395936695,0.01171875
decoders,linear,without_policy,9,0.32319814515148376,0.3112659466627834,9,0,0.2191415651387268,0.48428006330080997,0.303062905382818,0.33620521765307837,llama-2-7b,qwen2-7b,1.6041085261885176e-06,0.00390625
decoders,quadratic,without_policy,9,0.17955613355226976,0.21384824652874088,8,1,-0.036964426263790005,0.37225763914195603,0.155468445353559,0.20662120352927724,llama-2-7b,qwen2-7b,0.0031427898426745348,0.01171875
decoders,linear,without_program,9,0.32380959089431277,0.310981396179007,9,0,0.2204123279220986,0.4850606182133222,0.3036532124794366,0.33673424876583957,llama-2-7b,qwen2-7b,1.5799381743049667e-06,0.00390625
decoders,quadratic,without_program,9,0.17982980149848812,0.21411888819920233,8,1,-0.03637634372897799,0.37293160477475545,0.1556920760889547,0.20685556965192137,llama-2-7b,qwen2-7b,0.003111647396153632,0.01171875
decoders,linear,without_rate,9,0.323205372746347,0.31060756271848977,9,0,0.21983841568054133,0.4840447324066168,0.30310045278881326,0.33612624237957267,llama-2-7b,qwen2-7b,1.5658731188303396e-06,0.00390625
decoders,quadratic,without_rate,9,0.17914511652468346,0.21372792259110668,8,1,-0.036760196863175214,0.3717469745610357,0.15506988427013943,0.2061332806981658,llama-2-7b,qwen2-7b,0.00315662701028493,0.01171875
decoders,linear,without_requirements,9,0.32313301373221126,0.3102379941725666,9,0,0.21962238727687491,0.48406161530632474,0.3030169385354471,0.3360718420391283,llama-2-7b,qwen2-7b,1.5669528273214504e-06,0.00390625
decoders,quadratic,without_requirements,9,0.17919931674006634,0.21373145300566468,8,1,-0.036478430036519814,0.37177568101677694,0.1551272712054775,0.20615903508713962,llama-2-7b,qwen2-7b,0.003139338842733164,0.01171875
decoders,linear,without_stage,9,0.3230083046833227,0.31022604368113105,9,0,0.2195806693532547,0.4840308075908806,0.302880491819878,0.3359367590995812,llama-2-7b,qwen2-7b,1.5880939785783645e-06,0.00390625
decoders,quadratic,without_stage,9,0.17914861175307314,0.21360161829354454,8,1,-0.036439956459860895,0.37172930906992147,0.1550760245884671,0.2060971827796899,llama-2-7b,qwen2-7b,0.003139166743951823,0.01171875
decoders,linear,without_system,9,0.32341248012173857,0.3106177073552392,9,0,0.2202939357860962,0.48422303977012393,0.3033111601656904,0.33630229816369384,llama-2-7b,qwen2-7b,1.539929735043643e-06,0.00390625
decoders,quadratic,without_system,9,0.17935842420688594,0.2140705151185697,8,1,-0.03614732203224145,0.3717994849110731,0.15530329161886255,0.20629664248677687,llama-2-7b,qwen2-7b,0.003123166904463237,0.01171875
decoders,linear,without_time,9,0.32353943239623667,0.3108181040438787,9,0,0.22031681979917947,0.48433725170961145,0.30343970498206485,0.3364422589708689,llama-2-7b,qwen2-7b,1.5487878249374465e-06,0.00390625
decoders,quadratic,without_time,9,0.17952641201101616,0.21436801356413554,8,1,-0.03625938469903458,0.3721457091920489,0.155448999863387,0.20649963659977247,llama-2-7b,qwen2-7b,0.0031177560884305573,0.01171875
decoders,linear,without_below,9,0.3229694123476526,0.3102622433806819,9,0,0.219375296947593,0.48403385594012427,0.3028363568985936,0.3359186767726601,llama-2-7b,qwen2-7b,1.5925109702332369e-06,0.00390625
decoders,quadratic,without_below,9,0.17924850157406472,0.2136035541325915,8,1,-0.03622607954960946,0.37178422683889223,0.1551815359159613,0.206182824214524,llama-2-7b,qwen2-7b,0.0031268524058310136,0.01171875
decoders,linear,without_best,9,0.32375263613414484,0.31073832195596224,9,0,0.22055709292859368,0.4847569242131355,0.30362710012427097,0.33665207903483874,llama-2-7b,qwen2-7b,1.5451282116530582e-06,0.00390625
decoders,quadratic,without_best,9,0.1795204181966924,0.21457155467127925,8,1,-0.03611822207029657,0.3721360235838676,0.15544346752329552,0.20647524823006605,llama-2-7b,qwen2-7b,0.0031207060312696345,0.01171875
decoders,linear,without_common,9,0.32309607933556694,0.31084185532192565,9,0,0.2194559996874915,0.4840716795984844,0.30297412930270223,0.33605108929157634,llama-2-7b,qwen2-7b,1.5918586854845394e-06,0.00390625
decoders,quadratic,without_common,9,0.17946353808318685,0.21376709391687523,8,1,-0.03648947578458173,0.3718486457637372,0.15541539962311804,0.2064576648166579,llama-2-7b,qwen2-7b,0.0031142698039128827,0.01171875
decoders,linear,without_day,9,0.32305300318620483,0.31058145913132384,9,0,0.2193173326245209,0.4843892140396457,0.3028859768295247,0.3360199620064153,llama-2-7b,qwen2-7b,1.6061303947450435e-06,0.00390625
decoders,quadratic,without_day,9,0.17938599009162295,0.21386973729917175,8,1,-0.03654247595530862,0.37205220495605534,0.15530271323356892,0.2063770483474894,llama-2-7b,qwen2-7b,0.0031289770048460283,0.01171875
decoders,linear,without_developed,9,0.32329468151465757,0.3109509728191994,9,0,0.21952422347770628,0.484288861063316,0.30317040907107523,0.33626598876927644,llama-2-7b,qwen2-7b,1.5813669865546324e-06,0.00390625
decoders,quadratic,without_developed,9,0.17943143300552244,0.21411233516202546,8,1,-0.036767247064535984,0.3725458850824299,0.155292126495909,0.20645626801427974,llama-2-7b,qwen2-7b,0.003166921757351991,0.01171875
decoders,linear,without_dust,9,0.32299552029888123,0.310240547183215,9,0,0.2193882755216032,0.48414519280937507,0.3028518112350695,0.33594642589604096,llama-2-7b,qwen2-7b,1.594781099208743e-06,0.00390625
decoders,quadratic,without_dust,9,0.17925410235789604,0.2136635406372842,8,1,-0.036350922098894276,0.3718970323996424,0.1551737361026777,0.20620473041499482,llama-2-7b,qwen2-7b,0.0031370583811764436,0.01171875
decoders,linear,without_fact,9,0.3238446061065758,0.3113736932162583,9,0,0.22011586733814686,0.48549421563147616,0.3036384049159633,0.33681069845262945,llama-2-7b,qwen2-7b,1.5835287938968234e-06,0.00390625
decoders,quadratic,without_fact,9,0.17954560696360533,0.21440947633352117,8,1,-0.03659608302800828,0.37270479938174844,0.15540070791133745,0.20656331821255705,llama-2-7b,qwen2-7b,0.0031578782489092364,0.01171875
decoders,linear,without_film,9,0.32312317123948503,0.31075118976540056,9,0,0.21987906637145685,0.48406637433488575,0.3030052708525599,0.33602868434798855,llama-2-7b,qwen2-7b,1.5795214048005787e-06,0.00390625
decoders,quadratic,without_film,9,0.17947374782154374,0.21366464072396357,8,1,-0.035993971364963635,0.3718160201408445,0.15543096378163118,0.20640721271985718,llama-2-7b,qwen2-7b,0.0030911918324724123,0.01171875
decoders,linear,without_floor,9,0.3230297997851063,0.3102949233185889,9,0,0.2194692622738772,0.48404288048855654,0.302903164697175,0.3359748669740099,llama-2-7b,qwen2-7b,1.5851622144256743e-06,0.00390625
decoders,quadratic,without_floor,9,0.17909297073334499,0.2136915389670229,8,1,-0.036719253788728534,0.37175483522813096,0.15501023767149674,0.2060694987986042,llama-2-7b,qwen2-7b,0.003163053845908759,0.01171875
decoders,linear,without_game,9,0.3235644589911747,0.3112993034312436,9,0,0.21934324910630415,0.4850444356270047,0.3033794619116959,0.3365921102267835,llama-2-7b,qwen2-7b,1.6147334834492868e-06,0.00390625
decoders,quadratic,without_game,9,0.17952581232334516,0.214052729368508,8,1,-0.03718775179024123,0.3726167152496294,0.15538944945755961,0.20661500783754347,llama-2-7b,qwen2-7b,0.0031762643725711834,0.01171875
decoders,linear,without_half,9,0.3234249204061171,0.3107123822516553,9,0,0.2203286139710065,0.4845921335262215,0.303279018766104,0.33631195871050595,llama-2-7b,qwen2-7b,1.5714962565320132e-06,0.00390625
decoders,quadratic,without_half,9,0.1793636402227787,0.21390437736964088,8,1,-0.03618558441515995,0.3721478202172955,0.15526561772346414,0.20630729330252107,llama-2-7b,qwen2-7b,0.0031291987442788765,0.01171875
decoders,linear,without_heard,9,0.32352295291826405,0.31095314504768307,9,0,0.22045410182286942,0.4845921299749345,0.3033893057861803,0.33640655930518837,llama-2-7b,qwen2-7b,1.5672245966849033e-06,0.00390625
decoders,quadratic,without_heard,9,0.17966278750776266,0.2142075712778379,8,1,-0.03621757731111507,0.3730190540015185,0.15549325419604315,0.20664783311012236,llama-2-7b,qwen2-7b,0.003143681530425996,0.01171875
decoders,linear,without_help,9,0.32296487739569407,0.31038084365086116,9,0,0.2191673761851086,0.48411050591650095,0.30282167383059333,0.33593956504701733,llama-2-7b,qwen2-7b,1.6084832782309734e-06,0.00390625
decoders,quadratic,without_help,9,0.17926055541699507,0.21357805727396995,8,1,-0.036662075141022946,0.3719543099096451,0.15517383610541377,0.20625088423674728,llama-2-7b,qwen2-7b,0.0031557734443258072,0.01171875
decoders,linear,without_individual,9,0.3234192215802466,0.31071933527343776,9,0,0.22022423575259617,0.48417144338062856,0.30332519385519885,0.33631859480870285,llama-2-7b,qwen2-7b,1.5549634280686686e-06,0.00390625
decoders,quadratic,without_individual,9,0.1794410217378858,0.2140067521739243,8,1,-0.03602904100501337,0.3718620201516952,0.1553883969361596,0.20637477958074818,llama-2-7b,qwen2-7b,0.003108398655440695,0.01171875
decoders,linear,without_low,9,0.3231509342647494,0.3107887834786119,9,0,0.21965780731842494,0.48420238455924075,0.303019502977938,0.33608757513304,llama-2-7b,qwen2-7b,1.5860482044819866e-06,0.00390625
decoders,quadratic,without_low,9,0.17948982494602472,0.21381143115902942,8,1,-0.036274579057833795,0.3720781093509447,0.15541628939540977,0.20646037544650708,llama-2-7b,qwen2-7b,0.003111016152671836,0.01171875
decoders,linear,without_man,9,0.32347307955003235,0.3105968676146724,9,0,0.22024475725387926,0.484737288932226,0.30331505337725817,0.33637661983705147,llama-2-7b,qwen2-7b,1.5771650449946286e-06,0.00390625
decoders,quadratic,without_man,9,0.17946190387380392,0.21407421259943726,8,1,-0.03605925850415019,0.3722985282846116,0.15535732582245299,0.2064020491710482,llama-2-7b,qwen2-7b,0.0031265836836351017,0.01171875
decoders,linear,without_mind,9,0.3232394704007376,0.31051566845464,9,0,0.2197688096921542,0.48422756810265843,0.30311595818799747,0.3361733029893105,llama-2-7b,qwen2-7b,1.5727657689340282e-06,0.00390625
decoders,quadratic,without_mind,9,0.17934119519672448,0.21407354176668322,8,1,-0.03632793843260485,0.37195688439391217,0.155264234047076,0.20629983690039067,llama-2-7b,qwen2-7b,0.0031319670665747347,0.01171875
decoders,linear,without_money,9,0.32325382150696014,0.31100908234537333,9,0,0.2192923728210688,0.4844398811183359,0.3031055640555381,0.3362490025926965,llama-2-7b,qwen2-7b,1.6072832843760883e-06,0.00390625
decoders,quadratic,without_money,9,0.17940087087722834,0.2137040827495505,8,1,-0.03702689156207046,0.37241561059360984,0.15527402841268068,0.20645434118214068,llama-2-7b,qwen2-7b,0.0031620044209145046,0.01171875
decoders,linear,without_months,9,0.3229468674460877,0.3104023291962767,9,0,0.21913138301873397,0.4840015066134547,0.3028150375501668,0.33592380299950686,llama-2-7b,qwen2-7b,1.5975585090791911e-06,0.00390625
decoders,quadratic,without_months,9,0.17909911328758607,0.2133943916758076,8,1,-0.03686192710219797,0.37171845650764695,0.15502169538507848,0.2060942433363091,llama-2-7b,qwen2-7b,0.003161365289023843,0.01171875
decoders,linear,without_news,9,0.32317226804922,0.31049263303932223,9,0,0.21946911344923264,0.48415541538836737,0.3030493746318267,0.3361351623742185,llama-2-7b,qwen2-7b,1.5919833776711045e-06,0.00390625
decoders,quadratic,without_news,9,0.17959931081763345,0.21417959227158342,8,1,-0.03637421706937809,0.37190304697272575,0.15556134379824688,0.2065960018035099,llama-2-7b,qwen2-7b,0.0031187457775692794,0.01171875
decoders,linear,without_obtained,9,0.32300426190816645,0.31065375115118943,9,0,0.21912861699630518,0.48407134208076347,0.30287087688659176,0.3359887175221491,llama-2-7b,qwen2-7b,1.5981310904023274e-06,0.00390625
decoders,quadratic,without_obtained,9,0.17936263832528632,0.21396145341386646,8,1,-0.0367453908706782,0.37176144632091757,0.1553127873258324,0.20637614197478188,llama-2-7b,qwen2-7b,0.0031294716828065253,0.01171875
decoders,linear,without_proposed,9,0.3235200389923657,0.3112084947303009,9,0,0.22006255697901314,0.4849353546088031,0.303343124540311,0.33645222424403476,llama-2-7b,qwen2-7b,1.5864724970373603e-06,0.00390625
decoders,quadratic,without_proposed,9,0.17951652069113339,0.2141663456879211,8,1,-0.03644645611426745,0.3725738008940886,0.155384360665764,0.20651189279180848,llama-2-7b,qwen2-7b,0.003138334979233227,0.01171875
decoders,linear,without_quickly,9,0.32350263447511635,0.310833941949313,9,0,0.22042402925624832,0.4842830797374402,0.3034050788173259,0.3363874601274749,llama-2-7b,qwen2-7b,1.5427989724371625e-06,0.00390625
decoders,quadratic,without_quickly,9,0.17927715306794836,0.21384637531012968,8,1,-0.036158293010671375,0.3717892397695388,0.1552131422302496,0.20620658382777585,llama-2-7b,qwen2-7b,0.0031274506690234815,0.01171875
decoders,linear,without_reality,9,0.32413007193440146,0.31163916722750656,9,0,0.22025548219323315,0.48542030202638,0.30396879317290415,0.3371143956520475,llama-2-7b,qwen2-7b,1.5797781743607229e-06,0.00390625
decoders,quadratic,without_reality,9,0.17974301485954305,0.2141066301597322,8,1,-0.03719015679243771,0.37313838903143576,0.15556859308805648,0.20685966131604067,llama-2-7b,qwen2-7b,0.003161695647633325,0.01171875
decoders,linear,without_reported,9,0.32313172724008044,0.3105508326225592,9,0,0.21948484100707857,0.48449537144922744,0.30296127171393705,0.3360875880192057,llama-2-7b,qwen2-7b,1.5997500650923975e-06,0.00390625
decoders,quadratic,without_reported,9,0.1792086096882748,0.21421051168913693,8,1,-0.03725736540477884,0.3721620840196651,0.155089425396851,0.2062668565749065,llama-2-7b,qwen2-7b,0.00320249126602806,0.01171875
decoders,linear,without_right,9,0.3230049755754818,0.3104452453937392,9,0,0.21976971250882252,0.48405523743903583,0.3028736928425376,0.33590938345881427,llama-2-7b,qwen2-7b,1.5857961124585102e-06,0.00390625
decoders,quadratic,without_right,9,0.17929180005072903,0.21365643850481272,8,1,-0.0360398384043282,0.3718278300491192,0.15522479630093025,0.20620825485761118,llama-2-7b,qwen2-7b,0.0031166653229960585,0.01171875
decoders,linear,without_side,9,0.3229212397491758,0.31020674453684655,9,0,0.21924841014075444,0.48402323487831034,0.302783490358034,0.33588034345022844,llama-2-7b,qwen2-7b,1.5982409219915585e-06,0.00390625
decoders,quadratic,without_side,9,0.17919485845649163,0.2136432973394461,8,1,-0.03635244079367838,0.37175566363904355,0.15512475780867263,0.20613827086276287,llama-2-7b,qwen2-7b,0.003132490923009564,0.01171875
decoders,linear,without_south,9,0.32314108373216455,0.3105336573005733,9,0,0.2193008668275296,0.4843681473455165,0.3029877007804956,0.33612111084524393,llama-2-7b,qwen2-7b,1.594364596372038e-06,0.00390625
decoders,quadratic,without_south,9,0.1794914802618971,0.21385764498160018,8,1,-0.036260506329681946,0.37218849035845547,0.15540435399982733,0.20646047858584451,llama-2-7b,qwen2-7b,0.003116163216237117,0.01171875
decoders,linear,without_stopped,9,0.32330273174270624,0.3112085552798029,9,0,0.21924964499014507,0.4845517981143005,0.303146598446257,0.33630936758677643,llama-2-7b,qwen2-7b,1.6025912652280478e-06,0.00390625
decoders,quadratic,without_stopped,9,0.1799060138311336,0.21453828853212562,8,1,-0.0367683151572623,0.3729475722442352,0.1557758190294959,0.2069903049546831,llama-2-7b,qwen2-7b,0.00314247950735364,0.01171875
decoders,linear,without_structure,9,0.3229660131794719,0.3103681611513227,9,0,0.21932869433613453,0.4840300817620323,0.30283300460665175,0.335920678034889,llama-2-7b,qwen2-7b,1.5967253340619296e-06,0.00390625
decoders,quadratic,without_structure,9,0.17921805110431943,0.21365240750562,8,1,-0.03623802074763113,0.3717282637368615,0.15515427452525166,0.20615006008581324,llama-2-7b,qwen2-7b,0.0031313456803733174,0.01171875
decoders,linear,without_top,9,0.3235091127822745,0.31071631349456946,9,0,0.22044668810178067,0.48491261047867945,0.3033336755702239,0.33639191586733624,llama-2-7b,qwen2-7b,1.5838787351171906e-06,0.00390625
decoders,quadratic,without_top,9,0.17936978950575697,0.2136505444789012,8,1,-0.03601043088257753,0.37209481656050875,0.15527916112391302,0.2062923170542988,llama-2-7b,qwen2-7b,0.003112098399991761,0.01171875
decoders,linear,without_trouble,9,0.32294314340409547,0.3104209880043245,9,0,0.21916593813549648,0.48401062994251787,0.3028097075867927,0.3359152940626704,llama-2-7b,qwen2-7b,1.601480973488032e-06,0.00390625
decoders,quadratic,without_trouble,9,0.1791978921435742,0.21363458804408778,8,1,-0.0366683383865619,0.3717027361325377,0.15513478664495378,0.2061811709598412,llama-2-7b,qwen2-7b,0.003149593539134728,0.01171875
decoders,linear,without_understand,9,0.32387307458577214,0.3110238715022883,9,0,0.22061497317287837,0.485366972957218,0.3036863372893414,0.3367803372623839,llama-2-7b,qwen2-7b,1.5855676938487085e-06,0.00390625
decoders,quadratic,without_understand,9,0.1796771740282382,0.21419744727627327,8,1,-0.035964280399875224,0.3727105709992535,0.15554799940686131,0.20663235583175238,llama-2-7b,qwen2-7b,0.0031108998972556477,0.01171875
decoders,linear,without_word,9,0.32326012846167523,0.3112394531138733,9,0,0.2191393349177358,0.48446045041320074,0.3031100882177346,0.3362752276546677,llama-2-7b,qwen2-7b,1.6128879999560626e-06,0.00390625
decoders,quadratic,without_word,9,0.17976444027144117,0.21428708251683432,8,1,-0.03696624521443365,0.3728842067446826,0.15562446946228597,0.2068557759571755,llama-2-7b,qwen2-7b,0.0031580986373209484,0.01171875
decoders,linear,without_yet,9,0.32323495003847696,0.31056013832603446,9,0,0.2200795518828515,0.48418561796967396,0.30311611654707743,0.33612937480793026,llama-2-7b,qwen2-7b,1.5605780921747855e-06,0.00390625
decoders,quadratic,without_yet,9,0.17927688566134536,0.21384435145036576,8,1,-0.03614602291986751,0.37185905850882894,0.1552041140554099,0.20620474923399698,llama-2-7b,qwen2-7b,0.003128278794364384,0.01171875
decoders,linear,without_act,9,0.32331164363102005,0.3107639543364942,9,0,0.21975548994099134,0.48425977173414053,0.30319312761812994,0.33625616284227355,llama-2-7b,qwen2-7b,1.5675640548935527e-06,0.00390625
decoders,quadratic,without_act,9,0.1794422530109356,0.21411204528788141,8,1,-0.036436679562079376,0.372108153832113,0.15535901540828845,0.2064271195825625,llama-2-7b,qwen2-7b,0.0031353771993689883,0.01171875
decoders,linear,without_action,9,0.32305789283927944,0.310543109205486,9,0,0.2192050005298659,0.4840239267817843,0.3029371385964663,0.33603950437795616,llama-2-7b,qwen2-7b,1.5870184744749704e-06,0.00390625
decoders,quadratic,without_action,9,0.17921754503621368,0.21380384824055806,8,1,-0.03674671693713263,0.37172674070167644,0.15515389557803083,0.20621307778288198,llama-2-7b,qwen2-7b,0.003148697691319342,0.01171875
decoders,linear,without_air,9,0.3230510793925072,0.3103427870344741,9,0,0.21964343999246158,0.4841502552906584,0.3029136824052383,0.3359770343175129,llama-2-7b,qwen2-7b,1.5906814201886813e-06,0.00390625
decoders,quadratic,without_air,9,0.1791385234627419,0.21362012810791106,8,1,-0.036473649984129164,0.37182219451034904,0.155053064581791,0.20609004514360074,llama-2-7b,qwen2-7b,0.003148400336117316,0.01171875
decoders,linear,without_art,9,0.3234772712474123,0.3113372155644908,9,0,0.22002693179932484,0.48444242259333686,0.30335662732917174,0.3364085636784232,llama-2-7b,qwen2-7b,1.5789608395123035e-06,0.00390625
decoders,quadratic,without_art,9,0.17978810954089863,0.21451937353251238,8,1,-0.03637426279765516,0.37280953092758234,0.15566043186756315,0.20680840608321782,llama-2-7b,qwen2-7b,0.0031114247909031327,0.01171875
decoders,linear,without_case,9,0.32300122220310457,0.3105549714904009,9,0,0.21913285741450683,0.4840673125897896,0.302867960904769,0.3359847678016793,llama-2-7b,qwen2-7b,1.5957663364757112e-06,0.00390625
decoders,quadratic,without_case,9,0.17916072047555712,0.2136578912913525,8,1,-0.03690137866875074,0.3718366215517623,0.15507623284103145,0.20616848286859557,llama-2-7b,qwen2-7b,0.0031618045731856147,0.01171875
decoders,linear,without_church,9,0.3230518987796014,0.3103355456651418,9,0,0.21980178622036278,0.4841489293731449,0.3029147699554085,0.33595816284950625,llama-2-7b,qwen2-7b,1.5864557304379653e-06,0.00390625
decoders,quadratic,without_church,9,0.17931623571646027,0.21365278595951817,8,1,-0.03616846140889952,0.3719509934431366,0.15523689100062574,0.20625182285713026,llama-2-7b,qwen2-7b,0.0031231225724093776,0.01171875
decoders,linear,without_conducted,9,0.3229591296311939,0.31044485444964603,9,0,0.21920024038424568,0.4840599266733486,0.30282153000092454,0.3359289907870624,llama-2-7b,qwen2-7b,1.5978878103351244e-06,0.00390625
decoders,quadratic,without_conducted,9,0.17920782211989136,0.21376123804579508,8,1,-0.036688220568467246,0.3718343088110974,0.15512951128349062,0.2061948274559362,llama-2-7b,qwen2-7b,0.0031552092312866157,0.01171875
decoders,linear,without_distribution,9,0.3229487831565855,0.310399194402899,9,0,0.21911854429504676,0.48416642427802226,0.3027965780164059,0.33592756301427784,llama-2-7b,qwen2-7b,1.608188950287735e-06,0.00390625
decoders,quadratic,without_distribution,9,0.17908866510577398,0.21352958196818878,8,1,-0.03697847034818154,0.37191868674167533,0.15498491240128628,0.2060970570375184,llama-2-7b,qwen2-7b,0.0031738057519079548,0.01171875
decoders,linear,without_dropped,9,0.32342906849386094,0.3110844077334229,9,0,0.21990918700720216,0.4847297871800887,0.3032664786580825,0.3363690536796933,llama-2-7b,qwen2-7b,1.5953532689104532e-06,0.00390625
decoders,quadratic,without_dropped,9,0.1796307783502572,0.21397859857422954,8,1,-0.03650366460145531,0.3727355622000031,0.15549268036903893,0.20664758371922123,llama-2-7b,qwen2-7b,0.0031498158791284526,0.01171875
decoders,linear,without_enough,9,0.32353063015576944,0.3106731985770433,9,0,0.22039468619135627,0.4844893943830961,0.3034107846273536,0.3364226231513211,llama-2-7b,qwen2-7b,1.5565602816373072e-06,0.00390625
decoders,quadratic,without_enough,9,0.17941483975646078,0.2141682790713585,8,1,-0.03624940591269841,0.37222302723817763,0.1553138163212462,0.2063728704651057,llama-2-7b,qwen2-7b,0.003133263122021334,0.01171875
decoders,linear,without_extent,9,0.32401456624642067,0.3116519521564087,9,0,0.21961002005647895,0.48536179339172875,0.3038461628532571,0.33706513452016335,llama-2-7b,qwen2-7b,1.5899886883173045e-06,0.00390625
decoders,quadratic,without_extent,9,0.17993514309562825,0.21470939581696655,8,1,-0.03689230904939041,0.3729091738797834,0.15581338924760882,0.20703857461375558,llama-2-7b,qwen2-7b,0.0031380499601136483,0.01171875
decoders,linear,without_field,9,0.3233126836825725,0.31083468032289996,9,0,0.22006843856232958,0.4843189347652613,0.3031869022972364,0.33621821432260285,llama-2-7b,qwen2-7b,1.581693232611048e-06,0.00390625
decoders,quadratic,without_field,9,0.17956617082761714,0.21420524313659983,8,1,-0.036042148909785444,0.37232038589916866,0.1554718939436732,0.20651721079479246,llama-2-7b,qwen2-7b,0.003118336522191846,0.01171875
decoders,linear,without_found,9,0.3231171081099791,0.31081133313202436,9,0,0.2190201862496335,0.48434729313164243,0.3029633349822712,0.3361292233425223,llama-2-7b,qwen2-7b,1.6140354230054648e-06,0.00390625
decoders,quadratic,without_found,9,0.17953268224057564,0.21378760222003831,8,1,-0.03718849171628116,0.3726304107826036,0.15539546617282216,0.20662282898518275,llama-2-7b,qwen2-7b,0.0031738190724944354,0.01171875
decoders,linear,without_feet,9,0.32317240196894675,0.31069127847196376,9,0,0.21952594427813846,0.4841357327309397,0.3030519856236976,0.3361282091802978,llama-2-7b,qwen2-7b,1.5814487465530852e-06,0.00390625
decoders,quadratic,without_feet,9,0.17927042633879192,0.21392873279217814,8,1,-0.03676729577806404,0.3719697740113078,0.15518300787972739,0.2062751416033989,llama-2-7b,qwen2-7b,0.003154073564867917,0.01171875
decoders,linear,without_form,9,0.32325361425995736,0.3103475414356679,9,0,0.21980987421709955,0.48464636084031987,0.3030795209374121,0.33618408176531456,llama-2-7b,qwen2-7b,1.5969338246065442e-06,0.00390625
decoders,quadratic,without_form,9,0.17937212028799893,0.21376205244967975,8,1,-0.03610075492052137,0.37218949575789256,0.1552699483542622,0.20630622968906398,llama-2-7b,qwen2-7b,0.00311897013397125,0.01171875
decoders,linear,without_hard,9,0.3231279006772321,0.3105687994835118,9,0,0.21978472402123186,0.4840600754833137,0.30301137882647194,0.33604579775923216,llama-2-7b,qwen2-7b,1.5732400481987665e-06,0.00390625
decoders,quadratic,without_hard,9,0.1792442833245338,0.21380157582859494,8,1,-0.03645054239994537,0.3718025299675749,0.15517450249415365,0.20620613654009368,llama-2-7b,qwen2-7b,0.0031399626699325973,0.01171875
decoders,linear,without_industry,9,0.3232940748010352,0.3107468173378566,9,0,0.21947582631960455,0.48411017668649675,0.30319206206535254,0.33627135586121404,llama-2-7b,qwen2-7b,1.5664436157413076e-06,0.00390625
decoders,quadratic,without_industry,9,0.1793238879511816,0.21399787197217346,8,1,-0.0367044473916082,0.37183554342730485,0.15525993101666619,0.2063274298690303,llama-2-7b,qwen2-7b,0.003140747463630928,0.01171875
decoders,linear,without_instead,9,0.32403732570128996,0.3114866561884565,9,0,0.22009679748807787,0.485155183673184,0.30389759345480316,0.3370298917279415,llama-2-7b,qwen2-7b,1.56210707260667e-06,0.00390625
decoders,quadratic,without_instead,9,0.17975670784816655,0.21431605300759599,8,1,-0.0368485632207059,0.3725861455903556,0.15565302813039292,0.2068323667317756,llama-2-7b,qwen2-7b,0.0031314500140744938,0.01171875
decoders,linear,without_intensity,9,0.32300274592299727,0.3102012854202838,9,0,0.2194794284759427,0.48410965712358633,0.30286438202292365,0.3359431606038791,llama-2-7b,qwen2-7b,1.588759775756547e-06,0.00390625
decoders,quadratic,without_intensity,9,0.17915437863366676,0.21361267106038956,8,1,-0.036401972902273975,0.3718328536759151,0.15506956925338572,0.20609892257565934,llama-2-7b,qwen2-7b,0.0031482082574294436,0.01171875
decoders,linear,without_matter,9,0.32330078206763396,0.3106890544365991,9,0,0.21918521059183754,0.4844962639388956,0.3031513468337263,0.33631522850210854,llama-2-7b,qwen2-7b,1.6035933560153815e-06,0.00390625
decoders,quadratic,without_matter,9,0.1795227136780314,0.2139805220654442,8,1,-0.036920038870420065,0.3725861140808535,0.15538978862767866,0.20657805774658783,llama-2-7b,qwen2-7b,0.003168365736735343,0.01171875
decoders,linear,without_mentioned,9,0.3232794205573234,0.3105422844415535,9,0,0.21971058843098606,0.48468888665083487,0.3031032372956345,0.3362255245731156,llama-2-7b,qwen2-7b,1.597155032707197e-06,0.00390625
decoders,quadratic,without_mentioned,9,0.1795911972163596,0.21393293182853856,8,1,-0.036024970982525883,0.3723307618595296,0.15549875163596338,0.2065432182412203,llama-2-7b,qwen2-7b,0.0031013686704261926,0.01171875
decoders,linear,without_office,9,0.3230967648539931,0.3103867680041379,9,0,0.21946751632850908,0.4840349538662171,0.30297949122746504,0.3360504209196785,llama-2-7b,qwen2-7b,1.5766303939779287e-06,0.00390625
decoders,quadratic,without_office,9,0.1792580282992814,0.21376312478618037,8,1,-0.03638781960400883,0.3717741042112309,0.1551935188102877,0.20621375928719268,llama-2-7b,qwen2-7b,0.003129022127721294,0.01171875
decoders,linear,without_part,9,0.3236855395394465,0.3112034256297928,9,0,0.21915347183900982,0.4851606748018648,0.30350114763164426,0.33675204800200115,llama-2-7b,qwen2-7b,1.611958908406258e-06,0.00390625
decoders,quadratic,without_part,9,0.1798201414972819,0.21432776749260343,8,1,-0.037205543070611,0.3732723312630081,0.15563861777656612,0.2069483520682685,llama-2-7b,qwen2-7b,0.003178434727314356,0.01171875
decoders,linear,without_party,9,0.3230136278742662,0.3103450491711026,9,0,0.21974557869618003,0.48413081604022573,0.3028739793535212,0.33592213402152693,llama-2-7b,qwen2-7b,1.5914412045907736e-06,0.00390625
decoders,quadratic,without_party,9,0.17925017936274948,0.2136528005589115,8,1,-0.036234501030659845,0.3719992618206842,0.15515654405550766,0.20618576441192565,llama-2-7b,qwen2-7b,0.0031351805080237086,0.01171875
decoders,linear,without_passed,9,0.323192672747106,0.310565296842744,9,0,0.21980867394772144,0.48431237370321906,0.30305271012759194,0.3361156725970291,llama-2-7b,qwen2-7b,1.5837942164608962e-06,0.00390625
decoders,quadratic,without_passed,9,0.17940193272400756,0.21399945566249717,8,1,-0.03630485568660579,0.37210241403421257,0.15531437256023192,0.2063652812753342,llama-2-7b,qwen2-7b,0.0031288824883097303,0.01171875
decoders,linear,without_prevent,9,0.3236089196809955,0.31034477848028036,9,0,0.21973559302663417,0.4849766465582851,0.3034379538213343,0.33659308551279066,llama-2-7b,qwen2-7b,1.5882053922584068e-06,0.00390625
decoders,quadratic,without_prevent,9,0.17956477353971437,0.21455544098482487,8,1,-0.03685778852447229,0.37278533443015327,0.1554122034284095,0.2066175937977377,llama-2-7b,qwen2-7b,0.003173574037954684,0.01171875
decoders,linear,without_quality,9,0.32293381166133117,0.31030064764316334,9,0,0.2191348571096339,0.48409592740612734,0.3027885471932316,0.33590868098029325,llama-2-7b,qwen2-7b,1.6048546610271007e-06,0.00390625
decoders,quadratic,without_quality,9,0.17916975120042927,0.2136687671195504,8,1,-0.03678669869964604,0.37191849044096864,0.15507615879536188,0.2061643074379387,llama-2-7b,qwen2-7b,0.003169557157433325,0.01171875
decoders,linear,without_remember,9,0.32328362907794983,0.31089923967423494,9,0,0.21948039161691832,0.48425981675965835,0.3031616056177363,0.33625903376057875,llama-2-7b,qwen2-7b,1.5797555528537751e-06,0.00390625
decoders,quadratic,without_remember,9,0.179504927702737,0.2142478381194984,8,1,-0.03676184600807203,0.3721731216197193,0.15542140346311417,0.20653827441658812,llama-2-7b,qwen2-7b,0.0031438684155791832,0.01171875
decoders,linear,without_sample,9,0.3231536560615896,0.31031313439159497,9,0,0.21983038280040912,0.4842651333919935,0.30301472139528907,0.33606906521923713,llama-2-7b,qwen2-7b,1.5815289704200895e-06,0.00390625
decoders,quadratic,without_sample,9,0.1792812941488871,0.21376095221500585,8,1,-0.03639190506342053,0.37212206719755186,0.15517619751780398,0.20624044405042552,llama-2-7b,qwen2-7b,0.0031461423238245954,0.01171875
decoders,linear,without_sent,9,0.32325230512203873,0.31092697661574176,9,0,0.21916742961130573,0.4845853436437839,0.30308567530682057,0.33626291456088037,llama-2-7b,qwen2-7b,1.5977526364077095e-06,0.00390625
decoders,quadratic,without_sent,9,0.17939201768566393,0.2142758100737206,8,1,-0.037006208339066364,0.37211439299104293,0.15530172077249152,0.2064417959387552,llama-2-7b,qwen2-7b,0.0031700626928339534,0.01171875
decoders,linear,without_space,9,0.322952801957961,0.31032967291841995,9,0,0.21918772891459792,0.4840483539691118,0.3028158579565672,0.3359234360883814,llama-2-7b,qwen2-7b,1.599420186418476e-06,0.00390625
decoders,quadratic,without_space,9,0.1791920195358558,0.2136247181026814,8,1,-0.0366629646588278,0.3718083180716197,0.15511498221888534,0.20617389256019128,llama-2-7b,qwen2-7b,0.0031470110697001618,0.01171875
decoders,linear,without_success,9,0.32304405464011743,0.3104185803480838,9,0,0.2197357750431234,0.4839908684718266,0.3029257029111538,0.3359575895897417,llama-2-7b,qwen2-7b,1.5775898366438631e-06,0.00390625
decoders,quadratic,without_success,9,0.17928944914646575,0.2136686186408533,8,1,-0.036066855252838224,0.3716873719341423,0.1552397087980062,0.20620898719637876,llama-2-7b,qwen2-7b,0.0031138279684639666,0.01171875
decoders,linear,without_treated,9,0.3230820456401551,0.310536405390803,9,0,0.21983209621862618,0.4841522908284072,0.30294826499162364,0.3359882893178462,llama-2-7b,qwen2-7b,1.579124254643343e-06,0.00390625
decoders,quadratic,without_treated,9,0.17934863254706188,0.21387259544813902,8,1,-0.036181091269587205,0.37199680765939913,0.15526761065801972,0.20628984802414302,llama-2-7b,qwen2-7b,0.003126274972459008,0.01171875
decoders,linear,without_work,9,0.32359649741874524,0.3112646680505036,9,0,0.21982400356379364,0.4847188935200228,0.3034561979060855,0.33656805915061416,llama-2-7b,qwen2-7b,1.5756229442571202e-06,0.00390625
decoders,quadratic,without_work,9,0.17958593438891945,0.21447544105001418,8,1,-0.03670638178195762,0.3725422821925812,0.15546639091346173,0.20662247391027908,llama-2-7b,qwen2-7b,0.0031518954040516546,0.01171875
decoders,linear,without_avoid,9,0.32313211815624904,0.3106449089428265,9,0,0.2194422731799978,0.48426417915034714,0.3029906105319867,0.3360933487782804,llama-2-7b,qwen2-7b,1.5986564675864564e-06,0.00390625
decoders,quadratic,without_avoid,9,0.17962852187275122,0.21386816255627028,8,1,-0.03641759392232792,0.372388971401851,0.15553346568161375,0.2066342863471361,llama-2-7b,qwen2-7b,0.0031279491782682826,0.01171875
decoders,linear,without_captain,9,0.32430467409721175,0.31177406625397375,9,0,0.2205520240992858,0.4856633029682636,0.3041348454883302,0.3372737553469525,llama-2-7b,qwen2-7b,1.5666751528405754e-06,0.00390625
decoders,quadratic,without_captain,9,0.18013444938704382,0.21475904047665584,8,1,-0.036093058682634814,0.37303341483330954,0.15602207870626061,0.20716288789575366,llama-2-7b,qwen2-7b,0.003095469439253784,0.01171875
decoders,linear,without_caused,9,0.3239924394866466,0.31168693883972926,9,0,0.2202034405579793,0.4857487248603344,0.3037729038149356,0.33696606435273,llama-2-7b,qwen2-7b,1.5907172250637064e-06,0.00390625
decoders,quadratic,without_caused,9,0.1798815437746737,0.2147530464539723,8,1,-0.036661924882078485,0.3734085523488362,0.15569066770290335,0.20694947735676772,llama-2-7b,qwen2-7b,0.0031547512747056353,0.01171875
decoders,linear,without_character,9,0.32303767834036085,0.31064712501945035,9,0,0.21922160207202276,0.4840213079834523,0.30291472463497443,0.3360146878739031,llama-2-7b,qwen2-7b,1.5971995268743132e-06,0.00390625
decoders,quadratic,without_character,9,0.1794531234219369,0.21391482636822584,8,1,-0.03671594366218643,0.3717411750470261,0.15541711696880078,0.20647425680745232,llama-2-7b,qwen2-7b,0.0031320308565025903,0.01171875
decoders,linear,without_company,9,0.3229414223639629,0.31038764363777716,9,0,0.21925393725024284,0.48406698406698095,0.3028007271510857,0.33590235800317797,llama-2-7b,qwen2-7b,1.5983074126284877e-06,0.00390625
decoders,quadratic,without_company,9,0.1792322675593373,0.21354649768501852,8,1,-0.03644906442473079,0.37185308340991224,0.1551546655780154,0.20619243405734577,llama-2-7b,qwen2-7b,0.0031312588586124616,0.01171875
decoders,linear,without_covered,9,0.3231982188837689,0.3108088877290976,9,0,0.21938823935129012,0.4843451934849966,0.30305484705861535,0.3361744663253287,llama-2-7b,qwen2-7b,1.5894446857961864e-06,0.00390625
decoders,quadratic,without_covered,9,0.17947271219645577,0.21363479844741345,8,1,-0.036431578253265894,0.3723334413316853,0.15536512105455214,0.206460748502671,llama-2-7b,qwen2-7b,0.003126155019927591,0.01171875
decoders,linear,without_declared,9,0.3231518125518715,0.31105171412648697,9,0,0.21969661444561314,0.4842673190615606,0.30301237423816035,0.33608371231515377,llama-2-7b,qwen2-7b,1.58681396493672e-06,0.00390625
decoders,quadratic,without_declared,9,0.1795305452049724,0.21397805754203172,8,1,-0.03636856030581542,0.37239880645694384,0.155422012548476,0.20651793339382093,llama-2-7b,qwen2-7b,0.0031219306087571057,0.01171875
decoders,linear,without_deny,9,0.32324790578002616,0.31047840797008475,9,0,0.21902883462353456,0.484589151742504,0.3030802500347164,0.3362752896745876,llama-2-7b,qwen2-7b,1.6295578631195866e-06,0.00390625
decoders,quadratic,without_deny,9,0.17946626892072196,0.21353822899817684,8,1,-0.037173657009578635,0.3727403379588595,0.15530701029095478,0.20654625966200957,llama-2-7b,qwen2-7b,0.0031764600609981335,0.01171875
decoders,linear,without_discussed,9,0.3237878683736288,0.31147182243718174,9,0,0.2199011788479914,0.48506655238136837,0.3036280328726613,0.3367737045643334,llama-2-7b,qwen2-7b,1.5908664782523115e-06,0.00390625
decoders,quadratic,without_discussed,9,0.17984841381955516,0.21448204367028745,8,1,-0.03682176098728232,0.373053526939951,0.15569777467950568,0.20693218567040986,llama-2-7b,qwen2-7b,0.00314115250744124,0.01171875
decoders,linear,without_example,9,0.3232877214187129,0.31075736605388793,9,0,0.21963437142310477,0.4844358919804297,0.3031442000984983,0.33624439016816393,llama-2-7b,qwen2-7b,1.588688812567693e-06,0.00390625
decoders,quadratic,without_example,9,0.17942953105941117,0.21394156554853028,8,1,-0.03653664702049219,0.3721914961599401,0.15533428542184508,0.20642530331939912,llama-2-7b,qwen2-7b,0.0031392783676941257,0.01171875
decoders,linear,without_feed,9,0.32318814979969634,0.3109432557844987,9,0,0.21984752092057783,0.48413634853096693,0.3030696249582875,0.3361057284095862,llama-2-7b,qwen2-7b,1.5844083577546792e-06,0.00390625
decoders,quadratic,without_feed,9,0.17962092531334986,0.21387530799981203,8,1,-0.03638780152723047,0.371979839440525,0.15557606104745295,0.20662201616842238,llama-2-7b,qwen2-7b,0.0031160265118174027,0.01171875
decoders,linear,without_followed,9,0.32329132549330436,0.31045279412387455,9,0,0.2199072110416258,0.4844495230646514,0.30314655079688596,0.3362143397997642,llama-2-7b,qwen2-7b,1.5814128780301829e-06,0.00390625
decoders,quadratic,without_followed,9,0.17940841687107503,0.21400399823013702,8,1,-0.03623387742412143,0.37217835778969144,0.155312174256248,0.20636370365797457,llama-2-7b,qwen2-7b,0.0031222244017092312,0.01171875
decoders,linear,without_gas,9,0.3230279200998525,0.3103361342441132,9,0,0.2195270400124718,0.484146120273385,0.3028881450781609,0.33596553011077507,llama-2-7b,qwen2-7b,1.5919543941960387e-06,0.00390625
decoders,quadratic,without_gas,9,0.1792279452917428,0.21364140398345377,8,1,-0.0363330662340602,0.371848722925613,0.15515034808750902,0.20617307173246818,llama-2-7b,qwen2-7b,0.00314115648289904,0.01171875
decoders,linear,without_god,9,0.3231720940746021,0.31032377668943484,9,0,0.2193262158753318,0.484140178045403,0.30305108357825195,0.33615282884951087,llama-2-7b,qwen2-7b,1.5789224989681823e-06,0.00390625
decoders,quadratic,without_god,9,0.17925346625478272,0.21382063400515258,8,1,-0.03661850216985705,0.37183056481172005,0.15518132893516554,0.2062374623078627,llama-2-7b,qwen2-7b,0.003152764502013346,0.01171875
decoders,linear,without_hour,9,0.3232163108741366,0.3107510474174811,9,0,0.21972656033987717,0.484081724618648,0.30310813415607263,0.33615252969091897,llama-2-7b,qwen2-7b,1.5766454722098845e-06,0.00390625
decoders,quadratic,without_hour,9,0.17939741410204163,0.21397362392123231,8,1,-0.036507248358437105,0.371885694969718,0.15533637899358207,0.20638549690960148,llama-2-7b,qwen2-7b,0.0031292260942300167,0.01171875
decoders,linear,without_military,9,0.3239801633591715,0.3117123310950571,9,0,0.21986276047418468,0.48567503266841217,0.3037683046955164,0.33699483871979485,llama-2-7b,qwen2-7b,1.5959920186601939e-06,0.00390625
decoders,quadratic,without_military,9,0.17976404083167472,0.21443382865451874,8,1,-0.03670409631548043,0.373209259522869,0.1555833884952754,0.2068225579750691,llama-2-7b,qwen2-7b,0.003154970002383443,0.01171875
decoders,linear,without_particles,9,0.32305581852482035,0.3103227245801191,9,0,0.21923594055018755,0.48421123651903697,0.30291139127554334,0.3360333032716495,llama-2-7b,qwen2-7b,1.595266899386678e-06,0.00390625
decoders,quadratic,without_particles,9,0.17918985649175667,0.2137929244808218,8,1,-0.03682985838190966,0.3719735620506126,0.15509189329689968,0.20619232085096495,llama-2-7b,qwen2-7b,0.0031678094350519386,0.01171875
decoders,linear,without_pattern,9,0.3232630891898538,0.3107662558517043,9,0,0.2192333305366497,0.4841842385953696,0.30314794551416424,0.33626680902150424,llama-2-7b,qwen2-7b,1.5942216893943691e-06,0.00390625
decoders,quadratic,without_pattern,9,0.17960025946931235,0.21414603268982868,8,1,-0.03657642066785994,0.3721077057554377,0.15553682868354668,0.2066223444864589,llama-2-7b,qwen2-7b,0.0031263977096933617,0.01171875
decoders,linear,without_political,9,0.323657791630801,0.3114941650769068,9,0,0.2192669591302792,0.4855430654904474,0.3034221323983452,0.3367066456933662,llama-2-7b,qwen2-7b,1.6181600595718956e-06,0.00390625
decoders,quadratic,without_political,9,0.1795606622719401,0.21383354843914748,8,1,-0.03701686400532482,0.37308966155836504,0.15536953736113696,0.2066328530565982,llama-2-7b,qwen2-7b,0.003168038467652265,0.01171875
decoders,linear,without_power,9,0.32315071649807703,0.3105013799108534,9,0,0.2198248983108152,0.48434621488618235,0.30300127919956377,0.3360664437714847,llama-2-7b,qwen2-7b,1.5820400904966762e-06,0.00390625
decoders,quadratic,without_power,9,0.17917255915752367,0.21371084232737103,8,1,-0.03638594123307699,0.37190191379726706,0.15508138982755573,0.20611737170634875,llama-2-7b,qwen2-7b,0.003154305023441132,0.01171875
decoders,linear,without_problem,9,0.3236471381572316,0.3115204302562505,9,0,0.21954507342027618,0.4846421660227412,0.30352275967404296,0.33665989624935105,llama-2-7b,qwen2-7b,1.575439911014813e-06,0.00390625
decoders,quadratic,without_problem,9,0.1795959088472949,0.2145146668698363,8,1,-0.037089190141940356,0.3724189972781295,0.1554930227934406,0.2066815462209493,llama-2-7b,qwen2-7b,0.003163594983146645,0.01171875
decoders,linear,without_products,9,0.32298759471407723,0.3105224128086886,9,0,0.21928785701577122,0.48401721072201437,0.3028588927130851,0.3359500619263655,llama-2-7b,qwen2-7b,1.5944383512600053e-06,0.00390625
decoders,quadratic,without_products,9,0.17942742628800917,0.21361047899424918,8,1,-0.0359624086478347,0.37174745707632756,0.1553874224394694,0.20635115565498968,llama-2-7b,qwen2-7b,0.0030860501378682497,0.01171875
decoders,linear,without_question,9,0.3236903392889757,0.3114082908084382,9,0,0.22021247146881903,0.48480111882518573,0.30355149184694946,0.33662507276649534,llama-2-7b,qwen2-7b,1.5740470022507287e-06,0.00390625
decoders,quadratic,without_question,9,0.17993199999840467,0.21393042250214928,8,1,-0.03611815794846178,0.37286843420571353,0.15581494572249105,0.20693826974176296,llama-2-7b,qwen2-7b,0.003092040627524522,0.01171875
decoders,linear,without_radiation,9,0.32298092323018784,0.31035817070190286,9,0,0.21933787805184968,0.48406769506450753,0.30284507675089783,0.3359363038774801,llama-2-7b,qwen2-7b,1.5953331347077734e-06,0.00390625
decoders,quadratic,without_radiation,9,0.17920320302810006,0.21371291320221003,8,1,-0.036559235178467514,0.371830727862698,0.15512476242377532,0.20617350780392102,llama-2-7b,qwen2-7b,0.0031523341742631748,0.01171875
decoders,linear,without_reached,9,0.32330920260075424,0.31131510624211095,9,0,0.21970657125371418,0.4844362313301357,0.3031683240095816,0.33625953151913424,llama-2-7b,qwen2-7b,1.59117690133618e-06,0.00390625
decoders,quadratic,without_reached,9,0.17974272435726046,0.21454851251077514,8,1,-0.0368792770891707,0.37278726315223343,0.15561215700788883,0.20682047453806435,llama-2-7b,qwen2-7b,0.0031437241509655717,0.01171875
decoders,linear,without_real,9,0.32358763819675895,0.3109969816370142,9,0,0.22025977120860418,0.4850481016855803,0.30340508026065627,0.3365036215702783,llama-2-7b,qwen2-7b,1.5797995765497244e-06,0.00390625
decoders,quadratic,without_real,9,0.17938114495033758,0.21395588851606281,8,1,-0.03642849616490774,0.3723362636568478,0.1552617551120238,0.20635735008974326,llama-2-7b,qwen2-7b,0.0031526700860378533,0.01171875
decoders,linear,without_sales,9,0.32298489105807665,0.31048058141134255,9,0,0.21945671270465889,0.48403606837377505,0.3028534938936143,0.33592591335225386,llama-2-7b,qwen2-7b,1.5942844526367204e-06,0.00390625
decoders,quadratic,without_sales,9,0.17929623991317975,0.21346851177523435,8,1,-0.03608921505867653,0.3717631839934366,0.15523787190314764,0.20621942178466177,llama-2-7b,qwen2-7b,0.0031099457263169964,0.01171875
decoders,linear,without_scientific,9,0.3233447558597847,0.3106764212021764,9,0,0.22022852382243446,0.48474366991868995,0.3031698916024216,0.3362342848644535,llama-2-7b,qwen2-7b,1.585688932258614e-06,0.00390625
decoders,quadratic,without_scientific,9,0.17954539099495992,0.21433822326126162,8,1,-0.03618990137175765,0.37212234067613315,0.15547327228481328,0.20651230254079964,llama-2-7b,qwen2-7b,0.003117646159911505,0.01171875
decoders,linear,without_short,9,0.32348454199495097,0.31134556766792665,9,0,0.22016023532339596,0.48498568883637444,0.30329689863977305,0.33640008032889535,llama-2-7b,qwen2-7b,1.5888734796541241e-06,0.00390625
decoders,quadratic,without_short,9,0.1794847467424857,0.2136734830955301,8,1,-0.03614991018350947,0.3723884984331569,0.1553717777811518,0.20643907885823512,llama-2-7b,qwen2-7b,0.003124628259599461,0.01171875
decoders,linear,without_supply,9,0.32324758565557865,0.310407013147474,9,0,0.21992983022631238,0.4841448623394868,0.3031354260700902,0.33616230508423695,llama-2-7b,qwen2-7b,1.5621395687441174e-06,0.00390625
decoders,quadratic,without_supply,9,0.1792401319895507,0.21393565048012628,8,1,-0.03634368911488457,0.37184831405602814,0.155164109231241,0.20618810962760512,llama-2-7b,qwen2-7b,0.0031383624054404915,0.01171875
decoders,linear,without_sure,9,0.3231909489041716,0.3106348183238266,9,0,0.219470210084075,0.48418406647518947,0.3030668092077944,0.3361560412566837,llama-2-7b,qwen2-7b,1.5799767799232257e-06,0.00390625
decoders,quadratic,without_sure,9,0.17937316542728937,0.21408808820482667,8,1,-0.036576953863470756,0.3720809985260158,0.15528468628994857,0.2063669303386344,llama-2-7b,qwen2-7b,0.003143769635221007,0.01171875
decoders,linear,without_task,9,0.3231385160121707,0.31068216298271,9,0,0.21909834042423001,0.4842112065874048,0.3030044296902664,0.33614353796066326,llama-2-7b,qwen2-7b,1.5972347265234406e-06,0.00390625
decoders,quadratic,without_task,9,0.17941594130507754,0.21419138439991903,8,1,-0.037106270106494824,0.37216315110729037,0.15532254007980095,0.2064812177315241,llama-2-7b,qwen2-7b,0.0031716106275084615,0.01171875
decoders,linear,without_theory,9,0.3232088925517578,0.3105374861742178,9,0,0.21944559136431108,0.48469283237892175,0.3030234000733623,0.3361793052001887,llama-2-7b,qwen2-7b,1.6152879180718756e-06,0.00390625
decoders,quadratic,without_theory,9,0.17926495175356152,0.2136004300359785,8,1,-0.03657293866082491,0.371948612176868,0.15517949420064822,0.20624468805535984,llama-2-7b,qwen2-7b,0.0031415568970662566,0.01171875
decoders,linear,without_thin,9,0.32302544404711164,0.3104990440770297,9,0,0.21944563148159169,0.48410700441322846,0.30289024900134703,0.3359729206178016,llama-2-7b,qwen2-7b,1.592629633241242e-06,0.00390625
decoders,quadratic,without_thin,9,0.17939938825094226,0.21366032675981014,8,1,-0.03624609156689642,0.37194680546018927,0.15533096109978642,0.20635507322817212,llama-2-7b,qwen2-7b,0.0031140698546859137,0.01171875
decoders,linear,without_trade,9,0.3230171370013503,0.3106627281496896,9,0,0.21919537474237633,0.48413154493563626,0.3028778360095645,0.335994857283722,llama-2-7b,qwen2-7b,1.5992939400172364e-06,0.00390625
decoders,quadratic,without_trade,9,0.17934605326459854,0.21371110085079573,8,1,-0.036669877055440926,0.3719863494749893,0.1552660162382997,0.20634804455460348,llama-2-7b,qwen2-7b,0.0031389369618627727,0.01171875
decoders,linear,without_very,9,0.32384976760185885,0.3116511925652902,9,0,0.21999491824110867,0.4849109497609571,0.3037171198319716,0.33683162377195264,llama-2-7b,qwen2-7b,1.569957733270909e-06,0.00390625
decoders,quadratic,without_very,9,0.17968523515821444,0.21435679292315432,8,1,-0.03666553929051154,0.3729059436941593,0.15553264659122135,0.2067290819643052,llama-2-7b,qwen2-7b,0.0031523436255663866,0.01171875
decoders,linear,without_appreciate,9,0.32301993340990004,0.3105411251700315,9,0,0.21923690031225365,0.4840410425325198,0.3028922947695726,0.33599281254710583,llama-2-7b,qwen2-7b,1.5940310026535811e-06,0.00390625
decoders,quadratic,without_appreciate,9,0.17931561261287055,0.21393359694787586,8,1,-0.03670852522699579,0.3717801156176096,0.15525754973727818,0.20631862984285385,llama-2-7b,qwen2-7b,0.0031415768495049296,0.01171875
decoders,linear,without_argument,9,0.32297778330660604,0.3106171306817237,9,0,0.2191165376011447,0.48402257860860387,0.3028471838938563,0.33596043901978867,llama-2-7b,qwen2-7b,1.5990091358862057e-06,0.00390625
decoders,quadratic,without_argument,9,0.1792063757736404,0.21353418123756127,8,1,-0.036886476464496706,0.37172791685394013,0.15514118313860292,0.20621798230340754,llama-2-7b,qwen2-7b,0.003143885403169635,0.01171875
decoders,linear,without_believe,9,0.3232929066820954,0.3107583098027736,9,0,0.21958294748682908,0.4843932694113162,0.3031553613409428,0.3362566515815037,llama-2-7b,qwen2-7b,1.5787156638549705e-06,0.00390625
decoders,quadratic,without_believe,9,0.1793814341563168,0.21406866919587536,8,1,-0.03637381657576213,0.3721990734484344,0.15527922924480214,0.20635084049782668,llama-2-7b,qwen2-7b,0.0031429103731078025,0.01171875
decoders,linear,without_brought,9,0.3235034165023256,0.31165373075242864,9,0,0.22006967935224014,0.4846075250275221,0.3033654029366761,0.33643263364608633,llama-2-7b,qwen2-7b,1.5868135694863485e-06,0.00390625
decoders,quadratic,without_brought,9,0.1796737982092264,0.21404904436980468,8,1,-0.03633514002422374,0.3724256138710443,0.15557982125149916,0.20667491548840766,llama-2-7b,qwen2-7b,0.0031205299003319023,0.01171875
decoders,linear,without_cells,9,0.3229967393917234,0.3102499307674539,9,0,0.21963085793825715,0.48402876165786174,0.3028677366084561,0.3359174745734067,llama-2-7b,qwen2-7b,1.583459516722261e-06,0.00390625
decoders,quadratic,without_cells,9,0.17914357283067275,0.21358982565954016,8,1,-0.03635417536660821,0.37177103265099787,0.15506514035313207,0.20608079135533286,llama-2-7b,qwen2-7b,0.0031463874773902762,0.01171875
decoders,linear,without_children,9,0.3229514060388894,0.3104421515103891,9,0,0.21919002238779323,0.48401429567286613,0.30281854483464227,0.3359215789952764,llama-2-7b,qwen2-7b,1.6002266327442379e-06,0.00390625
decoders,quadratic,without_children,9,0.1791943554837541,0.21353758789239125,8,1,-0.036589396881288136,0.37171372679109305,0.1551294340703367,0.20616732452938435,llama-2-7b,qwen2-7b,0.0031403810693574423,0.01171875
decoders,linear,without_contrast,9,0.32334055308544696,0.3110391226455702,9,0,0.21930588803831966,0.48471951014201387,0.30316818345337615,0.3363448862163379,llama-2-7b,qwen2-7b,1.6121243796191872e-06,0.00390625
decoders,quadratic,without_contrast,9,0.17955873578586484,0.2139770793439644,8,1,-0.03694944316411483,0.372716449383882,0.1554140215861127,0.20662225815461227,llama-2-7b,qwen2-7b,0.0031700236742597133,0.01171875
decoders,linear,without_country,9,0.32316849593664027,0.31046585961656703,9,0,0.2198139308386181,0.48415014095620196,0.3030457903091951,0.3360878165738931,llama-2-7b,qwen2-7b,1.5738481386504019e-06,0.00390625
decoders,quadratic,without_country,9,0.17920336017213379,0.21366978702941247,8,1,-0.03639789008937357,0.37186270958314044,0.155120941495758,0.20615351645482224,llama-2-7b,qwen2-7b,0.0031497724731545432,0.01171875
decoders,linear,without_directly,9,0.32304503559556946,0.3107337917422472,9,0,0.219242709826479,0.4840597723056771,0.302918193506806,0.33602032631670575,llama-2-7b,qwen2-7b,1.5909791808651247e-06,0.00390625
decoders,quadratic,without_directly,9,0.17931436067425233,0.2138218695984499,8,1,-0.03658805976900961,0.3717976178185108,0.15525395353122004,0.20630216322966005,llama-2-7b,qwen2-7b,0.0031446165003351555,0.01171875
decoders,linear,without_downtown,9,0.3234405415427537,0.3106820035502545,9,0,0.22028207981628467,0.4842696348478999,0.30333690487961035,0.3363353492585623,llama-2-7b,qwen2-7b,1.552013126324888e-06,0.00390625
decoders,quadratic,without_downtown,9,0.17947084287101886,0.21406638242652115,8,1,-0.03601600546544593,0.3719133118453596,0.15541553424922627,0.20640669891307695,llama-2-7b,qwen2-7b,0.0031006142339982602,0.01171875
decoders,linear,without_even,9,0.3232755695191176,0.31041880792203924,9,0,0.22028762587913325,0.4840417836509484,0.30317979275263873,0.3361490624741157,llama-2-7b,qwen2-7b,1.5597070559458744e-06,0.00390625
decoders,quadratic,without_even,9,0.17935662467145289,0.21389773615612892,8,1,-0.03608765561060681,0.3717754269240871,0.1553042743898736,0.20628715970671035,llama-2-7b,qwen2-7b,0.003113636780540711,0.01171875
decoders,linear,without_failed,9,0.3233302163212394,0.3112088128518228,9,0,0.2192841931179849,0.4846231048688734,0.30316860525278516,0.3363359692216462,llama-2-7b,qwen2-7b,1.6132104552831449e-06,0.00390625
decoders,quadratic,without_failed,9,0.17985674901756432,0.21421744645833413,8,1,-0.03671172940636289,0.3731423967378233,0.15569604305253198,0.20692780882055523,llama-2-7b,qwen2-7b,0.00314120281121279,0.01171875
decoders,linear,without_female,9,0.32315784567080647,0.31029157727225504,9,0,0.21973469778537344,0.48438192301915917,0.30300483600226236,0.33608573915648554,llama-2-7b,qwen2-7b,1.5946646760715952e-06,0.00390625
decoders,quadratic,without_female,9,0.1793608927086416,0.21392843698773353,8,1,-0.03623716838586688,0.372119341447753,0.15526608661625269,0.20631065034545515,llama-2-7b,qwen2-7b,0.0031308087809039757,0.01171875
decoders,linear,without_function,9,0.3231420652186833,0.3104270091028546,9,0,0.2196093263283913,0.4842635472868666,0.30300187996016037,0.3360836575799698,llama-2-7b,qwen2-7b,1.58706884220005e-06,0.00390625
decoders,quadratic,without_function,9,0.17925147069370942,0.21368955526033923,8,1,-0.03633399458958173,0.3719689482953802,0.1551617859935006,0.2061996538541208,llama-2-7b,qwen2-7b,0.0031326984483394343,0.01171875
decoders,linear,without_future,9,0.3236335242255208,0.31092779808845733,9,0,0.22054604690121707,0.4843568833697253,0.3035431043324952,0.3365194588910587,llama-2-7b,qwen2-7b,1.540188491160745e-06,0.00390625
decoders,quadratic,without_future,9,0.1795932047672374,0.2143069206448062,8,1,-0.03596176153914215,0.3721679327274109,0.1555213637722157,0.2065375755555348,llama-2-7b,qwen2-7b,0.0031006869724101893,0.01171875
decoders,linear,without_generally,9,0.32334941507343573,0.31048694255177095,9,0,0.22026240112085918,0.48411357177833836,0.3032538954853229,0.3362352918175078,llama-2-7b,qwen2-7b,1.5494979938715221e-06,0.00390625
decoders,quadratic,without_generally,9,0.1794349362677155,0.21420964671709394,8,1,-0.036180360120868164,0.37191551380906684,0.15537486407504658,0.20638684831628848,llama-2-7b,qwen2-7b,0.003118460958307929,0.01171875
decoders,linear,without_glass,9,0.32299498853347264,0.3103631950197284,9,0,0.21926966434849204,0.4840571439122792,0.3028622191111219,0.33596065405659525,llama-2-7b,qwen2-7b,1.5967085427308865e-06,0.00390625
decoders,quadratic,without_glass,9,0.17924376218078117,0.21368385144585153,8,1,-0.03665312095740449,0.37183184583343204,0.15517025172419985,0.2062308725730544,llama-2-7b,qwen2-7b,0.0031470457293608935,0.01171875
decoders,linear,without_involved,9,0.3230257076640667,0.31054747333085836,9,0,0.21921793670509337,0.48411589692394996,0.3028894340065813,0.33600167903393835,llama-2-7b,qwen2-7b,1.5973919660380587e-06,0.00390625
decoders,quadratic,without_involved,9,0.1792750388116802,0.21381547767027842,8,1,-0.036685355153943694,0.37195445455759524,0.15519011184344084,0.20627008805738317,llama-2-7b,qwen2-7b,0.0031469187169662813,0.01171875
decoders,linear,without_kept,9,0.3231745562337625,0.31093130490778514,9,0,0.2192129002012301,0.48436192260887306,0.3030261354368737,0.33616976323782904,llama-2-7b,qwen2-7b,1.60927756932124e-06,0.00390625
decoders,quadratic,without_kept,9,0.17951979981827826,0.21405847799048297,8,1,-0.03687259550231134,0.37245969691768605,0.1554023126808523,0.20656884923335195,llama-2-7b,qwen2-7b,0.0031647132242154648,0.01171875
decoders,linear,without_manner,9,0.323149788518155,0.3103258970521916,9,0,0.2193850518925017,0.48428966243192506,0.30300730427893374,0.3361203805963617,llama-2-7b,qwen2-7b,1.5868829092450256e-06,0.00390625
decoders,quadratic,without_manner,9,0.17920798605966895,0.2138176536179546,8,1,-0.0365547753416562,0.37191355428619804,0.1551197900313528,0.2061783312348346,llama-2-7b,qwen2-7b,0.003147821962387404,0.01171875
decoders,linear,without_maturity,9,0.3233568911443628,0.31063386896789175,9,0,0.2199670930451765,0.48465550242198535,0.30319456473465994,0.33628061590676106,llama-2-7b,qwen2-7b,1.5814238505551292e-06,0.00390625
decoders,quadratic,without_maturity,9,0.17948305841339854,0.21378417142698056,8,1,-0.03603886120114432,0.37219796479895556,0.15539369511520396,0.20642329836521642,llama-2-7b,qwen2-7b,0.003108917020694664,0.01171875
decoders,linear,without_mouth,9,0.32304362913622403,0.3105773543546736,9,0,0.2190667279491155,0.48433246480386527,0.3028825246777689,0.33604074178461263,llama-2-7b,qwen2-7b,1.612609600997997e-06,0.00390625
decoders,quadratic,without_mouth,9,0.17936878109756269,0.21376912621371288,8,1,-0.037052855802516334,0.3723452419776692,0.15524672348754937,0.20642148571007257,llama-2-7b,qwen2-7b,0.003167830309094101,0.01171875
decoders,linear,without_music,9,0.3230542941859963,0.310434670386854,9,0,0.21919856979718153,0.48419584526477577,0.30291160030114894,0.33603625973459816,llama-2-7b,qwen2-7b,1.6049108455636195e-06,0.00390625
decoders,quadratic,without_music,9,0.1793813684252603,0.21372258696945803,8,1,-0.03665161081415085,0.3721692673236688,0.15528288106295926,0.20638549083018673,llama-2-7b,qwen2-7b,0.0031526903898060556,0.01171875
decoders,linear,without_operate,9,0.3233236677391355,0.3106938459282411,9,0,0.22010725054921645,0.48446694024867415,0.30318075867544314,0.33622571988787536,llama-2-7b,qwen2-7b,1.5721078473592999e-06,0.00390625
decoders,quadratic,without_operate,9,0.17939937032579106,0.21387520816454503,8,1,-0.036118724659404244,0.37213561055772915,0.15530734029679882,0.20633913219894046,llama-2-7b,qwen2-7b,0.0031190100546022977,0.01171875
decoders,linear,without_pay,9,0.32347979010687716,0.3115344505199026,9,0,0.21998317560523786,0.4845220116290601,0.3033495124166043,0.33641686691958206,llama-2-7b,qwen2-7b,1.5883544653712795e-06,0.00390625
decoders,quadratic,without_pay,9,0.17967041343158693,0.2140197032124232,8,1,-0.036656217980294496,0.37248351943493757,0.15556877518116813,0.20671124235807212,llama-2-7b,qwen2-7b,0.003141531889992204,0.01171875
decoders,linear,without_permit,9,0.32302453201578085,0.31031265217704995,9,0,0.21946265419552693,0.48408387667900893,0.3028921139328774,0.3359697667433126,llama-2-7b,qwen2-7b,1.5867324334115219e-06,0.00390625
decoders,quadratic,without_permit,9,0.17919904448496973,0.2138190185696214,8,1,-0.03653891361565365,0.3718630928768972,0.1551160384359788,0.20616628924754765,llama-2-7b,qwen2-7b,0.003154817204768758,0.01171875
decoders,linear,without_picture,9,0.322992607830432,0.31042590077204335,9,0,0.2194164805063626,0.4840393766904783,0.3028617617229262,0.3359396237459407,llama-2-7b,qwen2-7b,1.5936706016093092e-06,0.00390625
decoders,quadratic,without_picture,9,0.17935016585004804,0.21370435003296442,8,1,-0.036063696096030946,0.3717959468726642,0.155294443222221,0.20627689859330792,llama-2-7b,qwen2-7b,0.0031082270231368213,0.01171875
decoders,linear,without_production,9,0.3230841689649262,0.31033772646972246,9,0,0.21965212442615825,0.484046717212793,0.3029638504339428,0.3360131745322722,llama-2-7b,qwen2-7b,1.5776277335413888e-06,0.00390625
decoders,quadratic,without_production,9,0.179282642354765,0.2137944430266146,8,1,-0.03627955720303465,0.3717841842242423,0.15521994962108032,0.20622791729948997,llama-2-7b,qwen2-7b,0.003123822959911156,0.01171875
decoders,linear,without_purpose,9,0.3236505512756578,0.3111167805618633,9,0,0.2196280768684441,0.4846916226674245,0.3035204173516869,0.3366533605765595,llama-2-7b,qwen2-7b,1.57593234631872e-06,0.00390625
decoders,quadratic,without_purpose,9,0.1795430827740539,0.21448280436733444,8,1,-0.03690249275097336,0.3719112291856142,0.15549706447260886,0.20659877971468232,llama-2-7b,qwen2-7b,0.0031221175550225763,0.01171875
decoders,linear,without_realize,9,0.3230875962652205,0.3104766041064981,9,0,0.21916847265781866,0.4841495629388523,0.30295485043101644,0.3360774867161457,llama-2-7b,qwen2-7b,1.5943589128448336e-06,0.00390625
decoders,quadratic,without_realize,9,0.17926138467514574,0.21376682296227825,8,1,-0.03680738979824064,0.3718420539780809,0.1551888010122789,0.20626998148431908,llama-2-7b,qwen2-7b,0.0031598136710775343,0.01171875
decoders,linear,without_recognize,9,0.32305577265334573,0.3107233979943142,9,0,0.21916223055844686,0.4842057882656772,0.3029120207018043,0.3360424654152081,llama-2-7b,qwen2-7b,1.6086541076869691e-06,0.00390625
decoders,quadratic,without_recognize,9,0.17946224484633946,0.21387179851657726,8,1,-0.03679583998536963,0.37223081058185037,0.15536617412940062,0.2064945054503031,llama-2-7b,qwen2-7b,0.0031488565511939943,0.01171875
decoders,linear,without_said,9,0.3235026926030767,0.31114856453662354,9,0,0.21952245761427902,0.4848567551712435,0.3033334347820559,0.3365002219766764,llama-2-7b,qwen2-7b,1.5919389388922179e-06,0.00390625
decoders,quadratic,without_said,9,0.17943682266253966,0.21417905087447056,8,1,-0.036909038974237876,0.37223483308981176,0.15533707135913066,0.20648005536713684,llama-2-7b,qwen2-7b,0.0031588129436985733,0.01171875
decoders,linear,without_snow,9,0.32298111127286344,0.3106171778662337,9,0,0.21908954437279232,0.484089147615868,0.30284260672998786,0.3359675571353723,llama-2-7b,qwen2-7b,1.60239960079584e-06,0.00390625
decoders,quadratic,without_snow,9,0.17928925673480822,0.21387989981963862,8,1,-0.03695674810925793,0.37190126009421837,0.15521275631488196,0.20632000734031647,llama-2-7b,qwen2-7b,0.0031564739173533815,0.01171875
decoders,linear,without_suggested,9,0.32368353767607083,0.3109099645151348,9,0,0.2204026353871495,0.4848076147379802,0.3035430280433321,0.336593650462186,llama-2-7b,qwen2-7b,1.5713261315378394e-06,0.00390625
decoders,quadratic,without_suggested,9,0.17952577019131066,0.2140042198805103,8,1,-0.03611514876630739,0.3722334665134648,0.1554373081510414,0.20648088506101292,llama-2-7b,qwen2-7b,0.003115285719075295,0.01171875
decoders,linear,without_sun,9,0.32320110066603175,0.31106710807881854,9,0,0.2191369060463483,0.4841498835279027,0.30308250280829785,0.33620912499349215,llama-2-7b,qwen2-7b,1.6032794438169663e-06,0.00390625
decoders,quadratic,without_sun,9,0.17943957206411876,0.2137949623180657,8,1,-0.036931437480902135,0.37203741649211225,0.15536484151061958,0.20648594825724637,llama-2-7b,qwen2-7b,0.003132206022230424,0.01171875
decoders,linear,without_technical,9,0.3230427043692791,0.31057185707955764,9,0,0.21907789463875102,0.4843115288811182,0.30288410130529925,0.3360383055855951,llama-2-7b,qwen2-7b,1.6144545062331768e-06,0.00390625
decoders,quadratic,without_technical,9,0.17943354510108078,0.21367950159027022,8,1,-0.03703896875696952,0.3724479386560019,0.15530674590671564,0.20649260933333707,llama-2-7b,qwen2-7b,0.0031620193139784347,0.01171875
decoders,linear,without_told,9,0.3237861679726192,0.31152152879006584,9,0,0.22005297979347024,0.48508979032325555,0.30362321517878965,0.3367528164950128,llama-2-7b,qwen2-7b,1.5826647189031847e-06,0.00390625
decoders,quadratic,without_told,9,0.17963261256007818,0.21444776084636863,8,1,-0.036933276384865946,0.37259672228768514,0.1555120988441273,0.20670334867819617,llama-2-7b,qwen2-7b,0.003164600030277242,0.01171875
decoders,linear,without_university,9,0.3232490801961317,0.3107475737187661,9,0,0.2199228319362652,0.4840122214690142,0.3031536875370214,0.336164861228615,llama-2-7b,qwen2-7b,1.5652996897255518e-06,0.00390625
decoders,quadratic,without_university,9,0.1794363348363857,0.21393739984583196,8,1,-0.03625319537626838,0.37173796503852324,0.15539863106111854,0.20639752611296747,llama-2-7b,qwen2-7b,0.003098770615114528,0.01171875
decoders,linear,without_west,9,0.32304833414797235,0.3103880554863419,9,0,0.21938823001035898,0.4842848693825117,0.30289376724365497,0.336005847165174,llama-2-7b,qwen2-7b,1.5994011564002833e-06,0.00390625
decoders,quadratic,without_west,9,0.17936690009263856,0.21376388914257885,8,1,-0.036288091412912477,0.37219268241426345,0.15526367730243545,0.20632377403083244,llama-2-7b,qwen2-7b,0.0031306733850791383,0.01171875
decoders,linear,without_accepted,9,0.3236556234531764,0.3109625041647511,9,0,0.22034371212786638,0.4849706918493929,0.3034912399036493,0.3365696123688401,llama-2-7b,qwen2-7b,1.5774171616331504e-06,0.00390625
decoders,quadratic,without_accepted,9,0.17953539481948821,0.21426604063072008,8,1,-0.03612482238483424,0.37239635810684263,0.1554277744085689,0.20649292197002853,llama-2-7b,qwen2-7b,0.0031204622309240143,0.01171875
decoders,linear,without_actually,9,0.3239222117629656,0.31134561601036465,9,0,0.22024070928637185,0.48551835225363854,0.30372269420163145,0.3368823995725398,llama-2-7b,qwen2-7b,1.584418421797646e-06,0.00390625
decoders,quadratic,without_actually,9,0.1796950730643156,0.21460150572573722,8,1,-0.03695339072378948,0.37318740510370446,0.15550853155939204,0.20677613103782874,llama-2-7b,qwen2-7b,0.003176222326285518,0.01171875
decoders,linear,without_added,9,0.3229243128117029,0.3103870056809119,9,0,0.21912160045073117,0.48405276794445035,0.30278325592010946,0.33589965185682436,llama-2-7b,qwen2-7b,1.6031333085888989e-06,0.00390625
decoders,quadratic,without_added,9,0.179122909620316,0.21352094573590724,8,1,-0.036866185369027415,0.37182132748589697,0.15503560738711836,0.2061215464939839,llama-2-7b,qwen2-7b,0.0031640121768114465,0.01171875
decoders,linear,without_aid,9,0.3232504473990279,0.31062322329115205,9,0,0.21973242192378514,0.48417656872740217,0.3031346822329811,0.3361902005834333,llama-2-7b,qwen2-7b,1.5689621525550993e-06,0.00390625
decoders,quadratic,without_aid,9,0.17937276628128557,0.21420217988333404,8,1,-0.0363903096804746,0.37200361738544796,0.15529390989326525,0.20634315077650559,llama-2-7b,qwen2-7b,0.0031366807218782575,0.01171875
decoders,linear,without_announced,9,0.3234705462406398,0.31102996190747817,9,0,0.22011638579144083,0.4848042157861777,0.3033038375474475,0.33638981629678966,llama-2-7b,qwen2-7b,1.5913673241555533e-06,0.00390625
decoders,quadratic,without_announced,9,0.17949875412430388,0.2138451023001128,8,1,-0.036591142653965444,0.37313258610111666,0.1552945251272023,0.20650999122158756,llama-2-7b,qwen2-7b,0.0031664509441640203,0.01171875
decoders,linear,without_areas,9,0.3231771558801488,0.3105181194922286,9,0,0.2197319237039088,0.4843718879928176,0.30302781436606513,0.3361078099021787,llama-2-7b,qwen2-7b,1.583674685451766e-06,0.00390625
decoders,quadratic,without_areas,9,0.17918937932704282,0.21385745102541548,8,1,-0.03653924694252287,0.3719426274169061,0.15509522331580985,0.2061554576107385,llama-2-7b,qwen2-7b,0.003156852211241428,0.01171875
decoders,linear,without_aspects,9,0.3232671937675746,0.31067193455679665,9,0,0.22030628697341834,0.4841704078917325,0.30315429200205485,0.33613730711684414,llama-2-7b,qwen2-7b,1.5549490341965694e-06,0.00390625
decoders,quadratic,without_aspects,9,0.17939049044986854,0.21383005293544582,8,1,-0.03605897392917991,0.37196376411133386,0.15531883124218537,0.20632167349724959,llama-2-7b,qwen2-7b,0.003114368914270292,0.01171875
decoders,linear,without_called,9,0.3231164796245721,0.3102715511069177,9,0,0.21962648445319466,0.48405752747238856,0.30299884864359494,0.33605272902099426,llama-2-7b,qwen2-7b,1.5792583664112479e-06,0.00390625
decoders,quadratic,without_called,9,0.1793489530659627,0.21399390282398606,8,1,-0.03624807057807833,0.37177438298644583,0.1552957743259023,0.20629858102146784,llama-2-7b,qwen2-7b,0.003123601610593391,0.01171875
decoders,linear,without_clearly,9,0.3230692120372109,0.31082448997337014,9,0,0.2193258406338527,0.4841505831943725,0.30293404064256574,0.33603713346263064,llama-2-7b,qwen2-7b,1.5953312858962594e-06,0.00390625
decoders,quadratic,without_clearly,9,0.1793635489012448,0.21389256868504777,8,1,-0.03676849756295299,0.37205965877497205,0.15527653516702888,0.20638005470926954,llama-2-7b,qwen2-7b,0.003139337642690434,0.01171875
decoders,linear,without_cold,9,0.3231400637698817,0.3107073741234173,9,0,0.21941347473881154,0.4842569833762846,0.30300044881908134,0.33610588739876546,llama-2-7b,qwen2-7b,1.5948526020374973e-06,0.00390625
decoders,quadratic,without_cold,9,0.1794804190889383,0.21384777817891357,8,1,-0.036588763730501205,0.37225382615294755,0.15538374320593717,0.20648906694136826,llama-2-7b,qwen2-7b,0.0031322712723964173,0.01171875
decoders,linear,without_completely,9,0.32394748204098556,0.3113467920967655,9,0,0.22019474847755915,0.48543687548588443,0.3037613078603732,0.3369165737364138,llama-2-7b,qwen2-7b,1.5905572059646836e-06,0.00390625
decoders,quadratic,without_completely,9,0.1797283592225225,0.21429265494076544,8,1,-0.03699322964775268,0.37258872942303894,0.15562081294745794,0.20681855783130693,llama-2-7b,qwen2-7b,0.0031424858627861364,0.01171875
decoders,linear,without_continued,9,0.3231690046963856,0.31079721667621696,9,0,0.21919640795682246,0.4846194591677147,0.3029876978874695,0.33616557928883106,llama-2-7b,qwen2-7b,1.6202788666313847e-06,0.00390625
decoders,quadratic,without_continued,9,0.17968349502041703,0.21417639550854625,8,1,-0.03643034321315091,0.3731604599485177,0.15549887440440446,0.20669772479961304,llama-2-7b,qwen2-7b,0.0031466092431720384,0.01171875
decoders,linear,without_corner,9,0.32308004019998426,0.31036097911212607,9,0,0.21955753803810465,0.4843605370111917,0.30291997809858334,0.33602035297021926,llama-2-7b,qwen2-7b,1.5977025952413298e-06,0.00390625
decoders,quadratic,without_corner,9,0.1792510213962464,0.21363468993854104,8,1,-0.036260717285351754,0.37199180576999136,0.15515842334952828,0.20618998873144617,llama-2-7b,qwen2-7b,0.0031378060716876406,0.01171875
decoders,linear,without_culture,9,0.3237527863229237,0.3115069059892945,9,0,0.2201822036257864,0.48527361714831424,0.30356268246974993,0.3366991091600659,llama-2-7b,qwen2-7b,1.6003589213567545e-06,0.00390625
decoders,quadratic,without_culture,9,0.1798626333969783,0.21400828249760145,8,1,-0.03633595579396803,0.3728767461529037,0.15573586930248765,0.2068874570458466,llama-2-7b,qwen2-7b,0.0031148547177802673,0.01171875
decoders,linear,without_demonstrated,9,0.3232082399463161,0.3110172398446181,9,0,0.21911895993377348,0.4842489854966115,0.3030781467525292,0.3362193999478839,llama-2-7b,qwen2-7b,1.6019500637650235e-06,0.00390625
decoders,quadratic,without_demonstrated,9,0.1793368472669757,0.21377607686399996,8,1,-0.03706372709639986,0.371894620954452,0.15526712555604116,0.20638691906239767,llama-2-7b,qwen2-7b,0.0031658848323719234,0.01171875
decoders,linear,without_described,9,0.32356878389861987,0.31111379607342005,9,0,0.2205188747877595,0.48474381552768125,0.3034219049449871,0.33645002253747736,llama-2-7b,qwen2-7b,1.5481886944162226e-06,0.00390625
decoders,quadratic,without_described,9,0.17949205415071312,0.2137921502554776,8,1,-0.036191348123368716,0.3724799150238588,0.1553685715415699,0.20645247943497336,llama-2-7b,qwen2-7b,0.003135301985665832,0.01171875
decoders,linear,without_destroy,9,0.3232199897105011,0.31055522297433596,9,0,0.21917603964158633,0.4846782908810664,0.30303770206418035,0.3362254834691154,llama-2-7b,qwen2-7b,1.6143801755564462e-06,0.00390625
decoders,quadratic,without_destroy,9,0.17928438994994908,0.21375455792582584,8,1,-0.03694384615354808,0.3719548632513778,0.15520058078727045,0.20631291946288619,llama-2-7b,qwen2-7b,0.003161591786247819,0.01171875
decoders,linear,without_direction,9,0.323311582915552,0.3105290316678495,9,0,0.2201793025977072,0.48440844136306904,0.3031744756096124,0.3362031179552827,llama-2-7b,qwen2-7b,1.5665942117752844e-06,0.00390625
decoders,quadratic,without_direction,9,0.17929979408807123,0.21380792678689328,8,1,-0.03619746192949927,0.37210656321494345,0.1551989479472122,0.20623695109026755,llama-2-7b,qwen2-7b,0.003141221501711787,0.01171875
decoders,linear,without_dirt,9,0.3230720647541172,0.31021579179584047,9,0,0.21931214780039715,0.4844213327687592,0.30290340625228696,0.3360420543733322,llama-2-7b,qwen2-7b,1.6094906513381951e-06,0.00390625
decoders,quadratic,without_dirt,9,0.1792786799283662,0.21364928071443479,8,1,-0.03649100814531185,0.37193656197235414,0.1551964446728677,0.20624989093757598,llama-2-7b,qwen2-7b,0.003140460558347282,0.01171875
decoders,linear,without_education,9,0.32305724711207673,0.3102359543605425,9,0,0.21943926035373884,0.4841650996110425,0.302918765549706,0.33600949545686887,llama-2-7b,qwen2-7b,1.5877963838023394e-06,0.00390625
decoders,quadratic,without_education,9,0.17915127530514138,0.21369286311125327,8,1,-0.03655830658849136,0.3718448091741741,0.1550645835715123,0.2061149730418455,llama-2-7b,qwen2-7b,0.0031546992385130647,0.01171875
decoders,linear,without_effort,9,0.323252391442971,0.31092597706950886,9,0,0.22037126695232562,0.484346811794591,0.3031155888990186,0.33611253200430175,llama-2-7b,qwen2-7b,1.574106870558586e-06,0.00390625
decoders,quadratic,without_effort,9,0.1796528975464834,0.21374267570498498,8,1,-0.0360755209740413,0.37270951599290936,0.15552082024068017,0.206618949861549,llama-2-7b,qwen2-7b,0.0031163359144225408,0.01171875
decoders,linear,without_established,9,0.3231182979636446,0.3103510545846217,9,0,0.22002024509670487,0.4841974797790345,0.3029834002367209,0.3360055545720121,llama-2-7b,qwen2-7b,1.5781390608600449e-06,0.00390625
decoders,quadratic,without_established,9,0.17938001337725873,0.2137421931315009,8,1,-0.0361737540997536,0.37217892215844134,0.15528014977961088,0.20632423431188526,llama-2-7b,qwen2-7b,0.003139624563288266,0.01171875
decoders,linear,without_ever,9,0.32313708254785567,0.31074434660510114,9,0,0.21969898994919862,0.4841398222946408,0.30301174007950754,0.33606684412268784,llama-2-7b,qwen2-7b,1.5864510496015738e-06,0.00390625
decoders,quadratic,without_ever,9,0.17929612977778653,0.21379523436110592,8,1,-0.03656730937549056,0.37199156950040285,0.15520919981245948,0.20627905967194618,llama-2-7b,qwen2-7b,0.0031398653295991352,0.01171875
decoders,linear,without_expected,9,0.32324841482188105,0.31030692764724715,9,0,0.2203375626753353,0.4842416611666785,0.3031242590287813,0.3361122713401992,llama-2-7b,qwen2-7b,1.5657469495856643e-06,0.00390625
decoders,quadratic,without_expected,9,0.17925473719547272,0.2135289926862646,8,1,-0.03603517289283611,0.3718046830998252,0.15518599395742863,0.20616597595651132,llama-2-7b,qwen2-7b,0.003112344486532774,0.01171875
decoders,linear,without_face,9,0.3230433564656063,0.3104008119034131,9,0,0.21936062611881763,0.4841308119158312,0.3029074245343282,0.33600369775895483,llama-2-7b,qwen2-7b,1.5898931666507458e-06,0.00390625
decoders,quadratic,without_face,9,0.17920054293473908,0.21390742977909954,8,1,-0.03659976604870699,0.3718849111416218,0.15511499690887878,0.20617558155766985,llama-2-7b,qwen2-7b,0.0031525068495559774,0.01171875
decoders,linear,without_fell,9,0.3232771048984012,0.31108254776198996,9,0,0.21939608828493445,0.4844184648710596,0.3031344349018189,0.33626223197508454,llama-2-7b,qwen2-7b,1.60340580736118e-06,0.00390625
decoders,quadratic,without_fell,9,0.17966255787399796,0.2140829535150815,8,1,-0.03641481446690027,0.37246703630791894,0.15556199806975785,0.20667222941661023,llama-2-7b,qwen2-7b,0.0031200791583241645,0.01171875
decoders,linear,without_fear,9,0.32321748740893946,0.3107396428686671,9,0,0.21934794890345796,0.4841869116339085,0.30309630938081833,0.33620117972212465,llama-2-7b,qwen2-7b,1.5854969154223114e-06,0.00390625
decoders,quadratic,without_fear,9,0.17940906413017046,0.21402009635496935,8,1,-0.03674244098502469,0.3720543472479122,0.15532840374045276,0.20642800226956987,llama-2-7b,qwen2-7b,0.003140569405778086,0.01171875
decoders,linear,without_felt,9,0.323944806038788,0.3113305018818606,9,0,0.2204901447447807,0.48541001655801735,0.30376165472388433,0.33687663870053886,llama-2-7b,qwen2-7b,1.5741824950547984e-06,0.00390625
decoders,quadratic,without_felt,9,0.17938703954836954,0.21363071331576367,8,1,-0.0363868686942848,0.37254500159863996,0.15524229429208575,0.20635877807870134,llama-2-7b,qwen2-7b,0.003140610416137302,0.01171875
decoders,linear,without_finished,9,0.3242300194896941,0.3117994624744096,9,0,0.220150949532521,0.4858305792696422,0.30402994951720064,0.3372399032343408,llama-2-7b,qwen2-7b,1.5919403099434837e-06,0.00390625
decoders,quadratic,without_finished,9,0.17995636556193012,0.2146760886012592,8,1,-0.037114050359498114,0.373412344546289,0.15577436818888526,0.20709016755210866,llama-2-7b,qwen2-7b,0.0031675892203568523,0.01171875
decoders,linear,without_foreign,9,0.3234914777542237,0.3106250661720021,9,0,0.22014821368272422,0.48506641433745534,0.3032946106813198,0.33640938576316115,llama-2-7b,qwen2-7b,1.5818942091645742e-06,0.00390625
decoders,quadratic,without_foreign,9,0.17951163249523902,0.21421674699166096,8,1,-0.036775449700965204,0.3723950262126449,0.1554012082805633,0.20654751776976457,llama-2-7b,qwen2-7b,0.0031472018768269414,0.01171875
decoders,linear,without_girl,9,0.32333871992198027,0.3112820945062335,9,0,0.21920846228513588,0.4845181773339037,0.30319128774548987,0.3363550021265858,llama-2-7b,qwen2-7b,1.60156440964692e-06,0.00390625
decoders,quadratic,without_girl,9,0.17968711310707167,0.21426419321841395,8,1,-0.036698789677895007,0.372651240234463,0.15556659721614774,0.2067353509551925,llama-2-7b,qwen2-7b,0.003143046343458528,0.01171875
decoders,linear,without_good,9,0.3233656864663968,0.31069525828509703,9,0,0.2202660381702519,0.48424186662629104,0.3032561639464101,0.336253142503415,llama-2-7b,qwen2-7b,1.5574840012491336e-06,0.00390625
decoders,quadratic,without_good,9,0.179441054823461,0.2140631227326199,8,1,-0.03599864964838912,0.3719439387142797,0.15537819433710867,0.20637101788244228,llama-2-7b,qwen2-7b,0.0031081559741887683,0.01171875
decoders,linear,without_hall,9,0.32306206674959786,0.31036511555601143,9,0,0.21942484302018117,0.4840734930404633,0.3029356384632397,0.33601671971577496,llama-2-7b,qwen2-7b,1.5942587685122418e-06,0.00390625
decoders,quadratic,without_hall,9,0.17919254156042683,0.2135931910503936,8,1,-0.036598649058036184,0.37184155172769184,0.1551114152895187,0.20616644038773468,llama-2-7b,qwen2-7b,0.0031480447594743285,0.01171875
decoders,linear,without_hero,9,0.3231423391831524,0.3104743630260897,9,0,0.21976336542372144,0.48439075012640453,0.30298628781524584,0.3360647109030812,llama-2-7b,qwen2-7b,1.589159609607148e-06,0.00390625
decoders,quadratic,without_hero,9,0.17940318064793312,0.2137005505719164,8,1,-0.036070660442976646,0.37202504963546157,0.15532544702449208,0.20633741078429685,llama-2-7b,qwen2-7b,0.0031078772842625035,0.01171875
decoders,linear,without_held,9,0.32308890049040095,0.31082094372359853,9,0,0.21924463923384688,0.48417175213138236,0.3029535440352783,0.3360694331474702,llama-2-7b,qwen2-7b,1.6015171540971102e-06,0.00390625
decoders,quadratic,without_held,9,0.17941263267701232,0.21392311125039104,8,1,-0.03675278788939275,0.3721179493295187,0.155324468095449,0.20643331024781295,llama-2-7b,qwen2-7b,0.0031577793822060536,0.01171875
decoders,linear,without_influence,9,0.32369819428558366,0.3110431806647213,9,0,0.22036694227365974,0.4849179651249774,0.3035457229306595,0.33661460078707417,llama-2-7b,qwen2-7b,1.5741543753109717e-06,0.00390625
decoders,quadratic,without_influence,9,0.1795401520568119,0.2142479367042191,8,1,-0.036291740795803794,0.3725664275279461,0.15541186762292009,0.20651913866338883,llama-2-7b,qwen2-7b,0.0031343858337810194,0.01171875
decoders,linear,without_inside,9,0.32298480155608494,0.31034992694458574,9,0,0.21915864801608975,0.4841023584990361,0.30284510693821604,0.33596307074858434,llama-2-7b,qwen2-7b,1.6047950033032071e-06,0.00390625
decoders,quadratic,without_inside,9,0.1793478775694266,0.2138962293500821,8,1,-0.036612284719129806,0.37193455608431597,0.15527454275506541,0.20634289785549614,llama-2-7b,qwen2-7b,0.00313910258134648,0.01171875
decoders,linear,without_introduced,9,0.3232113165867435,0.3108642178432987,9,0,0.21973292789644341,0.48421879862668665,0.30308538133175067,0.33614611517303106,llama-2-7b,qwen2-7b,1.5869157888215759e-06,0.00390625
decoders,quadratic,without_introduced,9,0.17952002457084257,0.21391097663266123,8,1,-0.03629200561853661,0.37220023009554587,0.1554349988802546,0.20649652834451493,llama-2-7b,qwen2-7b,0.003110405438548767,0.01171875
decoders,linear,without_know,9,0.32318679721435495,0.3106437459618231,9,0,0.21906189464359835,0.484675782328749,0.30300067407505565,0.33620241003569945,llama-2-7b,qwen2-7b,1.6191264338961646e-06,0.00390625
decoders,quadratic,without_know,9,0.17948385058496566,0.21369228015238223,8,1,-0.037057527007372,0.3725775539339866,0.15534713766633804,0.20655152278400787,llama-2-7b,qwen2-7b,0.003166735827327668,0.01171875
decoders,linear,without_last,9,0.3235396710395869,0.31072505199315087,9,0,0.2202327944578683,0.48476962947334284,0.3033859262353674,0.3364530306123017,llama-2-7b,qwen2-7b,1.5711515226775268e-06,0.00390625
decoders,quadratic,without_last,9,0.17940893873955854,0.21414710664848485,8,1,-0.03634835675613483,0.37221663507891867,0.15530797669713853,0.20637860067652022,llama-2-7b,qwen2-7b,0.00314011677807674,0.01171875
decoders,linear,without_learned,9,0.32320466379405016,0.31102017363608153,9,0,0.21965968026806754,0.4842439229664535,0.3030747563974997,0.33614778673479795,llama-2-7b,qwen2-7b,1.5874098335795118e-06,0.00390625
decoders,quadratic,without_learned,9,0.1796142070365172,0.21406965194174596,8,1,-0.03662136172720457,0.3723578024584604,0.15552125760877428,0.2066436531319824,llama-2-7b,qwen2-7b,0.0031384663937786598,0.01171875
decoders,linear,without_lay,9,0.32325712776047444,0.31120278730830747,9,0,0.21918650292894212,0.4842399290608364,0.3031342775979292,0.336265955864416,llama-2-7b,qwen2-7b,1.5929249759632112e-06,0.00390625
decoders,quadratic,without_lay,9,0.17938464144567237,0.2139529966325196,8,1,-0.037150905664101785,0.37212097674370453,0.15529259953341837,0.20645158483439413,llama-2-7b,qwen2-7b,0.0031760113253140733,0.01171875
decoders,linear,without_light,9,0.3230136876991461,0.31039487607865285,9,0,0.21951472900910352,0.48416804396468693,0.3028693931659535,0.33595105753540144,llama-2-7b,qwen2-7b,1.5916484893288885e-06,0.00390625
decoders,quadratic,without_light,9,0.17918099058790488,0.2136518908182238,8,1,-0.03646277622016285,0.37183226360965965,0.15509958146018551,0.20613646143891334,llama-2-7b,qwen2-7b,0.0031482631568844795,0.01171875
decoders,linear,without_line,9,0.3231162098449858,0.31045950201251854,9,0,0.21938334908862078,0.48421660668435246,0.3029786602400649,0.3360828174395314,llama-2-7b,qwen2-7b,1.591386209705322e-06,0.00390625
decoders,quadratic,without_line,9,0.17936628707453445,0.21385259471888038,8,1,-0.03628719625083692,0.3720411792036972,0.15528192555838913,0.2063229724902059,llama-2-7b,qwen2-7b,0.0031211391504063777,0.01171875
decoders,linear,without_mass,9,0.3231120987860652,0.3102897050400594,9,0,0.21982159397009138,0.4841805426910227,0.3029785432979455,0.33602341188806195,llama-2-7b,qwen2-7b,1.5821050988081238e-06,0.00390625
decoders,quadratic,without_mass,9,0.17929167619959266,0.21373832411053587,8,1,-0.03613282212126163,0.371882186279647,0.15521786243958588,0.20621973848969946,llama-2-7b,qwen2-7b,0.003123173853655443,0.01171875
decoders,linear,without_memory,9,0.3230058462778225,0.3105833815870037,9,0,0.21935078285812107,0.4840290207134934,0.3028779494733636,0.33596272920528514,llama-2-7b,qwen2-7b,1.591995869024428e-06,0.00390625
decoders,quadratic,without_memory,9,0.17926419337509344,0.2136647564556102,8,1,-0.036570691862803366,0.37176771798598907,0.15520125279873145,0.20624355402983052,llama-2-7b,qwen2-7b,0.0031386046953103632,0.01171875
decoders,linear,without_north,9,0.32329033928480655,0.31042706895484984,9,0,0.21936633706074457,0.48458955313149643,0.3031279375539703,0.3362808395628143,llama-2-7b,qwen2-7b,1.587029988490993e-06,0.00390625
decoders,quadratic,without_north,9,0.179413800665825,0.21409461457436613,8,1,-0.03644066525519617,0.3723334924650021,0.15529883919092785,0.20639560890595265,llama-2-7b,qwen2-7b,0.003138057422476025,0.01171875
decoders,linear,without_noted,9,0.32304588725878636,0.31073947375070216,9,0,0.21905644286277773,0.4843112263418709,0.3028877198734008,0.33604456780828745,llama-2-7b,qwen2-7b,1.6093647488666943e-06,0.00390625
decoders,quadratic,without_noted,9,0.17936868412163318,0.21407073736844787,8,1,-0.03710671889749233,0.37239773717439506,0.15524005249003794,0.20642810949902385,llama-2-7b,qwen2-7b,0.00317353113914124,0.01171875
decoders,linear,without_noticed,9,0.32361045982762254,0.31130849013135026,9,0,0.2192820126239913,0.48501731811795196,0.30343460254133137,0.33665151572807644,llama-2-7b,qwen2-7b,1.6044658952943845e-06,0.00390625
decoders,quadratic,without_noticed,9,0.17980900786396162,0.21440753199643048,8,1,-0.03701660010130211,0.3729379831016954,0.15566788595924488,0.20691220885961958,llama-2-7b,qwen2-7b,0.003154934932415683,0.01171875
decoders,linear,without_observed,9,0.3230521710785968,0.31028066086041095,9,0,0.21962250682889523,0.48406535785127774,0.3029255227320117,0.33598087910980945,llama-2-7b,qwen2-7b,1.5801053921578058e-06,0.00390625
decoders,quadratic,without_observed,9,0.17926257968769266,0.21385660292560657,8,1,-0.03627471999316334,0.3718382893334519,0.15519061598197276,0.20620474214779966,llama-2-7b,qwen2-7b,0.0031349240464657556,0.01171875
decoders,linear,without_paused,9,0.3239512990278995,0.3114553864309555,9,0,0.21998548989607158,0.4857245960857615,0.30372963689566673,0.33694702516937797,llama-2-7b,qwen2-7b,1.5926897512149835e-06,0.00390625
decoders,quadratic,without_paused,9,0.17972813061275708,0.21435683688522475,8,1,-0.03658307016697476,0.3732168059876862,0.15554204619089093,0.20676703071022356,llama-2-7b,qwen2-7b,0.0031535065992068004,0.01171875
decoders,linear,without_piece,9,0.3239020908501866,0.31140058396337633,9,0,0.22055178176881154,0.48568406918797885,0.30367934355796256,0.3368208794853585,llama-2-7b,qwen2-7b,1.603662343797709e-06,0.00390625
decoders,quadratic,without_piece,9,0.1796632020550431,0.21380865985982175,8,1,-0.036154836599959723,0.3730570205908076,0.15548897473807255,0.20664045688691846,llama-2-7b,qwen2-7b,0.0031353900357400217,0.01171875
decoders,linear,without_plane,9,0.32300285928590916,0.31028045528408893,9,0,0.21950973672860347,0.48405657414377284,0.3028711449286762,0.33593949960557234,llama-2-7b,qwen2-7b,1.5886882724152746e-06,0.00390625
decoders,quadratic,without_plane,9,0.17921259730736805,0.21359489116964797,8,1,-0.03635456497209271,0.3718052151336514,0.15513852007908263,0.20615849259230065,llama-2-7b,qwen2-7b,0.0031331857625262974,0.01171875
decoders,linear,without_position,9,0.3230024878266888,0.31028382162697876,9,0,0.219635264097807,0.4840576706530564,0.30287058997339283,0.33592339079279904,llama-2-7b,qwen2-7b,1.5833289124475997e-06,0.00390625
decoders,quadratic,without_position,9,0.17928758130401404,0.21364483026973927,8,1,-0.03599459493933977,0.37180495145550624,0.1552229100350775,0.20619785333443325,llama-2-7b,qwen2-7b,0.003106773476320968,0.01171875
decoders,linear,without_prepared,9,0.3231047346782988,0.31098679637743054,9,0,0.2192224332181094,0.48426482980315017,0.30295972278769245,0.3360900223608225,llama-2-7b,qwen2-7b,1.6007348213171177e-06,0.00390625
decoders,quadratic,without_prepared,9,0.17950976890583276,0.2138805074793365,8,1,-0.03681281643194355,0.37236656646786787,0.15540266921057838,0.2065500920730548,llama-2-7b,qwen2-7b,0.0031386343555299514,0.01171875
decoders,linear,without_professional,9,0.32311523577701534,0.3102840705178368,9,0,0.21995918473168824,0.484080467811011,0.30299458177276595,0.33600974215768126,llama-2-7b,qwen2-7b,1.5801102495601725e-06,0.00390625
decoders,quadratic,without_professional,9,0.17936649010081349,0.21362458938266152,8,1,-0.03607587110934098,0.37188091088701364,0.15530218750253844,0.20629678525208278,llama-2-7b,qwen2-7b,0.003113905467628685,0.01171875
decoders,linear,without_published,9,0.32359970881772504,0.31095233194915645,9,0,0.2201640771981856,0.4846215564273759,0.3034719778665187,0.3365291627701675,llama-2-7b,qwen2-7b,1.5558723244985297e-06,0.00390625
decoders,quadratic,without_published,9,0.17956412415197776,0.21438010617149597,8,1,-0.0365714616510346,0.37259316807042453,0.15543549366217188,0.20658107237735426,llama-2-7b,qwen2-7b,0.0031459280583240995,0.01171875
decoders,linear,without_raised,9,0.3232197336442034,0.31065412128482683,9,0,0.21985924184963687,0.48411335439582975,0.3031080310502502,0.33613979511852426,llama-2-7b,qwen2-7b,1.5654998968257228e-06,0.00390625
decoders,quadratic,without_raised,9,0.17940339788890844,0.21402785225911436,8,1,-0.03621769362524,0.37185449622407907,0.1553470105970121,0.20635603432817698,llama-2-7b,qwen2-7b,0.003112478264677714,0.01171875
decoders,linear,without_received,9,0.323807069368477,0.3110153252814024,9,0,0.22056351341710745,0.4851120728156621,0.3036439439375789,0.3367125138623982,llama-2-7b,qwen2-7b,1.5743888970317826e-06,0.00390625
decoders,quadratic,without_received,9,0.17957392101046254,0.21409707695761634,8,1,-0.03607245206054414,0.37257160382692806,0.1554492106584044,0.20652971764433842,llama-2-7b,qwen2-7b,0.003118597015462498,0.01171875
decoders,linear,without_religion,9,0.32366384677870497,0.31091313675678295,9,0,0.22048132215197616,0.4854548878816996,0.3034399666408306,0.336561662357046,llama-2-7b,qwen2-7b,1.607498210312171e-06,0.00390625
decoders,quadratic,without_religion,9,0.17954500687255415,0.21388881876896856,8,1,-0.03616640304834498,0.37273301264239966,0.15539650615132347,0.20650893311266655,llama-2-7b,qwen2-7b,0.0031341862166629577,0.01171875
decoders,linear,without_result,9,0.3233409674313481,0.3109092308358439,9,0,0.2196039728967219,0.48432992844679096,0.30321734730441774,0.33630809174817633,llama-2-7b,qwen2-7b,1.5741311338422233e-06,0.00390625
decoders,quadratic,without_result,9,0.17938183707102315,0.21401078115298355,8,1,-0.03661413164917513,0.3720574514766532,0.15529738527031942,0.20638133316104795,llama-2-7b,qwen2-7b,0.003140549327291874,0.01171875
decoders,linear,without_room,9,0.3230347643024965,0.31056481922036716,9,0,0.21938963238027195,0.4840479451499682,0.3029081166965626,0.3359904057927746,llama-2-7b,qwen2-7b,1.5946680589823006e-06,0.00390625
decoders,quadratic,without_room,9,0.17925054770325213,0.21377865905478527,8,1,-0.03681233991209369,0.37180833814809083,0.1551808238976473,0.20625840865517037,llama-2-7b,qwen2-7b,0.003143758307599221,0.01171875
decoders,linear,without_scale,9,0.32300850119248625,0.31025658337519846,9,0,0.21959001707524922,0.4840572753778012,0.3028774044193219,0.33593581170714093,llama-2-7b,qwen2-7b,1.5849622532531155e-06,0.00390625
decoders,quadratic,without_scale,9,0.17920385797507044,0.21368380297707276,8,1,-0.036271401947037735,0.37179599708245964,0.1551298405866468,0.20613826546533395,llama-2-7b,qwen2-7b,0.003134310355696754,0.01171875
decoders,linear,without_secretary,9,0.32334659231747553,0.3106267708301895,9,0,0.2198269154689207,0.4848822230002121,0.3031546384821334,0.33628655192354484,llama-2-7b,qwen2-7b,1.5990418997164094e-06,0.00390625
decoders,quadratic,without_secretary,9,0.17953024812472304,0.21410191074590998,8,1,-0.0363053553133561,0.37248534563608837,0.1554108609358024,0.20650969855448292,llama-2-7b,qwen2-7b,0.003136676647895029,0.01171875
decoders,linear,without_seek,9,0.3232646352579316,0.31086561205321595,9,0,0.2199250335718494,0.484323899592757,0.3031322272160784,0.3361820854686919,llama-2-7b,qwen2-7b,1.5800908773283167e-06,0.00390625
decoders,quadratic,without_seek,9,0.1795916947449901,0.2141679665437849,8,1,-0.036447439936474396,0.3724538695525182,0.15548392289404905,0.20659658658017313,llama-2-7b,qwen2-7b,0.0031285692481680637,0.01171875
decoders,linear,without_shot,9,0.3232046210912103,0.3105368536581554,9,0,0.21996665623261932,0.48423967847579696,0.3030752389181369,0.3361093666985341,llama-2-7b,qwen2-7b,1.5813823038104643e-06,0.00390625
decoders,quadratic,without_shot,9,0.17934705922586425,0.213705858397329,8,1,-0.0361152993657222,0.37199646499737804,0.15526588350442502,0.20627985404981253,llama-2-7b,qwen2-7b,0.003125984255619704,0.01171875
decoders,linear,without_simply,9,0.32317635300883807,0.31094222756081896,9,0,0.2191267339822982,0.4840971050461592,0.3030612590041729,0.3361825553871556,llama-2-7b,qwen2-7b,1.5828391825568595e-06,0.00390625
decoders,quadratic,without_simply,9,0.17942455585879122,0.21425355064443352,8,1,-0.03698005907825999,0.37187084156021766,0.1553687701461129,0.20647513272592263,llama-2-7b,qwen2-7b,0.0031501543425040985,0.01171875
decoders,linear,without_sat,9,0.3233044817762514,0.31052144766676215,9,0,0.21922864288339755,0.4845214608457753,0.3031523593925609,0.33631396163785815,llama-2-7b,qwen2-7b,1.604940401134518e-06,0.00390625
decoders,quadratic,without_sat,9,0.1795129977696375,0.21402802380163655,8,1,-0.037023746483669254,0.3722573412108266,0.1554199548394889,0.20658009080130085,llama-2-7b,qwen2-7b,0.0031572371128752038,0.01171875
decoders,linear,without_soil,9,0.32309776633406373,0.31044083064530076,9,0,0.21949291766085527,0.4842701226110917,0.30295122179943523,0.3360483724182148,llama-2-7b,qwen2-7b,1.5922614847259805e-06,0.00390625
decoders,quadratic,without_soil,9,0.1793181344293657,0.21387699613746172,8,1,-0.03651762935738344,0.3721250310845222,0.15521727234747115,0.20629760490270935,llama-2-7b,qwen2-7b,0.0031489063208844886,0.01171875
decoders,linear,without_staining,9,0.3234834304818715,0.3104723236913905,9,0,0.21986941822040498,0.4846867281363758,0.30333301827505854,0.33643518201455486,llama-2-7b,qwen2-7b,1.6030710846119073e-06,0.00390625
decoders,quadratic,without_staining,9,0.17950332233924235,0.21379536745771238,8,1,-0.037120723639421115,0.3726595106849976,0.15535879879602296,0.2065813280865753,llama-2-7b,qwen2-7b,0.0031696026119410587,0.01171875
decoders,linear,without_started,9,0.323159979455964,0.31070783571081073,9,0,0.2202898123754233,0.4841716280063784,0.30303352338716216,0.33601875034103157,llama-2-7b,qwen2-7b,1.5721778843819974e-06,0.00390625
decoders,quadratic,without_started,9,0.17937389282817656,0.21380163952400502,8,1,-0.03610471566235331,0.3721033021400364,0.15528271666419408,0.2063087188894928,llama-2-7b,qwen2-7b,0.0031332754535827807,0.01171875
decoders,linear,without_stay,9,0.32298141087814897,0.31081014649987776,9,0,0.21907799905590797,0.48410011145144166,0.30284157330648737,0.33596933735592904,llama-2-7b,qwen2-7b,1.6056797821484343e-06,0.00390625
decoders,quadratic,without_stay,9,0.17925655620731432,0.2135702670206949,8,1,-0.037004034862185266,0.3719234843315412,0.15517319019178596,0.20628913009100175,llama-2-7b,qwen2-7b,0.0031612062485409076,0.01171875
decoders,linear,without_struck,9,0.3230568428415786,0.31053636300788,9,0,0.21933043713259187,0.48416492957533125,0.30291833199985946,0.33602264355520195,llama-2-7b,qwen2-7b,1.598906471545152e-06,0.00390625
decoders,quadratic,without_struck,9,0.1795507525272633,0.21405267783051532,8,1,-0.03615982853721018,0.37209531601205964,0.15548268209166377,0.20651457516032248,llama-2-7b,qwen2-7b,0.003105065887168498,0.01171875
decoders,linear,without_things,9,0.32325973615026515,0.31076614928110846,9,0,0.219567257879248,0.4843826899935083,0.30311936691985975,0.33622129593414224,llama-2-7b,qwen2-7b,1.5891668518354797e-06,0.00390625
decoders,quadratic,without_things,9,0.1794122471923646,0.21403747641203286,8,1,-0.036681865480898274,0.372225953619068,0.1553105338890267,0.20642401127652246,llama-2-7b,qwen2-7b,0.003145259775916179,0.01171875
decoders,linear,without_tomorrow,9,0.32339067027183943,0.3109191799089791,9,0,0.21914959468858897,0.4854633770902083,0.30313158191954326,0.3364208047197457,llama-2-7b,qwen2-7b,1.661163048204221e-06,0.00390625
decoders,quadratic,without_tomorrow,9,0.17967774980218743,0.21394002891162908,8,1,-0.037084246753315,0.3733225477353971,0.15547215006053625,0.20677299937162524,llama-2-7b,qwen2-7b,0.00317534837977356,0.01171875
decoders,linear,without_volume,9,0.3230292249475788,0.31042102260986143,9,0,0.21922032922530282,0.484103763502005,0.30289490762827553,0.3360053369128633,llama-2-7b,qwen2-7b,1.5974687281308226e-06,0.00390625
decoders,quadratic,without_volume,9,0.1792739776817488,0.21370068301350062,8,1,-0.03671749571378261,0.37187768143281785,0.15519851471286517,0.2062729118561902,llama-2-7b,qwen2-7b,0.003148604660258703,0.01171875
decoders,linear,without_win,9,0.323295711678127,0.31122715393277794,9,0,0.21966291452953682,0.48441475975671733,0.3031558306683032,0.33624981132170073,llama-2-7b,qwen2-7b,1.5935921668486449e-06,0.00390625
decoders,quadratic,without_win,9,0.17960665534450884,0.213991012543377,8,1,-0.03654587085257912,0.3724445003442299,0.15550192471954372,0.20662572111914485,llama-2-7b,qwen2-7b,0.003132380645683834,0.01171875
decoders,linear,without_wish,9,0.32323061703814093,0.310907952697897,9,0,0.21919911227933686,0.4846157067704585,0.3030574808216012,0.3362345551329914,llama-2-7b,qwen2-7b,1.6071314967701797e-06,0.00390625
decoders,quadratic,without_wish,9,0.17939781154906706,0.21380140527985983,8,1,-0.037162709344848915,0.37268877258456234,0.15523644141963014,0.20646787666080657,llama-2-7b,qwen2-7b,0.003180864779118849,0.01171875
decoders,linear,without_wondered,9,0.3233026502930348,0.31039822454586763,9,0,0.2195161386056805,0.48432792058199414,0.3031744915069149,0.3362759642539541,llama-2-7b,qwen2-7b,1.594087559007511e-06,0.00390625
decoders,quadratic,without_wondered,9,0.17923065882824651,0.21369382886423474,8,1,-0.03658610702486483,0.37170764148751745,0.15517103599583768,0.20620775455988544,llama-2-7b,qwen2-7b,0.003127393206952219,0.01171875
decoders,linear,without_wrong,9,0.3229280476539849,0.31041115876711134,9,0,0.2191933347278994,0.4839847813101258,0.3027959559469673,0.33589488676974566,llama-2-7b,qwen2-7b,1.6013084657657048e-06,0.00390625
decoders,quadratic,without_wrong,9,0.1791861767657279,0.21343557614555655,8,1,-0.036681753985846895,0.3716855295421005,0.1551237576686813,0.20616966810967474,llama-2-7b,qwen2-7b,0.0031395096288061586,0.01171875
decoders,linear,without_above,9,0.32296109539161977,0.3102232337505789,9,0,0.21935242906753968,0.48402494576402444,0.30282811409506916,0.33591217868212975,llama-2-7b,qwen2-7b,1.5946390686135993e-06,0.00390625
decoders,quadratic,without_above,9,0.17918294924587325,0.2136001737861484,8,1,-0.036347233126397545,0.3717655926713458,0.15511011881768916,0.2061242220424071,llama-2-7b,qwen2-7b,0.0031366259780077994,0.01171875
decoders,linear,without_appeal,9,0.32297165022243984,0.31039927587466803,9,0,0.21936634028807775,0.48404006744958344,0.30283809806904693,0.3359223139642351,llama-2-7b,qwen2-7b,1.5958652601469708e-06,0.00390625
decoders,quadratic,without_appeal,9,0.17924556279160772,0.21368885280673688,8,1,-0.036275432784674384,0.3717954529047676,0.15517682652746273,0.20618568723864297,llama-2-7b,qwen2-7b,0.003133884732322651,0.01171875
decoders,linear,without_appeared,9,0.32364621682068123,0.3113181686358634,9,0,0.22051503971166866,0.484927386689057,0.30348607058713417,0.33653761395930776,llama-2-7b,qwen2-7b,1.5802054583587327e-06,0.00390625
decoders,quadratic,without_appeared,9,0.17962534133797703,0.2141012145034076,8,1,-0.03607404796121142,0.3726361158444505,0.1554989945246679,0.20658776500037562,llama-2-7b,qwen2-7b,0.0031179036974652505,0.01171875
decoders,linear,without_around,9,0.32318613234076654,0.3104041785077201,9,0,0.219537201573894,0.4842217448550149,0.3030566807764855,0.33614224868662557,llama-2-7b,qwen2-7b,1.5804254938642599e-06,0.00390625
decoders,quadratic,without_around,9,0.179227849916406,0.21381577605448693,8,1,-0.03662131190684413,0.3720000026954235,0.1551313308190288,0.20620899514431226,llama-2-7b,qwen2-7b,0.0031521977001510533,0.01171875
decoders,linear,without_assigned,9,0.32323874894197435,0.31040273657488954,9,0,0.22016653655216578,0.48430425807313976,0.30310556030057867,0.33612277549070047,llama-2-7b,qwen2-7b,1.5736444872755125e-06,0.00390625
decoders,quadratic,without_assigned,9,0.17924829548219862,0.2136721506478644,8,1,-0.03630358494192528,0.37197799751861765,0.15515708272764622,0.2061922805352141,llama-2-7b,qwen2-7b,0.003136479072643678,0.01171875
decoders,linear,without_attention,9,0.3235449498737043,0.3113937395227031,9,0,0.21953179632692393,0.4846153193403165,0.30341115369037774,0.33654659406705184,llama-2-7b,qwen2-7b,1.5913070257627562e-06,0.00390625
decoders,quadratic,without_attention,9,0.179766610634417,0.21432683143392234,8,1,-0.03677969607217542,0.3728388308666855,0.15563258310538342,0.20683489897274104,llama-2-7b,qwen2-7b,0.003149608576602195,0.01171875
decoders,linear,without_beginning,9,0.32295569012473435,0.3103464196531291,9,0,0.21923505380558875,0.48418328814671646,0.30280224037198655,0.3359207696646276,llama-2-7b,qwen2-7b,1.6038580420741769e-06,0.00390625
decoders,quadratic,without_beginning,9,0.17908765884942576,0.21354294481428357,8,1,-0.03679619785918651,0.3717527048944965,0.1550045280937919,0.20607314093800227,llama-2-7b,qwen2-7b,0.003161847801389027,0.01171875
decoders,linear,without_blame,9,0.32403772563061606,0.31170911184235744,9,0,0.21987655094049716,0.48581340166159026,0.30381576612674427,0.3370578724668809,llama-2-7b,qwen2-7b,1.612071209375422e-06,0.00390625
decoders,quadratic,without_blame,9,0.17980443247216368,0.2143761260840382,8,1,-0.037034951235148925,0.3733588489580334,0.15561013041142996,0.20690935543557779,llama-2-7b,qwen2-7b,0.0031656519423691786,0.01171875
decoders,linear,without_box,9,0.3229445021565641,0.310325339386891,9,0,0.21922315752369706,0.4840219852183273,0.30280981677384367,0.3359096702356724,llama-2-7b,qwen2-7b,1.5975322459095896e-06,0.00390625
decoders,quadratic,without_box,9,0.17915547975460192,0.2135469490970824,8,1,-0.03659259568364971,0.3717578006322673,0.15508018964489373,0.2061239891843834,llama-2-7b,qwen2-7b,0.003151878122634916,0.01171875
decoders,linear,without_boy,9,0.3231530034745718,0.3101962264625451,9,0,0.21978901454891336,0.484636662911518,0.30296754604495346,0.3360735020902791,llama-2-7b,qwen2-7b,1.5930660389166712e-06,0.00390625
decoders,quadratic,without_boy,9,0.1791905189320433,0.2135236441555672,8,1,-0.036257047925519384,0.37205567912161025,0.15508237390834745,0.20612146478923865,llama-2-7b,qwen2-7b,0.003138847765147526,0.01171875
decoders,linear,without_briefly,9,0.32298383091311406,0.3104526373945872,9,0,0.21942193240974833,0.48407468466533343,0.3028474741940866,0.33592906822603474,llama-2-7b,qwen2-7b,1.5929480257044988e-06,0.00390625
decoders,quadratic,without_briefly,9,0.1792356694432144,0.2136148196881309,8,1,-0.03635685839445643,0.37183332369451527,0.1551609626618018,0.20618473542292326,llama-2-7b,qwen2-7b,0.003134279954543369,0.01171875
decoders,linear,without_carried,9,0.3231554403289385,0.3107940478153221,9,0,0.21908552707422704,0.4845406536475643,0.30298228866411026,0.3361641794857774,llama-2-7b,qwen2-7b,1.6192198009423501e-06,0.00390625
decoders,quadratic,without_carried,9,0.17952531680463044,0.21410036576322625,8,1,-0.03703303215147037,0.3727783755560445,0.15536868446070368,0.20659511042414302,llama-2-7b,qwen2-7b,0.003171925052999345,0.01171875
decoders,linear,without_changed,9,0.3232560382607279,0.3107480098041089,9,0,0.21937646096598928,0.4843650197491826,0.30311741557467103,0.3362409854225702,llama-2-7b,qwen2-7b,1.5867906802514937e-06,0.00390625
decoders,quadratic,without_changed,9,0.17936067293529087,0.2138863577562922,8,1,-0.03682948658400943,0.3721715959733122,0.15525930755553818,0.2063844428752034,llama-2-7b,qwen2-7b,0.003155767865512452,0.01171875
decoders,linear,without_check,9,0.32304792682367767,0.3104034909940982,9,0,0.21956815466808616,0.48405755285163493,0.302921723570183,0.33598289834312656,llama-2-7b,qwen2-7b,1.5845873805145562e-06,0.00390625
decoders,quadratic,without_check,9,0.1792239622951336,0.2136745664735535,8,1,-0.036383664913653746,0.3718085558305731,0.15515088810320365,0.20617491569623203,llama-2-7b,qwen2-7b,0.003135685010036436,0.01171875
decoders,linear,without_choice,9,0.32331362613671843,0.3111262602454142,9,0,0.21938660573753527,0.48446717486391966,0.3031694325458183,0.33630450368661635,llama-2-7b,qwen2-7b,1.5968330917123108e-06,0.00390625
decoders,quadratic,without_choice,9,0.17944413110977703,0.21400237102829922,8,1,-0.03697509359681095,0.3725418757747899,0.1553069130266504,0.20649653419810052,llama-2-7b,qwen2-7b,0.0031651342454175665,0.01171875
decoders,linear,without_city,9,0.3234644573407875,0.3108587787331358,9,0,0.22031063555128466,0.48477726854855424,0.30330035593981663,0.3363586850644753,llama-2-7b,qwen2-7b,1.5841291593184124e-06,0.00390625
decoders,quadratic,without_city,9,0.1794067878353275,0.2137697849292163,8,1,-0.036122406610704115,0.3721787971986738,0.15531028666490926,0.2063479371410815,llama-2-7b,qwen2-7b,0.0031225922147397243,0.01171875
decoders,linear,without_concrete,9,0.3230808596292685,0.31059515820404504,9,0,0.21962443816553348,0.4840999104394077,0.3029534782780011,0.3360129123122354,llama-2-7b,qwen2-7b,1.5849708121477144e-06,0.00390625
decoders,quadratic,without_concrete,9,0.17944702976806973,0.21374393293582278,8,1,-0.03622022197193391,0.3719133507007583,0.15538873965148367,0.2064054362355702,llama-2-7b,qwen2-7b,0.0031110593778248237,0.01171875
decoders,linear,without_considered,9,0.323412010804586,0.3110831981902414,9,0,0.21972915321949182,0.4845617792221756,0.3032682897523873,0.33637236800272274,llama-2-7b,qwen2-7b,1.5857815308270623e-06,0.00390625
decoders,quadratic,without_considered,9,0.17967562910364812,0.2141424276692292,8,1,-0.03662193466980554,0.37261372303964646,0.1555583673616483,0.2067128245753298,llama-2-7b,qwen2-7b,0.003125263138257011,0.01171875
decoders,linear,without_contributed,9,0.32307526443234574,0.31077806063650654,9,0,0.21973021820038274,0.4841648613529495,0.3029390648172703,0.3359933952113411,llama-2-7b,qwen2-7b,1.5892395008367196e-06,0.00390625
decoders,quadratic,without_contributed,9,0.17938796094816456,0.21362195645664966,8,1,-0.036208818753269194,0.37207039872701525,0.15530265622580824,0.20633755841084378,llama-2-7b,qwen2-7b,0.0031251579185469776,0.01171875
decoders,linear,without_control,9,0.3233923593605757,0.31073213905256486,9,0,0.22041057468499886,0.4846649039100944,0.3032332912918858,0.3362650824450228,llama-2-7b,qwen2-7b,1.5827251467873466e-06,0.00390625
decoders,quadratic,without_control,9,0.179521162520467,0.2141819372634072,8,1,-0.036034926517801075,0.37243283817710104,0.15540720306338773,0.20646567365025048,llama-2-7b,qwen2-7b,0.003116968951545528,0.01171875
decoders,linear,without_course,9,0.32297468885405484,0.31045450384423323,9,0,0.21921651215604904,0.4840337441360284,0.3028423069438081,0.3359444609413056,llama-2-7b,qwen2-7b,1.598456182009678e-06,0.00390625
decoders,quadratic,without_course,9,0.17917939220635803,0.21365862858159354,8,1,-0.03674269684468957,0.37176814188294316,0.1551057984967849,0.206169653337739,llama-2-7b,qwen2-7b,0.0031533213898317773,0.01171875
decoders,linear,without_created,9,0.32302760238218675,0.3107612675323595,9,0,0.2191318697027087,0.48420037091179735,0.30288100631598547,0.3360145689671215,llama-2-7b,qwen2-7b,1.6065807399925353e-06,0.00390625
decoders,quadratic,without_created,9,0.17938961541065035,0.2136444362356973,8,1,-0.03676724463876031,0.37214210583794133,0.15529555410723894,0.20640922291682665,llama-2-7b,qwen2-7b,0.003144009480979208,0.01171875
decoders,linear,without_current,9,0.32322162698188045,0.31036482981324187,9,0,0.22001055355889274,0.48453209984411155,0.3030578178741015,0.3361230111597539,llama-2-7b,qwen2-7b,1.591951516164175e-06,0.00390625
decoders,quadratic,without_current,9,0.17939531792399338,0.21382486749257903,8,1,-0.036107125854948935,0.3722092411857189,0.1552935775162777,0.20633312339636117,llama-2-7b,qwen2-7b,0.0031211284708547813,0.01171875
decoders,linear,without_deep,9,0.3231955869903973,0.31103663887798555,9,0,0.21930499973325648,0.48429393240411267,0.3030582938136829,0.3361819103975399,llama-2-7b,qwen2-7b,1.5935333482118124e-06,0.00390625
decoders,quadratic,without_deep,9,0.17932678482884984,0.21387304968450987,8,1,-0.03670149181174374,0.37193532105783467,0.15525071780022676,0.20633031940892405,llama-2-7b,qwen2-7b,0.003147659992136812,0.01171875
decoders,linear,without_democratic,9,0.323782207199767,0.31111445478098565,9,0,0.2193393955997706,0.48583612030883355,0.3035254680611337,0.3368375586497666,llama-2-7b,qwen2-7b,1.6314453835901513e-06,0.00390625
decoders,quadratic,without_democratic,9,0.1798044929911995,0.2142474919308016,8,1,-0.03679815596863458,0.37340243388292615,0.15560475037973365,0.20687982411117875,llama-2-7b,qwen2-7b,0.0031571259334222525,0.01171875
decoders,linear,without_difference,9,0.32377735803715585,0.3111771225038931,9,0,0.21968724162791287,0.48534201730367443,0.30358177562884103,0.3367886225883112,llama-2-7b,qwen2-7b,1.6018282240899773e-06,0.00390625
decoders,quadratic,without_difference,9,0.1796730984483052,0.21431703019614337,8,1,-0.03679903103891964,0.37281148556837806,0.15553080005829611,0.20673211463420832,llama-2-7b,qwen2-7b,0.003145743174046273,0.01171875
decoders,linear,without_discovered,9,0.3232120884507143,0.3104211839845281,9,0,0.21985920917553753,0.48409665637632304,0.30310151746001324,0.3361311983601114,llama-2-7b,qwen2-7b,1.5755796488322224e-06,0.00390625
decoders,quadratic,without_discovered,9,0.17934737934396966,0.21367410939729267,8,1,-0.03621062792429509,0.3717709229703714,0.15529443639066945,0.20629213025250276,llama-2-7b,qwen2-7b,0.0031134159631230427,0.01171875
decoders,linear,without_domestic,9,0.32311110386773734,0.3107490896347342,9,0,0.21943163246916955,0.4842274655533241,0.302971558657039,0.3360710377925583,llama-2-7b,qwen2-7b,1.596019706826525e-06,0.00390625
decoders,quadratic,without_domestic,9,0.17946192209030623,0.21376394078937974,8,1,-0.03651443428563371,0.3722089615085909,0.15536854216302065,0.2064589666372987,llama-2-7b,qwen2-7b,0.0031330836330902487,0.01171875
decoders,linear,without_drink,9,0.32358595738477286,0.3109798042349013,9,0,0.2202137304153739,0.48474787935526303,0.30344071713846166,0.33650748575594774,llama-2-7b,qwen2-7b,1.5731806972700182e-06,0.00390625
decoders,quadratic,without_drink,9,0.17936128709906538,0.2140422670389847,8,1,-0.03636902471912695,0.37218782565811426,0.1552579697791843,0.2063275760763394,llama-2-7b,qwen2-7b,0.003141833426867414,0.01171875
decoders,linear,without_duty,9,0.32309912605534225,0.31067746387546485,9,0,0.21931716753614602,0.48419131696417256,0.30296260219173843,0.33607187087024176,llama-2-7b,qwen2-7b,1.5975525857427657e-06,0.00390625
decoders,quadratic,without_duty,9,0.17938941186105492,0.21384909363682897,8,1,-0.036704010206626725,0.37210212906141343,0.1553003222110101,0.20640108961951512,llama-2-7b,qwen2-7b,0.0031433826705881164,0.01171875
decoders,linear,without_efficiency,9,0.32297400232796986,0.31026146962645706,9,0,0.21928238149812776,0.48405713128964856,0.30283861120776,0.3359354549317001,llama-2-7b,qwen2-7b,1.5952277701104266e-06,0.00390625
decoders,quadratic,without_efficiency,9,0.1791262002894876,0.2136333804348471,8,1,-0.03662295010350264,0.3717631363337556,0.15504658328395413,0.2060948440886114,llama-2-7b,qwen2-7b,0.0031573517356651287,0.01171875
decoders,linear,without_employed,9,0.3230074544149807,0.3104426620819022,9,0,0.21927972004197077,0.4840871805470771,0.3028724886484687,0.335973421211607,llama-2-7b,qwen2-7b,1.593824038568067e-06,0.00390625
decoders,quadratic,without_employed,9,0.1792389960366625,0.2138342678127221,8,1,-0.036676171241414195,0.3718997829021787,0.15515639767847295,0.2062283919464221,llama-2-7b,qwen2-7b,0.0031505581426802894,0.01171875
decoders,linear,without_employment,9,0.32317920193046334,0.31119676429031795,9,0,0.219181034014495,0.4844490761142454,0.30302046765749063,0.3361789729199594,llama-2-7b,qwen2-7b,1.612921187410812e-06,0.00390625
decoders,quadratic,without_employment,9,0.17951583199189367,0.2138097359405128,8,1,-0.036876465216252666,0.3727557894708439,0.15536083730702488,0.20656486914291197,llama-2-7b,qwen2-7b,0.003160996425687433,0.01171875
decoders,linear,without_entered,9,0.3231569194411959,0.3106491010581602,9,0,0.2196402932355095,0.4841285382269338,0.3030354670929787,0.33609649771690675,llama-2-7b,qwen2-7b,1.5910663825995912e-06,0.00390625
decoders,quadratic,without_entered,9,0.17957154462401015,0.21378687816733302,8,1,-0.03614240438329688,0.3719967303727688,0.15551839640541532,0.20653578824992352,llama-2-7b,qwen2-7b,0.0031056403728630553,0.01171875
decoders,linear,without_exception,9,0.3231918507988701,0.3106191812688279,9,0,0.22039869360182004,0.4841013970371243,0.3030781575190883,0.3360409954485013,llama-2-7b,qwen2-7b,1.5746490682800617e-06,0.00390625
decoders,quadratic,without_exception,9,0.1793639944168641,0.21360790233948268,8,1,-0.036038930395624655,0.37190463799605017,0.15529641396946584,0.20628936001842518,llama-2-7b,qwen2-7b,0.0031059537008256356,0.01171875
decoders,linear,without_expressed,9,0.3232204818232167,0.3110691615711803,9,0,0.21915212594880884,0.4842516931389829,0.30309158040874595,0.3362290263075177,llama-2-7b,qwen2-7b,1.5943301028384416e-06,0.00390625
decoders,quadratic,without_expressed,9,0.17945709257548983,0.213789885324748,8,1,-0.036954302716895766,0.3721593955868234,0.15536930469907315,0.20650851698703807,llama-2-7b,qwen2-7b,0.0031544462787574485,0.01171875
decoders,linear,without_expression,9,0.3229980748427617,0.31033732920385665,9,0,0.21930398025783987,0.4840972697595946,0.30286067547815765,0.33595983666587703,llama-2-7b,qwen2-7b,1.5961259005111672e-06,0.00390625
decoders,quadratic,without_expression,9,0.17922223477865137,0.2137473329518725,8,1,-0.036569153494910835,0.37187849900543596,0.15514020175030332,0.20619615831284666,llama-2-7b,qwen2-7b,0.0031484538029277094,0.01171875
decoders,linear,without_extension,9,0.3230691295603752,0.31041725979685025,9,0,0.2195203279930241,0.4841795743597505,0.3029303239604533,0.33601272975629404,llama-2-7b,qwen2-7b,1.5909671085982105e-06,0.00390625
decoders,quadratic,without_extension,9,0.1794327277298313,0.2138714213571107,8,1,-0.036147841203760585,0.37210410014458767,0.15534880617798674,0.20638029884653028,llama-2-7b,qwen2-7b,0.0031217413435184567,0.01171875
decoders,linear,without_fast,9,0.3232987462438095,0.31047516085624505,9,0,0.2201032914712341,0.484489255463813,0.30314993259130907,0.33619817809038144,llama-2-7b,qwen2-7b,1.576759928138035e-06,0.00390625
decoders,quadratic,without_fast,9,0.1792772668577042,0.21381802182849038,8,1,-0.03630386736322825,0.37203863743390264,0.1551820955356794,0.20622490863532078,llama-2-7b,qwen2-7b,0.0031460260987081507,0.01171875
decoders,linear,without_fight,9,0.32418037262957766,0.3116030259520441,9,0,0.2203481244146529,0.4857106005668138,0.30398909413742314,0.33715940365644326,llama-2-7b,qwen2-7b,1.5815217494741655e-06,0.00390625
decoders,quadratic,without_fight,9,0.1798460830785706,0.21460355205569734,8,1,-0.03692491757844446,0.3731223769567386,0.1556865463437996,0.20694245816069748,llama-2-7b,qwen2-7b,0.0031493953720549473,0.01171875
decoders,linear,without_file,9,0.3232120181616977,0.31101332607965243,9,0,0.21948328921927437,0.4841267876394046,0.30309767197698434,0.3361781092795006,llama-2-7b,qwen2-7b,1.578247953374035e-06,0.00390625
decoders,quadratic,without_file,9,0.17930291346697758,0.21382976874981172,8,1,-0.03673104419060755,0.3718649251814395,0.15523266200266986,0.20630715817417575,llama-2-7b,qwen2-7b,0.0031470452187149713,0.01171875
decoders,linear,without_filled,9,0.3239693261128821,0.3113762442783918,9,0,0.22047388953071273,0.48535982320360965,0.30379551397654114,0.33690625568565324,llama-2-7b,qwen2-7b,1.5817625809998392e-06,0.00390625
decoders,quadratic,without_filled,9,0.17957570049767638,0.21420181653875017,8,1,-0.03635870935201289,0.3721914990676784,0.1554987256764261,0.20656750172888752,llama-2-7b,qwen2-7b,0.0031188205755292137,0.01171875
decoders,linear,without_front,9,0.32303140694336346,0.3104027886595892,9,0,0.21920578831686852,0.4841228761656967,0.30289497329057175,0.3360096092716753,llama-2-7b,qwen2-7b,1.602762512209744e-06,0.00390625
decoders,quadratic,without_front,9,0.1793559744516595,0.2135212753161549,8,1,-0.03660636607121176,0.3719185230315561,0.15528565587917242,0.2063512670170184,llama-2-7b,qwen2-7b,0.0031372796835346483,0.01171875
decoders,linear,without_increase,9,0.3237841087064884,0.31094033299771207,9,0,0.22043529773721285,0.48522343780745913,0.303604192568867,0.3367027100776478,llama-2-7b,qwen2-7b,1.5689083437721485e-06,0.00390625
decoders,quadratic,without_increase,9,0.17941920959503838,0.21412690414625507,8,1,-0.036382884494524835,0.3724916363595505,0.15528515624947437,0.2063944713562338,llama-2-7b,qwen2-7b,0.0031373894884147457,0.01171875
decoders,linear,without_led,9,0.32302212117889995,0.3104484961184497,9,0,0.21937099931704684,0.4840871656667252,0.30288899061792174,0.33597851141163154,llama-2-7b,qwen2-7b,1.5904887611136556e-06,0.00390625
decoders,quadratic,without_led,9,0.17921650575206594,0.21380603360462516,8,1,-0.036604712672709615,0.37187169068998627,0.1551346076348259,0.2061941580551629,llama-2-7b,qwen2-7b,0.003146680389188305,0.01171875
decoders,linear,without_left,9,0.32312982483415736,0.3105537356120401,9,0,0.2202755551245002,0.48405059524784405,0.3030147285324465,0.3359866085478645,llama-2-7b,qwen2-7b,1.5735264754790273e-06,0.00390625
decoders,quadratic,without_left,9,0.17931416522632573,0.21347773824250127,8,1,-0.036059355342873224,0.3718155818254657,0.1552514881514332,0.20623585529747557,llama-2-7b,qwen2-7b,0.003112703707983058,0.01171875
decoders,linear,without_live,9,0.3233961414655515,0.310858764739779,9,0,0.22036768635917234,0.484389083717847,0.3032720236840146,0.33627469835384893,llama-2-7b,qwen2-7b,1.5643635407578072e-06,0.00390625
decoders,quadratic,without_live,9,0.17941244435769835,0.21400032417974096,8,1,-0.036130586433732056,0.3722130342622451,0.15531237061963,0.20635532320662714,llama-2-7b,qwen2-7b,0.0031287531370621686,0.01171875
decoders,linear,without_looked,9,0.3233654444563445,0.3115543845945507,9,0,0.2193225959460163,0.4847711465435356,0.3031897316954456,0.33637080052013557,llama-2-7b,qwen2-7b,1.6209010030229471e-06,0.00390625
decoders,quadratic,without_looked,9,0.17956964788514318,0.213825318420902,8,1,-0.03705483158827975,0.3729652466506543,0.15539519803945429,0.20664770781932104,llama-2-7b,qwen2-7b,0.0031683822741232054,0.01171875
decoders,linear,without_lost,9,0.32297384235465637,0.3103368790721884,9,0,0.21917552105965316,0.48409218516659575,0.30283404950316395,0.3359486325165318,llama-2-7b,qwen2-7b,1.6037672325942658e-06,0.00390625
decoders,quadratic,without_lost,9,0.17919490043944653,0.21373225669405924,8,1,-0.036810641564451754,0.3719123330878343,0.15510522135839808,0.2061955931899338,llama-2-7b,qwen2-7b,0.003166483138941108,0.01171875
decoders,linear,without_loss,9,0.3233971714961216,0.3107586496865278,9,0,0.21990160592764338,0.48474414073201333,0.30322880034163513,0.3363341171921814,llama-2-7b,qwen2-7b,1.5829804356106875e-06,0.00390625
decoders,quadratic,without_loss,9,0.17931626344455753,0.21409574648800989,8,1,-0.03640127252091747,0.37205678102161976,0.15522369874742475,0.20628095544024191,llama-2-7b,qwen2-7b,0.00314501558530366,0.01171875
decoders,linear,without_made,9,0.32367293858962576,0.31086926765987133,9,0,0.22036804599584658,0.4849016384184654,0.3035193511110208,0.3365860501638481,llama-2-7b,qwen2-7b,1.5798626657734939e-06,0.00390625
decoders,quadratic,without_made,9,0.1796225872609728,0.21421935096206798,8,1,-0.036060823606058834,0.3725882811523314,0.155501875524553,0.20658301361935177,llama-2-7b,qwen2-7b,0.0031166782955475165,0.01171875
decoders,linear,without_management,9,0.3231172631466441,0.3103577236053912,9,0,0.2201720241593579,0.4840354642352192,0.30300248801057217,0.33598541802005477,llama-2-7b,qwen2-7b,1.566991263815406e-06,0.00390625
decoders,quadratic,without_management,9,0.17930291472697413,0.21370171962805132,8,1,-0.03609900851017186,0.3717879843015752,0.155242281030149,0.20622815513161738,llama-2-7b,qwen2-7b,0.003115324259720784,0.01171875
decoders,linear,without_mean,9,0.3231891058031415,0.3104882457848097,9,0,0.21942026973890535,0.4840968843295589,0.30307563348733935,0.336160210311171,llama-2-7b,qwen2-7b,1.5697993917986462e-06,0.00390625
decoders,quadratic,without_mean,9,0.179310153095287,0.21419980889000848,8,1,-0.03660198860180493,0.3718615670911362,0.15524122634580587,0.2062991708074235,llama-2-7b,qwen2-7b,0.003144901641588518,0.01171875
decoders,linear,without_means,9,0.3232348739837472,0.3106334967754535,9,0,0.21954768355529422,0.4841709938659001,0.3031178589984781,0.33619577278730384,llama-2-7b,qwen2-7b,1.5783343251924811e-06,0.00390625
decoders,quadratic,without_means,9,0.17923527152717939,0.21380199557440766,8,1,-0.03664295932217763,0.3719168383686623,0.15515007567199404,0.206220050383349,llama-2-7b,qwen2-7b,0.003153040224632463,0.01171875
decoders,linear,without_minimum,9,0.3234056266165653,0.3110108207589609,9,0,0.22035470598303888,0.48420887160942294,0.3033052209924581,0.3362869916957561,llama-2-7b,qwen2-7b,1.5617234271533163e-06,0.00390625
decoders,quadratic,without_minimum,9,0.17948190124592237,0.2138573334154053,8,1,-0.036078652521491,0.37209639900379676,0.15540508902618805,0.20642697046684902,llama-2-7b,qwen2-7b,0.0031144404226063583,0.01171875
decoders,linear,without_model,9,0.32304365766201404,0.31070231351993827,9,0,0.21931798931644772,0.48422529261345576,0.3028959532930838,0.3360093662052098,llama-2-7b,qwen2-7b,1.6013623113141478e-06,0.00390625
decoders,quadratic,without_model,9,0.1793855452749838,0.21361286348214467,8,1,-0.03618871783032521,0.37205760112775155,0.1553015382933878,0.2063323281631474,llama-2-7b,qwen2-7b,0.003127284604127535,0.01171875
decoders,linear,without_nation,9,0.32335995330878714,0.31114797606290184,9,0,0.2195954467657777,0.48466370072246584,0.30319698488207725,0.33633051662666325,llama-2-7b,qwen2-7b,1.610971984460579e-06,0.00390625
decoders,quadratic,without_nation,9,0.17969838527716808,0.21389498033962318,8,1,-0.0368117442980306,0.37271960875441756,0.1555707323425119,0.2067621514740679,llama-2-7b,qwen2-7b,0.0031387311731877186,0.01171875
decoders,linear,without_needed,9,0.32395271921340607,0.31128482462047374,9,0,0.22049911487945978,0.48541900619819445,0.30376943334030754,0.3368844197551494,llama-2-7b,qwen2-7b,1.580218372023498e-06,0.00390625
decoders,quadratic,without_needed,9,0.17957691905948084,0.21429173337042687,8,1,-0.03636094875879012,0.37261516962662106,0.15544713773858831,0.20656915253676472,llama-2-7b,qwen2-7b,0.0031464828660108866,0.01171875
decoders,linear,without_nodded,9,0.32321354537651037,0.311190057525398,9,0,0.21940647744656566,0.4842464861526455,0.3030844277794934,0.33618942886775344,llama-2-7b,qwen2-7b,1.5898466668854113e-06,0.00390625
decoders,quadratic,without_nodded,9,0.17961381371951352,0.21399172819057213,8,1,-0.036633956466123496,0.37211331425924726,0.1555513761520468,0.20664478499271816,llama-2-7b,qwen2-7b,0.0031252636493694086,0.01171875
decoders,linear,without_notion,9,0.32318110165006453,0.31023024107832575,9,0,0.21982098717429618,0.4840752638934371,0.3030693313696429,0.33610111595953557,llama-2-7b,qwen2-7b,1.5602596926548732e-06,0.00390625
decoders,quadratic,without_notion,9,0.1792541227991956,0.21400697468822896,8,1,-0.03626578050591279,0.3718012129977947,0.15518573652437068,0.20619411071233412,llama-2-7b,qwen2-7b,0.0031343660476685856,0.01171875
decoders,linear,without_objective,9,0.3231453208006638,0.3104713028981035,9,0,0.21999434107740845,0.48409002975835114,0.30302723218095295,0.33603919326607073,llama-2-7b,qwen2-7b,1.5713095974851638e-06,0.00390625
decoders,quadratic,without_objective,9,0.1793777128001743,0.21377900389740892,8,1,-0.03611301796159852,0.37188482970063597,0.15531432318761662,0.20631405414539591,llama-2-7b,qwen2-7b,0.003113120223981379,0.01171875
decoders,linear,without_offer,9,0.32323040680430465,0.3108826064683429,9,0,0.2193642057613044,0.4843649321019443,0.30308859114209974,0.3362136819346797,llama-2-7b,qwen2-7b,1.5997336834741557e-06,0.00390625
decoders,quadratic,without_offer,9,0.17957277620114284,0.21436160926447462,8,1,-0.036670252268240555,0.3725450522279192,0.15545124169779578,0.20660315475981578,llama-2-7b,qwen2-7b,0.003146626441901324,0.01171875
decoders,linear,without_officer,9,0.3230949228381512,0.31035116876818614,9,0,0.2195293404641981,0.4841943906525044,0.302957489361357,0.3360406206348953,llama-2-7b,qwen2-7b,1.584246651139387e-06,0.00390625
decoders,quadratic,without_officer,9,0.17910150326096697,0.21356378173652193,8,1,-0.03654160441738281,0.37176418089964264,0.15501866855613247,0.20605689172076067,llama-2-7b,qwen2-7b,0.0031516447754301046,0.01171875
decoders,linear,without_ordered,9,0.3230692856483151,0.3103661005077131,9,0,0.21964110837604187,0.4842158630034852,0.3029259634789188,0.3359978078073492,llama-2-7b,qwen2-7b,1.5888688751697183e-06,0.00390625
decoders,quadratic,without_ordered,9,0.17930110476689978,0.21381479969614745,8,1,-0.036393230579842804,0.3721702855169818,0.15519245717313956,0.2062628966852426,llama-2-7b,qwen2-7b,0.0031439723328722676,0.01171875
decoders,linear,without_organization,9,0.32295972600576417,0.3104797627988906,9,0,0.21914420718761848,0.48403492835089257,0.3028253257126231,0.3359366658580324,llama-2-7b,qwen2-7b,1.5989233101445853e-06,0.00390625
decoders,quadratic,without_organization,9,0.17918126610525165,0.21360529836901948,8,1,-0.036828331268919635,0.37177125375045,0.15510751764960184,0.20618246577702304,llama-2-7b,qwen2-7b,0.0031505901368920823,0.01171875
decoders,linear,without_pain,9,0.3229764472532337,0.31047911601239614,9,0,0.2190431437808618,0.48425583563365227,0.3028165237056814,0.33596811018728023,llama-2-7b,qwen2-7b,1.6138896103942355e-06,0.00390625
decoders,quadratic,without_pain,9,0.17924883011852538,0.2135180830307737,8,1,-0.03711982633555448,0.3721136875181904,0.15514072294356723,0.20629491217528534,llama-2-7b,qwen2-7b,0.00317485927487222,0.01171875
decoders,linear,without_point,9,0.32301313893396244,0.3102441047342217,9,0,0.21944353126575022,0.4842132576510558,0.30286312409432575,0.33595933989248894,llama-2-7b,qwen2-7b,1.594484778364299e-06,0.00390625
decoders,quadratic,without_point,9,0.17919918928458597,0.21365371517566503,8,1,-0.036400008324845905,0.3719195923789247,0.15510913889779365,0.20614908898576495,llama-2-7b,qwen2-7b,0.00314452605442685,0.01171875
decoders,linear,without_possibility,9,0.3239159189248359,0.3113168908216137,9,0,0.22042178127336842,0.48554912464758704,0.303711768209492,0.3368526861312693,llama-2-7b,qwen2-7b,1.5878022375417013e-06,0.00390625
decoders,quadratic,without_possibility,9,0.17951778176173086,0.21422729508410404,8,1,-0.036524392149863756,0.3728924471180905,0.1553459485921859,0.20652305350068018,llama-2-7b,qwen2-7b,0.0031637488072316948,0.01171875
decoders,linear,without_procedure,9,0.3231705704113921,0.31050469323120455,9,0,0.21942676479041723,0.4840263144799609,0.303063602402821,0.33613854611401395,llama-2-7b,qwen2-7b,1.5735653592285065e-06,0.00390625
decoders,quadratic,without_procedure,9,0.17932682844904596,0.21381477662308557,8,1,-0.03646397460298332,0.3717509197234179,0.15527381703974946,0.20630067883054962,llama-2-7b,qwen2-7b,0.0031263175386495885,0.01171875
decoders,linear,without_promised,9,0.3232945121709638,0.31094294660980437,9,0,0.21920028086814877,0.48469738036501564,0.3031191536467072,0.3363062910838156,llama-2-7b,qwen2-7b,1.6072200706751975e-06,0.00390625
decoders,quadratic,without_promised,9,0.1794818578371989,0.21419153683383996,8,1,-0.036798153930973646,0.3721319070278229,0.1554006016883709,0.20651685930822045,llama-2-7b,qwen2-7b,0.0031566934120799374,0.01171875
decoders,linear,without_read,9,0.3230601334139338,0.31071460077568863,9,0,0.219486765794694,0.4841044683198841,0.30292959155069,0.33600680436633873,llama-2-7b,qwen2-7b,1.5919606129700804e-06,0.00390625
decoders,quadratic,without_read,9,0.1792962882732394,0.213729524342304,8,1,-0.03657618864746202,0.3719342762807782,0.15521653977229707,0.2062803478883271,llama-2-7b,qwen2-7b,0.00313630760831623,0.01171875
decoders,linear,without_rejected,9,0.32308485576507046,0.31064771248300743,9,0,0.21917955655844842,0.48429836129541826,0.30293316757377703,0.33607301816589824,llama-2-7b,qwen2-7b,1.6047978383249967e-06,0.00390625
decoders,quadratic,without_rejected,9,0.17938867629261696,0.21407056764335022,8,1,-0.036975354506707574,0.3725001328432391,0.15524974422378918,0.2064341801425325,llama-2-7b,qwen2-7b,0.0031743336770200903,0.01171875
decoders,linear,without_relationship,9,0.3229540005671409,0.3104149762212388,9,0,0.21913040730536248,0.48417851447978166,0.3028009363280608,0.3359319497248632,llama-2-7b,qwen2-7b,1.6060553709385505e-06,0.00390625
decoders,quadratic,without_relationship,9,0.1791604993264157,0.21366109412173528,8,1,-0.03688211754157388,0.3721441579854231,0.15503754199403977,0.20616582643491438,llama-2-7b,qwen2-7b,0.0031726317308583144,0.01171875
decoders,linear,without_replaced,9,0.3229951473551378,0.310360873101521,9,0,0.21903396987396645,0.48425793157640995,0.3028372993274787,0.3359902945402842,llama-2-7b,qwen2-7b,1.6138844872542097e-06,0.00390625
decoders,quadratic,without_replaced,9,0.17927838172074795,0.21357615033214064,8,1,-0.037145559849603806,0.3721997207913462,0.1551632143369232,0.2063313744170419,llama-2-7b,qwen2-7b,0.0031827871098536655,0.01171875
decoders,linear,without_represents,9,0.3232772286249956,0.31105666846984514,9,0,0.21932426167620847,0.4842655720250564,0.303153685699988,0.336271349493594,llama-2-7b,qwen2-7b,1.5876641361985553e-06,0.00390625
decoders,quadratic,without_represents,9,0.1795938997349613,0.2138635103742362,8,1,-0.036856556505509064,0.37221097862017116,0.15551676487431004,0.20665020676502008,llama-2-7b,qwen2-7b,0.003143783158596368,0.01171875
decoders,linear,without_response,9,0.3234294649466917,0.310636974955261,9,0,0.22001416956016326,0.48450093624145474,0.3032955310348464,0.3363563768700078,llama-2-7b,qwen2-7b,1.5654636722159553e-06,0.00390625
decoders,quadratic,without_response,9,0.1794741492590103,0.2143481335224791,8,1,-0.0363042000960388,0.37203905973993634,0.15540353544889457,0.20644644292839148,llama-2-7b,qwen2-7b,0.003123618648141763,0.01171875
decoders,linear,without_saved,9,0.3230124092926683,0.31047142854473536,9,0,0.2194724863089119,0.48407156369545756,0.3028800149923196,0.3359548996656378,llama-2-7b,qwen2-7b,1.591834403442135e-06,0.00390625
decoders,quadratic,without_saved,9,0.1792778783376145,0.21368710903316063,8,1,-0.03634003684470109,0.37184972149964857,0.15520639794236019,0.20623011773540392,llama-2-7b,qwen2-7b,0.003128071265437242,0.01171875
decoders,linear,without_school,9,0.3232603512361522,0.3105203713324285,9,0,0.22031400067720058,0.48479121341607373,0.303068993463662,0.33612864505602114,llama-2-7b,qwen2-7b,1.5911959658248688e-06,0.00390625
decoders,quadratic,without_school,9,0.17943099884459707,0.21370526061638526,8,1,-0.036145066692943255,0.37231585602846795,0.1553203916966132,0.2063780070367896,llama-2-7b,qwen2-7b,0.0031201931273468746,0.01171875
decoders,linear,without_season,9,0.32310275617910367,0.31044733101870287,9,0,0.2195220818719623,0.484130115872541,0.30297433621742403,0.3360503404674964,llama-2-7b,qwen2-7b,1.5845804111695949e-06,0.00390625
decoders,quadratic,without_season,9,0.17931765425080645,0.21403236704191467,8,1,-0.03651632701863774,0.37195489200207765,0.15523799953189754,0.20629690190948696,llama-2-7b,qwen2-7b,0.0031389718268212746,0.01171875
decoders,linear,without_see,9,0.32359244173362006,0.3107817992049667,9,0,0.22037119507775943,0.484863230985368,0.30343359307715156,0.3364950975656026,llama-2-7b,qwen2-7b,1.5839574866773768e-06,0.00390625
decoders,quadratic,without_see,9,0.1796478902235798,0.21421638055768474,8,1,-0.036047421443632724,0.3726011080186374,0.1555287379991976,0.20660980418198138,llama-2-7b,qwen2-7b,0.0031112129401459324,0.01171875
decoders,linear,without_shook,9,0.3231299383321622,0.3104629495375667,9,0,0.21958433400247518,0.48448865751572806,0.30296009843421634,0.336073138873373,llama-2-7b,qwen2-7b,1.598717505631824e-06,0.00390625
decoders,quadratic,without_shook,9,0.17931807457121263,0.21387201874775505,8,1,-0.03639137681242871,0.37204483578139746,0.1552272294199395,0.20628175599416776,llama-2-7b,qwen2-7b,0.003132337262813171,0.01171875
decoders,linear,without_silence,9,0.3229592243192502,0.31058284825221516,9,0,0.2191138827569592,0.48410001100192646,0.3028166259839157,0.3359398920145366,llama-2-7b,qwen2-7b,1.6054054607759197e-06,0.00390625
decoders,quadratic,without_silence,9,0.1792449218620941,0.2136393033648213,8,1,-0.03685926829682705,0.37187454665995007,0.1551662187623621,0.20625794563195926,llama-2-7b,qwen2-7b,0.0031462938806131537,0.01171875
decoders,linear,without_sleep,9,0.3234897870882172,0.31097825284316893,9,0,0.2202004356439521,0.4845825104194074,0.3033531966718184,0.33640095601875036,llama-2-7b,qwen2-7b,1.575366959866993e-06,0.00390625
decoders,quadratic,without_sleep,9,0.17928224362205572,0.21392395564283262,8,1,-0.03641089241426413,0.37202204592590327,0.15518976833407477,0.20624388562659568,llama-2-7b,qwen2-7b,0.00314690931609564,0.01171875
decoders,linear,without_sound,9,0.32341864010231414,0.31075757114373415,9,0,0.22014386719070878,0.48430214160827806,0.30330820241406864,0.33632798671626474,llama-2-7b,qwen2-7b,1.557409596610321e-06,0.00390625
decoders,quadratic,without_sound,9,0.17933910266826356,0.21391188745316614,8,1,-0.03651708907905765,0.37198812220825317,0.15525797522576484,0.2063211266366787,llama-2-7b,qwen2-7b,0.003137358082921331,0.01171875
decoders,linear,without_stood,9,0.32297697786119983,0.310729889483651,9,0,0.21906267132863508,0.48411823212637883,0.3028343210780524,0.33596626617777037,llama-2-7b,qwen2-7b,1.6090974873147533e-06,0.00390625
decoders,quadratic,without_stood,9,0.17928061617215396,0.2136368651130939,8,1,-0.0370575261882527,0.37196892796632924,0.15519457719788204,0.20632288396720483,llama-2-7b,qwen2-7b,0.003160180648601496,0.01171875
decoders,linear,without_statement,9,0.32341526375668067,0.3106017702569613,9,0,0.21970238959041039,0.48486619869708747,0.3032338968891299,0.33637937302746446,llama-2-7b,qwen2-7b,1.6054537943646456e-06,0.00390625
decoders,quadratic,without_statement,9,0.17933422262365062,0.21383069786883985,8,1,-0.03691357593531587,0.3724374626612176,0.15519631761895472,0.2063651974435214,llama-2-7b,qwen2-7b,0.0031536944031730534,0.01171875
decoders,linear,without_stems,9,0.32304976848827216,0.31048677194565244,9,0,0.2193109380607916,0.48416469490606356,0.3029104026860483,0.33601712229170727,llama-2-7b,qwen2-7b,1.600794642432695e-06,0.00390625
decoders,quadratic,without_stems,9,0.17929165030444447,0.2137335647570748,8,1,-0.036561438573856395,0.372028830821082,0.1551995027398648,0.2062732864142321,llama-2-7b,qwen2-7b,0.0031378378685400685,0.01171875
decoders,linear,without_support,9,0.3230317915589641,0.3105181560503674,9,0,0.21935313788997937,0.48412526392374683,0.30289510751336624,0.33599162326758714,llama-2-7b,qwen2-7b,1.5970262393434265e-06,0.00390625
decoders,quadratic,without_support,9,0.17928665951568468,0.21376698999031088,8,1,-0.036633346411455985,0.37195425112539815,0.15520321056447048,0.20627666025657726,llama-2-7b,qwen2-7b,0.00314495673606698,0.01171875
decoders,linear,without_thought,9,0.3230977158556197,0.3104604433601731,9,0,0.2196010232797249,0.48414303620106486,0.302967050812439,0.3360348024276065,llama-2-7b,qwen2-7b,1.5857292069831035e-06,0.00390625
decoders,quadratic,without_thought,9,0.1793093583678109,0.21389794447962315,8,1,-0.03645912938496241,0.3720220493347825,0.15522027199693947,0.20628041933690758,llama-2-7b,qwen2-7b,0.003146625441270879,0.01171875
decoders,linear,without_tone,9,0.3229711269733189,0.31023059786663054,9,0,0.2194663354313238,0.4841973461375783,0.30281784957778646,0.3359092259160683,llama-2-7b,qwen2-7b,1.6029260011333803e-06,0.00390625
decoders,quadratic,without_tone,9,0.179221791355848,0.21364864893089192,8,1,-0.036287569486305606,0.3720274564339509,0.15512108322108514,0.20616046146111722,llama-2-7b,qwen2-7b,0.0031484247409585926,0.01171875
decoders,linear,without_town,9,0.3234915244526587,0.3107841032831387,9,0,0.2199771571635515,0.48452369643839516,0.30336250295444167,0.3364308203637971,llama-2-7b,qwen2-7b,1.5671908191701957e-06,0.00390625
decoders,quadratic,without_town,9,0.17939091801101895,0.21418739717179372,8,1,-0.03672417610259718,0.37199752229386407,0.15531509247566333,0.20640530477522095,llama-2-7b,qwen2-7b,0.0031375864931423784,0.01171875
decoders,linear,without_turned,9,0.3233179611182025,0.31119967341586485,9,0,0.219049599123463,0.48439741780430295,0.30318302903243993,0.3363515063675449,llama-2-7b,qwen2-7b,1.58557809170162e-06,0.00390625
decoders,quadratic,without_turned,9,0.17950248003518585,0.21455794651587856,8,1,-0.03719545044215437,0.3721376767840446,0.15542308044157851,0.20658972134485337,llama-2-7b,qwen2-7b,0.0031672762542794067,0.01171875
decoders,linear,without_visit,9,0.3234106834312995,0.3110437994182023,9,0,0.22022878089165102,0.484537249912309,0.3032698626211733,0.33630842124875554,llama-2-7b,qwen2-7b,1.5944075210495423e-06,0.00390625
decoders,quadratic,without_visit,9,0.17966107721618652,0.21379000661631684,8,1,-0.03612771678248288,0.37286891546982476,0.15551009743448174,0.2066346764660202,llama-2-7b,qwen2-7b,0.0031247002285207824,0.01171875
decoders,linear,without_watching,9,0.32400575491395806,0.31183948328082406,9,0,0.21989224619936235,0.4857359930606161,0.3037894751456258,0.33701994350328257,llama-2-7b,qwen2-7b,1.5977091350380216e-06,0.00390625
decoders,quadratic,without_watching,9,0.1799384485688451,0.2147674608240048,8,1,-0.03685000548996899,0.373239515914539,0.15577581515063338,0.20703700532619687,llama-2-7b,qwen2-7b,0.003150003266338411,0.01171875
decoders,linear,without_admitted,9,0.32324214892221487,0.3105950012202346,9,0,0.21987539706606435,0.4841931956828826,0.30312326807713136,0.3361629929042337,llama-2-7b,qwen2-7b,1.5762760225921126e-06,0.00390625
decoders,quadratic,without_admitted,9,0.17941391337164314,0.214025908500867,8,1,-0.0363185802654732,0.37208046705642567,0.15533059416104533,0.2063804750762827,llama-2-7b,qwen2-7b,0.0031296417184446994,0.01171875
decoders,linear,without_agreed,9,0.3235155853279101,0.3112873939210626,9,0,0.21946058007021071,0.484770242158997,0.30335875322402417,0.3365224609851225,llama-2-7b,qwen2-7b,1.6026936022207808e-06,0.00390625
decoders,quadratic,without_agreed,9,0.17976377462141546,0.21453653763243585,8,1,-0.036781835173500844,0.37303052195526415,0.15560543120468434,0.20683197584577998,llama-2-7b,qwen2-7b,0.003157110826260258,0.01171875
decoders,linear,without_allow,9,0.3241883951796005,0.3117574762646507,9,0,0.2204957218224127,0.48572321992195794,0.3039965420868058,0.337149979349249,llama-2-7b,qwen2-7b,1.5767997916511198e-06,0.00390625
decoders,quadratic,without_allow,9,0.1799630613357147,0.21449183511176714,8,1,-0.03628167418886298,0.3731563917395065,0.15581389503524073,0.2069936532762869,llama-2-7b,qwen2-7b,0.003117352485726154,0.01171875
decoders,linear,without_along,9,0.3229726410443244,0.3105408526086785,9,0,0.21939148441445427,0.4840681252335959,0.3028357055206654,0.33592028562305815,llama-2-7b,qwen2-7b,1.598649863123786e-06,0.00390625
decoders,quadratic,without_along,9,0.17921156961648357,0.2135635516867893,8,1,-0.03662283313162241,0.37181684365950324,0.15513591036110608,0.2061908699599968,llama-2-7b,qwen2-7b,0.0031428074809980028,0.01171875
decoders,linear,without_american,9,0.3236974573874546,0.3104123326716772,9,0,0.21943420378993644,0.48510797102439346,0.30352114318283724,0.33673036408714435,llama-2-7b,qwen2-7b,1.5978586730663994e-06,0.00390625
decoders,quadratic,without_american,9,0.1796787635526863,0.214478047126,8,1,-0.03674199985670133,0.3727702747550696,0.15554232465238843,0.20673135897885975,llama-2-7b,qwen2-7b,0.0031570241226061653,0.01171875
decoders,linear,without_apply,9,0.32310090235064526,0.31077385086416565,9,0,0.2194189648999373,0.4841201221655252,0.30297349987378525,0.33606114453198377,llama-2-7b,qwen2-7b,1.5888611601838814e-06,0.00390625
decoders,quadratic,without_apply,9,0.17934546254763073,0.21391548954691017,8,1,-0.0366027196172046,0.3719796779791378,0.15526618561869232,0.20633898531823514,llama-2-7b,qwen2-7b,0.0031403181567396863,0.01171875
decoders,linear,without_assembled,9,0.3230199193835364,0.3104960961002601,9,0,0.2192045898845578,0.48408754918055164,0.30288646565890953,0.33599683557090876,llama-2-7b,qwen2-7b,1.5950698509654186e-06,0.00390625
decoders,quadratic,without_assembled,9,0.17929791938276227,0.21390262946426908,8,1,-0.0366136341359473,0.3718969518034595,0.15522304033017512,0.20628686357260095,llama-2-7b,qwen2-7b,0.0031482216013107183,0.01171875
decoders,linear,without_audience,9,0.32314409475576206,0.31073041444135363,9,0,0.2199793401986582,0.4840646451618905,0.30302902595499603,0.33603968907540005,llama-2-7b,qwen2-7b,1.5759257210786494e-06,0.00390625
decoders,quadratic,without_audience,9,0.17929651762428384,0.21371602010038315,8,1,-0.03632462235764081,0.37183711600677183,0.15522894282647282,0.2062491601220244,llama-2-7b,qwen2-7b,0.003139812684558303,0.01171875
decoders,linear,without_became,9,0.3235315883287926,0.31105707905626323,9,0,0.2203010499815579,0.4849195727872074,0.3033580902714907,0.33643540562219687,llama-2-7b,qwen2-7b,1.5939453281004122e-06,0.00390625
decoders,quadratic,without_became,9,0.17964068302214609,0.2139816026918423,8,1,-0.036051707458296466,0.3724207770817939,0.1555431712646901,0.2066022318322014,llama-2-7b,qwen2-7b,0.0030992413537558956,0.01171875
decoders,linear,without_behavior,9,0.3230147079152771,0.31060612485669875,9,0,0.21918306077752642,0.48405828828118114,0.3028842603695391,0.33599366380749596,llama-2-7b,qwen2-7b,1.592066793076654e-06,0.00390625
decoders,quadratic,without_behavior,9,0.1793058105219252,0.21413137880841052,8,1,-0.03671271127410983,0.3718296324787139,0.15524033277732663,0.20630812574642957,llama-2-7b,qwen2-7b,0.003145338536491059,0.01171875
decoders,linear,without_breath,9,0.3236811457340185,0.3106589228633819,9,0,0.2199567926974347,0.4850023977359595,0.3035159892337759,0.3366466898635915,llama-2-7b,qwen2-7b,1.5667258441189763e-06,0.00390625
decoders,quadratic,without_breath,9,0.17941638976231306,0.21413134979350504,8,1,-0.03638164749863645,0.3721236916309143,0.1553279770287379,0.20639114441993175,llama-2-7b,qwen2-7b,0.0031278364985184736,0.01171875
decoders,linear,without_capacity,9,0.3230567524804535,0.31045047130311787,9,0,0.2194152448895973,0.4840423984694754,0.3029335467318258,0.3360119409293105,llama-2-7b,qwen2-7b,1.5843797667798182e-06,0.00390625
decoders,quadratic,without_capacity,9,0.1792743070631454,0.21382006814019794,8,1,-0.036235912045089906,0.3718024949505822,0.15520828357721578,0.2062130844516748,llama-2-7b,qwen2-7b,0.003122618123092028,0.01171875
decoders,linear,without_career,9,0.32330771932543595,0.3104684896932365,9,0,0.2192606629031232,0.484892453958964,0.3031096274962449,0.336313601378225,llama-2-7b,qwen2-7b,1.6194177290193517e-06,0.00390625
decoders,quadratic,without_career,9,0.17948258644194318,0.21402187688971988,8,1,-0.03657476924595088,0.3724473925243071,0.1553619856816477,0.20648975590292995,llama-2-7b,qwen2-7b,0.0031406763581042605,0.01171875
decoders,linear,without_collected,9,0.32301308626545566,0.3105235825679045,9,0,0.21913432411369743,0.48413327080263274,0.30287306319830853,0.3359979315344255,llama-2-7b,qwen2-7b,1.6036272737359273e-06,0.00390625
decoders,quadratic,without_collected,9,0.1793410488371711,0.21371351750535725,8,1,-0.03687638060594602,0.37201087687154805,0.15525732033287398,0.20636822751756073,llama-2-7b,qwen2-7b,0.0031601906689326473,0.01171875
decoders,linear,without_confronted,9,0.32310907850428183,0.31056151244223024,9,0,0.21911647331904763,0.48423043736545746,0.3029689086466349,0.3361081541524361,llama-2-7b,qwen2-7b,1.588154716958038e-06,0.00390625
decoders,quadratic,without_confronted,9,0.17936445960987046,0.21415611925862182,8,1,-0.036968366666233474,0.3723628325320209,0.15523966299460165,0.20640606289438349,llama-2-7b,qwen2-7b,0.0031578537607547543,0.01171875
decoders,linear,without_connection,9,0.32299074039215947,0.31033621190114824,9,0,0.21925166556839307,0.4840288143843824,0.30286098114313165,0.3359581247451303,llama-2-7b,qwen2-7b,1.5892748853717507e-06,0.00390625
decoders,quadratic,without_connection,9,0.17918203263413435,0.2137128500767325,8,1,-0.03658162813060243,0.37176871482022283,0.15510869736087327,0.20615249022972645,llama-2-7b,qwen2-7b,0.003147649829018829,0.01171875
decoders,linear,without_cure,9,0.3236527788334944,0.3111822660952122,9,0,0.22044382835987,0.48444009565152407,0.30355436423124077,0.3365538976426975,llama-2-7b,qwen2-7b,1.5489320924761224e-06,0.00390625
decoders,quadratic,without_cure,9,0.17943638928122319,0.21433006026791854,8,1,-0.03628139149657066,0.3719193866898919,0.15537601460513958,0.20640111187844742,llama-2-7b,qwen2-7b,0.003126499119528119,0.01171875
decoders,linear,without_dance,9,0.32334877085586977,0.31088750665008846,9,0,0.21941396437689653,0.48497533140565935,0.30314545078714605,0.3363406216657414,llama-2-7b,qwen2-7b,1.6219338350456569e-06,0.00390625
decoders,quadratic,without_dance,9,0.17964808073073962,0.21359998222217808,8,1,-0.03649220122992232,0.37244739987786357,0.15554816583734915,0.2066656159758224,llama-2-7b,qwen2-7b,0.003122951794654344,0.01171875
decoders,linear,without_dead,9,0.32318154272065663,0.3106758761223308,9,0,0.21907856923344754,0.4842964901256142,0.303042174295037,0.33619441440655773,llama-2-7b,qwen2-7b,1.5982589855793665e-06,0.00390625
decoders,quadratic,without_dead,9,0.179378300118329,0.21407647323308862,8,1,-0.03702535772396175,0.3721016512276332,0.15528788122966602,0.20642875734861538,llama-2-7b,qwen2-7b,0.0031592197500948504,0.01171875
decoders,linear,without_defined,9,0.32331437553090114,0.3113010311287336,9,0,0.2194216095881723,0.48470249974790963,0.30314086000377505,0.33630097127374226,llama-2-7b,qwen2-7b,1.6117544277254834e-06,0.00390625
decoders,quadratic,without_defined,9,0.17994664346061753,0.2138446550403331,8,1,-0.03637645034975671,0.3733500509774603,0.1557712175210122,0.20698703018691433,llama-2-7b,qwen2-7b,0.003115307232083129,0.01171875
decoders,linear,without_definition,9,0.3229968701294057,0.3104735922886822,9,0,0.21925892059876895,0.48411567385985005,0.30285701966310014,0.3359641138207353,llama-2-7b,qwen2-7b,1.6004984144741664e-06,0.00390625
decoders,quadratic,without_definition,9,0.17937648272326503,0.21358851707766052,8,1,-0.03634057828167531,0.37196344947688137,0.15530311187906304,0.2063411153488826,llama-2-7b,qwen2-7b,0.0031201964235145967,0.01171875
decoders,linear,without_desire,9,0.3236238682425647,0.31103736258366604,9,0,0.22019514550144348,0.48453586802386334,0.3035098682699024,0.3365524585852049,llama-2-7b,qwen2-7b,1.558986230883069e-06,0.00390625
decoders,quadratic,without_desire,9,0.17952806783772773,0.21439272934437667,8,1,-0.036493750470941416,0.3723160358021247,0.15542957184217812,0.2065307951263114,llama-2-7b,qwen2-7b,0.0031362746332976098,0.01171875
decoders,linear,without_difficulty,9,0.32340291316638603,0.31107192813446005,9,0,0.21975165084903334,0.4842950733202673,0.3032913931471508,0.3363593209560551,llama-2-7b,qwen2-7b,1.5724555544516288e-06,0.00390625
decoders,quadratic,without_difficulty,9,0.17937136387351088,0.21405028035916474,8,1,-0.03682740265771563,0.37204490307115895,0.1552871714738049,0.2063962096899142,llama-2-7b,qwen2-7b,0.003154343351846255,0.01171875
decoders,linear,without_earlier,9,0.3230014142238513,0.31029470293422384,9,0,0.21937112041225687,0.484030231249379,0.30287281209566036,0.3359552009503006,llama-2-7b,qwen2-7b,1.5931569768126303e-06,0.00390625
decoders,quadratic,without_earlier,9,0.1792411219983968,0.21375853488741933,8,1,-0.03627090802877595,0.37177715961954405,0.15517411729575337,0.2061801257517934,llama-2-7b,qwen2-7b,0.003121864185567132,0.01171875
decoders,linear,without_effect,9,0.3231479607309397,0.3105995686650304,9,0,0.21951944941639545,0.4840714900148393,0.30303251957045224,0.33610152464525767,llama-2-7b,qwen2-7b,1.5736270007742512e-06,0.00390625
decoders,quadratic,without_effect,9,0.17928146542556156,0.21395644385432752,8,1,-0.036382415813223164,0.37174914263896963,0.15522300577388554,0.20623945058040966,llama-2-7b,qwen2-7b,0.003133209580930663,0.01171875
decoders,linear,without_emotional,9,0.32307088250624894,0.3103252687578714,9,0,0.219474492868505,0.4842124270936849,0.3029281894328195,0.3360204312109669,llama-2-7b,qwen2-7b,1.593372378289365e-06,0.00390625
decoders,quadratic,without_emotional,9,0.17922905305504552,0.2138317700207708,8,1,-0.03658789606524339,0.37183374326664553,0.15515346677859554,0.20620617169508165,llama-2-7b,qwen2-7b,0.0031486784067641916,0.01171875
decoders,linear,without_encountered,9,0.3231171701048157,0.310832656455157,9,0,0.21910344250181477,0.4840818104147279,0.3029965900660767,0.3361188860551908,llama-2-7b,qwen2-7b,1.5866724566656364e-06,0.00390625
decoders,quadratic,without_encountered,9,0.17929967358065935,0.2135600830431235,8,1,-0.03700028064420889,0.371807321929696,0.15523621753702976,0.20633716785876788,llama-2-7b,qwen2-7b,0.0031480208866197326,0.01171875
decoders,linear,without_failure,9,0.3230453275680162,0.3104316358066515,9,0,0.2192304692732351,0.4841347553265259,0.30290914909820243,0.3360221848548638,llama-2-7b,qwen2-7b,1.596697785340816e-06,0.00390625
decoders,quadratic,without_failure,9,0.17921766988895957,0.21358870615842895,8,1,-0.036549771516455096,0.37185578624311777,0.15513790534468977,0.2061886000646364,llama-2-7b,qwen2-7b,0.0031484751109761714,0.01171875
decoders,linear,without_flow,9,0.3232903039962182,0.31055414443536056,9,0,0.21991872294241524,0.4844000918194214,0.3031515805183178,0.3362117516279436,llama-2-7b,qwen2-7b,1.579629683964389e-06,0.00390625
decoders,quadratic,without_flow,9,0.17924329675436695,0.2137623979148199,8,1,-0.036365680934616514,0.3718290589773245,0.15517007647649725,0.20619441896548985,llama-2-7b,qwen2-7b,0.0031331248129809084,0.01171875
decoders,linear,without_forget,9,0.3235559786559043,0.31080258275042477,9,0,0.219747403807202,0.48444528103915674,0.30344481585799776,0.3365320505119921,llama-2-7b,qwen2-7b,1.5518409461033848e-06,0.00390625
decoders,quadratic,without_forget,9,0.17939224902785394,0.2142698514631306,8,1,-0.036444027959741006,0.37185706577879535,0.15533414693398626,0.20637178365130326,llama-2-7b,qwen2-7b,0.003133040095124862,0.01171875
decoders,linear,without_hung,9,0.3238243153646229,0.3110675751517281,9,0,0.22009403000064784,0.4852557589440421,0.3036453849171955,0.33679060103511976,llama-2-7b,qwen2-7b,1.576646377038285e-06,0.00390625
decoders,quadratic,without_hung,9,0.17953058384618636,0.21440398311268702,8,1,-0.036298426720378876,0.3721305654714393,0.1554555861430297,0.206509210167007,llama-2-7b,qwen2-7b,0.003128010489963914,0.01171875
decoders,linear,without_happened,9,0.32397023383900525,0.31140626111806924,9,0,0.2202226212059784,0.48495178276850626,0.30384754022281757,0.3369386854181336,llama-2-7b,qwen2-7b,1.5609998028634767e-06,0.00390625
decoders,quadratic,without_happened,9,0.17949777608123887,0.2145812053600661,8,1,-0.03695725889314351,0.3719431879732062,0.155442099594743,0.2065546554530367,llama-2-7b,qwen2-7b,0.003153194049861033,0.01171875
decoders,linear,without_interpreted,9,0.3232271475212737,0.31082972344033294,9,0,0.2190998787903444,0.48486368934466495,0.3030225797933498,0.3362430561126398,llama-2-7b,qwen2-7b,1.629232886442012e-06,0.00390625
decoders,quadratic,without_interpreted,9,0.1795549854888394,0.21413117816720223,8,1,-0.03703150714019078,0.3727192003228197,0.15540945863459188,0.2066282970674682,llama-2-7b,qwen2-7b,0.003165240909130043,0.01171875
decoders,linear,without_join,9,0.3231521254216775,0.3104535794693392,9,0,0.21983498885102115,0.4844742358664182,0.30298686161608485,0.33606676749300946,llama-2-7b,qwen2-7b,1.59557364015587e-06,0.00390625
decoders,quadratic,without_join,9,0.17936271194153494,0.21394761338618726,8,1,-0.03627610921755145,0.37225745544998456,0.15525086900297874,0.20631756458642073,llama-2-7b,qwen2-7b,0.0031403648912101635,0.01171875
decoders,linear,without_lack,9,0.32356401912760707,0.3109572315703021,9,0,0.22031854697115041,0.4844982499215626,0.3034472402783626,0.3364697031471642,llama-2-7b,qwen2-7b,1.558385224090429e-06,0.00390625
decoders,quadratic,without_lack,9,0.1795111226453906,0.21420519180896835,8,1,-0.036219327921202235,0.3723813907388217,0.1554023391337117,0.20647742896621468,llama-2-7b,qwen2-7b,0.003126916961760628,0.01171875
decoders,linear,without_length,9,0.3233442770633048,0.31096351365299685,9,0,0.22038887639342172,0.48422705255435533,0.30323393012692346,0.33621370214704016,llama-2-7b,qwen2-7b,1.5634119985559654e-06,0.00390625
decoders,quadratic,without_length,9,0.179540804946393,0.21379776739178655,8,1,-0.036067683024417325,0.37220697532682495,0.15545753364883896,0.20649186594274424,llama-2-7b,qwen2-7b,0.0031020297318942367,0.01171875
decoders,linear,without_likely,9,0.3236529526216525,0.31123084833244413,9,0,0.22036812719230775,0.4845727013107756,0.30353798403551213,0.33656355580032066,llama-2-7b,qwen2-7b,1.5541714372146775e-06,0.00390625
decoders,quadratic,without_likely,9,0.17957889297149768,0.21442991550020013,8,1,-0.03630300955070688,0.3723561051391694,0.1554817414505387,0.20656413078677324,llama-2-7b,qwen2-7b,0.003121454622671768,0.01171875
decoders,linear,without_liquor,9,0.32300364478317306,0.3103197864885552,9,0,0.2193189084860452,0.48405676513223517,0.30287200473954023,0.335964236820314,llama-2-7b,qwen2-7b,1.5930149791322467e-06,0.00390625
decoders,quadratic,without_liquor,9,0.1791799874081562,0.21362349937908154,8,1,-0.036537429290705886,0.3717973900789491,0.15510281207430704,0.2061446644955139,llama-2-7b,qwen2-7b,0.0031431519952199627,0.01171875
decoders,linear,without_marked,9,0.32301073332396624,0.3106218707430887,9,0,0.21933323006709515,0.4841248541865623,0.30287146821614175,0.3359704212310751,llama-2-7b,qwen2-7b,1.5946721635660104e-06,0.00390625
decoders,quadratic,without_marked,9,0.17927960435112522,0.2138823031763246,8,1,-0.0365553099716956,0.37198692887217305,0.15519118878599425,0.20625896864147783,llama-2-7b,qwen2-7b,0.003147334005224995,0.01171875
decoders,linear,without_met,9,0.3234026917897263,0.310962008799854,9,0,0.21951912768727483,0.4848318562897042,0.3032240462272291,0.33638813730253275,llama-2-7b,qwen2-7b,1.6024296172982654e-06,0.00390625
decoders,quadratic,without_met,9,0.17942773615181495,0.21381352434960307,8,1,-0.03638973580021289,0.37236813298262067,0.15531018654796425,0.20640492014581846,llama-2-7b,qwen2-7b,0.003147584655703169,0.01171875
decoders,linear,without_membership,9,0.32316985051116914,0.3110015749008466,9,0,0.21902102076341526,0.4841337980247008,0.30304935707197767,0.3361884542296384,llama-2-7b,qwen2-7b,1.6003640207465463e-06,0.00390625
decoders,quadratic,without_membership,9,0.1795415686289886,0.21434035690157185,8,1,-0.037186845835108055,0.3719323547465089,0.15549272036429856,0.20663262043700067,llama-2-7b,qwen2-7b,0.003161847047616007,0.01171875
decoders,linear,without_missed,9,0.3232068230623684,0.31090741218004064,9,0,0.21925621768920908,0.48437879712513576,0.3030603263045225,0.33620064873401334,llama-2-7b,qwen2-7b,1.6013138294658752e-06,0.00390625
decoders,quadratic,without_missed,9,0.17982976262046121,0.2144234479031689,8,1,-0.03674388492873914,0.37297145684683536,0.15568705084216444,0.20690146856411123,llama-2-7b,qwen2-7b,0.003139658896627962,0.01171875
decoders,linear,without_movement,9,0.32405647842163277,0.31116985135278963,9,0,0.2204119276253833,0.4856311550286121,0.30385964384576036,0.33701204727116396,llama-2-7b,qwen2-7b,1.5850255504065131e-06,0.00390625
decoders,quadratic,without_movement,9,0.17968280174760579,0.2145326267705122,8,1,-0.03668245315606979,0.37305831579488974,0.1555108624916953,0.20672845861056524,llama-2-7b,qwen2-7b,0.003163479877670971,0.01171875
decoders,linear,without_naturally,9,0.32305804418277007,0.31058802082780934,9,0,0.21940678423723528,0.4841613809972948,0.30292012708095445,0.3360144516759619,llama-2-7b,qwen2-7b,1.592576617288206e-06,0.00390625
decoders,quadratic,without_naturally,9,0.1795364166150824,0.21387576061055866,8,1,-0.0360988516860913,0.37209093010404004,0.15546710242896272,0.20649082515272912,llama-2-7b,qwen2-7b,0.0031093036968315104,0.01171875
decoders,linear,without_neighborhood,9,0.3233440666676578,0.31144216235480593,9,0,0.2192610690867833,0.48455739178499474,0.3031924010279907,0.33635444136526715,llama-2-7b,qwen2-7b,1.61039504444797e-06,0.00390625
decoders,quadratic,without_neighborhood,9,0.1795858668822622,0.21380532145830694,8,1,-0.0366752403166387,0.3724393501170405,0.1554791814779149,0.2066185052821248,llama-2-7b,qwen2-7b,0.0031211038406447423,0.01171875
decoders,linear,without_occurred,9,0.3232017973038752,0.3109504614004562,9,0,0.21943876404095158,0.4844346398001593,0.3030476919918397,0.3361721764617407,llama-2-7b,qwen2-7b,1.6050549169727818e-06,0.00390625
decoders,quadratic,without_occurred,9,0.17954978344217687,0.21364346646552884,8,1,-0.03655236634057715,0.3727325364515878,0.1554019393160005,0.20656255216502112,llama-2-7b,qwen2-7b,0.00314622487643513,0.01171875
decoders,linear,without_official,9,0.3231724372316205,0.3104224565827681,9,0,0.22007181641601442,0.4841154157104251,0.30305456492176985,0.33606001483357123,llama-2-7b,qwen2-7b,1.5639489590551385e-06,0.00390625
decoders,quadratic,without_official,9,0.17935194279623348,0.2140684139464783,8,1,-0.03619948199995592,0.371963654111391,0.1552754788818388,0.20629587089575716,llama-2-7b,qwen2-7b,0.003133323877454936,0.01171875
decoders,linear,without_outside,9,0.323274173182197,0.3106254402391586,9,0,0.2197245828617938,0.48414715713225515,0.3031650501884397,0.33621787197224734,llama-2-7b,qwen2-7b,1.567925183800039e-06,0.00390625
decoders,quadratic,without_outside,9,0.1792917764755698,0.2138963143932135,8,1,-0.03659679614459524,0.37183295844403985,0.15522412872951102,0.2062778480530904,llama-2-7b,qwen2-7b,0.0031402945294472058,0.01171875
decoders,linear,without_pair,9,0.3236575825772926,0.3111000247621844,9,0,0.21994674111620102,0.48487134544177857,0.30350586221923187,0.33662143775992903,llama-2-7b,qwen2-7b,1.5965633244071495e-06,0.00390625
decoders,quadratic,without_pair,9,0.1796546837165739,0.21384190433652522,8,1,-0.03651056657926306,0.37282482480416257,0.15550841608062532,0.20667534000355353,llama-2-7b,qwen2-7b,0.0031410458672043937,0.01171875
decoders,linear,without_persuaded,9,0.3234047880761264,0.3106762825436121,9,0,0.2190951190490447,0.48508780685185815,0.3031944107291599,0.33644349670451157,llama-2-7b,qwen2-7b,1.6269526299327042e-06,0.00390625
decoders,quadratic,without_persuaded,9,0.1795339588408663,0.21353290858210439,8,1,-0.03701999842006685,0.37296374234112156,0.15535523590333433,0.20660320349848288,llama-2-7b,qwen2-7b,0.0031720947709994417,0.01171875
decoders,linear,without_philosophy,9,0.32349335959306624,0.31071474564312507,9,0,0.22028190616318133,0.48472125362343466,0.30333987283927016,0.33639479127180183,llama-2-7b,qwen2-7b,1.5720562802255894e-06,0.00390625
decoders,quadratic,without_philosophy,9,0.17947734358170392,0.21380938970702412,8,1,-0.03607445961191193,0.3722145284450746,0.15538519547378257,0.20642131898090588,llama-2-7b,qwen2-7b,0.003113007379160121,0.01171875
decoders,linear,without_potential,9,0.3231455608257875,0.31027549723355563,9,0,0.2199325199518728,0.48407827785129176,0.3030289711975994,0.3360471909350268,llama-2-7b,qwen2-7b,1.5767207528561574e-06,0.00390625
decoders,quadratic,without_potential,9,0.1793165684872137,0.21368726969842913,8,1,-0.0360787245373264,0.3718586363919508,0.1552488099991216,0.20624098011528125,llama-2-7b,qwen2-7b,0.003116335833462082,0.01171875
decoders,linear,without_prefer,9,0.32406998256196917,0.3118800188738858,9,0,0.22003168806856,0.48549591243010554,0.30389174132845215,0.33707476937364533,llama-2-7b,qwen2-7b,1.5872090936103024e-06,0.00390625
decoders,quadratic,without_prefer,9,0.17964075016878941,0.21448140478057123,8,1,-0.0370235401373355,0.3725494529729041,0.15552716231827507,0.20672378645705503,llama-2-7b,qwen2-7b,0.0031608303898350214,0.01171875
decoders,linear,without_price,9,0.32323869082856826,0.310913218912514,9,0,0.21904871940392726,0.4845145018340897,0.3030792144528781,0.3362624372566484,llama-2-7b,qwen2-7b,1.6133886823946374e-06,0.00390625
decoders,quadratic,without_price,9,0.17940043822689167,0.21397181165478135,8,1,-0.03720828430844456,0.37221885764132123,0.15529813580008797,0.2064765285438087,llama-2-7b,qwen2-7b,0.0031720780299746274,0.01171875
decoders,linear,without_proof,9,0.32302873983887753,0.3104879845154114,9,0,0.2193869994842561,0.4840789391172069,0.3028974649290864,0.33598395738320525,llama-2-7b,qwen2-7b,1.5951248009607973e-06,0.00390625
decoders,quadratic,without_proof,9,0.17922797144026872,0.2137421798072395,8,1,-0.036629734875292,0.3718722244118423,0.155147439818822,0.2062101847297138,llama-2-7b,qwen2-7b,0.003144020783209707,0.01171875
decoders,linear,without_proved,9,0.3238514217165527,0.31144794253962466,9,0,0.22018446211009654,0.4850048462386804,0.3037072436512867,0.3368097916673597,llama-2-7b,qwen2-7b,1.568489034953791e-06,0.00390625
decoders,quadratic,without_proved,9,0.17956471229274798,0.21405440498906592,8,1,-0.036749848533136044,0.37243143690304337,0.15545637171646104,0.2066040323959835,llama-2-7b,qwen2-7b,0.0031465684054037264,0.01171875
decoders,linear,without_refused,9,0.3231091061284192,0.3106879603893903,9,0,0.21908584210981877,0.4845038655029669,0.3029347612066007,0.3361120141307442,llama-2-7b,qwen2-7b,1.618545137909304e-06,0.00390625
decoders,quadratic,without_refused,9,0.17940592340618744,0.21373891737728457,8,1,-0.036976664046918545,0.3720593576379243,0.15532424412722035,0.20645374683782572,llama-2-7b,qwen2-7b,0.003154096229988102,0.01171875
decoders,linear,without_remained,9,0.3233873893612405,0.31145689159882844,9,0,0.21948017715058982,0.4847171453692933,0.3032211698602339,0.33637579088757186,llama-2-7b,qwen2-7b,1.600162544146771e-06,0.00390625
decoders,quadratic,without_remained,9,0.17946393217845394,0.2141267936395946,8,1,-0.037122487625954666,0.3726776932223333,0.15531221204796902,0.20653723465400503,llama-2-7b,qwen2-7b,0.003176392828123149,0.01171875
decoders,linear,without_ran,9,0.32309024675624126,0.3109980056611657,9,0,0.21908100862470753,0.4842894908939751,0.3029403412390246,0.336091401522683,llama-2-7b,qwen2-7b,1.6116422143216826e-06,0.00390625
decoders,quadratic,without_ran,9,0.17954058251588303,0.21385326072792082,8,1,-0.03699661898729245,0.37245768755630726,0.15542594438583002,0.20660773270378,llama-2-7b,qwen2-7b,0.0031585165876711445,0.01171875
decoders,linear,without_rural,9,0.32316309762338086,0.3111161447015121,9,0,0.21951802262696507,0.48427108416665154,0.303024599305472,0.33611873199793285,llama-2-7b,qwen2-7b,1.596535183873908e-06,0.00390625
decoders,quadratic,without_rural,9,0.17964475596933135,0.21412612699251238,8,1,-0.03619438657733539,0.3725145454992462,0.15553603227809198,0.20662464878766468,llama-2-7b,qwen2-7b,0.0031060914708542177,0.01171875
decoders,linear,without_sense,9,0.3233711693667638,0.3107795566679316,9,0,0.219682501839249,0.48477503777873376,0.30319568581526746,0.3363322528077031,llama-2-7b,qwen2-7b,1.5980469229745592e-06,0.00390625
decoders,quadratic,without_sense,9,0.17947865486248896,0.21425422562186466,8,1,-0.03633661515633189,0.37233746051047,0.15537130415649128,0.20645556361484155,llama-2-7b,qwen2-7b,0.003130410731190822,0.01171875
decoders,linear,without_series,9,0.3234258072238252,0.3105741003776392,9,0,0.2203777776464568,0.48421239900739316,0.3033274832508791,0.3363068109209962,llama-2-7b,qwen2-7b,1.5458532649590852e-06,0.00390625
decoders,quadratic,without_series,9,0.17929253025436506,0.21399635634387126,8,1,-0.03624741919632716,0.3719200845582809,0.1552140859663756,0.2062350239357016,llama-2-7b,qwen2-7b,0.0031369733327989225,0.01171875
decoders,linear,without_shouting,9,0.3239137953052374,0.3111515373339816,9,0,0.2201086895014746,0.4853908701691505,0.30372916094724833,0.33688943353070777,llama-2-7b,qwen2-7b,1.587051124773539e-06,0.00390625
decoders,quadratic,without_shouting,9,0.1795377381192934,0.21442695228911038,8,1,-0.037018357276104384,0.3727372068484259,0.15538780452815187,0.20660725004371816,llama-2-7b,qwen2-7b,0.0031669718558445204,0.01171875
decoders,linear,without_shut,9,0.3233597274803668,0.3107120466731707,9,0,0.21984083156936962,0.48450531701699395,0.30321652878828836,0.3362995894692414,llama-2-7b,qwen2-7b,1.5827930207234138e-06,0.00390625
decoders,quadratic,without_shut,9,0.17931186187900497,0.21396192773484615,8,1,-0.03662912584764494,0.37202584191917054,0.15522261437398427,0.2063044853448362,llama-2-7b,qwen2-7b,0.003149479325919849,0.01171875
decoders,linear,without_situation,9,0.3239977043029391,0.3111351561429694,9,0,0.21990429039101253,0.48520377475841564,0.30384694549600455,0.3370093810419299,llama-2-7b,qwen2-7b,1.5689343567212986e-06,0.00390625
decoders,quadratic,without_situation,9,0.1798402032612857,0.21483714830508807,8,1,-0.03697338627076167,0.3726487792141388,0.15573913126717903,0.2069419019527916,llama-2-7b,qwen2-7b,0.0031234461635475845,0.01171875
decoders,linear,without_social,9,0.32373257336347516,0.31099232889569794,9,0,0.2194020566801742,0.4857350365967716,0.30348226545931306,0.33677388794888774,llama-2-7b,qwen2-7b,1.6426344456981191e-06,0.00390625
decoders,quadratic,without_social,9,0.17983201275204996,0.21447398613344376,8,1,-0.03652125917160858,0.3733077135146167,0.15564755015672907,0.20687617174250725,llama-2-7b,qwen2-7b,0.003149328033148538,0.01171875
decoders,linear,without_source,9,0.3231816375714369,0.3112956005260876,9,0,0.2194621679913755,0.48420765690178813,0.303053385155143,0.33614657126894465,llama-2-7b,qwen2-7b,1.5918362927903028e-06,0.00390625
decoders,quadratic,without_source,9,0.17955717089903128,0.21395561469749888,8,1,-0.03617953583694977,0.372116996801793,0.15548719266118605,0.2065242592410289,llama-2-7b,qwen2-7b,0.0031096826086376267,0.01171875
decoders,linear,without_spent,9,0.32301758970804884,0.31057704148427046,9,0,0.21930032892857562,0.4840698006305052,0.30288606334274176,0.335982247305483,llama-2-7b,qwen2-7b,1.5927886993790187e-06,0.00390625
decoders,quadratic,without_spent,9,0.1793359520056382,0.21381399029995743,8,1,-0.03651611645049853,0.3718494088435076,0.15527176990090452,0.2063174605626553,llama-2-7b,qwen2-7b,0.0031295485542185797,0.01171875
decoders,linear,without_step,9,0.32333150768666147,0.31079000469499546,9,0,0.22005819712908414,0.48412695876604633,0.30323207630173843,0.3362406715063587,llama-2-7b,qwen2-7b,1.551425164023448e-06,0.00390625
decoders,quadratic,without_step,9,0.17936379793437157,0.21408585477806427,8,1,-0.03623443266105365,0.37178428266417424,0.15531123734314625,0.20631357675879974,llama-2-7b,qwen2-7b,0.003121540476392523,0.01171875
decoders,linear,without_straight,9,0.3235099272752224,0.31064892258744853,9,0,0.22012288829432236,0.4844853560651403,0.3033879986764827,0.3364333071478349,llama-2-7b,qwen2-7b,1.5764312657795207e-06,0.00390625
decoders,quadratic,without_straight,9,0.17946051837071528,0.21397078933106778,8,1,-0.0368280018744156,0.37221263305636165,0.15536650403500943,0.2064965834013566,llama-2-7b,qwen2-7b,0.003172786327673967,0.01171875
decoders,linear,without_stress,9,0.32294720424792356,0.31044476254891895,9,0,0.219210553248889,0.48404389823378174,0.3028101174996912,0.33591428562280284,llama-2-7b,qwen2-7b,1.6043638133103552e-06,0.00390625
decoders,quadratic,without_stress,9,0.17921832679924568,0.21357473476049818,8,1,-0.0364976325625691,0.3717537812685914,0.15515139499057748,0.20618282171947253,llama-2-7b,qwen2-7b,0.0031415918421056612,0.01171875
decoders,linear,without_suffered,9,0.32306247420410233,0.31078381063698096,9,0,0.21955252964328278,0.4841790339187713,0.30292290423976875,0.3360012172742048,llama-2-7b,qwen2-7b,1.5976535471342186e-06,0.00390625
decoders,quadratic,without_suffered,9,0.179367042837026,0.21371390537709825,8,1,-0.03642874237575967,0.372066566989063,0.15527960231802138,0.2063415159886242,llama-2-7b,qwen2-7b,0.0031370376761104993,0.01171875
decoders,linear,without_swung,9,0.32291199571516926,0.31017118079244543,9,0,0.21928206341380743,0.48408582340919676,0.3027652672534158,0.3358657372528395,llama-2-7b,qwen2-7b,1.602105997167285e-06,0.00390625
decoders,quadratic,without_swung,9,0.17903452729051367,0.21378634346092976,8,1,-0.036867015101406386,0.3718710894638185,0.1549299570188506,0.2060222200895037,llama-2-7b,qwen2-7b,0.0031914929426282625,0.01171875
decoders,linear,without_talk,9,0.32392764683064984,0.3109824732011451,9,0,0.22056799084676063,0.48514223159776165,0.30377582373476086,0.336847603828636,llama-2-7b,qwen2-7b,1.5659594311658603e-06,0.00390625
decoders,quadratic,without_talk,9,0.17971797563933917,0.21430713989726424,8,1,-0.036039680072241245,0.372973922541853,0.15556098227652493,0.20668768260328674,llama-2-7b,qwen2-7b,0.0031305529784413223,0.01171875
decoders,linear,without_think,9,0.32396155647776487,0.3113706888268434,9,0,0.2203571695633234,0.48564852428657307,0.30375068550166384,0.33691210484207,llama-2-7b,qwen2-7b,1.6017316643449888e-06,0.00390625
decoders,quadratic,without_think,9,0.17985921608293143,0.2141507778975877,8,1,-0.03625170981027789,0.3733206902903106,0.15567653180700902,0.2068730818195826,llama-2-7b,qwen2-7b,0.0031400653677618262,0.01171875
decoders,linear,without_threatened,9,0.3230932921390765,0.31052192135741247,9,0,0.21938939272832836,0.48408604497807606,0.3029691980342015,0.33605627956542006,llama-2-7b,qwen2-7b,1.5896625259869557e-06,0.00390625
decoders,quadratic,without_threatened,9,0.1794364423373792,0.21386630186552366,8,1,-0.03631883262029737,0.37189589334826084,0.15537901096101897,0.20640585170708875,llama-2-7b,qwen2-7b,0.003120755430900715,0.01171875
decoders,linear,without_title,9,0.32314439354151686,0.31035495470128593,9,0,0.21980220724304478,0.4841863086107118,0.3030141541578675,0.33606216682882584,llama-2-7b,qwen2-7b,1.5751285399343564e-06,0.00390625
decoders,quadratic,without_title,9,0.17932307566814976,0.21378521539498377,8,1,-0.03621159953231118,0.3719244556714701,0.1552479031677347,0.20626491006820735,llama-2-7b,qwen2-7b,0.003121946069381091,0.01171875
decoders,linear,without_touch,9,0.32364768529172677,0.31089006569293753,9,0,0.22035698010591948,0.48476169698569876,0.3035084338299803,0.3365590234399527,llama-2-7b,qwen2-7b,1.5672265649166896e-06,0.00390625
decoders,quadratic,without_touch,9,0.17941882991106012,0.21419587068282125,8,1,-0.03615758700243584,0.3720001393756019,0.1553461662279924,0.2063658820252471,llama-2-7b,qwen2-7b,0.0031208804002873024,0.01171875
decoders,linear,without_tradition,9,0.32305300812342025,0.3107719390454495,9,0,0.21907638214176814,0.48409146416497684,0.3029232011182257,0.33605008637112677,llama-2-7b,qwen2-7b,1.5991057903240703e-06,0.00390625
decoders,quadratic,without_tradition,9,0.1794023865103427,0.21391850291004508,8,1,-0.037053528332734544,0.37186767796434944,0.15534422507859189,0.20645937586572738,llama-2-7b,qwen2-7b,0.003143571493483661,0.01171875
decoders,linear,without_truth,9,0.3231019371966555,0.3107997877964712,9,0,0.21912303514702852,0.4840345108965833,0.30298536548416444,0.3360992999528588,llama-2-7b,qwen2-7b,1.59660213702039e-06,0.00390625
decoders,quadratic,without_truth,9,0.17944262026191526,0.2138167926370089,8,1,-0.03697581318135018,0.37178186197846014,0.15540021504734716,0.20649492444232342,llama-2-7b,qwen2-7b,0.003144108366382256,0.01171875
decoders,linear,without_value,9,0.3230552345303155,0.31024335853248974,9,0,0.21945417631442543,0.48425227683313105,0.3029056042424635,0.33600536680730175,llama-2-7b,qwen2-7b,1.5953502725165057e-06,0.00390625
decoders,quadratic,without_value,9,0.1792758469090886,0.21381022031119928,8,1,-0.036246532366667125,0.3719467234550254,0.15519198734084652,0.2062161443185581,llama-2-7b,qwen2-7b,0.003134812258916013,0.01171875
decoders,linear,without_variety,9,0.323074244079665,0.31083759540623673,9,0,0.21916993147132494,0.4840409947574949,0.3029534002449363,0.3360622831557075,llama-2-7b,qwen2-7b,1.599203319069448e-06,0.00390625
decoders,quadratic,without_variety,9,0.1793149954106411,0.21358939661269793,8,1,-0.03688982190952871,0.3717904447618771,0.15525556424173664,0.20634059757566237,llama-2-7b,qwen2-7b,0.003150586180780153,0.01171875
decoders,linear,without_vary,9,0.32349904834718113,0.311442353403466,9,0,0.21932126461668391,0.4844398063895903,0.3033814535918799,0.3365212713134932,llama-2-7b,qwen2-7b,1.5822542262447032e-06,0.00390625
decoders,quadratic,without_vary,9,0.17974179988009423,0.21449953845263534,8,1,-0.036988109233631945,0.3725390133444096,0.15564214819705482,0.20683303851931,llama-2-7b,qwen2-7b,0.0031500672646980546,0.01171875
decoders,linear,without_view,9,0.32363120241393345,0.31096950348686186,9,0,0.22040311943625904,0.48466292636687525,0.30350223691981576,0.3365347127861428,llama-2-7b,qwen2-7b,1.5643580440078787e-06,0.00390625
decoders,quadratic,without_view,9,0.17952307231779818,0.21421560528645633,8,1,-0.03617427080576862,0.37235794430856134,0.15541871331895277,0.20648524020824402,llama-2-7b,qwen2-7b,0.003125592731254888,0.01171875
decoders,linear,without_warm,9,0.3232736558328459,0.3106909123595309,9,0,0.2196718936141883,0.4846160072611748,0.30310586190430483,0.3362238761101781,llama-2-7b,qwen2-7b,1.6024803356028749e-06,0.00390625
decoders,quadratic,without_warm,9,0.17958969917649875,0.214104359016953,8,1,-0.036190614050086625,0.37271614577982437,0.15544889335108303,0.20656223832982193,llama-2-7b,qwen2-7b,0.0031268557305418406,0.01171875
decoders,linear,without_wrote,9,0.32297466330922053,0.3105564885937756,9,0,0.21904624665372416,0.48423261265657586,0.3028174196408011,0.3359657153911576,llama-2-7b,qwen2-7b,1.6140603750949739e-06,0.00390625
decoders,quadratic,without_wrote,9,0.17920264917313292,0.21354459275034393,8,1,-0.03719579805297048,0.3720618376627004,0.15509525061193696,0.20625245507639584,llama-2-7b,qwen2-7b,0.00317771926861551,0.01171875
decoders,linear,without_ability,9,0.32323183756910645,0.311130259181709,9,0,0.22005685108878756,0.48418100857597046,0.3031131911932484,0.3361287108791463,llama-2-7b,qwen2-7b,1.5747494332692243e-06,0.00390625
decoders,quadratic,without_ability,9,0.17941153528172105,0.2138424199482065,8,1,-0.036443161459701695,0.3719035806877553,0.15535002960596675,0.20639337237439886,llama-2-7b,qwen2-7b,0.0031114066359185216,0.01171875
decoders,linear,without_absence,9,0.3232164181377611,0.31046019736400815,9,0,0.2199698320023153,0.4842009137752723,0.3030933561830722,0.3361222414046918,llama-2-7b,qwen2-7b,1.5676004732369392e-06,0.00390625
decoders,quadratic,without_absence,9,0.1795406274031245,0.2138970018549304,8,1,-0.03596872467711692,0.37211399007332413,0.15546895706934952,0.20647929641315466,llama-2-7b,qwen2-7b,0.0031068591571685356,0.01171875
decoders,linear,without_accomplished,9,0.32338934676931824,0.31102991823984066,9,0,0.21924693551771882,0.48454793891084585,0.3032445227516273,0.3364071481757681,llama-2-7b,qwen2-7b,1.6067115262942289e-06,0.00390625
decoders,quadratic,without_accomplished,9,0.1796315527115979,0.21404868850970962,8,1,-0.03672167024890908,0.3727344148868372,0.155493694939693,0.20667570558166126,llama-2-7b,qwen2-7b,0.003152015732414188,0.01171875
decoders,linear,without_activity,9,0.3230642687425377,0.31030861761520945,9,0,0.21949971168543567,0.4840623224834064,0.3029395120249291,0.33600983837467546,llama-2-7b,qwen2-7b,1.5782592954833166e-06,0.00390625
decoders,quadratic,without_activity,9,0.1792047672107471,0.21370781413275602,8,1,-0.036313209210039187,0.3717279308100909,0.15513937176082915,0.2061445142633454,llama-2-7b,qwen2-7b,0.003137428598875209,0.01171875
decoders,linear,without_advertising,9,0.32332025673433534,0.3104175245694113,9,0,0.22016640712020252,0.48431397044941943,0.30319604251994986,0.336214487936102,llama-2-7b,qwen2-7b,1.5648068139203793e-06,0.00390625
decoders,quadratic,without_advertising,9,0.17958442192965263,0.21400657519679042,8,1,-0.03590904084049013,0.3724148770743788,0.15548061503656185,0.20652110477592045,llama-2-7b,qwen2-7b,0.0031073851537417,0.01171875
decoders,linear,without_advised,9,0.3230899850370903,0.3107422952084258,9,0,0.2191095921822857,0.48431736999896435,0.30293656191685614,0.33608753414394094,llama-2-7b,qwen2-7b,1.603353334478631e-06,0.00390625
decoders,quadratic,without_advised,9,0.17952517596780002,0.2140985170694493,8,1,-0.03689571484358361,0.37240874860083045,0.1554147293886712,0.20657778731922297,llama-2-7b,qwen2-7b,0.003149062587642835,0.01171875
decoders,linear,without_affect,9,0.32381350555135974,0.31151446357472834,9,0,0.2201918986124131,0.4850878634690231,0.3036542108116518,0.336766206418728,llama-2-7b,qwen2-7b,1.5786185200362963e-06,0.00390625
decoders,quadratic,without_affect,9,0.17962039576688196,0.2144958945401436,8,1,-0.03696645482675464,0.3726947785669613,0.15548609791687204,0.20669375209108654,llama-2-7b,qwen2-7b,0.003158144920331212,0.01171875
decoders,linear,without_answer,9,0.3234194367106704,0.31096717866711887,9,0,0.21937524032760086,0.48444051279326306,0.30329180220034635,0.33642496125855414,llama-2-7b,qwen2-7b,1.575830218474234e-06,0.00390625
decoders,quadratic,without_answer,9,0.17945027555211734,0.21438387740317782,8,1,-0.03692932951584941,0.37218634475065393,0.15535826690230023,0.20649772618561318,llama-2-7b,qwen2-7b,0.0031623947674278663,0.01171875
decoders,linear,without_appointed,9,0.3231177802562474,0.31069511658130927,9,0,0.22001728636195975,0.48404628162110697,0.30300171758563993,0.33600534199303334,llama-2-7b,qwen2-7b,1.5703190983410888e-06,0.00390625
decoders,quadratic,without_appointed,9,0.17931053212053663,0.2137727650659735,8,1,-0.03624805993645001,0.3717755328553556,0.15525240702868426,0.20625535612765997,llama-2-7b,qwen2-7b,0.003121031287599907,0.01171875
decoders,linear,without_arc,9,0.32299649579815937,0.31037865251672847,9,0,0.21938070731199275,0.48414659311365316,0.30285273363372256,0.33594846935893014,llama-2-7b,qwen2-7b,1.597587305345721e-06,0.00390625
decoders,quadratic,without_arc,9,0.1792407155170913,0.21367306985440274,8,1,-0.03638673074827892,0.37192547436832507,0.1551551206606871,0.20619414630026262,llama-2-7b,qwen2-7b,0.0031464915721157696,0.01171875
decoders,linear,without_assumed,9,0.32349536047086586,0.3109748809612717,9,0,0.22004355307117232,0.4843946011292002,0.30338295538857407,0.3364268363958275,llama-2-7b,qwen2-7b,1.5643906242622483e-06,0.00390625
decoders,quadratic,without_assumed,9,0.1794615468795723,0.2140910141257589,8,1,-0.036283727138941776,0.37221697163393946,0.15536711878527643,0.2064297061318866,llama-2-7b,qwen2-7b,0.0031241086792088823,0.01171875
decoders,linear,without_atmosphere,9,0.3230155954492305,0.31041739292564663,9,0,0.21947271126289217,0.48401270774471267,0.30289095641229524,0.3359584559725228,llama-2-7b,qwen2-7b,1.5845733780683607e-06,0.00390625
decoders,quadratic,without_atmosphere,9,0.17929549509529655,0.21383219151665664,8,1,-0.036244701079677706,0.3717345830604523,0.15524060909965207,0.2062380196171683,llama-2-7b,qwen2-7b,0.003123014361038002,0.01171875
decoders,linear,without_attempt,9,0.32360128600780336,0.31113404196469907,9,0,0.21971926034147338,0.4846651393378738,0.30346830434154454,0.3365865392160946,llama-2-7b,qwen2-7b,1.5809741708635686e-06,0.00390625
decoders,quadratic,without_attempt,9,0.17962477418752393,0.21449760892365088,8,1,-0.03659429243452937,0.3725289924735004,0.15551174690177683,0.20665215751528054,llama-2-7b,qwen2-7b,0.003132417160017814,0.01171875
decoders,linear,without_author,9,0.3231137777707523,0.3107694361309691,9,0,0.21907583986564533,0.48425579991212586,0.3029710250030806,0.33611852000889064,llama-2-7b,qwen2-7b,1.6075163576071837e-06,0.00390625
decoders,quadratic,without_author,9,0.17953900240597745,0.21382822420692293,8,1,-0.03705192725752449,0.37239764136492853,0.15543167253610857,0.2066128686139152,llama-2-7b,qwen2-7b,0.0031595094615379303,0.01171875
decoders,linear,without_battle,9,0.3233092147804767,0.3111121693324169,9,0,0.2191955225157043,0.48498455761508796,0.3030997969261502,0.33632342631357315,llama-2-7b,qwen2-7b,1.6271844733010077e-06,0.00390625
decoders,quadratic,without_battle,9,0.17955237786092954,0.21362843092404954,8,1,-0.03679151564872213,0.37272924405935987,0.15540526958612574,0.206595364549636,llama-2-7b,qwen2-7b,0.003146666096473808,0.01171875
decoders,linear,without_bill,9,0.3230461051966789,0.31034747262606116,9,0,0.21950737602215345,0.4840757119963059,0.30291740434672554,0.33598844634349456,llama-2-7b,qwen2-7b,1.5857999757087071e-06,0.00390625
decoders,quadratic,without_bill,9,0.17918304814304414,0.21374877697285938,8,1,-0.036664101929466196,0.37184686434618014,0.15510007111765217,0.20616394190210796,llama-2-7b,qwen2-7b,0.003156569057775564,0.01171875
decoders,linear,without_body,9,0.3229305139297537,0.3102134388895844,9,0,0.2193460178045741,0.48404219552149064,0.3027915537307866,0.33587857594540116,llama-2-7b,qwen2-7b,1.5961486977262655e-06,0.00390625
decoders,quadratic,without_body,9,0.17912274165207492,0.21364862538187684,8,1,-0.0364575858693822,0.37167849703359707,0.15505327222938467,0.20607028259225707,llama-2-7b,qwen2-7b,0.0031429218970738526,0.01171875
decoders,linear,without_cast,9,0.3230687037132569,0.3103893135061843,9,0,0.21957365187496627,0.4841826085129298,0.3029294656132978,0.33600558519304324,llama-2-7b,qwen2-7b,1.5911270488851454e-06,0.00390625
decoders,quadratic,without_cast,9,0.17926319763081422,0.21371804074937048,8,1,-0.03623611212009522,0.37182326807377974,0.15519318882544356,0.2062006113496779,llama-2-7b,qwen2-7b,0.0031298329547638734,0.01171875
decoders,linear,without_certain,9,0.32317152986416975,0.31069616567884806,9,0,0.21939878775901914,0.48423299400387115,0.30303884684670707,0.3361431226273136,llama-2-7b,qwen2-7b,1.591302103234325e-06,0.00390625
decoders,quadratic,without_certain,9,0.17930510020460552,0.2138100846051304,8,1,-0.036747084688975876,0.37208921218020313,0.15520708620765583,0.2063116233163032,llama-2-7b,qwen2-7b,0.0031540825090046465,0.01171875
decoders,linear,without_closed,9,0.3230799128427633,0.31055558107338205,9,0,0.2197124691969547,0.48405464680879834,0.3029580710970088,0.3360008432984893,llama-2-7b,qwen2-7b,1.5800484260106229e-06,0.00390625
decoders,quadratic,without_closed,9,0.17928240181737495,0.21373923733737565,8,1,-0.03621535999560934,0.3718213275191888,0.1552150361046482,0.20621962204399796,llama-2-7b,qwen2-7b,0.003117099197337588,0.01171875
decoders,linear,without_comparison,9,0.3230032838045258,0.310557377364432,9,0,0.21915320920692608,0.48408089081631345,0.30286858292805235,0.33598454312922577,llama-2-7b,qwen2-7b,1.6004222013637205e-06,0.00390625
decoders,quadratic,without_comparison,9,0.17931399596143838,0.21370434542582237,8,1,-0.03679719974220372,0.37188108892634325,0.15524310934082525,0.20632789542439361,llama-2-7b,qwen2-7b,0.003139291343235113,0.01171875
decoders,linear,without_concluded,9,0.32322783554371914,0.31070917785501045,9,0,0.2194318650011197,0.48423863571943365,0.30310148552175487,0.3362023318615441,llama-2-7b,qwen2-7b,1.591418656191007e-06,0.00390625
decoders,quadratic,without_concluded,9,0.1796492895662553,0.21408413822896483,8,1,-0.036440086204192895,0.3723337285052375,0.15556373469888254,0.20666046153756135,llama-2-7b,qwen2-7b,0.003116947790006221,0.01171875
decoders,linear,without_conditions,9,0.3230192976054275,0.3103553971738446,9,0,0.21944613531956333,0.4840095646708156,0.302895514222254,0.33596594289116055,llama-2-7b,qwen2-7b,1.5823332198508063e-06,0.00390625
decoders,quadratic,without_conditions,9,0.17919427161625326,0.21387756251799117,8,1,-0.03651635559504691,0.3717312428510359,0.15512715021190543,0.2061581000176658,llama-2-7b,qwen2-7b,0.003144274911938001,0.01171875
decoders,linear,without_confidence,9,0.323660211855157,0.3116093547584957,9,0,0.21963999683900223,0.4847760545616641,0.30352073151684356,0.33666273873217634,llama-2-7b,qwen2-7b,1.5953665388077844e-06,0.00390625
decoders,quadratic,without_confidence,9,0.17983845808499999,0.21417774896518574,8,1,-0.036796982514668994,0.37284903671119835,0.15571213575672516,0.20691788815995857,llama-2-7b,qwen2-7b,0.0031282163921002018,0.01171875
decoders,linear,without_confusion,9,0.32321217438793054,0.3109519995865254,9,0,0.21921343918372338,0.48455895017531914,0.30304382741450697,0.33621201628845643,llama-2-7b,qwen2-7b,1.606207538978982e-06,0.00390625
decoders,quadratic,without_confusion,9,0.17938332699437692,0.21403690116668894,8,1,-0.03692380831384898,0.3723720611768125,0.15525973522157246,0.20642171890790514,llama-2-7b,qwen2-7b,0.0031594784514378063,0.01171875
decoders,linear,without_contained,9,0.3230973345872663,0.3110566887930586,9,0,0.2196225357134833,0.48418549566696256,0.30296131445230423,0.3360316844464891,llama-2-7b,qwen2-7b,1.5960604546102936e-06,0.00390625
decoders,quadratic,without_contained,9,0.1792572767273185,0.21367617371360137,8,1,-0.0370211367954606,0.37208567094173817,0.15515372745051606,0.2062920784176659,llama-2-7b,qwen2-7b,0.0031755904050628945,0.01171875
decoders,linear,without_demand,9,0.32336296079014787,0.3109390690215925,9,0,0.21982041170258457,0.4842938275210184,0.303246602448789,0.33630577942609324,llama-2-7b,qwen2-7b,1.5694713844434359e-06,0.00390625
decoders,quadratic,without_demand,9,0.17950232800488894,0.21422733403714508,8,1,-0.03651828228319867,0.37219715288778904,0.1554154748945264,0.20650490429089988,llama-2-7b,qwen2-7b,0.003141057927103137,0.01171875
decoders,linear,without_depth,9,0.32300099468961574,0.3105862935269137,9,0,0.21915387411238513,0.48408411348396735,0.3028656048403218,0.3359818847617696,llama-2-7b,qwen2-7b,1.600111063591425e-06,0.00390625
decoders,quadratic,without_depth,9,0.1794073307357895,0.21368530360729793,8,1,-0.036661815220384454,0.37185731834300395,0.1553510822848877,0.20641597398031125,llama-2-7b,qwen2-7b,0.003133492754586012,0.01171875
decoders,linear,without_determined,9,0.3230597583501938,0.3109444564682736,9,0,0.2190809662550391,0.48426744060035526,0.30290879806892357,0.3360571073620881,llama-2-7b,qwen2-7b,1.6112308525970365e-06,0.00390625
decoders,quadratic,without_determined,9,0.17945560537856894,0.21362820142173114,8,1,-0.037016544860090726,0.37235381372257104,0.15534332933556871,0.2065146241584014,llama-2-7b,qwen2-7b,0.0031619861770251514,0.01171875
decoders,linear,without_die,9,0.32299981289919416,0.3104285871978221,9,0,0.21922811004820897,0.484075153506596,0.30286539532326895,0.3359712757555673,llama-2-7b,qwen2-7b,1.6001836363708866e-06,0.00390625
decoders,quadratic,without_die,9,0.1792090815118857,0.21370971893327292,8,1,-0.03672675563130405,0.3718558789883025,0.1551282318273336,0.2062010611547844,llama-2-7b,qwen2-7b,0.0031543725859913695,0.01171875
decoders,linear,without_director,9,0.32317323107345025,0.31038377113138726,9,0,0.21945855532534844,0.48424208497788107,0.30303962433539644,0.336137565541963,llama-2-7b,qwen2-7b,1.5843294330984745e-06,0.00390625
decoders,quadratic,without_director,9,0.17919080726084446,0.2136352503157092,8,1,-0.03672058252243918,0.37192725326886805,0.15509875150984154,0.20617973098375492,llama-2-7b,qwen2-7b,0.0031568761230742737,0.01171875
decoders,linear,without_dollars,9,0.32374690571203124,0.3109358071969538,9,0,0.22022207942606709,0.4854184961640465,0.30353795690552937,0.3366875089977768,llama-2-7b,qwen2-7b,1.603213818436796e-06,0.00390625
decoders,quadratic,without_dollars,9,0.17982642399749557,0.2140915258798697,8,1,-0.03604432889964965,0.3727417189997092,0.1557120121222189,0.20681026810963873,llama-2-7b,qwen2-7b,0.003110392648886524,0.01171875
decoders,linear,without_doubt,9,0.32327639160558297,0.31041298379685955,9,0,0.2197594673398632,0.48418402639743435,0.3031629372566016,0.33621600713879796,llama-2-7b,qwen2-7b,1.5631429400012388e-06,0.00390625
decoders,quadratic,without_doubt,9,0.17924697989268282,0.21399740303483863,8,1,-0.036488270050492974,0.3719540197639201,0.15515859990877812,0.20621388613557978,llama-2-7b,qwen2-7b,0.0031477399799065943,0.01171875
decoders,linear,without_dress,9,0.32311896379384586,0.3105221520586749,9,0,0.21938977950441305,0.4840906392877275,0.30299750435711065,0.33608511183002493,llama-2-7b,qwen2-7b,1.584228401702385e-06,0.00390625
decoders,quadratic,without_dress,9,0.1791995207389614,0.2138139870306044,8,1,-0.03670712489559127,0.3718218517389646,0.15512172936396096,0.20618785144328045,llama-2-7b,qwen2-7b,0.003153203669296911,0.01171875
decoders,linear,without_dry,9,0.3230513761489024,0.3106013768039501,9,0,0.21958203381474511,0.4840830736225179,0.30292241396470043,0.3359850439406721,llama-2-7b,qwen2-7b,1.5890585787326143e-06,0.00390625
decoders,quadratic,without_dry,9,0.17933761403913928,0.21374315676672906,8,1,-0.036386157253687205,0.3718909511202663,0.15526844690399844,0.2063030854507426,llama-2-7b,qwen2-7b,0.0031234502997431524,0.01171875
decoders,linear,without_east,9,0.3232366082981826,0.3107899086552809,9,0,0.2197577766317789,0.4844315332211182,0.30308724268281567,0.3361714622564831,llama-2-7b,qwen2-7b,1.593152563847748e-06,0.00390625
decoders,quadratic,without_east,9,0.1794825037081639,0.21382880479631713,8,1,-0.03624807331893362,0.3724786048774512,0.15535799106200301,0.2064488258365511,llama-2-7b,qwen2-7b,0.00312231213825123,0.01171875
decoders,linear,without_enforced,9,0.3238292549721035,0.3113550427785405,9,0,0.21937150609621622,0.485755390130669,0.30358848807728284,0.3368864735815894,llama-2-7b,qwen2-7b,1.6382637039109287e-06,0.00390625
decoders,quadratic,without_enforced,9,0.17996261301687147,0.21471151426649812,8,1,-0.03691346842108244,0.3733045914908328,0.1557948657076263,0.20707212319661572,llama-2-7b,qwen2-7b,0.0031519350703552978,0.01171875
decoders,linear,without_enjoyed,9,0.3232038870797473,0.31090781779133886,9,0,0.21969003243192664,0.48423747415086743,0.30307468869585724,0.33614311891072485,llama-2-7b,qwen2-7b,1.5824621949346024e-06,0.00390625
decoders,quadratic,without_enjoyed,9,0.1796091436917835,0.21388348907379467,8,1,-0.036193660729335046,0.3723484986255225,0.1555167243250661,0.20658449424442332,llama-2-7b,qwen2-7b,0.0031140586462957832,0.01171875
decoders,linear,without_entitled,9,0.32337351830105815,0.31066536324588806,9,0,0.21995086422012317,0.4846566233413515,0.30321313017102147,0.336301350061175,llama-2-7b,qwen2-7b,1.5876301139249425e-06,0.00390625
decoders,quadratic,without_entitled,9,0.17945412999138977,0.2140282040207157,8,1,-0.03622689704229202,0.3723284908578723,0.15534483488307943,0.20641425837059998,llama-2-7b,qwen2-7b,0.003126271645311341,0.01171875
decoders,linear,without_equal,9,0.3232408366311889,0.3109281224747717,9,0,0.21953808558637075,0.48428246735994057,0.303110632790095,0.33620368051179117,llama-2-7b,qwen2-7b,1.581041683415449e-06,0.00390625
decoders,quadratic,without_equal,9,0.17933917675540478,0.2139751183065759,8,1,-0.03672372554623721,0.37204326120248943,0.15525116619951923,0.20634703954311007,llama-2-7b,qwen2-7b,0.003145890655153771,0.01171875
decoders,linear,without_estimate,9,0.32372301174625856,0.3111807470272433,9,0,0.2203907078605056,0.4846653415096872,0.30360522052582994,0.3366395497319776,llama-2-7b,qwen2-7b,1.561437237019675e-06,0.00390625
decoders,quadratic,without_estimate,9,0.17961180490262837,0.21441229003106888,8,1,-0.03614631770776916,0.3723590817455646,0.15551839529726133,0.20658157022892804,llama-2-7b,qwen2-7b,0.0031154912973495367,0.01171875
decoders,linear,without_exercise,9,0.3233194555312883,0.31104079996463346,9,0,0.21974828783833042,0.48429818940083524,0.30319711379759495,0.336265851492908,llama-2-7b,qwen2-7b,1.5695835310882804e-06,0.00390625
decoders,quadratic,without_exercise,9,0.17945651089986578,0.21410453996711995,8,1,-0.03635070211649194,0.372015999110237,0.15538657487356938,0.2064324125269105,llama-2-7b,qwen2-7b,0.0031267674041524775,0.01171875
decoders,linear,without_experiment,9,0.323041783717708,0.3104552897841618,9,0,0.2193157055718799,0.48405477850878176,0.30291515936882374,0.3360075434859365,llama-2-7b,qwen2-7b,1.5887286845640289e-06,0.00390625
decoders,quadratic,without_experiment,9,0.17928159619932416,0.21379518504935202,8,1,-0.03640626582869254,0.3718225419599831,0.15521397797924177,0.20624257895282624,llama-2-7b,qwen2-7b,0.0031335111024471665,0.01171875
decoders,linear,without_explanation,9,0.3231577936894402,0.3103825828700044,9,0,0.21927293131789602,0.4844759109985949,0.30299302902579583,0.33614340148588323,llama-2-7b,qwen2-7b,1.5969494302081089e-06,0.00390625
decoders,quadratic,without_explanation,9,0.17926565710764242,0.21392782880515585,8,1,-0.03676282332585275,0.37216344520891503,0.15515343359498332,0.2062692171618293,llama-2-7b,qwen2-7b,0.003162916763933799,0.01171875
decoders,linear,without_extremely,9,0.32379732697263897,0.31164667302967414,9,0,0.22015823312653776,0.485122752262203,0.30363164881144344,0.3367522137034016,llama-2-7b,qwen2-7b,1.5881033940284124e-06,0.00390625
decoders,quadratic,without_extremely,9,0.1797642612073179,0.2142576611173718,8,1,-0.03642761817944727,0.3729717568113107,0.15561332425681879,0.20678824613066352,llama-2-7b,qwen2-7b,0.003123015357693408,0.01171875
decoders,linear,without_favor,9,0.3232362296653036,0.31057182309724357,9,0,0.21994349418970313,0.48417330051097734,0.30311909580959434,0.33614782159975365,llama-2-7b,qwen2-7b,1.5693733641424257e-06,0.00390625
decoders,quadratic,without_favor,9,0.17935228445898027,0.21394022874224733,8,1,-0.03625450168871409,0.3719903336234057,0.1552725283134271,0.20630313272744208,llama-2-7b,qwen2-7b,0.003126532257653909,0.01171875
decoders,linear,without_fire,9,0.3231521109629154,0.31090794042418707,9,0,0.2193430225794952,0.48410556724973625,0.3030329289270628,0.336128247010843,llama-2-7b,qwen2-7b,1.5878998490251809e-06,0.00390625
decoders,quadratic,without_fire,9,0.17928116471360397,0.21373686742068265,8,1,-0.03680960672526825,0.3718966162314204,0.1552042332738769,0.20629251114346298,llama-2-7b,qwen2-7b,0.003151426968521286,0.01171875
decoders,linear,without_fit,9,0.3230535084168546,0.3105001262914232,9,0,0.21961611471730244,0.48411744978898025,0.3029205157453389,0.3359831826292986,llama-2-7b,qwen2-7b,1.5849198158200717e-06,0.00390625
decoders,quadratic,without_fit,9,0.17934009751352206,0.2138080459034426,8,1,-0.03634818896217776,0.37197208838679924,0.15526109865436244,0.20630113332298455,llama-2-7b,qwen2-7b,0.0031341437020768674,0.01171875
decoders,linear,without_fool,9,0.32325474336875154,0.31070078582095817,9,0,0.21937819589242485,0.4844405645947426,0.3031065157155026,0.33623931180329236,llama-2-7b,qwen2-7b,1.611239453812698e-06,0.00390625
decoders,quadratic,without_fool,9,0.17941518125390543,0.21362736822607756,8,1,-0.03673285485692651,0.37204986567271076,0.15533584570155481,0.20643368576775945,llama-2-7b,qwen2-7b,0.003139150483861964,0.01171875
decoders,linear,without_forward,9,0.32352123046712505,0.31125222272024,9,0,0.2203130393733086,0.4845514443714159,0.3033924537290887,0.3364222543538521,llama-2-7b,qwen2-7b,1.5693626567843114e-06,0.00390625
decoders,quadratic,without_forward,9,0.1794134989092299,0.21389403526591177,8,1,-0.03626346569202595,0.37230141058037713,0.1553025099503365,0.20637311948438689,llama-2-7b,qwen2-7b,0.003140111506886535,0.01171875
decoders,linear,without_french,9,0.32336858151100334,0.310601723416662,9,0,0.22032908554152345,0.48417266219095323,0.3032680714260096,0.3362485185071883,llama-2-7b,qwen2-7b,1.5539361756146083e-06,0.00390625
decoders,quadratic,without_french,9,0.1794403113986921,0.21389130356858568,8,1,-0.03609000912492924,0.37186043222688836,0.15538779629516758,0.2063816014641448,llama-2-7b,qwen2-7b,0.0031053460043179203,0.01171875
decoders,linear,without_gained,9,0.3241386513515223,0.3119779429074469,9,0,0.22036987545717243,0.48540822640952436,0.303979954469272,0.33710974833831603,llama-2-7b,qwen2-7b,1.5725722599030346e-06,0.00390625
decoders,quadratic,without_gained,9,0.1798160509440816,0.21450764825765536,8,1,-0.03706111296166635,0.37297789009424936,0.1556708210503106,0.20692569643230008,llama-2-7b,qwen2-7b,0.0031615105417289566,0.01171875
decoders,linear,without_gathered,9,0.32302416166047804,0.31045661381855294,9,0,0.21923398837317162,0.48418225092357214,0.3028794005025913,0.3359979333213914,llama-2-7b,qwen2-7b,1.5989005121019106e-06,0.00390625
decoders,quadratic,without_gathered,9,0.17922784006986425,0.21365804297497815,8,1,-0.03664523072088123,0.371903667051796,0.1551433616971228,0.20621197391870744,llama-2-7b,qwen2-7b,0.0031532173355166625,0.01171875
decoders,linear,without_glance,9,0.3235329872764921,0.3112806343302515,9,0,0.2196431416159949,0.48464550063762996,0.3033939231063499,0.33651921798405426,llama-2-7b,qwen2-7b,1.580585131982491e-06,0.00390625
decoders,quadratic,without_glance,9,0.17941612259842107,0.21407987347131863,8,1,-0.03685972815463853,0.3721944932152613,0.15531882627131605,0.20645060394255352,llama-2-7b,qwen2-7b,0.0031548313225685416,0.01171875
decoders,linear,without_handled,9,0.32374796773234665,0.31116511407969694,9,0,0.2204057611547401,0.48489068438521266,0.3036051281507384,0.3366657435545475,llama-2-7b,qwen2-7b,1.57990084299059e-06,0.00390625
decoders,quadratic,without_handled,9,0.1795106900772737,0.21399202711865525,8,1,-0.036082199917350705,0.37224471475247417,0.15541893699287362,0.20645980132660174,llama-2-7b,qwen2-7b,0.003128312837823469,0.01171875
decoders,linear,without_heavy,9,0.3233751394942759,0.31058983581436106,9,0,0.2200624243807232,0.48430682044213724,0.3032586793757932,0.33628922888347,llama-2-7b,qwen2-7b,1.5698091030175567e-06,0.00390625
decoders,quadratic,without_heavy,9,0.17950441009081827,0.2140926989829409,8,1,-0.03600995882806205,0.37190990867407075,0.1554537227679117,0.2064437062056783,llama-2-7b,qwen2-7b,0.003102744131945674,0.01171875
decoders,linear,without_hesitated,9,0.32391692426004665,0.3113345171916171,9,0,0.22010139207897447,0.4856339848966008,0.30370229168047735,0.33689386578268066,llama-2-7b,qwen2-7b,1.5981048050329586e-06,0.00390625
decoders,quadratic,without_hesitated,9,0.17987623978489814,0.21481037524959917,8,1,-0.036977594860474264,0.3732423647312752,0.15570547416660097,0.20698296911556968,llama-2-7b,qwen2-7b,0.003162800343762938,0.01171875
decoders,linear,without_hope,9,0.3232796616896289,0.31069987642854646,9,0,0.21937435810775222,0.4845475494054644,0.30312117572514946,0.3362678246373635,llama-2-7b,qwen2-7b,1.5992003363629977e-06,0.00390625
decoders,quadratic,without_hope,9,0.1794332157892555,0.21425500724603394,8,1,-0.036900509631595226,0.3724146998781025,0.15531053027814962,0.20647493146686186,llama-2-7b,qwen2-7b,0.0031650799660858406,0.01171875
decoders,linear,without_humor,9,0.3231011567289319,0.3107004170370072,9,0,0.21936243942493594,0.48408085469200746,0.3029786944835475,0.33606849639193137,llama-2-7b,qwen2-7b,1.5917540218842847e-06,0.00390625
decoders,quadratic,without_humor,9,0.17933109675908462,0.21389892783654121,8,1,-0.03668118303164719,0.37188111939511465,0.15526234392958088,0.20633263173292613,llama-2-7b,qwen2-7b,0.003148136564591032,0.01171875
decoders,linear,without_ignored,9,0.32340828914900377,0.31108867359874676,9,0,0.21936760758473536,0.48453683106338785,0.30326722140970575,0.33641337434453733,llama-2-7b,qwen2-7b,1.5957915445909663e-06,0.00390625
decoders,quadratic,without_ignored,9,0.17960523506283912,0.21424598908616166,8,1,-0.03698726015277938,0.3725988915784386,0.1554810279983892,0.20667929696479145,llama-2-7b,qwen2-7b,0.0031578947467629207,0.01171875
decoders,linear,without_imagination,9,0.32374334367177693,0.31094251797662553,9,0,0.22056513268038694,0.4849339380003017,0.30359451938071125,0.3366406200457006,llama-2-7b,qwen2-7b,1.5784173462135726e-06,0.00390625
decoders,quadratic,without_imagination,9,0.179458310919322,0.21415179947105253,8,1,-0.036117408228360015,0.3723209310246962,0.15535048340615018,0.20640527581278223,llama-2-7b,qwen2-7b,0.0031241997329543806,0.01171875
decoders,linear,without_impact,9,0.3232091332666119,0.31069714267268445,9,0,0.21974686224585893,0.4846180980241409,0.30303301267192073,0.33614191714420594,llama-2-7b,qwen2-7b,1.6056355686673042e-06,0.00390625
decoders,quadratic,without_impact,9,0.17951387751002873,0.21386411993615956,8,1,-0.036189875760735846,0.37226250418569806,0.15542029917557004,0.20647684666887428,llama-2-7b,qwen2-7b,0.0031201888377200802,0.01171875
decoders,linear,without_incident,9,0.3230607593378836,0.31037963070462604,9,0,0.2196912108975088,0.48422723834915987,0.30291494946147407,0.3359819528929304,llama-2-7b,qwen2-7b,1.5903924119646892e-06,0.00390625
decoders,quadratic,without_incident,9,0.17931771635540722,0.21374171183231566,8,1,-0.03624610885896476,0.37201742478646466,0.15523025280152508,0.20626319450720373,llama-2-7b,qwen2-7b,0.003133803530692347,0.01171875
decoders,linear,without_included,9,0.3236591403035698,0.3109520096940807,9,0,0.2203759617749929,0.48457813066154337,0.3035442665088231,0.3365695376196419,llama-2-7b,qwen2-7b,1.5596655064578352e-06,0.00390625
decoders,quadratic,without_included,9,0.1795109405538358,0.21425054545080385,8,1,-0.03615704822884421,0.37217646677442356,0.15542774977626234,0.20646943915167082,llama-2-7b,qwen2-7b,0.003118160651913711,0.01171875
decoders,linear,without_indicated,9,0.32309066280159654,0.3107943456893874,9,0,0.21921148610472774,0.48421880026728775,0.30294964561838517,0.3360755598887052,llama-2-7b,qwen2-7b,1.5985085543778607e-06,0.00390625
decoders,quadratic,without_indicated,9,0.17951139105876082,0.21381961942873634,8,1,-0.03657230453627723,0.37214466134104035,0.1554322322734759,0.20652185300814058,llama-2-7b,qwen2-7b,0.003135270192516014,0.01171875
decoders,linear,without_instant,9,0.3229383693412713,0.31037352517476663,9,0,0.21917731335655638,0.48402776329356845,0.3028021950972343,0.33590850133936073,llama-2-7b,qwen2-7b,1.600908459479208e-06,0.00390625
decoders,quadratic,without_instant,9,0.1791742020377072,0.21380831867337904,8,1,-0.03680354226663004,0.3717693941390219,0.1550998030250429,0.20617142007574935,llama-2-7b,qwen2-7b,0.003156255006415267,0.01171875
decoders,linear,without_instructed,9,0.3231467669573512,0.31096527168920146,9,0,0.21914692250109147,0.4842211292785148,0.3030124716672057,0.33614674751438367,llama-2-7b,qwen2-7b,1.6025073787451785e-06,0.00390625
decoders,quadratic,without_instructed,9,0.17956886877713646,0.21408093361965816,8,1,-0.03697802330915971,0.3721756946795882,0.15549301553932998,0.20663723028792347,llama-2-7b,qwen2-7b,0.003148755218524037,0.01171875
decoders,linear,without_justify,9,0.3231519639166425,0.3105042854598392,9,0,0.2198769124086745,0.48411009299680446,0.30303219778162227,0.33606134535513854,llama-2-7b,qwen2-7b,1.5775493220425277e-06,0.00390625
decoders,quadratic,without_justify,9,0.17948575364830222,0.21395482298377203,8,1,-0.03621714994900221,0.3719552569675934,0.15542706573339085,0.2064486165979653,llama-2-7b,qwen2-7b,0.0031204531753870873,0.01171875
decoders,linear,without_laid,9,0.323388934199025,0.3114462384214534,9,0,0.21956991780266893,0.4844594229039407,0.30325512311091046,0.3363663112485694,llama-2-7b,qwen2-7b,1.5895430504147896e-06,0.00390625
decoders,quadratic,without_laid,9,0.17977003228990102,0.21386964922261878,8,1,-0.03630365914198933,0.3723726761461265,0.15569470180787282,0.20677924371888728,llama-2-7b,qwen2-7b,0.0031064109635065345,0.01171875
decoders,linear,without_leadership,9,0.32346144847482167,0.31046102953399185,9,0,0.22015914180806315,0.4847667792889054,0.3032982821230612,0.33637423680816647,llama-2-7b,qwen2-7b,1.5798301896864684e-06,0.00390625
decoders,quadratic,without_leadership,9,0.17935676685536095,0.21390043545110485,8,1,-0.03612714620486985,0.3721037193882101,0.1552633977887548,0.20629225598788978,llama-2-7b,qwen2-7b,0.003124851778688085,0.01171875
decoders,linear,without_lifted,9,0.32390219649530494,0.31149742221354076,9,0,0.21974116926955953,0.4853308883210458,0.3037236100170873,0.33692232489852314,llama-2-7b,qwen2-7b,1.595480725213095e-06,0.00390625
decoders,quadratic,without_lifted,9,0.17977163172188013,0.2145529203909642,8,1,-0.03704638998130937,0.37311193197140385,0.15560409419068966,0.2068738844347788,llama-2-7b,qwen2-7b,0.003170925530341667,0.01171875
decoders,linear,without_limit,9,0.3232422818860975,0.31066288121613606,9,0,0.21984853397301446,0.4841977854462966,0.3031228439410726,0.3361665003752329,llama-2-7b,qwen2-7b,1.5685710708722258e-06,0.00390625
decoders,quadratic,without_limit,9,0.17932194072665364,0.21417759405480769,8,1,-0.03665765359255303,0.3720014598095118,0.15523700084129638,0.2063193900165545,llama-2-7b,qwen2-7b,0.0031487903607136454,0.01171875
decoders,linear,without_listen,9,0.3239159809178336,0.311216072600019,9,0,0.21999254153846465,0.4853482944838844,0.3037369417220772,0.3369064108402547,llama-2-7b,qwen2-7b,1.5930393964364367e-06,0.00390625
decoders,quadratic,without_listen,9,0.17960339839782463,0.2139226966120322,8,1,-0.03710113410010599,0.3729700135775873,0.15543257150035433,0.20669146496006596,llama-2-7b,qwen2-7b,0.003165275245310315,0.01171875
decoders,linear,without_literature,9,0.3232888290772659,0.31130164205804106,9,0,0.21907817593079085,0.4845934903422804,0.30312574641913903,0.33631516072057527,llama-2-7b,qwen2-7b,1.6192291970409983e-06,0.00390625
decoders,quadratic,without_literature,9,0.17955285876692306,0.21395567711672528,8,1,-0.03713045415019579,0.372584179132998,0.1554239437211637,0.2066382728815629,llama-2-7b,qwen2-7b,0.0031706786573623574,0.01171875
decoders,linear,without_love,9,0.32361452737907215,0.3110993047552657,9,0,0.2202340939450863,0.48476782187521283,0.30347036556705453,0.33653708155832035,llama-2-7b,qwen2-7b,1.5665983920411358e-06,0.00390625
decoders,quadratic,without_love,9,0.17961316051059223,0.21450925390559542,8,1,-0.03643414771454937,0.37247333572799723,0.15550563860841662,0.20661907403873495,llama-2-7b,qwen2-7b,0.0031319740951265625,0.01171875
decoders,linear,without_maintain,9,0.3234027355271596,0.3103584660336845,9,0,0.21940828658607112,0.4843716075457006,0.303281626524842,0.3364020416447957,llama-2-7b,qwen2-7b,1.5724020146197353e-06,0.00390625
decoders,quadratic,without_maintain,9,0.1794165026251726,0.21438515404351452,8,1,-0.0366199894816509,0.3718076981593038,0.1553676031834062,0.20642106413852557,llama-2-7b,qwen2-7b,0.003142643631201981,0.01171875
decoders,linear,without_market,9,0.3234327748886602,0.31098920078643055,9,0,0.22008567276822993,0.48467019751259915,0.30327809706066783,0.336351162653714,llama-2-7b,qwen2-7b,1.5863854726193776e-06,0.00390625
decoders,quadratic,without_market,9,0.17993675215885807,0.21435945378095195,8,1,-0.03623368921643005,0.3730855103309854,0.15579315738734215,0.2069580573307691,llama-2-7b,qwen2-7b,0.0031153884775414753,0.01171875
decoders,linear,without_measured,9,0.3231756107337349,0.3103790327339732,9,0,0.21918378411931475,0.4844537023780327,0.3030158492781976,0.3361745890605373,llama-2-7b,qwen2-7b,1.5979546150162071e-06,0.00390625
decoders,quadratic,without_measured,9,0.17921993084397123,0.21401799734894444,8,1,-0.03713802199218355,0.3719948543176344,0.1551230654097633,0.20626467494849055,llama-2-7b,qwen2-7b,0.0031844946866629756,0.01171875
decoders,linear,without_message,9,0.32379236827058655,0.311356026499763,9,0,0.2195635288437034,0.4851656121243977,0.30362071278886016,0.33682097319894694,llama-2-7b,qwen2-7b,1.583202312118791e-06,0.00390625
decoders,quadratic,without_message,9,0.17992280245742256,0.2148865751126534,8,1,-0.03680342914495871,0.3730512921832824,0.15578174124169009,0.20701358140772025,llama-2-7b,qwen2-7b,0.0031487578499962044,0.01171875
decoders,linear,without_moved,9,0.32352794428495923,0.31138692783445515,9,0,0.219380330882558,0.48528757116918453,0.30330799092443106,0.33654639596025937,llama-2-7b,qwen2-7b,1.630400718765297e-06,0.00390625
decoders,quadratic,without_moved,9,0.17959041181550292,0.21419644535839677,8,1,-0.03708581258030198,0.3728116959899038,0.1554377512937028,0.20667493986497854,llama-2-7b,qwen2-7b,0.0031718082235901463,0.01171875
decoders,linear,without_opened,9,0.32304152571272904,0.31074662473780285,9,0,0.21919946312362273,0.48424687014402323,0.3028908576588173,0.33602178353636736,llama-2-7b,qwen2-7b,1.6093902535051032e-06,0.00390625
decoders,quadratic,without_opened,9,0.17946088465598098,0.21371236932792143,8,1,-0.036510383122114624,0.37233954142078873,0.15535105256038004,0.20645729312824293,llama-2-7b,qwen2-7b,0.0031462376887227373,0.01171875
decoders,linear,without_painting,9,0.3232464561791797,0.31066812273688754,9,0,0.2196619815906284,0.48419101732157194,0.3031283860363806,0.3361945155027486,llama-2-7b,qwen2-7b,1.5870585930113355e-06,0.00390625
decoders,quadratic,without_painting,9,0.1796067822444406,0.2140737978647686,8,1,-0.03627735854096885,0.3721495756676618,0.15553893306653793,0.2065922998426168,llama-2-7b,qwen2-7b,0.0031107947426850927,0.01171875
decoders,linear,without_percentage,9,0.32297846549051623,0.31041011878440844,9,0,0.21913952286606786,0.48411370317732605,0.30283656077966503,0.3359583333185723,llama-2-7b,qwen2-7b,1.6027168006984076e-06,0.00390625
decoders,quadratic,without_percentage,9,0.17924526104383928,0.21373412638001377,8,1,-0.03678070537127737,0.3719252886493327,0.1551602575931526,0.20624850684572887,llama-2-7b,qwen2-7b,0.0031639522259042873,0.01171875
decoders,linear,without_perform,9,0.32307550384377043,0.31029177156832116,9,0,0.21969511963676977,0.484129729160093,0.3029437256792301,0.3359980518696455,llama-2-7b,qwen2-7b,1.5815443690815362e-06,0.00390625
decoders,quadratic,without_perform,9,0.17921223342427015,0.21376909724949622,8,1,-0.036363614848799276,0.37190870542468263,0.15512517442421855,0.2061592144584038,llama-2-7b,qwen2-7b,0.003151332047766082,0.01171875
decoders,linear,without_play,9,0.32333302726126206,0.31070873760580764,9,0,0.22003888606994704,0.4843689519844639,0.30320353667086186,0.33624479491017645,llama-2-7b,qwen2-7b,1.5780002642827088e-06,0.00390625
decoders,quadratic,without_play,9,0.17939265784052172,0.2138420604869421,8,1,-0.03611991835769548,0.3720851148285885,0.15530610071701334,0.20633172986529885,llama-2-7b,qwen2-7b,0.0031160785209878735,0.01171875
decoders,linear,without_please,9,0.32324899154858194,0.3104816887594579,9,0,0.21992961405874364,0.48435058788490665,0.3031112920065413,0.3361639137348117,llama-2-7b,qwen2-7b,1.5753152097217443e-06,0.00390625
decoders,quadratic,without_please,9,0.17927802485002817,0.21387885754787345,8,1,-0.03629253412515055,0.37194029438958587,0.15519524115758343,0.20622434472192552,llama-2-7b,qwen2-7b,0.003131764226352839,0.01171875
decoders,linear,without_produced,9,0.32396683982254637,0.3115495149393593,9,0,0.21975285050702975,0.4855534112620702,0.30376851839260594,0.336993588486986,llama-2-7b,qwen2-7b,1.6057331959159191e-06,0.00390625
decoders,quadratic,without_produced,9,0.17973783734713863,0.21444403684436736,8,1,-0.03693104895052296,0.37273313727677154,0.1556134248559345,0.20682144813434633,llama-2-7b,qwen2-7b,0.003148806447724544,0.01171875
decoders,linear,without_quiet,9,0.3236369379798043,0.3109277494252518,9,0,0.22045772378261835,0.4848261489517105,0.30348828660831595,0.3365343397544525,llama-2-7b,qwen2-7b,1.559993151141439e-06,0.00390625
decoders,quadratic,without_quiet,9,0.1794717978774558,0.21429184875597398,8,1,-0.03614987405201395,0.37223076084538453,0.15537692750646473,0.20642450686863953,llama-2-7b,qwen2-7b,0.0031252605499493573,0.01171875
decoders,linear,without_radio,9,0.3231860353414583,0.3107971749720336,9,0,0.21981480714339163,0.4842465782941419,0.30305346747237283,0.33610743886621663,llama-2-7b,qwen2-7b,1.5837139076111837e-06,0.00390625
decoders,quadratic,without_radio,9,0.17929973676478536,0.21371109039456032,8,1,-0.036206508773116944,0.37190650889182686,0.15522389024890518,0.20623801745702314,llama-2-7b,qwen2-7b,0.003131444148035921,0.01171875
decoders,linear,without_reflected,9,0.323083294189756,0.31025348965153715,9,0,0.2199830891067215,0.48400784238493205,0.302967725665359,0.3359708198251353,llama-2-7b,qwen2-7b,1.5716785342388548e-06,0.00390625
decoders,quadratic,without_reflected,9,0.1792845811696098,0.21368282036645905,8,1,-0.03615060491029189,0.3717308326206675,0.1552287997382276,0.20621397942959752,llama-2-7b,qwen2-7b,0.0031189207117701214,0.01171875
decoders,linear,without_relief,9,0.32348593736986186,0.3107927725898826,9,0,0.21964233311315454,0.4851238664238705,0.3032811962381108,0.33646638790195027,llama-2-7b,qwen2-7b,1.592939627996622e-06,0.00390625
decoders,quadratic,without_relief,9,0.1793856636355036,0.2138094829398882,8,1,-0.0365310496426466,0.3721011757695188,0.1552962246187517,0.20637525279527236,llama-2-7b,qwen2-7b,0.003143705234217497,0.01171875
decoders,linear,without_reminded,9,0.3230312088139444,0.3104637391462508,9,0,0.2194688590717433,0.4839979698299061,0.3029103636869491,0.3359765025317195,llama-2-7b,qwen2-7b,1.5906323587465589e-06,0.00390625
decoders,quadratic,without_reminded,9,0.17933154486974578,0.21365433749844093,8,1,-0.036127165251010375,0.3717000753247509,0.15528547856287017,0.20626388363484027,llama-2-7b,qwen2-7b,0.0031104101227469893,0.01171875
decoders,linear,without_rendered,9,0.32317848380983993,0.3108095452961221,9,0,0.21988247333547337,0.48435499641240387,0.3030314197345194,0.33609048511913575,llama-2-7b,qwen2-7b,1.5888072996053067e-06,0.00390625
decoders,quadratic,without_rendered,9,0.17962002910556887,0.21368711170164553,8,1,-0.03597789165511852,0.37262406142857185,0.1554945250651935,0.2065697692006548,llama-2-7b,qwen2-7b,0.0031025991028691023,0.01171875
decoders,linear,without_require,9,0.32302247193590256,0.3104849199377019,9,0,0.21944884522769548,0.4841525222925997,0.3028812156413154,0.3359691752744285,llama-2-7b,qwen2-7b,1.5963536280378793e-06,0.00390625
decoders,quadratic,without_require,9,0.17930307047719318,0.21372355863067913,8,1,-0.036288490322836334,0.3719607711999306,0.155220857886851,0.20625201557719686,llama-2-7b,qwen2-7b,0.003129066947911069,0.01171875
decoders,linear,without_return,9,0.32296632217480004,0.3104985777447588,9,0,0.21920262040319458,0.48405723766099,0.3028299577390263,0.3359367848962507,llama-2-7b,qwen2-7b,1.5997214143513549e-06,0.00390625
decoders,quadratic,without_return,9,0.1792225561520194,0.21378880755910457,8,1,-0.03666720994349882,0.37180141005764333,0.1551501994138164,0.20620877691395917,llama-2-7b,qwen2-7b,0.0031476522776768255,0.01171875
decoders,linear,without_revealed,9,0.32414062960328494,0.3117323074323746,9,0,0.2205413080662712,0.4852756226489833,0.3039987554725726,0.33709054479541156,llama-2-7b,qwen2-7b,1.567541037871963e-06,0.00390625
decoders,quadratic,without_revealed,9,0.17993375626257935,0.21451280206284007,8,1,-0.03623043056032838,0.3729364905046314,0.15580841448232285,0.20695427961544283,llama-2-7b,qwen2-7b,0.003106133545442398,0.01171875
decoders,linear,without_rose,9,0.3234422400747966,0.31106769314414323,9,0,0.21989547227075407,0.48447481261951336,0.303313168506707,0.3363855860503019,llama-2-7b,qwen2-7b,1.5731120476662236e-06,0.00390625
decoders,quadratic,without_rose,9,0.17940814805893895,0.21404912361199838,8,1,-0.0364643537182109,0.37211018844938953,0.15532039301013262,0.20639221078108266,llama-2-7b,qwen2-7b,0.0031382259117887857,0.01171875
decoders,linear,without_role,9,0.3229372523621388,0.31037695413644567,9,0,0.219178848930999,0.4840853907913753,0.3027937350584842,0.3359070527910313,llama-2-7b,qwen2-7b,1.6018948864678624e-06,0.00390625
decoders,quadratic,without_role,9,0.17920488245910654,0.21371108214907755,8,1,-0.036610671454934254,0.37179538100000625,0.15513107014149408,0.20618182669836163,llama-2-7b,qwen2-7b,0.0031416848092649468,0.01171875
decoders,linear,without_rolled,9,0.3234728000784732,0.3114091442859884,9,0,0.21926607834793582,0.48472041611854927,0.30331684807346365,0.3364986402947904,llama-2-7b,qwen2-7b,1.5941391712783202e-06,0.00390625
decoders,quadratic,without_rolled,9,0.17945395515116402,0.21404694380215092,8,1,-0.03718841251495134,0.3725401526285339,0.1553181804664928,0.20653425110942844,llama-2-7b,qwen2-7b,0.003170601478739057,0.01171875
decoders,linear,without_satisfy,9,0.32395641587213647,0.31108638936926997,9,0,0.22050156055476836,0.4853089357773414,0.3037873508839859,0.3368882727868075,llama-2-7b,qwen2-7b,1.568764015266766e-06,0.00390625
decoders,quadratic,without_satisfy,9,0.17988472873684766,0.21462169949758494,8,1,-0.03607410999705109,0.3727675302280446,0.155774378550448,0.206879583578585,llama-2-7b,qwen2-7b,0.0031052932625642146,0.01171875
decoders,linear,without_sensitive,9,0.3231367624595225,0.310367822220534,9,0,0.21982582845407486,0.48424750138894235,0.302997920093345,0.3360506292102034,llama-2-7b,qwen2-7b,1.5789463360580366e-06,0.00390625
decoders,quadratic,without_sensitive,9,0.17926468134974238,0.2137070072523913,8,1,-0.036247731682952124,0.3719388391949807,0.15518041161908758,0.20620373297882919,llama-2-7b,qwen2-7b,0.0031298222545473016,0.01171875
decoders,linear,without_service,9,0.3231391122906352,0.3103501751722824,9,0,0.21976260480312435,0.4840961394909021,0.3030194838906018,0.336061175726574,llama-2-7b,qwen2-7b,1.5773613369792925e-06,0.00390625
decoders,quadratic,without_service,9,0.17915833747943227,0.21366036270071528,8,1,-0.036492119514716544,0.371737683258746,0.1550859192570181,0.20611464460370088,llama-2-7b,qwen2-7b,0.0031419741951826106,0.01171875
decoders,linear,without_share,9,0.32322798373715705,0.3104796540696281,9,0,0.21978343081442142,0.4843853266763542,0.3030833158697574,0.336158552852499,llama-2-7b,qwen2-7b,1.5818970604030689e-06,0.00390625
decoders,quadratic,without_share,9,0.1793218084942165,0.21401577256134635,8,1,-0.03640306376022936,0.37211508539121857,0.15522264888209125,0.20628741752602223,llama-2-7b,qwen2-7b,0.003143550711286971,0.01171875
decoders,linear,without_significance,9,0.3234284142313181,0.3111696865414702,9,0,0.21954017320074187,0.48460342179941074,0.3032815382853064,0.33641444436014,llama-2-7b,qwen2-7b,1.5976800068642824e-06,0.00390625
decoders,quadratic,without_significance,9,0.17968132275611245,0.2144636444434448,8,1,-0.0368589772438183,0.37259459135074025,0.15556716418178398,0.20674886025610384,llama-2-7b,qwen2-7b,0.0031472990679747856,0.01171875
decoders,linear,without_skill,9,0.3230149754899871,0.3103908451500588,9,0,0.2192263083167468,0.48430929374671483,0.3028531857078961,0.33598855888664214,llama-2-7b,qwen2-7b,1.6123325897597061e-06,0.00390625
decoders,quadratic,without_skill,9,0.17918677771215902,0.2135967567540961,8,1,-0.03663242094029848,0.3719393483844305,0.15509270637812506,0.2061641775437162,llama-2-7b,qwen2-7b,0.003152457951073394,0.01171875
decoders,linear,without_speak,9,0.3234720061286673,0.3108791255623032,9,0,0.2199915665816714,0.48452327473826673,0.30334059755246734,0.33640706107204177,llama-2-7b,qwen2-7b,1.5620863548391463e-06,0.00390625
decoders,quadratic,without_speak,9,0.17972721552588078,0.2142738619491418,8,1,-0.03612915190210246,0.37249755517738653,0.15563092306944257,0.2067092614543787,llama-2-7b,qwen2-7b,0.003112895552096856,0.01171875
decoders,linear,without_speech,9,0.32303713675776907,0.31031293149485356,9,0,0.21953625235457058,0.48410877319481277,0.3029031822031386,0.3359747473081689,llama-2-7b,qwen2-7b,1.5933695224765376e-06,0.00390625
decoders,quadratic,without_speech,9,0.17921050560452617,0.21374298419022295,8,1,-0.036530811801617845,0.3719393461048502,0.15511940054198567,0.20617817028029417,llama-2-7b,qwen2-7b,0.0031512480974942203,0.01171875
decoders,linear,without_sponsored,9,0.3232170181714848,0.31069942650480203,9,0,0.2190647673005018,0.4844810477133591,0.3030590144787505,0.3362360495303577,llama-2-7b,qwen2-7b,1.6138794374592763e-06,0.00390625
decoders,quadratic,without_sponsored,9,0.17932473213825628,0.21361075679693917,8,1,-0.0371531821060596,0.3719126348382184,0.155251244300761,0.20638447141879576,llama-2-7b,qwen2-7b,0.0031742221069824463,0.01171875
decoders,linear,without_square,9,0.3231052896423549,0.310677859885846,9,0,0.219538047906765,0.48417049223788744,0.30297213931791334,0.3360511948593036,llama-2-7b,qwen2-7b,1.5957840027410963e-06,0.00390625
decoders,quadratic,without_square,9,0.17945865576402936,0.2136115389901625,8,1,-0.036353478384053874,0.3720158156652284,0.1553890107763795,0.2064351725325398,llama-2-7b,qwen2-7b,0.00311665738355589,0.01171875
decoders,linear,without_stories,9,0.3230482830688051,0.31049277189947294,9,0,0.21930067413023163,0.48405894899232216,0.30292194982836546,0.3360167341861268,llama-2-7b,qwen2-7b,1.5925403269014298e-06,0.00390625
decoders,quadratic,without_stories,9,0.1794364703256008,0.21379949770646195,8,1,-0.03620475663905132,0.3718019525743973,0.1553907850445012,0.2063916236961823,llama-2-7b,qwen2-7b,0.0031005187078358694,0.01171875
decoders,linear,without_strength,9,0.32308857750610387,0.31036372019082087,9,0,0.21974425724961208,0.48412632033119174,0.30295885965296787,0.33600661753816535,llama-2-7b,qwen2-7b,1.5801172556088167e-06,0.00390625
decoders,quadratic,without_strength,9,0.1793834434474869,0.21379855214863433,8,1,-0.03615515411707191,0.3719927094524046,0.15530728519687226,0.20632576814305678,llama-2-7b,qwen2-7b,0.003127875018305559,0.01171875
decoders,linear,without_student,9,0.3231115718484884,0.3109196122129926,9,0,0.2192185715008997,0.484224749998347,0.30297242457975604,0.336098196891937,llama-2-7b,qwen2-7b,1.6000516649795815e-06,0.00390625
decoders,quadratic,without_student,9,0.1794411592626201,0.21386736254796182,8,1,-0.03675476287638504,0.37204737806642646,0.15536538191214433,0.20646564952999577,llama-2-7b,qwen2-7b,0.003140988732522563,0.01171875
decoders,linear,without_subject,9,0.32304828975384053,0.3103691502364861,9,0,0.21966285028164806,0.4840400570299884,0.302924318844322,0.33597146968786457,llama-2-7b,qwen2-7b,1.587492616004454e-06,0.00390625
decoders,quadratic,without_subject,9,0.17925687963455986,0.2136306145769031,8,1,-0.03623791472585718,0.3717593834368062,0.1551940666592791,0.20619372892961202,llama-2-7b,qwen2-7b,0.003118684960267813,0.01171875
decoders,linear,without_succeeded,9,0.32304850422863157,0.310558257625536,9,0,0.21919425931327058,0.4841982143176206,0.30290479046750796,0.3360302848430517,llama-2-7b,qwen2-7b,1.604573119388534e-06,0.00390625
decoders,quadratic,without_succeeded,9,0.17934726091963282,0.21379290971126416,8,1,-0.03676236949131231,0.37220228558977625,0.15524038283586494,0.20636096472100102,llama-2-7b,qwen2-7b,0.003151940957387982,0.01171875
decoders,linear,without_tossed,9,0.3231646981418016,0.31045309888427997,9,0,0.2199703630364722,0.484068635909175,0.30305170592087993,0.3360639900299678,llama-2-7b,qwen2-7b,1.5758742022088055e-06,0.00390625
decoders,quadratic,without_tossed,9,0.1793785751510171,0.2139063255484822,8,1,-0.03615516736008841,0.37185585739264837,0.15531891487081317,0.20632029296490528,llama-2-7b,qwen2-7b,0.003113137204272306,0.01171875
decoders,linear,without_travel,9,0.3236605550364016,0.31113707548288094,9,0,0.22016226894788568,0.4848494427085613,0.3035119440773817,0.33659784079746613,llama-2-7b,qwen2-7b,1.5720222698093643e-06,0.00390625
decoders,quadratic,without_travel,9,0.17938670096366272,0.21424143686463507,8,1,-0.036561972923002915,0.37208988327864656,0.15529880317428973,0.20638028519949592,llama-2-7b,qwen2-7b,0.0031454857338216523,0.01171875
decoders,linear,without_tried,9,0.3233164061615753,0.3111787009433345,9,0,0.2195707743833094,0.48489271615356855,0.3031193674125761,0.3362846101338585,llama-2-7b,qwen2-7b,1.6218519106073986e-06,0.00390625
decoders,quadratic,without_tried,9,0.17959025123623898,0.21391621012710577,8,1,-0.03682852155556175,0.3728840015176045,0.1554285324510683,0.20664259783521408,llama-2-7b,qwen2-7b,0.0031552636506585433,0.01171875
decoders,linear,without_units,9,0.3229949016218053,0.3102730133682796,9,0,0.2192880114674312,0.4840536577780019,0.3028625571022807,0.33595826289110203,llama-2-7b,qwen2-7b,1.591368706902158e-06,0.00390625
decoders,quadratic,without_units,9,0.17919036577167707,0.21375984553199207,8,1,-0.03663626335263282,0.3718210463055687,0.1551115307049406,0.2061686944122158,llama-2-7b,qwen2-7b,0.0031530412758902517,0.01171875
decoders,linear,without_up,9,0.32317710063478694,0.31070791150799276,9,0,0.2195983991336653,0.48409704581741836,0.30306210748695805,0.33612443832242717,llama-2-7b,qwen2-7b,1.5711317138126307e-06,0.00390625
decoders,quadratic,without_up,9,0.1791830515582898,0.21413190763863119,8,1,-0.03683563296983993,0.3717771700771578,0.1551087867434313,0.206185387124306,llama-2-7b,qwen2-7b,0.003167856419472276,0.01171875
decoders,linear,without_variation,9,0.3230969320660259,0.3102547811021951,9,0,0.21992590889930894,0.48405471984859544,0.3029772085932047,0.3359933099618655,llama-2-7b,qwen2-7b,1.574532294101996e-06,0.00390625
decoders,quadratic,without_variation,9,0.179295127402478,0.21371150295087446,8,1,-0.036160294002378364,0.37180753218085977,0.15523107680518028,0.20622705507808503,llama-2-7b,qwen2-7b,0.0031210236622658707,0.01171875
decoders,linear,without_vote,9,0.3234736636263105,0.3109281179478927,9,0,0.22019386847874,0.4843336290474749,0.303366167948665,0.33638363801975685,llama-2-7b,qwen2-7b,1.553788054421763e-06,0.00390625
decoders,quadratic,without_vote,9,0.1793872973301583,0.21406401553995344,8,1,-0.036397852943568246,0.3720312844797873,0.15530679893645466,0.20636044111437413,llama-2-7b,qwen2-7b,0.0031357358857999748,0.01171875
decoders,linear,without_want,9,0.32360934504313027,0.31085428809090365,9,0,0.2204565275023431,0.4841631351612474,0.30354012127836566,0.33650344723572867,llama-2-7b,qwen2-7b,1.534132308363699e-06,0.00390625
decoders,quadratic,without_want,9,0.179501184083786,0.21428912442474266,8,1,-0.036136668349606174,0.37186719733168977,0.15545543242779802,0.20645591563795998,llama-2-7b,qwen2-7b,0.003104896938533293,0.01171875
decoders,linear,without_young,9,0.3231834008757412,0.3103795174880207,9,0,0.21965407950021054,0.4847469261774528,0.30298796021302726,0.33612456604768254,llama-2-7b,qwen2-7b,1.6100764557772343e-06,0.00390625
decoders,quadratic,without_young,9,0.17957400826829317,0.21412516336670115,8,1,-0.03597445912169002,0.3722739969783729,0.1554865096795332,0.20651756669204108,llama-2-7b,qwen2-7b,0.0031131050624267527,0.01171875
decoders,linear,without_about,9,0.3230746806637005,0.3103359404900082,9,0,0.21964576269512756,0.4839982039275714,0.30295924025571663,0.33600329540977214,llama-2-7b,qwen2-7b,1.578117988362267e-06,0.00390625
decoders,quadratic,without_about,9,0.17917780485419005,0.21356619747112113,8,1,-0.03631827002876999,0.37169824781697675,0.15511274948384168,0.20611481421456004,llama-2-7b,qwen2-7b,0.003130467912115953,0.01171875
decoders,linear,without_accompanied,9,0.3230414876424062,0.3104175900475063,9,0,0.21969212038513453,0.48399144405372013,0.302922743090992,0.3359601585495652,llama-2-7b,qwen2-7b,1.572875222695579e-06,0.00390625
decoders,quadratic,without_accompanied,9,0.17917873486528854,0.21368056013602793,8,1,-0.036270889769703545,0.3716977176967979,0.15511386201134986,0.20610993794466254,llama-2-7b,qwen2-7b,0.003133883356563193,0.01171875
decoders,linear,without_active,9,0.323118631618637,0.31115417791983924,9,0,0.21926783091751545,0.48420076957475516,0.3029833643741222,0.3360999817062772,llama-2-7b,qwen2-7b,1.604613119181991e-06,0.00390625
decoders,quadratic,without_active,9,0.17945366405329344,0.2137623482185516,8,1,-0.03666552241690506,0.3722017145417856,0.1553601577422319,0.20646856236206826,llama-2-7b,qwen2-7b,0.003135401312630778,0.01171875
decoders,linear,without_aegean,9,0.3237533736230116,0.3116540761773597,9,0,0.21999363637919625,0.48480193711206404,0.30362230318688,0.33672334077848853,llama-2-7b,qwen2-7b,1.5794377776854523e-06,0.00390625
decoders,quadratic,without_aegean,9,0.17978613611996314,0.21455377607498852,8,1,-0.03660089909185852,0.37291759272973135,0.15564470404374212,0.20683451552144083,llama-2-7b,qwen2-7b,0.0031376166360396395,0.01171875
decoders,linear,without_agreement,9,0.3230128878826134,0.3105894345577308,9,0,0.21912391344380278,0.48404728425459054,0.3028835883361163,0.3359990096874647,llama-2-7b,qwen2-7b,1.6001647311341787e-06,0.00390625
decoders,quadratic,without_agreement,9,0.17926930446426226,0.2135117351759707,8,1,-0.036930714614881836,0.3718082421967109,0.15520193724770615,0.20629430684915523,llama-2-7b,qwen2-7b,0.0031552329802741336,0.01171875
decoders,linear,without_ahead,9,0.32294272870697,0.3103042312340656,9,0,0.21924564470620758,0.4840280650413296,0.302807061665175,0.3359048642070653,llama-2-7b,qwen2-7b,1.597795049514359e-06,0.00390625
decoders,quadratic,without_ahead,9,0.17916711518646122,0.2135631142774676,8,1,-0.0366161690952128,0.37177135192777855,0.15509158559379654,0.20614002572167045,llama-2-7b,qwen2-7b,0.0031438708458266617,0.01171875
decoders,linear,without_apart,9,0.3230414896517659,0.3105176227121752,9,0,0.21927863470702222,0.48404634370353666,0.3029158828952945,0.3360118465198588,llama-2-7b,qwen2-7b,1.589133536579067e-06,0.00390625
decoders,quadratic,without_apart,9,0.17925611774877281,0.2139498680150712,8,1,-0.036675634915747116,0.3718105645836938,0.1551868118944077,0.2062475868318378,llama-2-7b,qwen2-7b,0.003153879929302365,0.01171875
decoders,linear,without_application,9,0.32310515642714865,0.31065702378704674,9,0,0.2196932414455793,0.48410052479692856,0.3029807353809262,0.33603164579984485,llama-2-7b,qwen2-7b,1.5806417210299356e-06,0.00390625
decoders,quadratic,without_application,9,0.17931650163530372,0.21379745269260425,8,1,-0.036222811443247585,0.3718085035361576,0.155255001397697,0.20625891577012262,llama-2-7b,qwen2-7b,0.0031225506103530645,0.01171875
decoders,linear,without_argued,9,0.32302653647645757,0.31077423079245625,9,0,0.2191827993653262,0.4842398632259132,0.30287487063277563,0.336007003615349,llama-2-7b,qwen2-7b,1.6155802073241344e-06,0.00390625
decoders,quadratic,without_argued,9,0.17925329050243974,0.21346598514913367,8,1,-0.0369092352162212,0.3721673232496663,0.15513903640903642,0.20627360621727237,llama-2-7b,qwen2-7b,0.0031636040469255754,0.01171875
decoders,linear,without_asserted,9,0.3233306754368199,0.31098199501830387,9,0,0.2191166653591152,0.4847756261555376,0.30315005659698024,0.33635742669653307,llama-2-7b,qwen2-7b,1.613043304987287e-06,0.00390625
decoders,quadratic,without_asserted,9,0.1796565163333513,0.21425526254946384,8,1,-0.037143318901919485,0.3733396119953778,0.15544612937559799,0.20675649573776017,llama-2-7b,qwen2-7b,0.003180711337433657,0.01171875
decoders,linear,without_assumption,9,0.32318648889936274,0.31068363434116547,9,0,0.21970326874900487,0.484090938417005,0.3030734327096575,0.3361218914181575,llama-2-7b,qwen2-7b,1.5782096902875865e-06,0.00390625
decoders,quadratic,without_assumption,9,0.1793909243001793,0.2138560949995688,8,1,-0.036372334664486396,0.37188597317480176,0.15532904319085147,0.2063613316707625,llama-2-7b,qwen2-7b,0.003115855306440202,0.01171875
decoders,linear,without_assured,9,0.32352848997082195,0.3109952084460378,9,0,0.21938241788815416,0.48490103381949445,0.30335692198973796,0.33654674898115544,llama-2-7b,qwen2-7b,1.6018284824320838e-06,0.00390625
decoders,quadratic,without_assured,9,0.17964087942345947,0.21418248731140715,8,1,-0.03691776450484322,0.37259469880041196,0.15552165200134038,0.2067107099144973,llama-2-7b,qwen2-7b,0.0031575908011876653,0.01171875
decoders,linear,without_attack,9,0.32382041551625407,0.3109995597803735,9,0,0.2205422722508128,0.4851750540948789,0.30365108569392596,0.3367301834244342,llama-2-7b,qwen2-7b,1.57603578674181e-06,0.00390625
decoders,quadratic,without_attack,9,0.17959442288768274,0.2143267893314046,8,1,-0.0360636475781429,0.3725383303769614,0.1554764344515229,0.20655168169591093,llama-2-7b,qwen2-7b,0.0031172369425926513,0.01171875
decoders,linear,without_background,9,0.3229465634633726,0.31024651560893046,9,0,0.21926303509598022,0.48404168619155363,0.3028096731223499,0.33590700450929656,llama-2-7b,qwen2-7b,1.5968205726135316e-06,0.00390625
decoders,quadratic,without_background,9,0.17922527932636617,0.21363819805929526,8,1,-0.03632883622511989,0.37179894274309505,0.15515357139927508,0.20616954377030194,llama-2-7b,qwen2-7b,0.0031324361565618834,0.01171875
decoders,linear,without_band,9,0.3233901270062834,0.31086721116244426,9,0,0.22010611269937555,0.4843238271181373,0.3032734144923017,0.33630062879464695,llama-2-7b,qwen2-7b,1.5618007577604864e-06,0.00390625
decoders,quadratic,without_band,9,0.1796347902517473,0.2145002729381544,8,1,-0.0362198940946432,0.37259338549637877,0.15551496584616836,0.20661662579504608,llama-2-7b,qwen2-7b,0.003126921694651311,0.01171875
decoders,linear,without_begin,9,0.3235919696983586,0.31106581396026517,9,0,0.22030960864937688,0.4850130411595252,0.30341433576571275,0.33650226482948126,llama-2-7b,qwen2-7b,1.585585756378493e-06,0.00390625
decoders,quadratic,without_begin,9,0.17947333196161266,0.2140640425293457,8,1,-0.03633273756474427,0.37248013124766993,0.1553474820508555,0.20644909065240727,llama-2-7b,qwen2-7b,0.003138254757124907,0.01171875
decoders,linear,without_bent,9,0.3233064505659154,0.31120253930228664,9,0,0.21964134307531316,0.4846342114186916,0.30314048045931835,0.33626458900224065,llama-2-7b,qwen2-7b,1.597031009555956e-06,0.00390625
decoders,quadratic,without_bent,9,0.17970505432135503,0.21368720941363825,8,1,-0.03598146956248715,0.3723662034277758,0.15562241068305244,0.2066658698068353,llama-2-7b,qwen2-7b,0.003078248903987151,0.01171875
decoders,linear,without_benefit,9,0.3231376800290231,0.31089322544745635,9,0,0.2196114444769725,0.4841449686278103,0.3030117689541748,0.3360784594730295,llama-2-7b,qwen2-7b,1.5811595998019967e-06,0.00390625
decoders,quadratic,without_benefit,9,0.17937710363489998,0.21378747026544875,8,1,-0.03618309857044697,0.3720004862554734,0.1552991808073283,0.20632212891056834,llama-2-7b,qwen2-7b,0.003118498920991617,0.01171875
decoders,linear,without_board,9,0.3230083203656024,0.3102934875096987,9,0,0.21953061921307976,0.48404964684171015,0.3028781545560889,0.33594303300966777,llama-2-7b,qwen2-7b,1.5858951405197738e-06,0.00390625
decoders,quadratic,without_board,9,0.17917112381365044,0.21370991224886837,8,1,-0.0364569482355099,0.3717821853771556,0.15509474111821228,0.20612463281979548,llama-2-7b,qwen2-7b,0.0031458537523760626,0.01171875
decoders,linear,without_books,9,0.32320395990654216,0.31076653943298693,9,0,0.21924279652054343,0.48412469791897494,0.3030888676549881,0.33619910532979197,llama-2-7b,qwen2-7b,1.5876439838675812e-06,0.00390625
decoders,quadratic,without_books,9,0.179457396268796,0.21361427024107593,8,1,-0.036676477422516195,0.3719211216738352,0.1553994305931661,0.20647413048021002,llama-2-7b,qwen2-7b,0.003138842904791413,0.01171875
decoders,linear,without_bother,9,0.32305377175924854,0.31040164079855176,9,0,0.21935369449984704,0.4841633179311564,0.3029150784877601,0.3360162814166738,llama-2-7b,qwen2-7b,1.5982279877151732e-06,0.00390625
decoders,quadratic,without_bother,9,0.17926929707507608,0.21376844710220685,8,1,-0.036608429102503066,0.3719974302736699,0.15517828042525184,0.20625401284727346,llama-2-7b,qwen2-7b,0.0031502256966985135,0.01171875
decoders,linear,without_bottom,9,0.323016078228849,0.31030010541404124,9,0,0.21915913712411858,0.48419139373904097,0.302869163790075,0.3359981958669403,llama-2-7b,qwen2-7b,1.6059247548165664e-06,0.00390625
decoders,quadratic,without_bottom,9,0.17932186549852433,0.2137953113808526,8,1,-0.03674395028522978,0.3721593263399092,0.15521718289335124,0.2063300924714936,llama-2-7b,qwen2-7b,0.0031503156563618935,0.01171875
decoders,linear,without_branch,9,0.3230018967068684,0.3102730753454863,9,0,0.21946449100011448,0.48402923851691904,0.3028734789806121,0.3359440724202126,llama-2-7b,qwen2-7b,1.5849052087036823e-06,0.00390625
decoders,quadratic,without_branch,9,0.17924005060856324,0.213726903032802,8,1,-0.036250645580582795,0.3717622113028892,0.15517478052177247,0.20617638763220647,llama-2-7b,qwen2-7b,0.0031322503029985117,0.01171875
decoders,linear,without_care,9,0.3232431008076908,0.31086360893209924,9,0,0.21948999994921337,0.4843486305643871,0.30310490958810377,0.3362122384150005,llama-2-7b,qwen2-7b,1.583574414754369e-06,0.00390625
decoders,quadratic,without_care,9,0.17922097197126288,0.21375844886088302,8,1,-0.03682734481016671,0.3719561138504517,0.1551290792363643,0.20622701156894158,llama-2-7b,qwen2-7b,0.003162983081502757,0.01171875
decoders,linear,without_caught,9,0.32306251731889674,0.31089291191866814,9,0,0.2192681131600216,0.48416382594133595,0.3029248537410918,0.3360368178387561,llama-2-7b,qwen2-7b,1.5984248865964699e-06,0.00390625
decoders,quadratic,without_caught,9,0.17928496352402246,0.21389635617016867,8,1,-0.036808043194492046,0.37205384687979115,0.15518885310455138,0.2062965893638368,llama-2-7b,qwen2-7b,0.0031587775819429086,0.01171875
decoders,linear,without_chance,9,0.32326121479396375,0.31030102886149735,9,0,0.2195696342514904,0.4846192479638517,0.3030914606477277,0.33622266236177284,llama-2-7b,qwen2-7b,1.5917154975524454e-06,0.00390625
decoders,quadratic,without_chance,9,0.17935703893342636,0.21393925242551723,8,1,-0.03618171632697734,0.37213388639879447,0.15525993300025534,0.2062993833409768,llama-2-7b,qwen2-7b,0.0031239572304569627,0.01171875
decoders,linear,without_characteristic,9,0.32306248535125115,0.31053538129232533,9,0,0.21932709255479535,0.4840469839014497,0.30293942303247645,0.33602940945080817,llama-2-7b,qwen2-7b,1.5921269355943733e-06,0.00390625
decoders,quadratic,without_characteristic,9,0.17942553935779915,0.2138561665306766,8,1,-0.03623236225465099,0.3718100238025653,0.15537747880220337,0.20638277705935543,llama-2-7b,qwen2-7b,0.0031141334161253905,0.01171875
decoders,linear,without_characterized,9,0.323138846565611,0.3105749287888541,9,0,0.21923316127327533,0.4846522021282192,0.302949677120285,0.33612705722715297,llama-2-7b,qwen2-7b,1.6168016300438415e-06,0.00390625
decoders,quadratic,without_characterized,9,0.17940285087637878,0.21364716107517465,8,1,-0.03668233809962987,0.3724128387266145,0.15527660239509936,0.2064134994983799,llama-2-7b,qwen2-7b,0.0031599701388466996,0.01171875
decoders,linear,without_chemical,9,0.32357169323620316,0.31133554548256376,9,0,0.21996042341757932,0.4846388318209503,0.30343830091310986,0.3365231019635312,llama-2-7b,qwen2-7b,1.5784326316726912e-06,0.00390625
decoders,quadratic,without_chemical,9,0.17961886562306761,0.21386144478320218,8,1,-0.03652503119546197,0.3727891494343102,0.15547258014666232,0.20663685272538382,llama-2-7b,qwen2-7b,0.0031286552605357403,0.01171875
decoders,linear,without_chose,9,0.3232405691230064,0.31082708954668664,9,0,0.2195700796739549,0.4843996134971345,0.30309568857624036,0.3361993803041378,llama-2-7b,qwen2-7b,1.59008254748368e-06,0.00390625
decoders,quadratic,without_chose,9,0.1796901306219802,0.21444320137477943,8,1,-0.03663140416553065,0.3725811095238635,0.1555787582592448,0.20673032247041906,llama-2-7b,qwen2-7b,0.003133167579119912,0.01171875
decoders,linear,without_circles,9,0.32297036933992246,0.3104281047042265,9,0,0.21916230828774377,0.4840607310074464,0.3028340741314819,0.3359463769714448,llama-2-7b,qwen2-7b,1.5990200153598591e-06,0.00390625
decoders,quadratic,without_circles,9,0.17927005274256716,0.21372149503781498,8,1,-0.03656336045747,0.3718344280447763,0.15519950582979103,0.20624922939257181,llama-2-7b,qwen2-7b,0.003139519195491939,0.01171875
decoders,linear,without_class,9,0.3229336800045507,0.31022871723860695,9,0,0.2191777165911082,0.4840954510278382,0.3027884586266397,0.33590317543123094,llama-2-7b,qwen2-7b,1.6042369749314022e-06,0.00390625
decoders,quadratic,without_class,9,0.179216619912374,0.2136820795638242,8,1,-0.036721901488680424,0.37191953902910596,0.1551287550227825,0.20620893508750582,llama-2-7b,qwen2-7b,0.0031457495254870317,0.01171875
decoders,linear,without_classification,9,0.3231012324289981,0.31075965013224716,9,0,0.21910629229162437,0.48421570076087483,0.30296192388751353,0.3361005999461698,llama-2-7b,qwen2-7b,1.6011299655400864e-06,0.00390625
decoders,quadratic,without_classification,9,0.17918384483118122,0.21372392275240812,8,1,-0.037029673878002,0.37170864556104327,0.15511824473994848,0.20621053466982914,llama-2-7b,qwen2-7b,0.0031710348519626494,0.01171875
decoders,linear,without_close,9,0.3232250448182016,0.31083169715042835,9,0,0.21971617350866998,0.4843685727686406,0.30308210382439665,0.336163653731893,llama-2-7b,qwen2-7b,1.586803479748409e-06,0.00390625
decoders,quadratic,without_close,9,0.17945260692222176,0.21394649961855455,8,1,-0.03648241375109319,0.3723324341929177,0.1553426285133848,0.20644448450638614,llama-2-7b,qwen2-7b,0.003137750907061361,0.01171875
decoders,linear,without_communicate,9,0.3232214042314514,0.3103618633452627,9,0,0.21921696045828204,0.484542866063036,0.30305622150250333,0.33622195970309754,llama-2-7b,qwen2-7b,1.5960558307977207e-06,0.00390625
decoders,quadratic,without_communicate,9,0.1795082310343941,0.21446335728706367,8,1,-0.0369112776398297,0.3729365381128296,0.15532969264958962,0.20656066961867203,llama-2-7b,qwen2-7b,0.003175092558503237,0.01171875
decoders,linear,without_communications,9,0.3240362704004503,0.31131041903611545,9,0,0.22064412044282233,0.48559238533892535,0.3038417560331409,0.33696028914515386,llama-2-7b,qwen2-7b,1.5865900523295808e-06,0.00390625
decoders,quadratic,without_communications,9,0.17993494567278018,0.21416437070087113,8,1,-0.03589718966410774,0.37289249810882136,0.15581525161827503,0.20691396258989117,llama-2-7b,qwen2-7b,0.0030941657230576978,0.01171875
decoders,linear,without_compared,9,0.3238953619010679,0.31185693034989376,9,0,0.21948501869363185,0.48486893859268215,0.3037736648146161,0.3369466548019974,llama-2-7b,qwen2-7b,1.5866563081365988e-06,0.00390625
decoders,quadratic,without_compared,9,0.1798214666732751,0.21425278052296493,8,1,-0.03713186742843835,0.3726872390788518,0.155713245122578,0.20694063343598929,llama-2-7b,qwen2-7b,0.0031509021842314874,0.01171875
decoders,linear,without_complex,9,0.32301327261191526,0.31040437551814726,9,0,0.21936010518338758,0.4841078393565947,0.3028764517688303,0.3359699185404812,llama-2-7b,qwen2-7b,1.5959482732388558e-06,0.00390625
decoders,quadratic,without_complex,9,0.17940447765447098,0.2137370468868066,8,1,-0.03589788714574081,0.3718441533373963,0.1553495181941053,0.20631727325449745,llama-2-7b,qwen2-7b,0.0031084584327570426,0.01171875
decoders,linear,without_components,9,0.32355096085798724,0.3113474553097132,9,0,0.21941273973916148,0.4845223082600173,0.30342954243273346,0.33656823849784046,llama-2-7b,qwen2-7b,1.5753963486792299e-06,0.00390625
decoders,quadratic,without_components,9,0.17936917287806742,0.2139405805111602,8,1,-0.03714449499428727,0.3723510201180359,0.15524644197307136,0.20643338136211176,llama-2-7b,qwen2-7b,0.003173547036610082,0.01171875
decoders,linear,without_concerned,9,0.3231113343144461,0.31053267944370916,9,0,0.21956586863529035,0.48422799330455096,0.30297175194068304,0.33605451752434057,llama-2-7b,qwen2-7b,1.5842132475718077e-06,0.00390625
decoders,quadratic,without_concerned,9,0.17923883678605623,0.21378381214913894,8,1,-0.036518759303592205,0.3719858849161263,0.15514545576979746,0.20620853629726227,llama-2-7b,qwen2-7b,0.0031450315244841162,0.01171875
decoders,linear,without_cool,9,0.3229687286548063,0.31056707167077546,9,0,0.21921843059437185,0.4840035126480679,0.30283938065564864,0.3359375159123606,llama-2-7b,qwen2-7b,1.5955014892317722e-06,0.00390625
decoders,quadratic,without_cool,9,0.1791906663885804,0.21372395028944524,8,1,-0.036640029385252765,0.37172288065008025,0.15512413960589294,0.20616950336030956,llama-2-7b,qwen2-7b,0.0031440306736924464,0.01171875
decoders,linear,without_couple,9,0.32384088328765215,0.311375874018731,9,0,0.21979211593714207,0.48525327482861186,0.3036643343450322,0.33684697920646595,llama-2-7b,qwen2-7b,1.5942242999429434e-06,0.00390625
decoders,quadratic,without_couple,9,0.1796082589563712,0.21412526343333574,8,1,-0.037067444768307305,0.37286633482774834,0.15545099947244906,0.20669272192195598,llama-2-7b,qwen2-7b,0.003172242955105698,0.01171875
decoders,linear,without_credit,9,0.32309455067032006,0.310313696114265,9,0,0.21946747698097543,0.48430816398074594,0.3029428490065168,0.3360479348814881,llama-2-7b,qwen2-7b,1.5960475992731836e-06,0.00390625
decoders,quadratic,without_credit,9,0.17938965115541208,0.21375947265367745,8,1,-0.03616665895098873,0.37202281226328904,0.15531050601692747,0.20633418991871216,llama-2-7b,qwen2-7b,0.0031232963171848004,0.01171875
decoders,linear,without_crisis,9,0.32364865814399335,0.31090880525539055,9,0,0.2204343795905121,0.484993982035051,0.3034804926576111,0.3365504429631785,llama-2-7b,qwen2-7b,1.5854921044397912e-06,0.00390625
decoders,quadratic,without_crisis,9,0.1795812561530693,0.21368342750324892,8,1,-0.03606305008575628,0.3723346472323627,0.15548708226815766,0.2065367944329225,llama-2-7b,qwen2-7b,0.003127017678943286,0.01171875
decoders,linear,without_critical,9,0.32305681717000057,0.31054452672879346,9,0,0.21946153216547576,0.4840912164537386,0.30292751725953326,0.3360062277955661,llama-2-7b,qwen2-7b,1.5891049253709946e-06,0.00390625
decoders,quadratic,without_critical,9,0.17943488709388944,0.21383945217861763,8,1,-0.0362136424157596,0.3719099969929242,0.1553754983565101,0.20639095328259557,llama-2-7b,qwen2-7b,0.003113292420741403,0.01171875
decoders,linear,without_cup,9,0.32332622412201273,0.3109110669993169,9,0,0.21963037191388418,0.4843310220346074,0.3032006243829384,0.33628820564802875,llama-2-7b,qwen2-7b,1.5760134879910882e-06,0.00390625
decoders,quadratic,without_cup,9,0.17948764057261268,0.21398646334742508,8,1,-0.03658910428626994,0.3721381988548777,0.15540632078732958,0.20649723367997302,llama-2-7b,qwen2-7b,0.003129141259272851,0.01171875
decoders,linear,without_curve,9,0.32291415976937377,0.31022143867657576,9,0,0.2191943164526815,0.48405482697014235,0.30277157636927765,0.33587914018396026,llama-2-7b,qwen2-7b,1.5997329305885858e-06,0.00390625
decoders,quadratic,without_curve,9,0.17913054096684622,0.2136533679745998,8,1,-0.03663675591069466,0.37182503994998006,0.1550437285939545,0.20610145307653882,llama-2-7b,qwen2-7b,0.003157546171808733,0.01171875
decoders,linear,without_dealing,9,0.32293509083477756,0.3104237309190295,9,0,0.2193777527386845,0.48414315217472864,0.3027840831672837,0.33587975809678927,llama-2-7b,qwen2-7b,1.5998722707530573e-06,0.00390625
decoders,quadratic,without_dealing,9,0.17912722551011162,0.2136575395337281,8,1,-0.03650031333978076,0.3719028796205551,0.1550302687463062,0.20608066786634818,llama-2-7b,qwen2-7b,0.003156046885390608,0.01171875
decoders,linear,without_debate,9,0.3230433908322853,0.31022659010998865,9,0,0.21941657401590559,0.48405412151135896,0.30291704949740117,0.3359967429343328,llama-2-7b,qwen2-7b,1.5856283237970746e-06,0.00390625
decoders,quadratic,without_debate,9,0.17929482363678406,0.2138009171690168,8,1,-0.03636842469844052,0.37168849918504704,0.1552456141932512,0.20625272967868713,llama-2-7b,qwen2-7b,0.0031325989756524186,0.01171875
decoders,linear,without_decision,9,0.3235465589571082,0.31126262931577914,9,0,0.21931366185541595,0.48520062624316235,0.3033398005463514,0.33657567109481973,llama-2-7b,qwen2-7b,1.620690079647595e-06,0.00390625
decoders,quadratic,without_decision,9,0.17970001001537347,0.21404025091556048,8,1,-0.036828862299117825,0.3730193479131057,0.1555350927781569,0.20676611905468487,llama-2-7b,qwen2-7b,0.0031515193729670485,0.01171875
decoders,linear,without_defend,9,0.32305553853663943,0.3104952606526595,9,0,0.21919047932937902,0.4842308597039125,0.3029086233907303,0.33603867093754697,llama-2-7b,qwen2-7b,1.6042559457001852e-06,0.00390625
decoders,quadratic,without_defend,9,0.17952684893160223,0.21375031737569736,8,1,-0.0365576284071758,0.37233994126771713,0.15542521238958787,0.20653740859894948,llama-2-7b,qwen2-7b,0.003130075581210096,0.01171875
decoders,linear,without_destruction,9,0.3238753829585664,0.31115138747978793,9,0,0.22036402818807807,0.48525474254607953,0.3037029630101272,0.3368143023048774,llama-2-7b,qwen2-7b,1.5886478780304106e-06,0.00390625
decoders,quadratic,without_destruction,9,0.17952582511502932,0.2139938076791706,8,1,-0.036825901106497264,0.37266592172922086,0.15538331303825537,0.20656979089272015,llama-2-7b,qwen2-7b,0.003149477059587631,0.01171875
decoders,linear,without_detail,9,0.32326931721024116,0.3108486371184365,9,0,0.21985888015097532,0.48419596899045175,0.3031534857377148,0.3361956218426493,llama-2-7b,qwen2-7b,1.5712698567382132e-06,0.00390625
decoders,quadratic,without_detail,9,0.1792917209934601,0.2138321534503382,8,1,-0.036461109488038664,0.3719310240269841,0.1552118081142696,0.20626082480364746,llama-2-7b,qwen2-7b,0.00314004923206769,0.01171875
decoders,linear,without_disaster,9,0.32316955007414755,0.310847368508094,9,0,0.21908186471485078,0.4844906679235428,0.30300441034297315,0.33618051074405964,llama-2-7b,qwen2-7b,1.6104237429649052e-06,0.00390625
decoders,quadratic,without_disaster,9,0.1795815136580195,0.2142236672833745,8,1,-0.0370295798520602,0.37259493376443764,0.15545483614471722,0.20665790034677944,llama-2-7b,qwen2-7b,0.0031638790480956543,0.01171875
decoders,linear,without_discrimination,9,0.32305481198868036,0.31054320867087915,9,0,0.21909456444479355,0.48432110021412855,0.3028965259604993,0.3360498429316662,llama-2-7b,qwen2-7b,1.615474127387861e-06,0.00390625
decoders,quadratic,without_discrimination,9,0.17941201623120884,0.2137111775687181,8,1,-0.036939063227819945,0.37217958333866613,0.15531607034277667,0.20645590116358745,llama-2-7b,qwen2-7b,0.0031574725680074936,0.01171875
decoders,linear,without_distinction,9,0.32307609065219545,0.3107927339698217,9,0,0.21913521197299216,0.48422533223822234,0.30293243545394205,0.3360687004870958,llama-2-7b,qwen2-7b,1.609267288780511e-06,0.00390625
decoders,quadratic,without_distinction,9,0.1795959959382164,0.21389476096680737,8,1,-0.03679771735413814,0.37230581786678224,0.15550726819714572,0.20664521009976072,llama-2-7b,qwen2-7b,0.0031406788229163,0.01171875
decoders,linear,without_drinking,9,0.32327433259890676,0.310811575072709,9,0,0.2193160831995017,0.4843784669811143,0.30313631580113076,0.3362691137738324,llama-2-7b,qwen2-7b,1.6122045982508987e-06,0.00390625
decoders,quadratic,without_drinking,9,0.17960331115748135,0.21398633170764764,8,1,-0.0366408664725478,0.3725248957522963,0.15548811308312946,0.20663383336123498,llama-2-7b,qwen2-7b,0.0031401769221875066,0.01171875
decoders,linear,without_drove,9,0.3241029006081267,0.31174231895767734,9,0,0.22015891928106338,0.48562465106516084,0.3039126818009974,0.3370958982740096,llama-2-7b,qwen2-7b,1.5886689864798445e-06,0.00390625
decoders,quadratic,without_drove,9,0.17991338972438545,0.21463129234170336,8,1,-0.036789788702968,0.37320540057345186,0.1557518883682521,0.20700128702780463,llama-2-7b,qwen2-7b,0.003154231789320771,0.01171875
decoders,linear,without_earn,9,0.3232559173201863,0.3110540160832174,9,0,0.21931956136689595,0.4848566953430006,0.30305582006733456,0.3362479618143476,llama-2-7b,qwen2-7b,1.625135121289126e-06,0.00390625
decoders,quadratic,without_earn,9,0.17969276503209328,0.21392170719986003,8,1,-0.03654335882343777,0.3728665085218889,0.15554604709586878,0.20672228051403463,llama-2-7b,qwen2-7b,0.003142258184823261,0.01171875
decoders,linear,without_eat,9,0.323173428681236,0.3106256175495385,9,0,0.21929750394407133,0.4842649530544128,0.3030369881345889,0.33615791927338157,llama-2-7b,qwen2-7b,1.600755815245966e-06,0.00390625
decoders,quadratic,without_eat,9,0.17943320461410758,0.21372713732763185,8,1,-0.03652624759945185,0.37207810249687084,0.15535259237876217,0.20642813614080252,llama-2-7b,qwen2-7b,0.0031359266908517424,0.01171875
decoders,linear,without_emerged,9,0.3237784515513502,0.3111292881837998,9,0,0.22025722778830004,0.4843885860478682,0.30370218473928545,0.3367186045217315,llama-2-7b,qwen2-7b,1.541195153944085e-06,0.00390625
decoders,quadratic,without_emerged,9,0.17944782695672606,0.21434750178772533,8,1,-0.03692435535110784,0.3721371023919196,0.15536166752732686,0.2064943497452053,llama-2-7b,qwen2-7b,0.003172219735814333,0.01171875
decoders,linear,without_evil,9,0.3236112572627912,0.3109329123356139,9,0,0.2203293812486101,0.4841685666437206,0.3035415935901751,0.33652149176456386,llama-2-7b,qwen2-7b,1.5492118891002266e-06,0.00390625
decoders,quadratic,without_evil,9,0.17958375651218988,0.21425347814596796,8,1,-0.03624994902068923,0.3720238774670169,0.15552874139283654,0.20656296970379978,llama-2-7b,qwen2-7b,0.00311550880378499,0.01171875
decoders,linear,without_examined,9,0.32321452114060406,0.310614125870707,9,0,0.21910384596081373,0.48442280029735035,0.30306348624601087,0.3362283555380779,llama-2-7b,qwen2-7b,1.599071308031857e-06,0.00390625
decoders,quadratic,without_examined,9,0.1793527323235695,0.21398851079157574,8,1,-0.037020299805519775,0.37174973147741114,0.15530310742933928,0.20639936133970566,llama-2-7b,qwen2-7b,0.0031409343080746593,0.01171875
decoders,linear,without_extended,9,0.3231821638342019,0.31077889925350394,9,0,0.21941067173593182,0.4842100062443679,0.3030536835329311,0.33615360034648567,llama-2-7b,qwen2-7b,1.5826614575121182e-06,0.00390625
decoders,quadratic,without_extended,9,0.17947890301082625,0.21390732589088918,8,1,-0.036354401781255465,0.3722131726572176,0.15538711930502735,0.20645806610983647,llama-2-7b,qwen2-7b,0.0031316729712416516,0.01171875
decoders,linear,without_factor,9,0.3235192658549585,0.3117256511997461,9,0,0.21926476768373715,0.48486198669963076,0.30335142574937446,0.3365510781263612,llama-2-7b,qwen2-7b,1.6112523902646866e-06,0.00390625
decoders,quadratic,without_factor,9,0.17975906511817918,0.2144097149949722,8,1,-0.03716909571553276,0.37300515828746467,0.15560330347201848,0.20687508522239317,llama-2-7b,qwen2-7b,0.003167669390241101,0.01171875
decoders,linear,without_faith,9,0.3233625852116382,0.3111111124546385,9,0,0.21917671583288673,0.48462058747770415,0.30320533492838,0.3363858188839821,llama-2-7b,qwen2-7b,1.6017357896816986e-06,0.00390625
decoders,quadratic,without_faith,9,0.1796236399969773,0.21413528606365256,8,1,-0.03717947662964586,0.3725744760223394,0.15550478549380703,0.2067240295753052,llama-2-7b,qwen2-7b,0.003167235489303118,0.01171875
decoders,linear,without_features,9,0.32332304229133135,0.3106171052608279,9,0,0.220015467259751,0.48458169195875167,0.3031657110829038,0.3362364891702789,llama-2-7b,qwen2-7b,1.585517376970287e-06,0.00390625
decoders,quadratic,without_features,9,0.17937187287911915,0.21380288905019962,8,1,-0.03613566560642234,0.3721394327477797,0.1552759278955366,0.20631031518981185,llama-2-7b,qwen2-7b,0.003123494798860119,0.01171875
decoders,linear,without_feeding,9,0.32324265795805,0.31085393911329007,9,0,0.2192367607053564,0.48488348393489866,0.3030375547109439,0.33624339511463675,llama-2-7b,qwen2-7b,1.631006081007633e-06,0.00390625
decoders,quadratic,without_feeding,9,0.17927422055252476,0.21362626523610684,8,1,-0.0369755861455956,0.3723136066363637,0.1551442972920449,0.20630544638978981,llama-2-7b,qwen2-7b,0.0031711955563754383,0.01171875
decoders,linear,without_flesh,9,0.32333636739835653,0.3106621702682802,9,0,0.22011281902707278,0.48472560281568805,0.3031627129711901,0.336239310944767,llama-2-7b,qwen2-7b,1.5820129722202132e-06,0.00390625
decoders,quadratic,without_flesh,9,0.1793513787369119,0.21380502931891732,8,1,-0.03617451426414811,0.37229632354861875,0.15523326063544854,0.2062921153620444,llama-2-7b,qwen2-7b,0.0031366842345146124,0.01171875
decoders,linear,without_fraction,9,0.32311005639596563,0.3105404554690823,9,0,0.21926246034593058,0.48465565294314394,0.30291685682756836,0.33609100590222,llama-2-7b,qwen2-7b,1.622831949702158e-06,0.00390625
decoders,quadratic,without_fraction,9,0.17947735728198755,0.21375227452930726,8,1,-0.03641860521421569,0.3723659272650246,0.15536628603410793,0.20646435259401294,llama-2-7b,qwen2-7b,0.003116674074366086,0.01171875
decoders,linear,without_frequencies,9,0.32299906236147224,0.31035532022638185,9,0,0.21920835609073896,0.48408289866008075,0.30286358282414616,0.3359729006453139,llama-2-7b,qwen2-7b,1.5961764479579209e-06,0.00390625
decoders,quadratic,without_frequencies,9,0.17933019845903872,0.2136544142543827,8,1,-0.03645038442841556,0.37187311983611876,0.1552623332869037,0.2063027713199705,llama-2-7b,qwen2-7b,0.0031223862033086447,0.01171875
decoders,linear,without_generation,9,0.3231860276309726,0.3107304792404522,9,0,0.2193416227069052,0.48440905656174865,0.3030331490146257,0.3361665782464811,llama-2-7b,qwen2-7b,1.5976334986345227e-06,0.00390625
decoders,quadratic,without_generation,9,0.17958273689566878,0.21388805766438393,8,1,-0.03641153609849576,0.3725577912973772,0.15546085509545526,0.2065820210199394,llama-2-7b,qwen2-7b,0.0031355572280335484,0.01171875
decoders,linear,without_government,9,0.323037445067963,0.3102639135989959,9,0,0.21918094137189342,0.4840421874840195,0.30291185226595596,0.3360195080299717,llama-2-7b,qwen2-7b,1.5939296191427037e-06,0.00390625
decoders,quadratic,without_government,9,0.1791347036206538,0.2136239005455793,8,1,-0.036825894823726814,0.3716834608354307,0.1550661089688067,0.2061297784262014,llama-2-7b,qwen2-7b,0.0031632611841940317,0.01171875
decoders,linear,without_granted,9,0.32350512279947835,0.3104625388336008,9,0,0.22007840971250817,0.4850391366247427,0.3033133710713204,0.3364334619353497,llama-2-7b,qwen2-7b,1.6037124008085815e-06,0.00390625
decoders,quadratic,without_granted,9,0.1796220101697164,0.21379986722972222,8,1,-0.0359754936726402,0.3724966059845277,0.15551268569286497,0.20657169815001095,llama-2-7b,qwen2-7b,0.0031077443576636807,0.01171875
decoders,linear,without_greek,9,0.3232452435768156,0.31064463798267344,9,0,0.21998191672646047,0.48420306810844477,0.30312551551036204,0.33615315943311,llama-2-7b,qwen2-7b,1.572501340969701e-06,0.00390625
decoders,quadratic,without_greek,9,0.1795252989900175,0.21381088429444625,8,1,-0.036225216091756274,0.3718146531381192,0.1554891297215048,0.20649411337523924,llama-2-7b,qwen2-7b,0.0030969022088370443,0.01171875
decoders,linear,without_head,9,0.3230553611397883,0.310799668827834,9,0,0.21917721779383126,0.4840836857205919,0.30292682056718784,0.33604012905803293,llama-2-7b,qwen2-7b,1.5921184470909977e-06,0.00390625
decoders,quadratic,without_head,9,0.17922375396299137,0.2139004972193199,8,1,-0.036942857268957366,0.371816080364653,0.15514971316278364,0.20624458036698495,llama-2-7b,qwen2-7b,0.0031608691250036578,0.01171875
decoders,linear,without_honor,9,0.3236833520116356,0.31093960443788865,9,0,0.22004293696413282,0.4850464521781057,0.3035129644908269,0.33663840389257343,llama-2-7b,qwen2-7b,1.580969447183305e-06,0.00390625
decoders,quadratic,without_honor,9,0.17939013737551004,0.21417093276789947,8,1,-0.03657579921597427,0.3722310669257387,0.15528502118173146,0.2063858794494456,llama-2-7b,qwen2-7b,0.0031492011357903676,0.01171875
decoders,linear,without_horizon,9,0.3229519923328535,0.31022791968496205,9,0,0.21930618639601523,0.48404570518918766,0.30281527822581167,0.33590771807495823,llama-2-7b,qwen2-7b,1.59255246526494e-06,0.00390625
decoders,quadratic,without_horizon,9,0.1792051916908876,0.21362906914777813,8,1,-0.03633489217896083,0.3718047860613955,0.15513024239457415,0.20614770217461867,llama-2-7b,qwen2-7b,0.0031377624115888473,0.01171875
decoders,linear,without_host,9,0.3230520867101697,0.3104830649296909,9,0,0.21944723693507687,0.48411978872905886,0.3029186239578086,0.3360026929320563,llama-2-7b,qwen2-7b,1.5947901565690694e-06,0.00390625
decoders,quadratic,without_host,9,0.17945002399939577,0.2135036151681236,8,1,-0.03601073964748515,0.37197263949178794,0.15538469706284674,0.20638261945525588,llama-2-7b,qwen2-7b,0.0030954861151938095,0.01171875
decoders,linear,without_hurry,9,0.3233655567293319,0.3111891573796795,9,0,0.21928942046307673,0.4849189497722049,0.3031713825989728,0.3363750737626138,llama-2-7b,qwen2-7b,1.6227826155798428e-06,0.00390625
decoders,quadratic,without_hurry,9,0.17962188815580438,0.2137135192994611,8,1,-0.03684479241236923,0.37328445213989,0.15541406765779364,0.20668022322682608,llama-2-7b,qwen2-7b,0.0031731242098635604,0.01171875
decoders,linear,without_identified,9,0.32357645190752715,0.31049418365968673,9,0,0.22046581558203174,0.48441450083013854,0.30347169579220074,0.3364652814482141,llama-2-7b,qwen2-7b,1.5452977534621683e-06,0.00390625
decoders,quadratic,without_identified,9,0.17963994991719356,0.21442861781894923,8,1,-0.03602723028836788,0.3722911759852556,0.15555854665868585,0.20659834744288877,llama-2-7b,qwen2-7b,0.0031100326815268974,0.01171875
decoders,linear,without_illusion,9,0.3232861208330389,0.3103335271787959,9,0,0.21921863765421434,0.4844952189424825,0.30313498356935853,0.33629455623039206,llama-2-7b,qwen2-7b,1.6044546836287103e-06,0.00390625
decoders,quadratic,without_illusion,9,0.1793490456648176,0.21368254970362624,8,1,-0.03667778914814173,0.3723008918384027,0.1552300648931195,0.20635240001643756,llama-2-7b,qwen2-7b,0.0031578050665117857,0.01171875
decoders,linear,without_illustrated,9,0.3229982748855638,0.31033819928178374,9,0,0.21939884972208473,0.4840466214488661,0.30286723156515105,0.3359482030309987,llama-2-7b,qwen2-7b,1.5907099413058772e-06,0.00390625
decoders,quadratic,without_illustrated,9,0.1792947801457973,0.21369938564133067,8,1,-0.03623644616661778,0.37179042826240116,0.1552328241312218,0.2062361834348492,llama-2-7b,qwen2-7b,0.0031197950570420363,0.01171875
decoders,linear,without_image,9,0.3236598561127683,0.3107459179902681,9,0,0.22024268871864378,0.4847455782194551,0.30352414084943247,0.3365870020370339,llama-2-7b,qwen2-7b,1.569342773291164e-06,0.00390625
decoders,quadratic,without_image,9,0.1796345997918067,0.2140308239211905,8,1,-0.0360549596694791,0.37242168131744263,0.15553621460110217,0.20659579472446743,llama-2-7b,qwen2-7b,0.003111650049551567,0.01171875
decoders,linear,without_imagine,9,0.3234712167970869,0.31102718329684326,9,0,0.2191557734576328,0.48511394216521125,0.3032658761260714,0.33651064721451873,llama-2-7b,qwen2-7b,1.618190925464356e-06,0.00390625
decoders,quadratic,without_imagine,9,0.17933740046746427,0.2137735474244815,8,1,-0.03714506617770776,0.3724333759778426,0.15520040352866696,0.20639770879811076,llama-2-7b,qwen2-7b,0.003180736743744707,0.01171875
decoders,linear,without_immediately,9,0.32320492335505724,0.31115651697720303,9,0,0.21938351181160498,0.4841967642421017,0.30308094324417667,0.33618259979798876,llama-2-7b,qwen2-7b,1.5939052950157662e-06,0.00390625
decoders,quadratic,without_immediately,9,0.17970043107764455,0.21382969807698263,8,1,-0.036159441608722385,0.3721898673175311,0.15563925154765873,0.20668291516344042,llama-2-7b,qwen2-7b,0.0031009470004945234,0.01171875
decoders,linear,without_impressed,9,0.32349867511643776,0.3111317938181786,9,0,0.2197761888198662,0.4845101010079222,0.3033722468800022,0.3364639859035092,llama-2-7b,qwen2-7b,1.5753399469948949e-06,0.00390625
decoders,quadratic,without_impressed,9,0.17984395047462293,0.21472954995483806,8,1,-0.03661643421355991,0.37286441518597696,0.15571639238570367,0.20690149856064577,llama-2-7b,qwen2-7b,0.003131323365955241,0.01171875
decoders,linear,without_injury,9,0.3230112390514563,0.3105123438681059,9,0,0.21906001317058144,0.4841652391762203,0.30286698903586073,0.33600514228656564,llama-2-7b,qwen2-7b,1.6076507725060126e-06,0.00390625
decoders,quadratic,without_injury,9,0.17936076705181264,0.2137535316687954,8,1,-0.03707677813567405,0.3720962535771357,0.15526883123614726,0.2064154602002485,llama-2-7b,qwen2-7b,0.003172922577426489,0.01171875
decoders,linear,without_inspired,9,0.32387182637937423,0.3116024233259866,9,0,0.2196828616404128,0.4853858224424848,0.30368257687148537,0.3368954469717444,llama-2-7b,qwen2-7b,1.6003929297357549e-06,0.00390625
decoders,quadratic,without_inspired,9,0.17964390565976437,0.214327741481612,8,1,-0.037159237777948495,0.37285039641031464,0.1554930943159456,0.20674429858947846,llama-2-7b,qwen2-7b,0.0031772800005467265,0.01171875
decoders,linear,without_issue,9,0.3232045585965738,0.3107243857820869,9,0,0.21986456591300976,0.48421020802434184,0.30307885241810284,0.33612205768201936,llama-2-7b,qwen2-7b,1.5750376677559622e-06,0.00390625
decoders,quadratic,without_issue,9,0.1793171092646282,0.2139355914554247,8,1,-0.03641468572360078,0.3720011977083747,0.1552315982091599,0.20628358363815685,llama-2-7b,qwen2-7b,0.0031443662403448625,0.01171875
decoders,linear,without_jumped,9,0.32420138488034533,0.3116760361110921,9,0,0.22042188952132893,0.4858021662688633,0.30400128720678055,0.3371738218002224,llama-2-7b,qwen2-7b,1.586169950089078e-06,0.00390625
decoders,quadratic,without_jumped,9,0.17996111534479847,0.2146799339475522,8,1,-0.03691793170962541,0.373339031523251,0.15578887582249187,0.20707099622660144,llama-2-7b,qwen2-7b,0.0031473810017913634,0.01171875
decoders,linear,without_killing,9,0.3236740075932276,0.31107257777074687,9,0,0.22042376164914185,0.4850839592325102,0.30349776363831726,0.3365802883362383,llama-2-7b,qwen2-7b,1.5777071853583335e-06,0.00390625
decoders,quadratic,without_killing,9,0.17959987124373156,0.21447791281338122,8,1,-0.03612853150218093,0.3723920451370716,0.15550084950706405,0.20656592158697062,llama-2-7b,qwen2-7b,0.0031129506686737767,0.01171875
decoders,linear,without_knife,9,0.32337669520194146,0.31094560084368944,9,0,0.2192369869456456,0.48521729852675616,0.3031466197863396,0.3363941587339785,llama-2-7b,qwen2-7b,1.6431489927203088e-06,0.00390625
decoders,quadratic,without_knife,9,0.17955873627336916,0.21371210285005324,8,1,-0.0368944818062474,0.37331860537416856,0.15533875263576924,0.20661538853332126,llama-2-7b,qwen2-7b,0.0031635934081263475,0.01171875
decoders,linear,without_legs,9,0.32296181767135707,0.3103381990911635,9,0,0.21924631474569348,0.48400063331757276,0.30283196571558013,0.335926255537065,llama-2-7b,qwen2-7b,1.5952068752101468e-06,0.00390625
decoders,quadratic,without_legs,9,0.17916771176865026,0.21369691601188515,8,1,-0.0366516416486545,0.3717169021914173,0.15509906296580442,0.20614513094581338,llama-2-7b,qwen2-7b,0.0031516692155474316,0.01171875
decoders,linear,without_located,9,0.3231287585870095,0.310834207628134,9,0,0.2196624303304809,0.4840423767034318,0.3030145563224568,0.3360620496190756,llama-2-7b,qwen2-7b,1.5712501357173346e-06,0.00390625
decoders,quadratic,without_located,9,0.17932051721014702,0.21386272384585422,8,1,-0.03630902444322952,0.3717889314811048,0.15526196542627735,0.2062742099168191,llama-2-7b,qwen2-7b,0.003133997364025771,0.01171875
decoders,linear,without_maximum,9,0.3240117076736913,0.3106236713343522,9,0,0.2206453087045934,0.48547127415293245,0.3038292618637862,0.3369325075448286,llama-2-7b,qwen2-7b,1.5658467199335316e-06,0.00390625
decoders,quadratic,without_maximum,9,0.17967055164704326,0.21452985878127315,8,1,-0.036016938754108656,0.372690255565865,0.15554308865719055,0.20663148794718725,llama-2-7b,qwen2-7b,0.00311342639175158,0.01171875
decoders,linear,without_metal,9,0.32358126525902914,0.3113577149837378,9,0,0.2201538216570467,0.4850727073757927,0.30339483499443376,0.33650969570927697,llama-2-7b,qwen2-7b,1.5967668332730364e-06,0.00390625
decoders,quadratic,without_metal,9,0.17994140766288322,0.21457379448015776,8,1,-0.03614477568336047,0.3727780011207468,0.15583683348065025,0.20695218058116366,llama-2-7b,qwen2-7b,0.003086569378405686,0.01171875
decoders,linear,without_nature,9,0.3230166701471862,0.31032933895975534,9,0,0.21930308235353785,0.4840152230126208,0.3028918510390069,0.33598086862139226,llama-2-7b,qwen2-7b,1.588305844191229e-06,0.00390625
decoders,quadratic,without_nature,9,0.17923879696380599,0.2139304399741969,8,1,-0.03650023195055861,0.3717429461290559,0.15517577831814974,0.20620617557810156,llama-2-7b,qwen2-7b,0.0031421385051173044,0.01171875
decoders,linear,without_newspapers,9,0.32357895039566903,0.311384903402514,9,0,0.21926860835921072,0.48491746584231993,0.3034116359648377,0.3366177431502263,llama-2-7b,qwen2-7b,1.6158213166449632e-06,0.00390625
decoders,quadratic,without_newspapers,9,0.1798132044091683,0.2146643068004391,8,1,-0.03712654534590306,0.37308361529088596,0.15565440304895356,0.20693067312855218,llama-2-7b,qwen2-7b,0.0031672509504430055,0.01171875
decoders,linear,without_nuclear,9,0.3230446148856157,0.3104972561025065,9,0,0.21936406023074292,0.48414749894317544,0.3029067543784207,0.33600468421747476,llama-2-7b,qwen2-7b,1.5933198751295415e-06,0.00390625
decoders,quadratic,without_nuclear,9,0.17922256140461892,0.21374118840927495,8,1,-0.03671311009773258,0.37188860038751853,0.1551393065317565,0.2062145203424129,llama-2-7b,qwen2-7b,0.0031565887535301668,0.01171875
decoders,linear,without_off,9,0.3229773405275884,0.3103852378558903,9,0,0.2191174530054714,0.4840356557721823,0.30284505112201415,0.33595982646785305,llama-2-7b,qwen2-7b,1.5980924573269277e-06,0.00390625
decoders,quadratic,without_off,9,0.17916107770278072,0.21370498840517263,8,1,-0.0368583664782967,0.37175149712839767,0.1550872752745786,0.2061635082254154,llama-2-7b,qwen2-7b,0.003160714986749374,0.01171875
decoders,linear,without_on,9,0.3230551194195218,0.3103921526124908,9,0,0.21966251860960992,0.48408047106154717,0.30292695046426865,0.3359791945207608,llama-2-7b,qwen2-7b,1.5858566074598292e-06,0.00390625
decoders,quadratic,without_on,9,0.1792380887865087,0.21367986323361915,8,1,-0.03624944414308991,0.37185235789048293,0.15516130514851192,0.20617403040270854,llama-2-7b,qwen2-7b,0.0031309332165658137,0.01171875
decoders,linear,without_operation,9,0.3229525902485714,0.3103808761697726,9,0,0.21919505653144367,0.484004859302367,0.3028210566168469,0.33592228196321233,llama-2-7b,qwen2-7b,1.602215531460904e-06,0.00390625
decoders,quadratic,without_operation,9,0.17917688689610378,0.21364019414508537,8,1,-0.03676194291224877,0.3717237747906296,0.1551085259092881,0.2061692406221479,llama-2-7b,qwen2-7b,0.0031474679974612635,0.01171875
decoders,linear,without_oppose,9,0.3237938217260134,0.3106668141100738,9,0,0.21960260163511117,0.4857868326835999,0.30354469535631506,0.33681772423737616,llama-2-7b,qwen2-7b,1.6156324557195055e-06,0.00390625
decoders,quadratic,without_oppose,9,0.17972663697220717,0.21406556254527778,8,1,-0.03608765288033302,0.3733345485679176,0.15552564802274332,0.2067034232037747,llama-2-7b,qwen2-7b,0.0031370371331474307,0.01171875
decoders,linear,without_otherwise,9,0.32338215540805265,0.3107133658487698,9,0,0.21955168732453204,0.48486179240650973,0.3031972007832455,0.33636096391849274,llama-2-7b,qwen2-7b,1.6049958760261394e-06,0.00390625
decoders,quadratic,without_otherwise,9,0.1793632432792365,0.21373132337337006,8,1,-0.03670019028903744,0.37248585478907353,0.15522291684050687,0.20637117247527073,llama-2-7b,qwen2-7b,0.0031488822006669973,0.01171875
decoders,linear,without_outlook,9,0.3230521336058055,0.31041608565177825,9,0,0.21907416418847458,0.48455767355767465,0.3028639411118218,0.3360493797829719,llama-2-7b,qwen2-7b,1.6258586485234976e-06,0.00390625
decoders,quadratic,without_outlook,9,0.17929069513947346,0.21367716752036656,8,1,-0.03703409265839265,0.37257633256259204,0.15512999046158366,0.20633129361420674,llama-2-7b,qwen2-7b,0.003180615021724031,0.01171875
decoders,linear,without_path,9,0.3231530291054599,0.31094912144867054,9,0,0.21910835528818975,0.4841652028821442,0.30302650738337433,0.33615861333261865,llama-2-7b,qwen2-7b,1.5998548187539181e-06,0.00390625
decoders,quadratic,without_path,9,0.17961710065464295,0.2141038837010887,8,1,-0.03687257200682899,0.37209602524103375,0.15555723508134411,0.20667830973732695,llama-2-7b,qwen2-7b,0.0031401422671522754,0.01171875
decoders,linear,without_peace,9,0.3239550515834068,0.31158581517721173,9,0,0.2197412322673343,0.4851614078957069,0.3038042570443693,0.3369817789979159,llama-2-7b,qwen2-7b,1.58003332148542e-06,0.00390625
decoders,quadratic,without_peace,9,0.17982873875628394,0.21439465237479166,8,1,-0.03696034882844802,0.37276719234953654,0.15571143205712734,0.20692737470437544,llama-2-7b,qwen2-7b,0.0031432774151958476,0.01171875
decoders,linear,without_physical,9,0.32313257453085426,0.3103901211889084,9,0,0.2195596136891267,0.4842317572215778,0.3029951766945138,0.33607919463607017,llama-2-7b,qwen2-7b,1.5873753010060609e-06,0.00390625
decoders,quadratic,without_physical,9,0.17933092146446372,0.21384619312919975,8,1,-0.03645605096480458,0.37198080232929676,0.1552496863563596,0.20630429301812225,llama-2-7b,qwen2-7b,0.0031404351093545562,0.01171875
decoders,linear,without_place,9,0.32298838165074945,0.3105229659855435,9,0,0.21923546142852882,0.48402071568165717,0.302859339896886,0.33595749667852703,llama-2-7b,qwen2-7b,1.5911770658358663e-06,0.00390625
decoders,quadratic,without_place,9,0.17918324236068384,0.21391211643294333,8,1,-0.03679747956619306,0.37174295843310656,0.155113277851631,0.20618083260154346,llama-2-7b,qwen2-7b,0.00315876906570877,0.01171875
decoders,linear,without_plans,9,0.32310715880022056,0.3107483705787764,9,0,0.21917867245242928,0.48432126301356676,0.30295539577355224,0.33609821959369446,llama-2-7b,qwen2-7b,1.6042193314513122e-06,0.00390625
decoders,quadratic,without_plans,9,0.17945097376899785,0.21409302768669333,8,1,-0.03674222389781345,0.3725422903909862,0.1553145591912493,0.20647512347734925,llama-2-7b,qwen2-7b,0.0031588100994186788,0.01171875
decoders,linear,without_plenty,9,0.323485027830696,0.31097895313188234,9,0,0.22050557981411265,0.48471740285248577,0.3033309809529723,0.3363574588327689,llama-2-7b,qwen2-7b,1.5726031987618868e-06,0.00390625
decoders,quadratic,without_plenty,9,0.1796662275802968,0.2140163008445061,8,1,-0.035988403562837515,0.3729903804363262,0.1555007084732931,0.20662305647318857,llama-2-7b,qwen2-7b,0.0031233847493869126,0.01171875
decoders,linear,without_preserve,9,0.3236898196992659,0.31078482810116204,9,0,0.2195726016708249,0.48504320654890526,0.3035206463430611,0.33670447195282105,llama-2-7b,qwen2-7b,1.5835121552807922e-06,0.00390625
decoders,quadratic,without_preserve,9,0.17931334739949087,0.21431679521636313,8,1,-0.03704799573619424,0.37206138056210997,0.15521984325416346,0.2063585152914515,llama-2-7b,qwen2-7b,0.003177226327687474,0.01171875
decoders,linear,without_president,9,0.32318550453115436,0.3108243405891444,9,0,0.21920016168956258,0.48457620687769626,0.3030116667378366,0.33618367238635327,llama-2-7b,qwen2-7b,1.6124846252849887e-06,0.00390625
decoders,quadratic,without_president,9,0.17963244040629323,0.21384686696999688,8,1,-0.03673691154798702,0.3726509638333045,0.15550512497791683,0.20667860940057825,llama-2-7b,qwen2-7b,0.0031391698157699714,0.01171875
decoders,linear,without_pretending,9,0.3237849039678555,0.3111216579386924,9,0,0.21915922255058326,0.48567053217421013,0.30354920044206113,0.33686311414501446,llama-2-7b,qwen2-7b,1.6137860053696569e-06,0.00390625
decoders,quadratic,without_pretending,9,0.17948800738274046,0.21441059678043412,8,1,-0.03726119111040683,0.37300693227293774,0.1552981417714658,0.20658165719438387,llama-2-7b,qwen2-7b,0.0032050032633927487,0.01171875
decoders,linear,without_principles,9,0.32299973298590734,0.31046125381375744,9,0,0.2194786864430922,0.4840581001458307,0.30286743709091696,0.33593986380375923,llama-2-7b,qwen2-7b,1.5897627490202334e-06,0.00390625
decoders,quadratic,without_principles,9,0.17928456787744373,0.2136577652624857,8,1,-0.03626096403062789,0.371834685611986,0.15521580316062594,0.2062277593659527,llama-2-7b,qwen2-7b,0.0031208105906308362,0.01171875
decoders,linear,without_proceed,9,0.3235352599968524,0.3109091424498117,9,0,0.2203706269928794,0.48481286938163104,0.30337555882375505,0.336430839122349,llama-2-7b,qwen2-7b,1.5812654095119656e-06,0.00390625
decoders,quadratic,without_proceed,9,0.17961193109787513,0.21390950997664807,8,1,-0.036046464028054295,0.37253724829199986,0.15549626644860953,0.2065692304886163,llama-2-7b,qwen2-7b,0.003105715137306975,0.01171875
decoders,linear,without_profession,9,0.3231479483738914,0.3108443557455782,9,0,0.21920284459935568,0.4843073147875444,0.3030030275721848,0.3361410863457084,llama-2-7b,qwen2-7b,1.600661644381079e-06,0.00390625
decoders,quadratic,without_profession,9,0.1795341256415825,0.21398870250208465,8,1,-0.0368499631309758,0.3723183338873043,0.1554360996108673,0.2065821367381523,llama-2-7b,qwen2-7b,0.0031427424532604205,0.01171875
decoders,linear,without_project,9,0.3230198343139632,0.3103652242185546,9,0,0.2193322491236733,0.4841329929160502,0.3028806894887023,0.3359807824627494,llama-2-7b,qwen2-7b,1.5913897282794107e-06,0.00390625
decoders,quadratic,without_project,9,0.17919782373131452,0.21375251147690838,8,1,-0.03651480153630184,0.3718466632283364,0.15511671879418676,0.20616190188976655,llama-2-7b,qwen2-7b,0.003144878946095462,0.01171875
decoders,linear,without_provided,9,0.32366177885923597,0.31146938498589705,9,0,0.21935674853098874,0.48517517296572055,0.30347260459592545,0.3366999076502669,llama-2-7b,qwen2-7b,1.6053706991199742e-06,0.00390625
decoders,quadratic,without_provided,9,0.17975580625146803,0.21434194996528041,8,1,-0.03697071604595565,0.3730451798579569,0.15559463455065692,0.20684662153864597,llama-2-7b,qwen2-7b,0.003160376132426964,0.01171875
decoders,linear,without_quantity,9,0.3230043251652118,0.31042826944770713,9,0,0.2192294881798716,0.4841296198961735,0.30286366332384157,0.33597617978837935,llama-2-7b,qwen2-7b,1.5983650656736394e-06,0.00390625
decoders,quadratic,without_quantity,9,0.17921934797356417,0.21359675690204155,8,1,-0.03675605682105181,0.37199389308775754,0.15512252983428998,0.20621627357289118,llama-2-7b,qwen2-7b,0.003160732149306458,0.01171875
decoders,linear,without_quietly,9,0.32328476997802674,0.3108787471556358,9,0,0.21968935406917672,0.4842989916981342,0.3031579922630133,0.336234196966633,llama-2-7b,qwen2-7b,1.5740102931317503e-06,0.00390625
decoders,quadratic,without_quietly,9,0.17918168749947164,0.21381039157672566,8,1,-0.037044501905690974,0.3718824513557599,0.1550940920174356,0.20620996117511697,llama-2-7b,qwen2-7b,0.003165536561172342,0.01171875
decoders,linear,without_range,9,0.3231117756391441,0.3106571713071857,9,0,0.2195515456039947,0.4840828351349787,0.3029903932021648,0.3360568043935378,llama-2-7b,qwen2-7b,1.5812840287823888e-06,0.00390625
decoders,quadratic,without_range,9,0.17920405541160803,0.21380407152462408,8,1,-0.0365374397315039,0.3717695581687847,0.15513336756696094,0.20617174230449703,llama-2-7b,qwen2-7b,0.0031454489430607366,0.01171875
decoders,linear,without_reaction,9,0.32316403061692833,0.31056301786942003,9,0,0.21992277409906424,0.4845231454031319,0.3029941412686528,0.33606918768166133,llama-2-7b,qwen2-7b,1.5973305330076242e-06,0.00390625
decoders,quadratic,without_reaction,9,0.17929088811924665,0.21375745182434938,8,1,-0.036215163417850256,0.37216773001941234,0.15518128288172592,0.20622914456138375,llama-2-7b,qwen2-7b,0.0031471476230523123,0.01171875
decoders,linear,without_recognition,9,0.3231687219424435,0.3107081747114245,9,0,0.21928819078431128,0.4840744832029738,0.3030555017848772,0.33615378833721005,llama-2-7b,qwen2-7b,1.5789576040967204e-06,0.00390625
decoders,quadratic,without_recognition,9,0.17932693513075187,0.21380825588409358,8,1,-0.036522808662232085,0.3718068121210995,0.15526695050695843,0.20630815310487485,llama-2-7b,qwen2-7b,0.0031343533573251316,0.01171875
decoders,linear,without_record,9,0.32348974010299375,0.3108292345250487,9,0,0.21992726222241107,0.4846742777964129,0.3033416728913164,0.33643504983806666,llama-2-7b,qwen2-7b,1.5768618003297525e-06,0.00390625
decoders,quadratic,without_record,9,0.17934664373660433,0.214129541388332,8,1,-0.03649969046268278,0.37210654931758164,0.15525165553898215,0.20632743551151522,llama-2-7b,qwen2-7b,0.0031470916062647358,0.01171875
decoders,linear,without_recording,9,0.32328963979767583,0.31142175507519704,9,0,0.21918343876414337,0.48435007850171397,0.303157084959671,0.3363029149268673,llama-2-7b,qwen2-7b,1.5976060002897176e-06,0.00390625
decoders,quadratic,without_recording,9,0.1798631256023625,0.2146037042942868,8,1,-0.03693855153371621,0.3726266309531458,0.15576768743351457,0.20696333524437233,llama-2-7b,qwen2-7b,0.003134112605897887,0.01171875
decoders,linear,without_research,9,0.3230270236172059,0.3104517737150845,9,0,0.219244256491237,0.4843107988897167,0.30286655170814203,0.335999869507952,llama-2-7b,qwen2-7b,1.6104868164739294e-06,0.00390625
decoders,quadratic,without_research,9,0.17937867080080971,0.2135567053024208,8,1,-0.036538131867810894,0.372350618158929,0.1552571773810448,0.20636827113438727,llama-2-7b,qwen2-7b,0.003144882524072724,0.01171875
decoders,linear,without_resist,9,0.32412416599477717,0.3117472541366278,9,0,0.2198032143883855,0.48574092349612547,0.3039220713071087,0.33716428494557615,llama-2-7b,qwen2-7b,1.5969797079399451e-06,0.00390625
decoders,quadratic,without_resist,9,0.1798345227054897,0.2143879195540978,8,1,-0.03714350479792175,0.37324145988612495,0.15565865555791025,0.20695677614341612,llama-2-7b,qwen2-7b,0.00317013552853366,0.01171875
decoders,linear,without_rest,9,0.3232117127164108,0.3105064402788339,9,0,0.2197210163595357,0.48408563283194644,0.3031024727019689,0.3361480497610202,llama-2-7b,qwen2-7b,1.5622904840510577e-06,0.00390625
decoders,quadratic,without_rest,9,0.1792575931619121,0.21401791231935743,8,1,-0.03659568222502219,0.3717390923669868,0.15519740576127775,0.20623925258527886,llama-2-7b,qwen2-7b,0.0031438159777257115,0.01171875
decoders,linear,without_reviewed,9,0.32386702236993137,0.31109560040405987,9,0,0.22059418518328255,0.48549845087616006,0.3036630938066528,0.3367761270182625,llama-2-7b,qwen2-7b,1.5897382072764836e-06,0.00390625
decoders,quadratic,without_reviewed,9,0.1796178446458164,0.21429654766722273,8,1,-0.03616859360443628,0.37244880034550704,0.15551397518335508,0.20659114942709797,llama-2-7b,qwen2-7b,0.0031366419785712183,0.01171875
decoders,linear,without_rode,9,0.3231242332119694,0.3109820586689348,9,0,0.2192400653542677,0.48413596933175496,0.30299776619699625,0.3361097541941821,llama-2-7b,qwen2-7b,1.5940534381134336e-06,0.00390625
decoders,quadratic,without_rode,9,0.1794423729975869,0.2137415982877635,8,1,-0.03664275052274568,0.3719645627213299,0.155377099282119,0.20645301343762845,llama-2-7b,qwen2-7b,0.0031315323302456674,0.01171875
decoders,linear,without_rock,9,0.3234347465619065,0.3107833845402007,9,0,0.22010123595321088,0.48468574021898364,0.3032783723547719,0.3363514353879935,llama-2-7b,qwen2-7b,1.582100018816186e-06,0.00390625
decoders,quadratic,without_rock,9,0.17973697625872234,0.21443691082971225,8,1,-0.03605901257822081,0.3723825459251125,0.15565628005042362,0.20671147486334027,llama-2-7b,qwen2-7b,0.0030925778769618673,0.01171875
decoders,linear,without_safe,9,0.3229835532161022,0.3104355317854242,9,0,0.21931142696916722,0.4840368277220456,0.30285189390285927,0.33594256899696906,llama-2-7b,qwen2-7b,1.597394588260383e-06,0.00390625
decoders,quadratic,without_safe,9,0.17928963538498766,0.21363773863388408,8,1,-0.03609946869433255,0.3717908522837767,0.155226983272639,0.20621327339490267,llama-2-7b,qwen2-7b,0.00311288690790417,0.01171875
decoders,linear,without_salt,9,0.3236753513252069,0.31107247931052673,9,0,0.22052057217785873,0.4846860008072601,0.3035490201399502,0.3365696987186254,llama-2-7b,qwen2-7b,1.5701226626087184e-06,0.00390625
decoders,quadratic,without_salt,9,0.17967162986707408,0.2142724695684539,8,1,-0.03642485217696323,0.37271573071595504,0.15554111726096398,0.20668369012257876,llama-2-7b,qwen2-7b,0.003138750426262434,0.01171875
decoders,linear,without_scene,9,0.32302610750271643,0.31036027588888637,9,0,0.21932724823876423,0.48412978138750135,0.3028881482671183,0.33598846491071044,llama-2-7b,qwen2-7b,1.5974187344986724e-06,0.00390625
decoders,quadratic,without_scene,9,0.17923434429242563,0.21389536812483564,8,1,-0.03666250245599044,0.3718387277962118,0.15515879635445234,0.20622145013597765,llama-2-7b,qwen2-7b,0.00314191394378859,0.01171875
decoders,linear,without_score,9,0.3233170131813011,0.31063555702243834,9,0,0.22012938751757802,0.48418302999093105,0.30320876108009737,0.33621546638926647,llama-2-7b,qwen2-7b,1.56304025360639e-06,0.00390625
decoders,quadratic,without_score,9,0.1793686840502165,0.21389980117011578,8,1,-0.036139282396999525,0.3720510020859576,0.15528339429574886,0.2063071798561185,llama-2-7b,qwen2-7b,0.0031213296372646993,0.01171875
decoders,linear,without_self,9,0.32329775292415525,0.3105937108421524,9,0,0.21950615214063773,0.4844692358559453,0.30315131755768154,0.33627170302209497,llama-2-7b,qwen2-7b,1.5807383800386245e-06,0.00390625
decoders,quadratic,without_self,9,0.179253184661471,0.21390558321486774,8,1,-0.03660317028239658,0.37209580644194457,0.1551478569389118,0.20623522902945446,llama-2-7b,qwen2-7b,0.0031566178780785908,0.01171875
decoders,linear,without_separate,9,0.3230930052863676,0.3105295456375387,9,0,0.21937267748748662,0.4841160590829845,0.30296512356179045,0.3360580462612277,llama-2-7b,qwen2-7b,1.58719156549442e-06,0.00390625
decoders,quadratic,without_separate,9,0.17926425789366635,0.2139336590827356,8,1,-0.03668962997137556,0.37188034712911855,0.15518724673923479,0.20625849387679657,llama-2-7b,qwen2-7b,0.0031458953373850566,0.01171875
decoders,linear,without_session,9,0.3233772029967913,0.31073991918382154,9,0,0.21928785677596002,0.4845917193853117,0.3032253884482262,0.3363883712743952,llama-2-7b,qwen2-7b,1.5986424893890254e-06,0.00390625
decoders,quadratic,without_session,9,0.17943088815107192,0.21398617075791324,8,1,-0.03679825015111294,0.37195273602092754,0.15536565716733997,0.20645953043884502,llama-2-7b,qwen2-7b,0.003147084291916135,0.01171875
decoders,linear,without_shoot,9,0.32387684780649356,0.3113483321777967,9,0,0.21998884880750577,0.4853090760856192,0.3036978192716029,0.33686284768136704,llama-2-7b,qwen2-7b,1.5850371330485826e-06,0.00390625
decoders,quadratic,without_shoot,9,0.1796928203714517,0.21439104308301174,8,1,-0.03718076545077562,0.37287720532908225,0.1555447722517479,0.20680201859923011,llama-2-7b,qwen2-7b,0.0031756062448788955,0.01171875
decoders,linear,without_shop,9,0.32303277244837775,0.3106554539564068,9,0,0.2191461785388782,0.484159968383314,0.30289187295651077,0.33601859668706524,llama-2-7b,qwen2-7b,1.5981686006743829e-06,0.00390625
decoders,quadratic,without_shop,9,0.17924385968748058,0.21381618618559128,8,1,-0.03685360140406534,0.3719831095937345,0.1551514534491988,0.2062560423239238,llama-2-7b,qwen2-7b,0.003159260129861172,0.01171875
decoders,linear,without_sign,9,0.3231039274330968,0.3107979833246307,9,0,0.21948228476629433,0.48407969052435185,0.3029819570466899,0.33605663276644704,llama-2-7b,qwen2-7b,1.585606575306256e-06,0.00390625
decoders,quadratic,without_sign,9,0.17922986396461563,0.2136813011537369,8,1,-0.036615307323307845,0.3718287397151029,0.15515500449580472,0.20621051037560606,llama-2-7b,qwen2-7b,0.003144699737019741,0.01171875
decoders,linear,without_similar,9,0.3231044055574981,0.31065674693857676,9,0,0.2200720176801679,0.4840913536532042,0.3029810370455348,0.33598345404216434,llama-2-7b,qwen2-7b,1.5753391061309775e-06,0.00390625
decoders,quadratic,without_similar,9,0.17928003402054754,0.21353160286729317,8,1,-0.03624418404199561,0.37187269986365745,0.15520595079015884,0.20622056127836544,llama-2-7b,qwen2-7b,0.003137061260843558,0.01171875
decoders,linear,without_sing,9,0.3233858232841243,0.3110114534215974,9,0,0.21930472083999025,0.4845592676956195,0.30323914273268743,0.3363959610896411,llama-2-7b,qwen2-7b,1.6020805185325569e-06,0.00390625
decoders,quadratic,without_sing,9,0.17957274844434676,0.21431087859651637,8,1,-0.037072493617219135,0.3725594270269278,0.15544941362152412,0.2066534037020425,llama-2-7b,qwen2-7b,0.0031635049713738487,0.01171875
decoders,linear,without_slammed,9,0.3230498664505144,0.3105111652760216,9,0,0.21904808382839094,0.4840712156950915,0.30292219779494234,0.3360500892782799,llama-2-7b,qwen2-7b,1.5954421046943943e-06,0.00390625
decoders,quadratic,without_slammed,9,0.17928523888507905,0.213804663427401,8,1,-0.037105261583937794,0.3717938551645979,0.15522166185013914,0.20633405144370615,llama-2-7b,qwen2-7b,0.003163911268034684,0.01171875
decoders,linear,without_slid,9,0.32305031068850293,0.3109227756244351,9,0,0.219067417191553,0.4842205743536066,0.30290402773036496,0.3360481723756217,llama-2-7b,qwen2-7b,1.6065901385978575e-06,0.00390625
decoders,quadratic,without_slid,9,0.17926787778814765,0.21356237813696566,8,1,-0.03707689066279985,0.37183834125789034,0.15519656985442978,0.20631097384451608,llama-2-7b,qwen2-7b,0.0031577157166754527,0.01171875
decoders,linear,without_smelled,9,0.3235253584013213,0.31146678902722646,9,0,0.2200003096567927,0.4841439205190661,0.30344803813660315,0.3364659894943874,llama-2-7b,qwen2-7b,1.5508083806820332e-06,0.00390625
decoders,quadratic,without_smelled,9,0.17947945313602257,0.2140386866094977,8,1,-0.03670782382338139,0.37203751751666636,0.1554096950884421,0.2065028627559481,llama-2-7b,qwen2-7b,0.0031320985973842504,0.01171875
decoders,linear,without_solution,9,0.3230425993000554,0.3102151433678172,9,0,0.2195286312364151,0.4840518971062328,0.3029164370742833,0.33598184530801045,llama-2-7b,qwen2-7b,1.5820589511601993e-06,0.00390625
decoders,quadratic,without_solution,9,0.1792027620985554,0.21379239067449263,8,1,-0.03640914901491108,0.3718200025459796,0.1551256070426274,0.2061542509877387,llama-2-7b,qwen2-7b,0.003144317087797727,0.01171875
decoders,linear,without_somehow,9,0.323439696341652,0.3109526917080591,9,0,0.22048583279455064,0.48433996924555556,0.30332716222866396,0.33630892928503964,llama-2-7b,qwen2-7b,1.5622940633281626e-06,0.00390625
decoders,quadratic,without_somehow,9,0.17964781931911314,0.21403141820440247,8,1,-0.03603956325392443,0.37271934465537243,0.15551387865208072,0.20660874214074282,llama-2-7b,qwen2-7b,0.003112458409593367,0.01171875
decoders,linear,without_species,9,0.3230997915384304,0.3105950976593915,9,0,0.21935176167997958,0.4841985878915211,0.302962441994294,0.33606829527073667,llama-2-7b,qwen2-7b,1.5939132930354824e-06,0.00390625
decoders,quadratic,without_species,9,0.17958723618476538,0.2140990610005867,8,1,-0.036042942391506724,0.3721227577973962,0.15552029598318656,0.2065410085067994,llama-2-7b,qwen2-7b,0.003104418784188089,0.01171875
decoders,linear,without_state,9,0.32307173983592524,0.310531974375258,9,0,0.21945190415436772,0.4840695778121528,0.3029470100888968,0.3360242192961199,llama-2-7b,qwen2-7b,1.5847960512245544e-06,0.00390625
decoders,quadratic,without_state,9,0.1791963934475862,0.21370617692168445,8,1,-0.03661910458468482,0.3718105108217489,0.15511962877581587,0.20617333070162008,llama-2-7b,qwen2-7b,0.003147894943062429,0.01171875
decoders,linear,without_stretched,9,0.32296338818779724,0.310767423093826,9,0,0.21913954835188895,0.4840054488242568,0.3028331306082398,0.33594136816728576,llama-2-7b,qwen2-7b,1.5957834410392507e-06,0.00390625
decoders,quadratic,without_stretched,9,0.17924186720789914,0.2138448819125732,8,1,-0.03689407139619567,0.3717264071413296,0.15518129971622036,0.206258859533411,llama-2-7b,qwen2-7b,0.003147740185217815,0.01171875
decoders,linear,without_suffering,9,0.32305682057122187,0.310818823684857,9,0,0.21903563239217524,0.48417535295400554,0.30291700402337396,0.33605946909360274,llama-2-7b,qwen2-7b,1.6057052602680795e-06,0.00390625
decoders,quadratic,without_suffering,9,0.17942568324849595,0.2137661816990164,8,1,-0.03715602658080064,0.37210741771535955,0.155340466440138,0.20649839697715802,llama-2-7b,qwen2-7b,0.00316126303815827,0.01171875
decoders,linear,without_survive,9,0.32315893776412535,0.3107588724219073,9,0,0.21948189234141363,0.48414422162475856,0.3030357772815462,0.3361185684419643,llama-2-7b,qwen2-7b,1.595940086064437e-06,0.00390625
decoders,quadratic,without_survive,9,0.17944503054357358,0.21400581940371602,8,1,-0.03672980132185673,0.3720298358637378,0.15537192987855306,0.20646688452675235,llama-2-7b,qwen2-7b,0.003134382671770981,0.01171875
decoders,linear,without_sympathetic,9,0.3230314639474762,0.31030662784822455,9,0,0.21952078721391832,0.4841243560403409,0.30289485243586817,0.33597029853917093,llama-2-7b,qwen2-7b,1.5874362229202695e-06,0.00390625
decoders,quadratic,without_sympathetic,9,0.17920975354556237,0.21378348091201801,8,1,-0.03642300587294675,0.37186137633887856,0.15512830069639785,0.206163848472876,llama-2-7b,qwen2-7b,0.003151582100234182,0.01171875
decoders,linear,without_sympathy,9,0.32316620276784247,0.3106445691918627,9,0,0.21971491187998513,0.48437487311381516,0.3030151189745959,0.33609761412882466,llama-2-7b,qwen2-7b,1.590819338734223e-06,0.00390625
decoders,quadratic,without_sympathy,9,0.1793548540225143,0.2136522149865255,8,1,-0.036204135705914506,0.3721933384640216,0.1552500434673259,0.20629972773856792,llama-2-7b,qwen2-7b,0.003150866815308067,0.01171875
decoders,linear,without_test,9,0.323525347698922,0.3110127962029787,9,0,0.22034606192156836,0.4843712268568005,0.30341961280418717,0.3364227584210912,llama-2-7b,qwen2-7b,1.546265616004307e-06,0.00390625
decoders,quadratic,without_test,9,0.17945517892153512,0.2143666500584777,8,1,-0.036285822132607094,0.37209853985621155,0.15537475880470056,0.20642280405330288,llama-2-7b,qwen2-7b,0.003136363136172321,0.01171875
decoders,linear,without_theme,9,0.32345683195149627,0.31082433612028776,9,0,0.21987449733442213,0.48434475886744605,0.3033458410870025,0.33640462377863056,llama-2-7b,qwen2-7b,1.5670094701234051e-06,0.00390625
decoders,quadratic,without_theme,9,0.17947909219550698,0.21392279947698448,8,1,-0.03649491712007201,0.37196515706631383,0.15541833408665612,0.20647584335995434,llama-2-7b,qwen2-7b,0.00311480839914814,0.01171875
decoders,linear,without_thoroughly,9,0.3233210765488653,0.3107580107825164,9,0,0.22033326225313982,0.4841448605031614,0.30321810355457834,0.33619455333583104,llama-2-7b,qwen2-7b,1.557560194918619e-06,0.00390625
decoders,quadratic,without_thoroughly,9,0.17938608659358604,0.2138627832535634,8,1,-0.0360719280847026,0.37190981958761676,0.15532061996933222,0.20631833842837216,llama-2-7b,qwen2-7b,0.0031175600828222383,0.01171875
decoders,linear,without_tube,9,0.3240535526215092,0.3117870533128881,9,0,0.21999261903984568,0.4857975164003666,0.303835557149152,0.33706116931921715,llama-2-7b,qwen2-7b,1.6049213797156861e-06,0.00390625
decoders,quadratic,without_tube,9,0.17964122721856718,0.21403443286409177,8,1,-0.0371992358404984,0.37338100013597225,0.15542375560389157,0.2067462851009504,llama-2-7b,qwen2-7b,0.0031811224882290585,0.01171875
decoders,linear,without_urged,9,0.32323349535072626,0.3108753246844713,9,0,0.21906516346297406,0.4848420225238871,0.30303242945408115,0.33625453683669526,llama-2-7b,qwen2-7b,1.6303162201985357e-06,0.00390625
decoders,quadratic,without_urged,9,0.17932720637874766,0.21363263323482767,8,1,-0.03717340568790883,0.37196644813919444,0.1552473011586918,0.2063897828870797,llama-2-7b,qwen2-7b,0.0031693760100748587,0.01171875
decoders,linear,without_use,9,0.32364534628369884,0.3108969861246946,9,0,0.22038210629388574,0.48475352335128163,0.30350682415025104,0.3365532512824255,llama-2-7b,qwen2-7b,1.5612422934303274e-06,0.00390625
decoders,quadratic,without_use,9,0.17956222450354442,0.21441393725342361,8,1,-0.03609173321950999,0.3722847856848029,0.1554719043558871,0.2065189692189262,llama-2-7b,qwen2-7b,0.003114349316428548,0.01171875
decoders,linear,without_wall,9,0.3231628142814157,0.31080316320249124,9,0,0.21923949937663126,0.4844889965967962,0.30299704149199314,0.3361532286445137,llama-2-7b,qwen2-7b,1.6089228546780934e-06,0.00390625
decoders,quadratic,without_wall,9,0.17952615427121485,0.21377323284636296,8,1,-0.036817349578755786,0.37246575464789966,0.15540870422412922,0.20656909225246117,llama-2-7b,qwen2-7b,0.003146690557028004,0.01171875
decoders,linear,without_warning,9,0.32350919888166085,0.31085970112043865,9,0,0.220265264652898,0.4848173099371292,0.30334568499972725,0.3364146906602562,llama-2-7b,qwen2-7b,1.5714262395385974e-06,0.00390625
decoders,quadratic,without_warning,9,0.17944089061433396,0.21394299592884636,8,1,-0.036150859043835165,0.372244572162099,0.15534043042086332,0.2063898593216051,llama-2-7b,qwen2-7b,0.003125870994137466,0.01171875
decoders,linear,without_wealth,9,0.3229698709519315,0.31039049325366197,9,0,0.21919113050410974,0.484021227665269,0.3028384513627643,0.33594221350790926,llama-2-7b,qwen2-7b,1.5966539014146947e-06,0.00390625
decoders,quadratic,without_wealth,9,0.17925444181340844,0.21378708270972313,8,1,-0.0365559500002443,0.37175863839279394,0.15519141724098529,0.20623074079011505,llama-2-7b,qwen2-7b,0.0031409627267166866,0.01171875
decoders,linear,without_wore,9,0.32377153066584674,0.3111856617883901,9,0,0.21987338681637503,0.4850494498110385,0.30361179077269784,0.33675879864703073,llama-2-7b,qwen2-7b,1.580773148486831e-06,0.00390625
decoders,quadratic,without_wore,9,0.17962068085495783,0.21447543806503933,8,1,-0.03666849136824895,0.3724231525825905,0.15552037188900375,0.20665682738285868,llama-2-7b,qwen2-7b,0.003153445013176544,0.01171875
decoders,linear,without_wild,9,0.32305811298222725,0.31051314112528844,9,0,0.2193892103958764,0.4841760500496243,0.3029183708488027,0.3360167258055211,llama-2-7b,qwen2-7b,1.5989731763269424e-06,0.00390625
decoders,quadratic,without_wild,9,0.17943762137997812,0.21374554168195847,8,1,-0.0361160833315247,0.3720482289691033,0.15536129543133748,0.20638183446891595,llama-2-7b,qwen2-7b,0.0031198537983984764,0.01171875
decoders,linear,without_wire,9,0.32304823217458606,0.3104171228937353,9,0,0.21927478296894382,0.48411346080488016,0.30291507859579936,0.33601991332529135,llama-2-7b,qwen2-7b,1.5963736895968963e-06,0.00390625
decoders,quadratic,without_wire,9,0.1791603734209984,0.21370344740932842,8,1,-0.036828910009448164,0.37184567631328186,0.15507471055946295,0.20615903384980422,llama-2-7b,qwen2-7b,0.003166524892644737,0.01171875
decoders,linear,without_worry,9,0.3234201510935011,0.3108956477525825,9,0,0.21987602114468993,0.4846442979954285,0.3032671327307602,0.3363631673371025,llama-2-7b,qwen2-7b,1.5700926470569368e-06,0.00390625
decoders,quadratic,without_worry,9,0.1792599118821466,0.21357764425776818,8,1,-0.03655469164290279,0.37198314553985495,0.15516950767493304,0.20623673732277775,llama-2-7b,qwen2-7b,0.0031520615785241507,0.01171875
decoders,linear,without_writer,9,0.3230914930688682,0.3104683961659568,9,0,0.21999698283094718,0.4840132262225047,0.3029762764246637,0.33597830684860835,llama-2-7b,qwen2-7b,1.5670978273143613e-06,0.00390625
decoders,quadratic,without_writer,9,0.1792937875308176,0.21347005159077856,8,1,-0.03604940173039378,0.3716783464095202,0.15524571767097978,0.20621168618846902,llama-2-7b,qwen2-7b,0.003110234907118971,0.01171875
decoders,linear,without_yard,9,0.32295274033445315,0.3103735873745121,9,0,0.21927532460778917,0.48406051466335115,0.30281426854334087,0.3359124173002861,llama-2-7b,qwen2-7b,1.599783186334416e-06,0.00390625
decoders,quadratic,without_yard,9,0.1791954687920583,0.2136774475307058,8,1,-0.03653751181550927,0.3718258539305415,0.1551166706497479,0.20616209136800423,llama-2-7b,qwen2-7b,0.0031460974330936513,0.01171875
decoders,linear,without_years,9,0.32318398318014846,0.3107774785564515,9,0,0.2193626196599549,0.4842701451010406,0.30304821294003703,0.3361616536201727,llama-2-7b,qwen2-7b,1.5894582250731089e-06,0.00390625
decoders,quadratic,without_years,9,0.17937816585952035,0.2140530323655947,8,1,-0.03672472008236567,0.37213308156414404,0.15528380139644238,0.2063910266022561,llama-2-7b,qwen2-7b,0.0031522065409219824,0.01171875
decoders,linear,without_youth,9,0.3234121784014546,0.3107405954942764,9,0,0.21970703175192996,0.4846482490494291,0.30325766957045774,0.33637532173264517,llama-2-7b,qwen2-7b,1.5949915390842333e-06,0.00390625
decoders,quadratic,without_youth,9,0.1795421846263284,0.21390393573204677,8,1,-0.036323357495947964,0.3723803381505798,0.15543741543579692,0.20652537739161295,llama-2-7b,qwen2-7b,0.0031486736994285735,0.01171875
decoders,linear,without_administered,9,0.32312224377059695,0.3107365291011797,9,0,0.21918926994286037,0.4841590899343995,0.30299263800012166,0.3361138654990641,llama-2-7b,qwen2-7b,1.6037838462702948e-06,0.00390625
decoders,quadratic,without_administered,9,0.17954510756717135,0.21383591127226587,8,1,-0.036744442486005426,0.3720836822586524,0.15547778573073626,0.20658130132381847,llama-2-7b,qwen2-7b,0.003142158277258837,0.01171875
decoders,linear,without_affair,9,0.32295816317862186,0.31036960418816284,9,0,0.21916183549767693,0.484041376022281,0.30282276157316446,0.33593270413874,llama-2-7b,qwen2-7b,1.5997389668987447e-06,0.00390625
decoders,quadratic,without_affair,9,0.1791989284621965,0.21367884545468474,8,1,-0.03667356901010197,0.3717888103274627,0.15512519322903823,0.2061829906462338,llama-2-7b,qwen2-7b,0.003149406750797612,0.01171875
decoders,linear,without_agents,9,0.3231243262074466,0.3104430153354474,9,0,0.21965631172072955,0.484152589010137,0.30299579335711024,0.33605782801828615,llama-2-7b,qwen2-7b,1.5774923611943795e-06,0.00390625
decoders,quadratic,without_agents,9,0.17926879128819606,0.2137100314288062,8,1,-0.03629036078815241,0.37177845882973387,0.15520508284550383,0.20621368529773962,llama-2-7b,qwen2-7b,0.0031300174509227034,0.01171875
decoders,linear,without_alert,9,0.3235074455422768,0.31083629083146636,9,0,0.22024089147973835,0.4845851331617999,0.3033727345898364,0.33641576480009405,llama-2-7b,qwen2-7b,1.5711750333153644e-06,0.00390625
decoders,quadratic,without_alert,9,0.1794613105480276,0.21397716689745003,8,1,-0.036122208025171305,0.37215721868151663,0.1553743220313415,0.2064092503696775,llama-2-7b,qwen2-7b,0.0031186698561046842,0.01171875
decoders,linear,without_ambiguous,9,0.32319282940490507,0.31066289592384105,9,0,0.21927011036536234,0.4845421028272368,0.30302417022711353,0.3361831692848478,llama-2-7b,qwen2-7b,1.6125479211477553e-06,0.00390625
decoders,quadratic,without_ambiguous,9,0.17970454171168518,0.2138286881805047,8,1,-0.03635319288997342,0.372810247367632,0.15556632850469182,0.2067117585368925,llama-2-7b,qwen2-7b,0.0031364466846954603,0.01171875
decoders,linear,without_analysis,9,0.32298421955647905,0.3107015097043379,9,0,0.21910145803046951,0.4840718413207049,0.30284826683595084,0.3359695647472303,llama-2-7b,qwen2-7b,1.606721610441095e-06,0.00390625
decoders,quadratic,without_analysis,9,0.1792810520557049,0.21366904143568813,8,1,-0.03691069427785508,0.3718300495667176,0.15521242736682833,0.2063050203473999,llama-2-7b,qwen2-7b,0.003144803288725597,0.01171875
decoders,linear,without_anxiety,9,0.32297073029503665,0.3106646641636374,9,0,0.2191691703083176,0.4841030413498066,0.3028291914131904,0.3359459252933765,llama-2-7b,qwen2-7b,1.6030891909776176e-06,0.00390625
decoders,quadratic,without_anxiety,9,0.17925888811294077,0.21361937053269092,8,1,-0.03668630244268559,0.3719376126244098,0.15517404754900715,0.20625203693239408,llama-2-7b,qwen2-7b,0.0031526718199005625,0.01171875
decoders,linear,without_appearance,9,0.3232523673701155,0.3110891908149965,9,0,0.21921213814586427,0.48441410767116166,0.3031071498324847,0.33625739602314686,llama-2-7b,qwen2-7b,1.6075328226473313e-06,0.00390625
decoders,quadratic,without_appearance,9,0.17975985538703657,0.21400878734022408,8,1,-0.03673146386298168,0.3725139242612464,0.15566559677776032,0.20682127029328884,llama-2-7b,qwen2-7b,0.003121718479347594,0.01171875
decoders,linear,without_approved,9,0.32301067868829114,0.31052375110921826,9,0,0.21944489614785245,0.4840712006659682,0.3028781134410815,0.335956401505846,llama-2-7b,qwen2-7b,1.5892618741237983e-06,0.00390625
decoders,quadratic,without_approved,9,0.17921690967379766,0.2137515785831306,8,1,-0.03644927608788031,0.3718649474130704,0.15513590495638857,0.2061751828940074,llama-2-7b,qwen2-7b,0.0031484023408448352,0.01171875
decoders,linear,without_arise,9,0.3230060595129893,0.31049761504677925,9,0,0.2191192116288399,0.4841972067972704,0.30285716610245406,0.33599191549850793,llama-2-7b,qwen2-7b,1.6115365699907593e-06,0.00390625
decoders,quadratic,without_arise,9,0.17926935017632836,0.2136068934879673,8,1,-0.036823841079964316,0.37212720419486783,0.1551621184240109,0.20628099908336492,llama-2-7b,qwen2-7b,0.0031677495895037436,0.01171875
decoders,linear,without_articles,9,0.32304720984456475,0.3106011320729439,9,0,0.21935045652377128,0.4840266167262427,0.30292478398435496,0.3360093040096639,llama-2-7b,qwen2-7b,1.5903424876336616e-06,0.00390625
decoders,quadratic,without_articles,9,0.17935266281008583,0.21384631389799727,8,1,-0.03656349094848654,0.37175304039939894,0.15530261561142172,0.2063421820299074,llama-2-7b,qwen2-7b,0.003128963102448069,0.01171875
decoders,linear,without_association,9,0.32359568363504226,0.31096000254292017,9,0,0.220334914259405,0.48502232865519646,0.303417353007523,0.3365032798069969,llama-2-7b,qwen2-7b,1.5779282506994035e-06,0.00390625
decoders,quadratic,without_association,9,0.1796554585003467,0.2141023098235248,8,1,-0.03602408905557242,0.3726422465437543,0.15553210999492076,0.20661540194483657,llama-2-7b,qwen2-7b,0.0031126013175187357,0.01171875
decoders,linear,without_badly,9,0.3231694101269707,0.3107133398472625,9,0,0.21900141940027165,0.4842343242379471,0.30303629586309866,0.33619040896780805,llama-2-7b,qwen2-7b,1.6032173604344634e-06,0.00390625
decoders,quadratic,without_badly,9,0.17937604636651386,0.21388904574842693,8,1,-0.03724061483408348,0.3719292174292243,0.15530689998367506,0.20645312901658852,llama-2-7b,qwen2-7b,0.003150232923599209,0.01171875
decoders,linear,without_balance,9,0.3229975695427595,0.3103485807820532,9,0,0.219105995381596,0.48403958054599644,0.3028673181673549,0.335984016312905,llama-2-7b,qwen2-7b,1.5889629593288963e-06,0.00390625
decoders,quadratic,without_balance,9,0.17906532231120698,0.21368989808627054,8,1,-0.03693346685480687,0.37178076678098465,0.15497589175248472,0.20606517095695867,llama-2-7b,qwen2-7b,0.0031747903296587446,0.01171875
decoders,linear,without_beat,9,0.32304172641406304,0.310687708791653,9,0,0.21931181368154007,0.48419912198477116,0.3028970519677245,0.3360079655056284,llama-2-7b,qwen2-7b,1.5999062815202243e-06,0.00390625
decoders,quadratic,without_beat,9,0.17948077112169156,0.2137856902405166,8,1,-0.03634653624386674,0.37218024485823625,0.15539333690462342,0.20645918454238632,llama-2-7b,qwen2-7b,0.0031191235091052815,0.01171875
decoders,linear,without_black,9,0.32301098659669464,0.3105945797045942,9,0,0.21948499700754895,0.48406651668429085,0.3028790453357451,0.33595173529533784,llama-2-7b,qwen2-7b,1.5883697314248037e-06,0.00390625
decoders,quadratic,without_black,9,0.17924915713682138,0.21353742955238972,8,1,-0.03642962106704888,0.37184938579908505,0.1551741285540384,0.20620900441230514,llama-2-7b,qwen2-7b,0.0031356883918557585,0.01171875
decoders,linear,without_blanket,9,0.3230136716664703,0.3104543432634932,9,0,0.2191985377402777,0.4842148251828946,0.30286352747691736,0.3359905634072445,llama-2-7b,qwen2-7b,1.6050347699076362e-06,0.00390625
decoders,quadratic,without_blanket,9,0.17934599515231497,0.2136561960270059,8,1,-0.03655139244662546,0.37213902711637675,0.15524686615680727,0.20633316860218257,llama-2-7b,qwen2-7b,0.0031371101235420367,0.01171875
decoders,linear,without_bond,9,0.3230460931585999,0.31046826984491965,9,0,0.219457555332047,0.4840628824148234,0.30291899450157195,0.335994660386919,llama-2-7b,qwen2-7b,1.5852138994594974e-06,0.00390625
decoders,quadratic,without_bond,9,0.17919478260374885,0.21365019795821485,8,1,-0.0364465001918792,0.37177986009090924,0.15512164791785382,0.20614994295320238,llama-2-7b,qwen2-7b,0.003139033615189607,0.01171875
decoders,linear,without_boss,9,0.3230314857745307,0.3102625312052024,9,0,0.21956314674969396,0.48426166304149476,0.3028777136161602,0.3359650281526353,llama-2-7b,qwen2-7b,1.5944517630300603e-06,0.00390625
decoders,quadratic,without_boss,9,0.1792379984744114,0.2136013246670205,8,1,-0.03642423602417212,0.37220650250131837,0.155116935471048,0.20619577778673434,llama-2-7b,qwen2-7b,0.0031465682693624718,0.01171875
decoders,linear,without_bounced,9,0.32361531998090376,0.31124802701098636,9,0,0.2200847488667716,0.4850386260556537,0.30343740672156005,0.33655664137017033,llama-2-7b,qwen2-7b,1.60091794285526e-06,0.00390625
decoders,quadratic,without_bounced,9,0.17958266754169544,0.21401662912940153,8,1,-0.03702519515899566,0.37315381439531586,0.1553862741849929,0.20665865037928183,llama-2-7b,qwen2-7b,0.0031737882252826505,0.01171875
decoders,linear,without_break,9,0.32311877543318707,0.3108642065088341,9,0,0.2190474096983777,0.48418324823351955,0.3029857163331455,0.33612769615003824,llama-2-7b,qwen2-7b,1.6033365451852383e-06,0.00390625
decoders,quadratic,without_break,9,0.17922457957149332,0.21363626433302133,8,1,-0.03713726369462945,0.37186661016156325,0.15514432574773457,0.2062698099797587,llama-2-7b,qwen2-7b,0.0031734888342455814,0.01171875
decoders,linear,without_burst,9,0.3238087296481208,0.31127898993426467,9,0,0.22005997429172555,0.48521799584532427,0.30363257137347033,0.33677732406767014,llama-2-7b,qwen2-7b,1.5908214755485103e-06,0.00390625
decoders,quadratic,without_burst,9,0.1792985051663204,0.2139581582480603,8,1,-0.03699725340180331,0.37226168883398425,0.1551781072078624,0.20633547498733587,llama-2-7b,qwen2-7b,0.0031724063798282327,0.01171875
decoders,linear,without_campaign,9,0.3234602942237872,0.31085935351687344,9,0,0.21992848127017267,0.4843762593520582,0.30334579858275323,0.33640177084298895,llama-2-7b,qwen2-7b,1.5619047514764567e-06,0.00390625
decoders,quadratic,without_campaign,9,0.17934009175881885,0.21405996601528346,8,1,-0.03650107227612096,0.37193062730774695,0.15526627481520283,0.20632023726318632,llama-2-7b,qwen2-7b,0.0031376944719414017,0.01171875
decoders,linear,without_catholic,9,0.3237749545754206,0.3110030144216603,9,0,0.22048314609333758,0.4849933993815343,0.3036226489746564,0.33668643063568104,llama-2-7b,qwen2-7b,1.5717674865674923e-06,0.00390625
decoders,quadratic,without_catholic,9,0.17955779943180547,0.21399428322838504,8,1,-0.036148908915297845,0.37220588922001724,0.15547678820827895,0.20652113797519336,llama-2-7b,qwen2-7b,0.003107158474625693,0.01171875
decoders,linear,without_centers,9,0.3230456554884777,0.3106266477823831,9,0,0.21936144263889773,0.48406844879492034,0.3029178063251724,0.33600618209467525,llama-2-7b,qwen2-7b,1.5931954698631548e-06,0.00390625
decoders,quadratic,without_centers,9,0.17929909793548388,0.21366035567700886,8,1,-0.03652032722705207,0.3718196308905753,0.15523403131609745,0.20627652608080088,llama-2-7b,qwen2-7b,0.0031294733317568154,0.01171875
decoders,linear,without_challenge,9,0.32344272694943066,0.31113961599658696,9,0,0.2191823791954478,0.4847672523282925,0.3032771612770729,0.33647527041867853,llama-2-7b,qwen2-7b,1.616098695520349e-06,0.00390625
decoders,quadratic,without_challenge,9,0.17973013197218146,0.21432962937224428,8,1,-0.03696567494480919,0.3729924959637604,0.1555723364732341,0.2068171078368053,llama-2-7b,qwen2-7b,0.0031661619621398828,0.01171875
decoders,linear,without_chicken,9,0.32313678807662466,0.31076423460547725,9,0,0.21950765533012934,0.4840826465316996,0.30301855576974035,0.33609042966993663,llama-2-7b,qwen2-7b,1.583099176451379e-06,0.00390625
decoders,quadratic,without_chicken,9,0.17954154389780294,0.21375986117994972,8,1,-0.03614788128941564,0.3718598763936401,0.15550175233582328,0.2065027220462053,llama-2-7b,qwen2-7b,0.0030977921177024717,0.01171875
decoders,linear,without_china,9,0.32352252341270543,0.31068597808006465,9,0,0.2196145618132316,0.48555394936535107,0.3032685951686247,0.33651101861263966,llama-2-7b,qwen2-7b,1.634325495119884e-06,0.00390625
decoders,quadratic,without_china,9,0.17962798991884343,0.21393822225706022,8,1,-0.03630842008653081,0.3728952463803905,0.15546958286115004,0.2066200411695152,llama-2-7b,qwen2-7b,0.0031365355533475134,0.01171875
decoders,linear,without_circumstances,9,0.32386835422898513,0.3113143024525985,9,0,0.21953088630860626,0.4852428529479667,0.30369654188911244,0.3369105377190325,llama-2-7b,qwen2-7b,1.6008259551494702e-06,0.00390625
decoders,quadratic,without_circumstances,9,0.17964977951572664,0.21452506018916984,8,1,-0.03710171886885318,0.37237136202671933,0.15555958170185252,0.2067437168137991,llama-2-7b,qwen2-7b,0.003157359050424854,0.01171875
decoders,linear,without_claim,9,0.3230268109910803,0.31069909543375085,9,0,0.21931693905554836,0.4840627601599495,0.3028973173449717,0.33599054498302183,llama-2-7b,qwen2-7b,1.5945473088129e-06,0.00390625
decoders,quadratic,without_claim,9,0.17924736009583167,0.21379688416320902,8,1,-0.036753593987111324,0.37184356603601215,0.15517283435330909,0.20624747935619953,llama-2-7b,qwen2-7b,0.0031517508331810307,0.01171875
decoders,linear,without_clear,9,0.32316221125003775,0.31068272584746653,9,0,0.21940682781726248,0.4841614921826637,0.3030373011334595,0.3361316341791346,llama-2-7b,qwen2-7b,1.5853958867298394e-06,0.00390625
decoders,quadratic,without_clear,9,0.1793137699716348,0.21407906202310817,8,1,-0.03671593349428476,0.3719479705011867,0.1552344949054408,0.20631748290487473,llama-2-7b,qwen2-7b,0.0031493839445478856,0.01171875
decoders,linear,without_collapsed,9,0.32356854267525814,0.31039904063189244,9,0,0.21962714267234873,0.4854626754576186,0.30333177607746303,0.3365612176756218,llama-2-7b,qwen2-7b,1.6217180009959769e-06,0.00390625
decoders,quadratic,without_collapsed,9,0.17986985092210006,0.21475129308206187,8,1,-0.036357673482744914,0.3729534388698638,0.15573440242862957,0.20689829147270566,llama-2-7b,qwen2-7b,0.003127544629497834,0.01171875
decoders,linear,without_combat,9,0.32307995137049456,0.31076432973203455,9,0,0.21939599577921087,0.4841590349263505,0.3029450659260126,0.33604044581940506,llama-2-7b,qwen2-7b,1.5942411683378823e-06,0.00390625
decoders,quadratic,without_combat,9,0.17936704025954955,0.21388460789850777,8,1,-0.03659649263750815,0.3720660990058975,0.15527965791625603,0.20636248187168174,llama-2-7b,qwen2-7b,0.003138455616067597,0.01171875
decoders,linear,without_combined,9,0.3238992381763075,0.3110659401763876,9,0,0.22066571141307698,0.48462546758742714,0.3038084594999176,0.33680342902171134,llama-2-7b,qwen2-7b,1.5380437234264125e-06,0.00390625
decoders,quadratic,without_combined,9,0.17968473898353482,0.21459169015971485,8,1,-0.03595352617397695,0.37193273542589605,0.15565373942823965,0.20663952212822378,llama-2-7b,qwen2-7b,0.003092888615781042,0.01171875
decoders,linear,without_comfort,9,0.3231223048741353,0.31035214106018016,9,0,0.21971224070991419,0.48417138643271107,0.30299116967931333,0.3360485628946629,llama-2-7b,qwen2-7b,1.5859556795225022e-06,0.00390625
decoders,quadratic,without_comfort,9,0.1793666429550427,0.21391940756427716,8,1,-0.03634619851676267,0.3721144051032901,0.15527317268651178,0.2063307481390184,llama-2-7b,qwen2-7b,0.0031299043964048423,0.01171875
decoders,linear,without_communism,9,0.3229818301765098,0.3105286124494642,9,0,0.21913224288589006,0.48407444611020906,0.3028452531847973,0.3359630285878372,llama-2-7b,qwen2-7b,1.6001667285145854e-06,0.00390625
decoders,quadratic,without_communism,9,0.17931817279075254,0.21356185410314166,8,1,-0.03675428744615197,0.37187071092745316,0.15524910552366494,0.2063272303203656,llama-2-7b,qwen2-7b,0.003144602241398032,0.01171875
decoders,linear,without_community,9,0.322981323023154,0.31037633235878453,9,0,0.21919643285088422,0.48435700289464795,0.3028093630392173,0.33595443429468774,llama-2-7b,qwen2-7b,1.6124229569831861e-06,0.00390625
decoders,quadratic,without_community,9,0.17932789502297508,0.21366514061524164,8,1,-0.03650919252560933,0.37215302460957567,0.15522475382465,0.20630753096654814,llama-2-7b,qwen2-7b,0.0031324808292788582,0.01171875
decoders,linear,without_competition,9,0.3229504266231281,0.3103907994918738,9,0,0.2192256813690787,0.4840502182903504,0.3028129526647254,0.33591601977988433,llama-2-7b,qwen2-7b,1.601130607287887e-06,0.00390625
decoders,quadratic,without_competition,9,0.1792351276299104,0.2136942190738878,8,1,-0.0365864155623672,0.3718192112304807,0.15516211717983908,0.2062128205289451,llama-2-7b,qwen2-7b,0.003140338727012063,0.01171875
decoders,linear,without_composition,9,0.32298045713615436,0.310183965710718,9,0,0.21945934119607008,0.4840455056962667,0.3028473260661403,0.3359205966286649,llama-2-7b,qwen2-7b,1.5930018109057535e-06,0.00390625
decoders,quadratic,without_composition,9,0.17922870901365584,0.2136628972456163,8,1,-0.03618716162593949,0.37177701359434917,0.15516017094106924,0.2061556928436053,llama-2-7b,qwen2-7b,0.003129071837096565,0.01171875
decoders,linear,without_concentration,9,0.3232813536422816,0.31088520407808656,9,0,0.21918409476504505,0.4847842914402336,0.30309348641753764,0.33629351100193616,llama-2-7b,qwen2-7b,1.6124614367175605e-06,0.00390625
decoders,quadratic,without_concentration,9,0.17952036415975772,0.21389486501897045,8,1,-0.03694478475306246,0.3729754047268779,0.15533848408886772,0.20657850777386028,llama-2-7b,qwen2-7b,0.0031715346537934583,0.01171875
decoders,linear,without_conscience,9,0.3236390288665525,0.31086624565415744,9,0,0.2205484974429889,0.48455063262479964,0.30352507839677156,0.33652534529449796,llama-2-7b,qwen2-7b,1.5551313347599953e-06,0.00390625
decoders,quadratic,without_conscience,9,0.1794024891544065,0.21387859269950124,8,1,-0.036067104341340056,0.37191447355740603,0.15533849110403158,0.20633618834137485,llama-2-7b,qwen2-7b,0.0031106480914160455,0.01171875
decoders,linear,without_consideration,9,0.3232031173253884,0.3107703918937485,9,0,0.21943959388667755,0.4841062254302589,0.30309022881227965,0.3361735577552273,llama-2-7b,qwen2-7b,1.5750513545955632e-06,0.00390625
decoders,quadratic,without_consideration,9,0.17927647886020914,0.21404070626665053,8,1,-0.03683177212326976,0.3718874347669513,0.15520010937186637,0.206290010233144,llama-2-7b,qwen2-7b,0.003156625378286112,0.01171875
decoders,linear,without_context,9,0.32324602389887314,0.3104576110947951,9,0,0.22010137016007356,0.4841695186190438,0.3031305870588519,0.3361391056162231,llama-2-7b,qwen2-7b,1.561826637384991e-06,0.00390625
decoders,quadratic,without_context,9,0.17940353560734965,0.2138814950870575,8,1,-0.03609048431720978,0.3719323316797085,0.15533743609830475,0.20634028809791954,llama-2-7b,qwen2-7b,0.003118149894952111,0.01171875
decoders,linear,without_continuous,9,0.3229774927058942,0.310429355530214,9,0,0.21944148764044066,0.4840966281758428,0.3028376007721506,0.3359194933390759,llama-2-7b,qwen2-7b,1.5955865963962417e-06,0.00390625
decoders,quadratic,without_continuous,9,0.17925806044844678,0.21358849881828895,8,1,-0.03638091227240903,0.3719113975929816,0.1551763933053799,0.20621293203855376,llama-2-7b,qwen2-7b,0.003127022905912288,0.01171875
decoders,linear,without_continuously,9,0.3235945353503028,0.3113303277351435,9,0,0.21930061922855065,0.48514653365428895,0.30340053556230456,0.3366312748655218,llama-2-7b,qwen2-7b,1.6274344470946583e-06,0.00390625
decoders,quadratic,without_continuously,9,0.17956375077299486,0.21402772950084634,8,1,-0.03696038414582823,0.3725184302566648,0.1554444158375361,0.20662926763784772,llama-2-7b,qwen2-7b,0.0031551672116516757,0.01171875
decoders,linear,without_contract,9,0.3232572977712823,0.31056942390918635,9,0,0.21980170362780735,0.48422775085082964,0.30313599113633893,0.3361892470392167,llama-2-7b,qwen2-7b,1.5773991759331463e-06,0.00390625
decoders,quadratic,without_contract,9,0.17942727545166268,0.21422301707402944,8,1,-0.036330363468346824,0.3719956105776783,0.1553562335609107,0.20639698031666384,llama-2-7b,qwen2-7b,0.0031283001042369885,0.01171875
decoders,linear,without_converted,9,0.3234485885688871,0.3113447570307414,9,0,0.21926578518209966,0.4844134812257944,0.3033279769867736,0.3364714389922354,llama-2-7b,qwen2-7b,1.594292814347349e-06,0.00390625
decoders,quadratic,without_converted,9,0.1795641653927128,0.21428456418611821,8,1,-0.03711170896931149,0.37238062251478116,0.1554621082524542,0.2066486496879658,llama-2-7b,qwen2-7b,0.0031604520302173414,0.01171875
decoders,linear,without_convey,9,0.3233854518001501,0.31058508281294117,9,0,0.2190744906072585,0.48466701878415797,0.3032252559271491,0.33642432194926153,llama-2-7b,qwen2-7b,1.602012648119658e-06,0.00390625
decoders,quadratic,without_convey,9,0.17951701678190268,0.21432526753461573,8,1,-0.0370610355217617,0.37231232489530736,0.15541760326772708,0.2065892733198607,llama-2-7b,qwen2-7b,0.0031647910316684584,0.01171875
decoders,linear,without_cook,9,0.32347495440173185,0.3109782536180463,9,0,0.21975536254565306,0.4848163660503669,0.3033072779456525,0.3364399033837417,llama-2-7b,qwen2-7b,1.6021526693307486e-06,0.00390625
decoders,quadratic,without_cook,9,0.17954985732597037,0.21426644728810645,8,1,-0.03659637810061593,0.37232399089460144,0.1554530906298915,0.20656813675429367,llama-2-7b,qwen2-7b,0.0031326243898126007,0.01171875
decoders,linear,without_crew,9,0.3233340870751973,0.31103263327044733,9,0,0.21938875202381675,0.4846679474063036,0.30316735453380905,0.33632725395661983,llama-2-7b,qwen2-7b,1.6022226918338007e-06,0.00390625
decoders,quadratic,without_crew,9,0.17957310056012174,0.21396792546693297,8,1,-0.03684837159240149,0.37251756239917166,0.15545504283024048,0.20662578457918715,llama-2-7b,qwen2-7b,0.0031451586209285108,0.01171875
decoders,linear,without_cursed,9,0.32333404636253965,0.31057219537701247,9,0,0.21967389503955176,0.48415284525713936,0.3032316965007147,0.33629156527791315,llama-2-7b,qwen2-7b,1.566578445979162e-06,0.00390625
decoders,quadratic,without_cursed,9,0.17922372333701483,0.21355035367385822,8,1,-0.03651594050930385,0.37171569983909025,0.1551622262742554,0.20619118131780467,llama-2-7b,qwen2-7b,0.0031371502518447373,0.01171875
decoders,linear,without_damage,9,0.32323559420382214,0.311044549737849,9,0,0.21950233289064577,0.4843694364348779,0.30309386392494014,0.33620225186796915,llama-2-7b,qwen2-7b,1.5926855239605622e-06,0.00390625
decoders,quadratic,without_damage,9,0.17945625828419828,0.21412258362536746,8,1,-0.036738495524971417,0.372343920915859,0.15534530045524067,0.20648060251034447,llama-2-7b,qwen2-7b,0.0031539878439353543,0.01171875
decoders,linear,without_danger,9,0.3234819264994424,0.3112924880090093,9,0,0.21939824407291095,0.484953186478461,0.3032980190020651,0.33649238680275884,llama-2-7b,qwen2-7b,1.6080245872940604e-06,0.00390625
decoders,quadratic,without_danger,9,0.1796254984808328,0.2145120088806174,8,1,-0.03710817185712984,0.37245344077184783,0.15552200569445593,0.20671720727307816,llama-2-7b,qwen2-7b,0.003159842863826069,0.01171875
decoders,linear,without_decided,9,0.32395209333506236,0.3116186322129213,9,0,0.22001405549725225,0.48523928594428534,0.30379119425890944,0.3369443480647886,llama-2-7b,qwen2-7b,1.5864757034394246e-06,0.00390625
decoders,quadratic,without_decided,9,0.1797451894028322,0.2142048515676978,8,1,-0.036905734348436296,0.3728296605487239,0.1556096305095957,0.20682655487174073,llama-2-7b,qwen2-7b,0.0031508682994949777,0.01171875
decoders,linear,without_decrease,9,0.3237680796589352,0.31138562113889257,9,0,0.22030996515824575,0.48482229550835626,0.3036363026777576,0.3367003439715214,llama-2-7b,qwen2-7b,1.5663025853341696e-06,0.00390625
decoders,quadratic,without_decrease,9,0.17971921302587318,0.21439661783719802,8,1,-0.03631045402809241,0.3727401524308449,0.1555915956002517,0.20672292140761886,llama-2-7b,qwen2-7b,0.0031163597728846595,0.01171875
decoders,linear,without_defense,9,0.3232166399949906,0.3105926525175207,9,0,0.21911325913565938,0.4849440976161041,0.30300070779235144,0.336229562602407,llama-2-7b,qwen2-7b,1.6355499863629552e-06,0.00390625
decoders,quadratic,without_defense,9,0.1794574429750223,0.21441693408699142,8,1,-0.03692510905098207,0.3722968496223089,0.15535251714411147,0.20650526197827285,llama-2-7b,qwen2-7b,0.003160545831021336,0.01171875
decoders,linear,without_derived,9,0.3237211030761648,0.3112464242609055,9,0,0.22048639459712366,0.4846456191619182,0.30360553856544564,0.33662544163604496,llama-2-7b,qwen2-7b,1.5732220063074647e-06,0.00390625
decoders,quadratic,without_derived,9,0.17964592822378403,0.21415799741487299,8,1,-0.03636210262239385,0.37233114637752623,0.15556027595456626,0.20664693207955626,llama-2-7b,qwen2-7b,0.003140665045291735,0.01171875
decoders,linear,without_devote,9,0.32408423626747307,0.3118626307645015,9,0,0.22012078406408572,0.485714953331481,0.3038803966344721,0.3370796677928965,llama-2-7b,qwen2-7b,1.5962985116632608e-06,0.00390625
decoders,quadratic,without_devote,9,0.17980986205223115,0.21448573054509987,8,1,-0.03714930522141102,0.3733674792628312,0.1556151599009061,0.20692975796143637,llama-2-7b,qwen2-7b,0.003172173197365326,0.01171875
decoders,linear,without_discovery,9,0.3233836901690651,0.3107853042939483,9,0,0.2191600468988847,0.4847137641072488,0.30321743092679215,0.33641164557783765,llama-2-7b,qwen2-7b,1.60635812005995e-06,0.00390625
decoders,quadratic,without_discovery,9,0.17936679243413367,0.21395471687038758,8,1,-0.036902269815074384,0.37215093448221026,0.15526877467812408,0.20640042521528465,llama-2-7b,qwen2-7b,0.0031626096313329055,0.01171875
decoders,linear,without_dislike,9,0.32380878396098584,0.3110920836475355,9,0,0.22051340311666376,0.4847767458284684,0.30368778872755064,0.3367207065665262,llama-2-7b,qwen2-7b,1.5590765462617917e-06,0.00390625
decoders,quadratic,without_dislike,9,0.1795282148051968,0.21434817966618835,8,1,-0.03609777800833127,0.37220285489629157,0.15544388479380997,0.20648146390688782,llama-2-7b,qwen2-7b,0.0031184523910814184,0.01171875
decoders,linear,without_distance,9,0.32310756155069026,0.31060911400815594,9,0,0.21915209993049728,0.48416933670630663,0.30297483965623817,0.3361019942532144,llama-2-7b,qwen2-7b,1.5932122196532852e-06,0.00390625
decoders,quadratic,without_distance,9,0.17944778203777234,0.21413057801699362,8,1,-0.03694786844293256,0.3720786084536217,0.15536892873579122,0.2064972383478605,llama-2-7b,qwen2-7b,0.003148125082856035,0.01171875
decoders,linear,without_dragged,9,0.32386886621135713,0.3113143032910182,9,0,0.2196981095245474,0.48579011570387126,0.30362871002479286,0.3368902107972084,llama-2-7b,qwen2-7b,1.6220316924715416e-06,0.00390625
decoders,quadratic,without_dragged,9,0.17990214299809995,0.21448963774992225,8,1,-0.03686144660206985,0.37337336800965176,0.155718239871656,0.20699759169812118,llama-2-7b,qwen2-7b,0.003159796074821715,0.01171875
decoders,linear,without_ear,9,0.32299243237767805,0.3105510311845599,9,0,0.21912284059139533,0.4840226222973285,0.3028636586377217,0.3359761313509633,llama-2-7b,qwen2-7b,1.5983054209792196e-06,0.00390625
decoders,quadratic,without_ear,9,0.17923324828737908,0.21372130681062834,8,1,-0.03688242811425122,0.37175992845945505,0.15516741326586958,0.20624770783758287,llama-2-7b,qwen2-7b,0.0031461550404891744,0.01171875
decoders,linear,without_economic,9,0.32409401976431385,0.3114818356254647,9,0,0.21996612752151715,0.48572602239093116,0.3038900194359867,0.3371100062946635,llama-2-7b,qwen2-7b,1.597162164973919e-06,0.00390625
decoders,quadratic,without_economic,9,0.17982195988466337,0.21436761740619295,8,1,-0.036995009829724194,0.37325135379877294,0.15564328564539967,0.2069240810989618,llama-2-7b,qwen2-7b,0.0031622276963386526,0.01171875
decoders,linear,without_edge,9,0.3239317850578518,0.3112223188544782,9,0,0.22014039068370272,0.48519553662477344,0.3037738161119866,0.33690570935462044,llama-2-7b,qwen2-7b,1.572693075842609e-06,0.00390625
decoders,quadratic,without_edge,9,0.1792796075503408,0.21441441274582915,8,1,-0.036786962334883024,0.3719066563589088,0.1552012264492698,0.20628792878599378,llama-2-7b,qwen2-7b,0.003168535538370915,0.01171875
decoders,linear,without_electricity,9,0.32301362851867504,0.3102809566353258,9,0,0.2192258561842018,0.48412875988483406,0.3028742370979051,0.33598710006048416,llama-2-7b,qwen2-7b,1.599609262956042e-06,0.00390625
decoders,quadratic,without_electricity,9,0.17929609613374142,0.2138066151317719,8,1,-0.03665038875925144,0.3719510454836654,0.15521422746500094,0.20628940674536553,llama-2-7b,qwen2-7b,0.0031504045054063967,0.01171875
decoders,linear,without_emphasis,9,0.3240587272141007,0.31155944890760773,9,0,0.22061811269428444,0.4854893149033737,0.3038799037529416,0.33698880402907777,llama-2-7b,qwen2-7b,1.574625140168698e-06,0.00390625
decoders,quadratic,without_emphasis,9,0.1795879362535493,0.21446846724534047,8,1,-0.036176536183303,0.3725616075989991,0.15546622733536808,0.20655849530815584,llama-2-7b,qwen2-7b,0.003128292556718664,0.01171875
decoders,linear,without_encourage,9,0.32342563825063125,0.3108788980747365,9,0,0.2200835780088062,0.48445557988362725,0.30329689554650674,0.33634339578085937,llama-2-7b,qwen2-7b,1.5874024236864156e-06,0.00390625
decoders,quadratic,without_encourage,9,0.1794205163703892,0.2138042171684522,8,1,-0.036412589080840344,0.3721972056367725,0.15532343021209127,0.2063996545517929,llama-2-7b,qwen2-7b,0.003130903891077172,0.01171875
decoders,linear,without_end,9,0.32319454071536075,0.3105816675392947,9,0,0.21941970409171963,0.4843727312546136,0.30304726689795414,0.3361663952933158,llama-2-7b,qwen2-7b,1.5899627188198983e-06,0.00390625
decoders,quadratic,without_end,9,0.17922218529118192,0.21391613023094028,8,1,-0.03672360661778011,0.37191232405025465,0.1551359179462978,0.20621540927980217,llama-2-7b,qwen2-7b,0.0031571787552027403,0.01171875
decoders,linear,without_energy,9,0.3230476865367074,0.3104357607782872,9,0,0.2195989650530023,0.4840986782595126,0.30291631257135676,0.3359787767221705,llama-2-7b,qwen2-7b,1.587809125191539e-06,0.00390625
decoders,quadratic,without_energy,9,0.17941400672058708,0.21389033091656817,8,1,-0.03602975940156711,0.37192626555377445,0.15534997436643866,0.20634447748585638,llama-2-7b,qwen2-7b,0.003123751024544466,0.01171875
decoders,linear,without_engaged,9,0.3235010587934429,0.3108792819884401,9,0,0.21998062942406021,0.48469448236844453,0.30335188084656767,0.3364411124646157,llama-2-7b,qwen2-7b,1.5735219181058153e-06,0.00390625
decoders,quadratic,without_engaged,9,0.1795372487674368,0.21446186026060812,8,1,-0.03624166816287767,0.37224518827197434,0.1554487563293696,0.2065096133837261,llama-2-7b,qwen2-7b,0.0031352393115590157,0.01171875
decoders,linear,without_entry,9,0.32299338390999194,0.3104200562190197,9,0,0.21948472152270648,0.4840303101641427,0.3028637681282232,0.3359319667084027,llama-2-7b,qwen2-7b,1.5933244183378475e-06,0.00390625
decoders,quadratic,without_entry,9,0.17921074618160582,0.21370472961342493,8,1,-0.036360938839317625,0.3717682088531562,0.155141063347662,0.20615720680922123,llama-2-7b,qwen2-7b,0.0031439987383985583,0.01171875
decoders,linear,without_exclaimed,9,0.32331561602633224,0.3104382174276493,9,0,0.22010925068442652,0.48420531880282286,0.3032044031792709,0.33621641169407046,llama-2-7b,qwen2-7b,1.5756776994318383e-06,0.00390625
decoders,quadratic,without_exclaimed,9,0.17947596869837373,0.21388206093504147,8,1,-0.03647922751481833,0.3722302749236459,0.1553816804202147,0.20647036822502274,llama-2-7b,qwen2-7b,0.0031451765241515446,0.01171875
decoders,linear,without_expense,9,0.3232224512582587,0.31054251606166083,9,0,0.21923938640964494,0.4850076405319084,0.3029993025990525,0.33622033436433546,llama-2-7b,qwen2-7b,1.6370716886956133e-06,0.00390625
decoders,quadratic,without_expense,9,0.17954387494662444,0.21382041109710626,8,1,-0.03638783335472705,0.3722744826205371,0.15545254898738536,0.2065353384842934,llama-2-7b,qwen2-7b,0.0031267588500854394,0.01171875
decoders,linear,without_explained,9,0.32361005849584573,0.3113889928494253,9,0,0.21945561510734873,0.48492125663958846,0.3034461587278779,0.33662936391940784,llama-2-7b,qwen2-7b,1.5978289468221017e-06,0.00390625
decoders,quadratic,without_explained,9,0.17964163440984302,0.21421658045845207,8,1,-0.036863376525614194,0.37296474642901056,0.15547624540744706,0.20670476077677516,llama-2-7b,qwen2-7b,0.003161641398432999,0.01171875
decoders,linear,without_firmly,9,0.323806867033942,0.3112703562982974,9,0,0.21954096140467858,0.48467387842431314,0.3036984906101456,0.3368401052375999,llama-2-7b,qwen2-7b,1.5711854563234275e-06,0.00390625
decoders,quadratic,without_firmly,9,0.1796315831611191,0.21467152667859876,8,1,-0.037114986773852665,0.372383370010316,0.1555376098049695,0.20672490440299057,llama-2-7b,qwen2-7b,0.003165666416557206,0.01171875
decoders,linear,without_flight,9,0.32356129653533966,0.31121748997401244,9,0,0.22058277386429376,0.48476814044275457,0.3034104410469127,0.3364336118692204,llama-2-7b,qwen2-7b,1.5732071232051109e-06,0.00390625
decoders,quadratic,without_flight,9,0.1796256570837543,0.21378147755691262,8,1,-0.03598722059183535,0.37224370442192933,0.1555484011664824,0.20657726679320298,llama-2-7b,qwen2-7b,0.003087376915374319,0.01171875
decoders,linear,without_flew,9,0.32317281736183523,0.31086441487129784,9,0,0.21931981153869715,0.48408594286190604,0.30305867667432634,0.3361544430897275,llama-2-7b,qwen2-7b,1.5958364095205262e-06,0.00390625
decoders,quadratic,without_flew,9,0.17951151881999927,0.21375252828010818,8,1,-0.03640379692845938,0.37180028486356004,0.1554754230645542,0.2065009332885566,llama-2-7b,qwen2-7b,0.0031244820731376444,0.01171875
decoders,linear,without_formation,9,0.32307184380328263,0.31034965127599773,9,0,0.21942930810954692,0.48415176845984875,0.30293685322121183,0.33602716076499956,llama-2-7b,qwen2-7b,1.5940297741951334e-06,0.00390625
decoders,quadratic,without_formation,9,0.1792816959779138,0.2138374753674225,8,1,-0.036437867957404134,0.3720578688935461,0.15518467436345976,0.20624664146982852,llama-2-7b,qwen2-7b,0.003137626059903855,0.01171875
decoders,linear,without_formula,9,0.32384901054861565,0.3115960264983889,9,0,0.21937370169103274,0.48534954810313513,0.3036614433543007,0.33690842415581346,llama-2-7b,qwen2-7b,1.6099381447697868e-06,0.00390625
decoders,quadratic,without_formula,9,0.17966862802010497,0.21436200171214528,8,1,-0.03720357677058268,0.37267030914495,0.15554341787949932,0.2067776536189409,llama-2-7b,qwen2-7b,0.0031703504522197956,0.01171875
decoders,linear,without_garden,9,0.32374202738530955,0.31149879516664075,9,0,0.21950908230625013,0.4845605700777844,0.30363970954875025,0.33677114552019205,llama-2-7b,qwen2-7b,1.5723688919745174e-06,0.00390625
decoders,quadratic,without_garden,9,0.1796214522280611,0.21413913799800746,8,1,-0.03694194940839588,0.3722730125234206,0.15554000719114117,0.20669187743261824,llama-2-7b,qwen2-7b,0.003136398128243481,0.01171875
decoders,linear,without_gaze,9,0.3233505766583604,0.3113024217142669,9,0,0.21951080897671957,0.4840531208759549,0.30326275863116114,0.3363305476185655,llama-2-7b,qwen2-7b,1.568465791324626e-06,0.00390625
decoders,quadratic,without_gaze,9,0.1793662860692161,0.21410018528514957,8,1,-0.036907953139714005,0.37179607987036234,0.1553125618440728,0.20640056597033235,llama-2-7b,qwen2-7b,0.003150252831316332,0.01171875
decoders,linear,without_general,9,0.32310614842859087,0.3104876946174639,9,0,0.21968327736272822,0.48421621502703865,0.3029673901037849,0.33603400731182365,llama-2-7b,qwen2-7b,1.5900697292490673e-06,0.00390625
decoders,quadratic,without_general,9,0.17953950813252872,0.2137741048294708,8,1,-0.03591161236468273,0.37220561261727103,0.15545624507193595,0.20647089819468015,llama-2-7b,qwen2-7b,0.0031019480480099257,0.01171875
decoders,linear,without_gesture,9,0.3230140473726653,0.3107131244114346,9,0,0.21918360986163327,0.48400175974031157,0.3028905833267096,0.3359928520615444,llama-2-7b,qwen2-7b,1.5944377710211413e-06,0.00390625
decoders,quadratic,without_gesture,9,0.17930815627408375,0.21390727344313945,8,1,-0.03691028583807431,0.37171169462711734,0.15525771397995455,0.2063354615381035,llama-2-7b,qwen2-7b,0.003148569969149068,0.01171875
decoders,linear,without_gold,9,0.3231304692783784,0.3106974437063112,9,0,0.21938296155944642,0.4842206650814536,0.302994194802994,0.3360989077432449,llama-2-7b,qwen2-7b,1.5921216770774285e-06,0.00390625
decoders,quadratic,without_gold,9,0.1792523046685946,0.21358666127257392,8,1,-0.03691905475488153,0.37200298639449697,0.15515846945285677,0.2062737245965291,llama-2-7b,qwen2-7b,0.003162289569039266,0.01171875
decoders,linear,without_governing,9,0.3234694170952467,0.3110642268936113,9,0,0.21960785768334934,0.48438039681090994,0.30335554463078873,0.3364521120217338,llama-2-7b,qwen2-7b,1.5743114867288234e-06,0.00390625
decoders,quadratic,without_governing,9,0.17948180429332314,0.21409546289732045,8,1,-0.03640285125570697,0.37203282444720653,0.1554129267740877,0.20646738623695188,llama-2-7b,qwen2-7b,0.0031242223834243806,0.01171875
decoders,linear,without_grounds,9,0.3229483157469587,0.3102406347687088,9,0,0.21922761797400273,0.4840160629147567,0.30281484735098396,0.3359134029685782,llama-2-7b,qwen2-7b,1.5930011212157047e-06,0.00390625
decoders,quadratic,without_grounds,9,0.1791430128998542,0.21365454718088844,8,1,-0.03650298972744913,0.3717313659190844,0.15506946877245043,0.2060987632282671,llama-2-7b,qwen2-7b,0.00314546546463158,0.01171875
decoders,linear,without_growing,9,0.32304998969037624,0.31065997143201485,9,0,0.21920229671479222,0.48417550279305743,0.30290930055254117,0.3360309513123243,llama-2-7b,qwen2-7b,1.6049291278864424e-06,0.00390625
decoders,quadratic,without_growing,9,0.1794276092679175,0.21380893099265644,8,1,-0.03665848943200657,0.37195309104166374,0.15536192404619922,0.206438371605408,llama-2-7b,qwen2-7b,0.003135770029116669,0.01171875
decoders,linear,without_house,9,0.322999706633131,0.31041039762556577,9,0,0.21951600466297605,0.4840693318595215,0.30286600347983217,0.3359351693794003,llama-2-7b,qwen2-7b,1.5915744011650197e-06,0.00390625
decoders,quadratic,without_house,9,0.17914923436157404,0.21355803431370834,8,1,-0.03648447171027102,0.37182571352989585,0.1550646744655338,0.20610344762055466,llama-2-7b,qwen2-7b,0.003143083913743005,0.01171875
decoders,linear,without_identity,9,0.3241116470640512,0.3116891155440679,9,0,0.22062465886971155,0.48564005460780885,0.30392059612108147,0.33704752058834364,llama-2-7b,qwen2-7b,1.5710242015602205e-06,0.00390625
decoders,quadratic,without_identity,9,0.17993408447792142,0.2144181069505338,8,1,-0.03610292202342336,0.372958820402836,0.1558059924873071,0.20693871029058952,llama-2-7b,qwen2-7b,0.0031158387095199724,0.01171875
decoders,linear,without_implications,9,0.32365897964307133,0.31111258397249636,9,0,0.2204122721137653,0.4841531471978753,0.3035972086987208,0.33656481808423455,llama-2-7b,qwen2-7b,1.546391717577567e-06,0.00390625
decoders,quadratic,without_implications,9,0.17954597101766756,0.2139545315088248,8,1,-0.03618310540125775,0.37203602797484386,0.1554847138980205,0.2065121055700332,llama-2-7b,qwen2-7b,0.003115346670528996,0.01171875
decoders,linear,without_imply,9,0.32353747663677435,0.31127910646144263,9,0,0.21983447159992273,0.48446274076413204,0.30342181862085466,0.3365003522663808,llama-2-7b,qwen2-7b,1.5791174649251854e-06,0.00390625
decoders,quadratic,without_imply,9,0.1797440145057877,0.21424617729738024,8,1,-0.03685798312372281,0.3726781051676593,0.1556272531730537,0.2068192642094765,llama-2-7b,qwen2-7b,0.0031514961614266847,0.01171875
decoders,linear,without_importance,9,0.32299935140700825,0.3102468354357149,9,0,0.2192724772816369,0.48402041111412636,0.3028717189436185,0.3359652106726797,llama-2-7b,qwen2-7b,1.5973626041039746e-06,0.00390625
decoders,quadratic,without_importance,9,0.17928861956109707,0.21376218289104607,8,1,-0.03632756505138193,0.3717507910443106,0.15523084812569538,0.20624064263765696,llama-2-7b,qwen2-7b,0.0031217237128313533,0.01171875
decoders,linear,without_important,9,0.32313839073130524,0.31044362960941396,9,0,0.21990960359565248,0.48407510760605454,0.3030213011219616,0.3360419891232618,llama-2-7b,qwen2-7b,1.575831885661647e-06,0.00390625
decoders,quadratic,without_important,9,0.17948778705264923,0.21378482464793142,8,1,-0.03600633811102074,0.3718648800307125,0.15544065043039135,0.20642455269810797,llama-2-7b,qwen2-7b,0.0030940353045401134,0.01171875
decoders,linear,without_impression,9,0.323659558767122,0.3109928443794551,9,0,0.2194831791357956,0.4847853685964641,0.30351883253845424,0.3366816062210378,llama-2-7b,qwen2-7b,1.5866859646769052e-06,0.00390625
decoders,quadratic,without_impression,9,0.17960560185978114,0.21437786983491114,8,1,-0.03710769986110718,0.37254896878640187,0.15548768099395358,0.2066947645748922,llama-2-7b,qwen2-7b,0.0031676363033000315,0.01171875
decoders,linear,without_improved,9,0.32311239887042864,0.31090156916940204,9,0,0.2191347500033271,0.48405937901107876,0.30299402635284745,0.33610960497881637,llama-2-7b,qwen2-7b,1.5958657008214256e-06,0.00390625
decoders,quadratic,without_improved,9,0.17937096947990724,0.21414033730302193,8,1,-0.037038003959373796,0.3718389390869549,0.15531247327902628,0.20642209115981736,llama-2-7b,qwen2-7b,0.00316102216611748,0.01171875
decoders,linear,without_initiative,9,0.3231895825675332,0.3110152333233315,9,0,0.21914579874840376,0.48435455721734266,0.303043960736307,0.3361950555449244,llama-2-7b,qwen2-7b,1.6071529662972305e-06,0.00390625
decoders,quadratic,without_initiative,9,0.1797485350508049,0.21392556235445404,8,1,-0.03681353177578629,0.37284840155418797,0.155611051737882,0.20681879340412881,llama-2-7b,qwen2-7b,0.0031356219574081873,0.01171875
decoders,linear,without_instituted,9,0.32409696108742025,0.3114129298426013,9,0,0.22040974842388852,0.48530184555277506,0.3039463505292509,0.33705786267036175,llama-2-7b,qwen2-7b,1.5644720705490011e-06,0.00390625
decoders,quadratic,without_instituted,9,0.179804865435084,0.21480108274101087,8,1,-0.03642548642450894,0.3721942832490349,0.15575618820834009,0.2068336594175331,llama-2-7b,qwen2-7b,0.0031116265965081403,0.01171875
decoders,linear,without_insure,9,0.32382831883336327,0.3111053295395824,9,0,0.21929781119791913,0.485673357465411,0.3035976890043573,0.3368946322877938,llama-2-7b,qwen2-7b,1.6228540891540575e-06,0.00390625
decoders,quadratic,without_insure,9,0.17981790406444795,0.2146904813970204,8,1,-0.036908767318389095,0.3730757058059249,0.15566067884676332,0.20690873798730258,llama-2-7b,qwen2-7b,0.003155735471855207,0.01171875
decoders,linear,without_interrupted,9,0.32398827484402043,0.31164311865932043,9,0,0.22015565184596608,0.48533171724747937,0.3038203445435881,0.33696735271877726,llama-2-7b,qwen2-7b,1.577214000760122e-06,0.00390625
decoders,quadratic,without_interrupted,9,0.17989180109395445,0.2145611761719174,8,1,-0.036935890422169125,0.37314807010215106,0.15573476746792989,0.20699526253346992,llama-2-7b,qwen2-7b,0.0031524343493049686,0.01171875
decoders,linear,without_interval,9,0.32297920039884254,0.3105186102034949,9,0,0.21911728530641789,0.48406067218611243,0.3028440164254338,0.3359619397853956,llama-2-7b,qwen2-7b,1.6006433484271599e-06,0.00390625
decoders,quadratic,without_interval,9,0.17919603605251708,0.21371079425252723,8,1,-0.03688428652529433,0.37184174298376343,0.15511532268611128,0.2062060763747435,llama-2-7b,qwen2-7b,0.0031628098231515503,0.01171875
decoders,linear,without_investment,9,0.3239755034708121,0.311002040442259,9,0,0.21996806683918804,0.4856070440207525,0.3037715609020695,0.3369764330497651,llama-2-7b,qwen2-7b,1.5866822692170839e-06,0.00390625
decoders,quadratic,without_investment,9,0.17954874978481683,0.21452809738360581,8,1,-0.037120482811315296,0.37285138745282803,0.15538592007631546,0.20663240385933337,llama-2-7b,qwen2-7b,0.0031974463783375658,0.01171875
decoders,linear,without_item,9,0.3233886572590261,0.3107224109267587,9,0,0.22028778496588924,0.48441590766705633,0.30326025095802234,0.33627626629566826,llama-2-7b,qwen2-7b,1.5645582728988555e-06,0.00390625
decoders,quadratic,without_item,9,0.17952367147967097,0.21402242982272138,8,1,-0.03600040386202438,0.37204785987418987,0.1554581479303561,0.2064641808973829,llama-2-7b,qwen2-7b,0.003101967004403456,0.01171875
decoders,linear,without_judgment,9,0.32335457711655574,0.310589314329672,9,0,0.22005267955435084,0.48492775241581915,0.30315793020414783,0.3362673143118313,llama-2-7b,qwen2-7b,1.5971877963596634e-06,0.00390625
decoders,quadratic,without_judgment,9,0.1793590923552794,0.21371687579961265,8,1,-0.036185367207702185,0.3723063742708165,0.1552406821158373,0.2063021498006521,llama-2-7b,qwen2-7b,0.003128643557088221,0.01171875
decoders,linear,without_justice,9,0.3235258516733521,0.3112001036778542,9,0,0.21946408590912578,0.484762996256387,0.3033712086004728,0.3365335723938805,llama-2-7b,qwen2-7b,1.5980943599885545e-06,0.00390625
decoders,quadratic,without_justice,9,0.1796630050705152,0.2142612612364453,8,1,-0.036958860925644425,0.37254190888777045,0.1555531420933583,0.20674073832003517,llama-2-7b,qwen2-7b,0.003154916941970161,0.01171875
decoders,linear,without_key,9,0.3231445457188799,0.3103170742626388,9,0,0.21961756519329273,0.4845500206947772,0.3029688613468927,0.3360854182845783,llama-2-7b,qwen2-7b,1.6010753959796372e-06,0.00390625
decoders,quadratic,without_key,9,0.17940872767395408,0.2138772049763816,8,1,-0.03622817733691666,0.3721733499185865,0.15531314989337502,0.20636334080031293,llama-2-7b,qwen2-7b,0.003126180000348976,0.01171875
decoders,linear,without_kiss,9,0.3237881267442173,0.31102414747021184,9,0,0.22051728303461177,0.48510073930616576,0.30362405017397376,0.33669698220791805,llama-2-7b,qwen2-7b,1.5691463609058405e-06,0.00390625
decoders,quadratic,without_kiss,9,0.1795273942807611,0.21422324819549615,8,1,-0.03607181422612961,0.37235173862070475,0.15542435123826814,0.20647729534412243,llama-2-7b,qwen2-7b,0.0031161714919220487,0.01171875
decoders,linear,without_laugh,9,0.3234979344474833,0.3110586541677004,9,0,0.21997657644285576,0.4844921778786968,0.3033736540185816,0.33643810419806175,llama-2-7b,qwen2-7b,1.5634981785844319e-06,0.00390625
decoders,quadratic,without_laugh,9,0.17939195764730465,0.2140350398195079,8,1,-0.03660703883425773,0.37203663699501743,0.15531137272884052,0.20639183220749993,llama-2-7b,qwen2-7b,0.0031429710603580623,0.01171875
decoders,linear,without_legal,9,0.323130992365688,0.3105099631948179,9,0,0.2194206818609966,0.48415550764648513,0.30300292795558836,0.33609478117877445,llama-2-7b,qwen2-7b,1.59165792783697e-06,0.00390625
decoders,quadratic,without_legal,9,0.17931248937485597,0.21372849089181611,8,1,-0.03671991988374028,0.3719175563393106,0.1552368560042991,0.20631654053218046,llama-2-7b,qwen2-7b,0.0031398479052675275,0.01171875
decoders,linear,without_literally,9,0.323200638603358,0.31047197363538576,9,0,0.2192554072052532,0.4847022819906781,0.303012933179943,0.33619379252812115,llama-2-7b,qwen2-7b,1.6111858786042392e-06,0.00390625
decoders,quadratic,without_literally,9,0.17957985037636193,0.21414517568182767,8,1,-0.03695028524563769,0.3728029674884536,0.1554269607373505,0.2066461173291119,llama-2-7b,qwen2-7b,0.0031705133109644805,0.01171875
decoders,linear,without_luck,9,0.32329398972428236,0.3108361644872934,9,0,0.22005933322125018,0.4844491578234139,0.30314959371189093,0.3361983217871614,llama-2-7b,qwen2-7b,1.5804166700319254e-06,0.00390625
decoders,quadratic,without_luck,9,0.1794806842920892,0.2140211163821179,8,1,-0.03623057191231003,0.37249598869364614,0.1553537712418946,0.2064445913176391,llama-2-7b,qwen2-7b,0.00314070887468887,0.01171875
decoders,linear,without_m,9,0.323237087962229,0.31079000858951317,9,0,0.219618527702634,0.4842403355639629,0.3031116820120123,0.33618940799467834,llama-2-7b,qwen2-7b,1.5765227677104342e-06,0.00390625
decoders,quadratic,without_m,9,0.17930635813885332,0.21394501435736069,8,1,-0.0366082451701112,0.3720802860776284,0.15520961714650638,0.20629568355247385,llama-2-7b,qwen2-7b,0.003145035851728073,0.01171875
decoders,linear,without_manufacturer,9,0.32307671456760395,0.3105711137219522,9,0,0.2196902419715137,0.48403334570733636,0.3029571356751374,0.33600002364211523,llama-2-7b,qwen2-7b,1.5754169856860845e-06,0.00390625
decoders,quadratic,without_manufacturer,9,0.17928771828806023,0.21388938932516494,8,1,-0.0361048736275797,0.371783252975363,0.15522577645214738,0.20621179227751524,llama-2-7b,qwen2-7b,0.003126950951896585,0.01171875
decoders,linear,without_marriage,9,0.3230676350437899,0.3103658970525094,9,0,0.21944627504342784,0.4839867327474944,0.3029527478308268,0.3360203050438352,llama-2-7b,qwen2-7b,1.5807477953737107e-06,0.00390625
decoders,quadratic,without_marriage,9,0.17933368378485806,0.21372897675330527,8,1,-0.03620504236249176,0.3716845007926189,0.155289831658888,0.20627602455327682,llama-2-7b,qwen2-7b,0.0031157348976364875,0.01171875
decoders,linear,without_mate,9,0.3230846568139186,0.3103205283900236,9,0,0.21954448874423266,0.48408807959231676,0.30295922896661887,0.33602717782262936,llama-2-7b,qwen2-7b,1.5794236189470063e-06,0.00390625
decoders,quadratic,without_mate,9,0.1792751559062748,0.21386497506459953,8,1,-0.036230224452983545,0.3718500193767324,0.1552032979724676,0.2062133284511821,llama-2-7b,qwen2-7b,0.0031293545483936864,0.01171875
decoders,linear,without_mature,9,0.3233517268491088,0.310447676767477,9,0,0.2198622691830478,0.48494831450920745,0.3031521533915964,0.3362879090573664,llama-2-7b,qwen2-7b,1.5999114398292046e-06,0.00390625
decoders,quadratic,without_mature,9,0.17934437690249844,0.21390915868701074,8,1,-0.03630508518665794,0.37214134343492633,0.15524475608594496,0.206300559663643,llama-2-7b,qwen2-7b,0.003133871186030721,0.01171875
decoders,linear,without_medical,9,0.3236163601792902,0.3114667269618082,9,0,0.22015539081380936,0.4850432936907828,0.3034379934903537,0.33654898134997535,llama-2-7b,qwen2-7b,1.5979847574771214e-06,0.00390625
decoders,quadratic,without_medical,9,0.17984911930644648,0.21398618250842616,8,1,-0.03681751723978723,0.3732520379793511,0.1556737544723334,0.20693244887472567,llama-2-7b,qwen2-7b,0.003150854569051774,0.01171875
decoders,linear,without_mexican,9,0.32412049099050644,0.3113436521899978,9,0,0.22060167452453106,0.4856126572781105,0.3039339702045559,0.33706034304875343,llama-2-7b,qwen2-7b,1.5768594355423675e-06,0.00390625
decoders,quadratic,without_mexican,9,0.17969714668191972,0.21452258069582497,8,1,-0.036240544131784826,0.37281932998652045,0.15555687376884464,0.2066893580336328,llama-2-7b,qwen2-7b,0.003137025322789625,0.01171875
decoders,linear,without_mississippi,9,0.3230516802381649,0.31064862894615114,9,0,0.2191460645014067,0.48412810235136794,0.30291712747401445,0.3360398822052596,llama-2-7b,qwen2-7b,1.6001170558649713e-06,0.00390625
decoders,quadratic,without_mississippi,9,0.1793908678060472,0.21382849190494807,8,1,-0.036803404562393276,0.3719936162780886,0.15531552424704204,0.2064151518521023,llama-2-7b,qwen2-7b,0.003142993809139044,0.01171875
decoders,linear,without_mood,9,0.3231560761608056,0.3105933295696038,9,0,0.21931004286831726,0.48484757834969255,0.30294463838719476,0.33613683032236663,llama-2-7b,qwen2-7b,1.624308165253953e-06,0.00390625
decoders,quadratic,without_mood,9,0.17932000646063215,0.21370571077242828,8,1,-0.03674425707104122,0.37239733055413815,0.1551853409489439,0.20632803940209132,llama-2-7b,qwen2-7b,0.0031641500996939325,0.01171875
decoders,linear,without_morality,9,0.32330225554496944,0.3108655886942789,9,0,0.21933572299297963,0.48445172460950287,0.30315857191190276,0.33629807211396817,llama-2-7b,qwen2-7b,1.604256252892579e-06,0.00390625
decoders,quadratic,without_morality,9,0.17967815240552049,0.21417679882947502,8,1,-0.03664751945056095,0.37236751692573467,0.1555919818404937,0.20671886138753065,llama-2-7b,qwen2-7b,0.003129622224814291,0.01171875
decoders,linear,without_mounted,9,0.32309315209435463,0.31070302672173894,9,0,0.21928172831306142,0.48420891210739814,0.3029536820927242,0.33606958006701626,llama-2-7b,qwen2-7b,1.5988593948963628e-06,0.00390625
decoders,quadratic,without_mounted,9,0.17946927617169928,0.21393026075652555,8,1,-0.03658410490449275,0.37218181900330294,0.1553802083177488,0.20647594880622325,llama-2-7b,qwen2-7b,0.003136846582313042,0.01171875
decoders,linear,without_net,9,0.323086972880743,0.3105839913162829,9,0,0.2195912258539369,0.48422221483591027,0.3029450676363471,0.33602394125909385,llama-2-7b,qwen2-7b,1.5907406081330045e-06,0.00390625
decoders,quadratic,without_net,9,0.1793303939118107,0.2136441314470337,8,1,-0.03635024302511644,0.3718849601976887,0.1552610731260759,0.20629047352892657,llama-2-7b,qwen2-7b,0.0031258127320149564,0.01171875
decoders,linear,without_observation,9,0.3237931729489474,0.31104959339380006,9,0,0.22047732018512145,0.48532613840184363,0.30360155226733543,0.33670765454442564,llama-2-7b,qwen2-7b,1.5845585211311544e-06,0.00390625
decoders,quadratic,without_observation,9,0.17951289453336683,0.21437059127133626,8,1,-0.03612832719238305,0.37258351981589105,0.1553790663730513,0.20646804724908557,llama-2-7b,qwen2-7b,0.003134947062453413,0.01171875
decoders,linear,without_observers,9,0.32396467368140175,0.31150804860608733,9,0,0.22050167154434913,0.48490440549037017,0.3038472072052808,0.3368975489485334,llama-2-7b,qwen2-7b,1.5520331366593457e-06,0.00390625
decoders,quadratic,without_observers,9,0.17966377898345415,0.2145954139568161,8,1,-0.03620184996733077,0.37259763058483936,0.155547047533281,0.20664698260230227,llama-2-7b,qwen2-7b,0.0031487604155053662,0.01171875
decoders,linear,without_oil,9,0.32306189739462254,0.3105546490376157,9,0,0.2193135694357387,0.4841418876247493,0.3029268986158567,0.336030438389483,llama-2-7b,qwen2-7b,1.5961242823113308e-06,0.00390625
decoders,quadratic,without_oil,9,0.17935374456370134,0.21375488225922415,8,1,-0.0365901768039479,0.371927319858348,0.15528204765187048,0.20634673473465748,llama-2-7b,qwen2-7b,0.0031336714262172665,0.01171875
decoders,linear,without_opening,9,0.32306500618371947,0.3105414278802755,9,0,0.21933306291176669,0.4842861148357437,0.3029123676022164,0.33603149909271357,llama-2-7b,qwen2-7b,1.604440276113481e-06,0.00390625
decoders,quadratic,without_opening,9,0.17953424485531194,0.21371421081171996,8,1,-0.036262318781802756,0.37224645482346763,0.15544521860929245,0.20650881530995127,llama-2-7b,qwen2-7b,0.0031256216640478305,0.01171875
decoders,linear,without_operator,9,0.3229839784019369,0.3102489693052003,9,0,0.21936563530250747,0.48406767300252096,0.30284851657686385,0.33593627128936554,llama-2-7b,qwen2-7b,1.5971716256719263e-06,0.00390625
decoders,quadratic,without_operator,9,0.17918060274002562,0.21356393026475604,8,1,-0.03646131930819806,0.3717889705665591,0.15510455676170895,0.2061358429960536,llama-2-7b,qwen2-7b,0.0031393857384178275,0.01171875
decoders,linear,without_overcome,9,0.3234357616030701,0.311038764118796,9,0,0.21921474336500832,0.48495131670059255,0.3032463172158798,0.33646338888282784,llama-2-7b,qwen2-7b,1.6125607961234414e-06,0.00390625
decoders,quadratic,without_overcome,9,0.17971741471172623,0.21406127132958072,8,1,-0.036983262708398176,0.37284427984367907,0.15557655657023212,0.2068049993892418,llama-2-7b,qwen2-7b,0.0031511973187986655,0.01171875
decoders,linear,without_owners,9,0.3231277141909698,0.31091573518331833,9,0,0.21919164586326048,0.48403288062347705,0.30301456838690644,0.33611972273193347,llama-2-7b,qwen2-7b,1.5911772070027377e-06,0.00390625
decoders,quadratic,without_owners,9,0.17959956932928822,0.21389626594139086,8,1,-0.036611526377387765,0.3717821429464087,0.15557674762714818,0.2066259562926227,llama-2-7b,qwen2-7b,0.003099395847669689,0.01171875
decoders,linear,without_paint,9,0.32370566204174794,0.31074993314951016,9,0,0.21998869104334676,0.48508812167476417,0.3035328545876209,0.33667028341654814,llama-2-7b,qwen2-7b,1.5766870955230337e-06,0.00390625
decoders,quadratic,without_paint,9,0.17951305834446563,0.21411515993225078,8,1,-0.036314793382411295,0.3726666439036802,0.15536886014956383,0.20649153981032525,llama-2-7b,qwen2-7b,0.0031264413809099275,0.01171875
decoders,linear,without_passage,9,0.3230158601412104,0.3104026013565998,9,0,0.21944235577868898,0.48414977800894843,0.3028741204077432,0.3359625481865256,llama-2-7b,qwen2-7b,1.5944374371790277e-06,0.00390625
decoders,quadratic,without_passage,9,0.17928685265744335,0.2139918601340083,8,1,-0.036334581317011325,0.37201456312441517,0.15519588884907187,0.20623953190425018,llama-2-7b,qwen2-7b,0.0031433424775683407,0.01171875
decoders,linear,without_perception,9,0.3231385961266172,0.31034234910910474,9,0,0.21949934210839986,0.4844955199155612,0.3029689806529992,0.3360935028788944,llama-2-7b,qwen2-7b,1.599288232515947e-06,0.00390625
decoders,quadratic,without_perception,9,0.17940975711172097,0.2136812474651919,8,1,-0.03625720251808894,0.3725475742764648,0.15526752996612797,0.20636812706544722,llama-2-7b,qwen2-7b,0.00313869489139208,0.01171875
decoders,linear,without_phenomenon,9,0.32409715513612714,0.31137303702676167,9,0,0.22025571587500298,0.4856203417735503,0.3039067568064493,0.3370773350437677,llama-2-7b,qwen2-7b,1.5834202555434083e-06,0.00390625
decoders,quadratic,without_phenomenon,9,0.17992567656822422,0.21419639470666052,8,1,-0.03634403207355274,0.3731011577362223,0.15577874142222448,0.20695939014844633,llama-2-7b,qwen2-7b,0.0031182557715703834,0.01171875
decoders,linear,without_planning,9,0.3232635893713405,0.31043424221761756,9,0,0.2190535517916603,0.48480534049826374,0.3030708704804751,0.33628984406880047,llama-2-7b,qwen2-7b,1.6192250539372373e-06,0.00390625
decoders,quadratic,without_planning,9,0.17935034504606417,0.21389590204088252,8,1,-0.0371141922457503,0.37223076248277615,0.15524029286647517,0.206408412207541,llama-2-7b,qwen2-7b,0.0031886331709310707,0.01171875
decoders,linear,without_plunged,9,0.3230135720459875,0.3104994613144988,9,0,0.2192367400018024,0.4840834400536123,0.3028798385450344,0.33598567605151064,llama-2-7b,qwen2-7b,1.598495616726487e-06,0.00390625
decoders,quadratic,without_plunged,9,0.179309407082247,0.2138111464337866,8,1,-0.036616015133372606,0.3717380186833291,0.15525583063211174,0.20630008485919943,llama-2-7b,qwen2-7b,0.0031416345330593488,0.01171875
decoders,linear,without_population,9,0.3230953597340979,0.31074781896535025,9,0,0.21908120212606444,0.48435061958430925,0.30293845225282146,0.33609712943510206,llama-2-7b,qwen2-7b,1.6120340916545183e-06,0.00390625
decoders,quadratic,without_population,9,0.179402141748595,0.21367570235006733,8,1,-0.03700330389918971,0.37223120318197084,0.155298509069423,0.20645282245456809,llama-2-7b,qwen2-7b,0.0031667428752177483,0.01171875
decoders,linear,without_portion,9,0.3232649816529125,0.31050138016945833,9,0,0.21976400557926493,0.48429060438966126,0.3031367788108189,0.33620260366211846,llama-2-7b,qwen2-7b,1.5735999417269776e-06,0.00390625
decoders,quadratic,without_portion,9,0.17946268720018013,0.213989814533141,8,1,-0.036030918967814664,0.37231049146001927,0.15535671166770024,0.2063993879711795,llama-2-7b,qwen2-7b,0.0031169464148459777,0.01171875
decoders,linear,without_possess,9,0.32321714078160024,0.31049018455334376,9,0,0.21976672971117345,0.4846073159696343,0.303043368883096,0.3361484421654036,llama-2-7b,qwen2-7b,1.5946890846085324e-06,0.00390625
decoders,quadratic,without_possess,9,0.17939459290647325,0.21361188996928476,8,1,-0.03619014905181249,0.3722817673323755,0.15528369610323547,0.20634268565125896,llama-2-7b,qwen2-7b,0.0031293709881961163,0.01171875
decoders,linear,without_pot,9,0.3233665455928477,0.3114822602950252,9,0,0.21991248967109028,0.48451094127472666,0.3032234961326129,0.3362983025830674,llama-2-7b,qwen2-7b,1.5971076824095494e-06,0.00390625
decoders,quadratic,without_pot,9,0.17955267954415463,0.21364192292416165,8,1,-0.0365016849538787,0.37283809993715916,0.15539200199502906,0.2065594751064088,llama-2-7b,qwen2-7b,0.0031408815526775984,0.01171875
decoders,linear,without_poured,9,0.3231659209322722,0.31059914185423426,9,0,0.21904493856551588,0.4849092694082872,0.3029480023727703,0.33618104372811675,llama-2-7b,qwen2-7b,1.6387182822662226e-06,0.00390625
decoders,quadratic,without_poured,9,0.17944482945064844,0.214201915460762,8,1,-0.03713456146500683,0.3722984385577188,0.15533812831226468,0.20651725331510534,llama-2-7b,qwen2-7b,0.003169249245971627,0.01171875
decoders,linear,without_precipitated,9,0.3229553684519214,0.31035252304085476,9,0,0.21912806103557794,0.48415230100922635,0.30280575188225833,0.33593378187896433,llama-2-7b,qwen2-7b,1.6066812900032792e-06,0.00390625
decoders,quadratic,without_precipitated,9,0.179202032411247,0.21367660995546395,8,1,-0.03682563496206976,0.3720647966088763,0.15509418688654336,0.20620549083291162,llama-2-7b,qwen2-7b,0.003168512149070787,0.01171875
decoders,linear,without_presentation,9,0.32304683214741425,0.31042329429337145,9,0,0.2193891010541826,0.4841195431231689,0.302912743275445,0.33600404853406823,llama-2-7b,qwen2-7b,1.5828137909164093e-06,0.00390625
decoders,quadratic,without_presentation,9,0.17920363534784395,0.21382610405435892,8,1,-0.036574144887568424,0.37194654614628514,0.15511077149803879,0.2061758578772705,llama-2-7b,qwen2-7b,0.003153593285225867,0.01171875
decoders,linear,without_press,9,0.3231922468485201,0.31065714332514865,9,0,0.2201608666774045,0.48423442012896806,0.3030619751884641,0.33607116936990955,llama-2-7b,qwen2-7b,1.5735403416602592e-06,0.00390625
decoders,quadratic,without_press,9,0.17934312776690567,0.21376421386284508,8,1,-0.03619768455881728,0.37208235141212886,0.15525072481125282,0.20628572930762107,llama-2-7b,qwen2-7b,0.003124125061133798,0.01171875
decoders,linear,without_priest,9,0.32304284081284207,0.31031916986242875,9,0,0.21946711512127454,0.48406195513313055,0.302915451522806,0.335989806524288,llama-2-7b,qwen2-7b,1.587803939144403e-06,0.00390625
decoders,quadratic,without_priest,9,0.17919131415736558,0.21368669363526552,8,1,-0.036502345869161235,0.37173662354277526,0.1551231504841894,0.20615302166068145,llama-2-7b,qwen2-7b,0.0031418225923654716,0.01171875
decoders,linear,without_property,9,0.3231025166956238,0.3102098347601541,9,0,0.22002881369005192,0.4839998661905857,0.3029903480087536,0.33598672957132025,llama-2-7b,qwen2-7b,1.5756047692178122e-06,0.00390625
decoders,quadratic,without_property,9,0.17923038820036294,0.21373816438611992,8,1,-0.036201314532265536,0.3716922544059826,0.15517265492466054,0.20615935104194152,llama-2-7b,qwen2-7b,0.00312910614183599,0.01171875
decoders,linear,without_queen,9,0.3229996678463097,0.31043769478589134,9,0,0.21916967952395383,0.48405256976871813,0.30286805510600856,0.3359784163866042,llama-2-7b,qwen2-7b,1.5953406709268109e-06,0.00390625
decoders,quadratic,without_queen,9,0.17932815324863305,0.21393243806230638,8,1,-0.03660473176717314,0.3718213455502463,0.15526650421093136,0.20631976387560882,llama-2-7b,qwen2-7b,0.003136839013345088,0.01171875
decoders,linear,without_recommend,9,0.32305828522413926,0.31084513325918034,9,0,0.21916451706984633,0.484199592626439,0.3029156217988518,0.33604500624342587,llama-2-7b,qwen2-7b,1.6069373031316451e-06,0.00390625
decoders,quadratic,without_recommend,9,0.17947556915196036,0.21365431525286147,8,1,-0.03664513099533141,0.3722138940457155,0.155383278540241,0.20649065667037186,llama-2-7b,qwen2-7b,0.0031411090504569594,0.01171875
decoders,linear,without_reduced,9,0.32295825818363616,0.3104167821867607,9,0,0.21907732729759366,0.48417079358730414,0.3028066912581777,0.3359433745443915,llama-2-7b,qwen2-7b,1.6084641764570664e-06,0.00390625
decoders,quadratic,without_reduced,9,0.17920876572695096,0.21367306287508742,8,1,-0.037003683777777,0.37211672276953384,0.1550952710966281,0.20623532191504196,llama-2-7b,qwen2-7b,0.0031739174589016893,0.01171875
decoders,linear,without_registered,9,0.32394154062168645,0.3111775839287278,9,0,0.2200115015773836,0.48526097766872434,0.3037766109908067,0.3369327955022243,llama-2-7b,qwen2-7b,1.573250158757908e-06,0.00390625
decoders,quadratic,without_registered,9,0.17979748407674892,0.21477753437502287,8,1,-0.03665168417148112,0.3726689472271265,0.1556885511829517,0.20685363010777766,llama-2-7b,qwen2-7b,0.003128244766612059,0.01171875
decoders,linear,without_relating,9,0.32302083404831183,0.31045899017777673,9,0,0.2194630973971505,0.48398856687071595,0.30289986744551134,0.33596555112970705,llama-2-7b,qwen2-7b,1.5899891946389165e-06,0.00390625
decoders,quadratic,without_relating,9,0.17927732789813755,0.2135767454453121,8,1,-0.03634768281639336,0.37168641706281286,0.15522619175255314,0.20623045423745393,llama-2-7b,qwen2-7b,0.003121207028136949,0.01171875
decoders,linear,without_related,9,0.32393658915934925,0.31180476792819695,9,0,0.21958876643547928,0.4853710428624951,0.303757282446456,0.33698006699983296,llama-2-7b,qwen2-7b,1.600759666842098e-06,0.00390625
decoders,quadratic,without_related,9,0.17991153255485,0.21453028906466298,8,1,-0.03704001893374636,0.373205128146664,0.15574983310587326,0.20703047649092454,llama-2-7b,qwen2-7b,0.0031542063534865535,0.01171875
decoders,linear,without_reply,9,0.3231112338163779,0.3106718973556274,9,0,0.21933758572352974,0.48419387391463586,0.30297590380409567,0.33608293982798393,llama-2-7b,qwen2-7b,1.5962884610130467e-06,0.00390625
decoders,quadratic,without_reply,9,0.1796002897343384,0.2138088136995456,8,1,-0.03635223542966599,0.372189824911966,0.15552659783713493,0.20659435537983892,llama-2-7b,qwen2-7b,0.0031125973303648526,0.01171875
decoders,linear,without_representation,9,0.3229595549595755,0.3102312900421757,9,0,0.21908533735162128,0.4841929821135499,0.30280537656532874,0.3359438321605698,llama-2-7b,qwen2-7b,1.6035965813588518e-06,0.00390625
decoders,quadratic,without_representation,9,0.17920448675808723,0.21357687094399275,8,1,-0.0369954967026974,0.37213328601712414,0.1550883868507076,0.2062294846906853,llama-2-7b,qwen2-7b,0.003168062744021899,0.01171875
decoders,linear,without_residential,9,0.3230573156291852,0.31067508836849883,9,0,0.21945859965717218,0.4840608153174201,0.3029318781681558,0.33600715512568685,llama-2-7b,qwen2-7b,1.5879187546734155e-06,0.00390625
decoders,quadratic,without_residential,9,0.17930349012782265,0.21365085334514156,8,1,-0.03647476324150114,0.3718140048570356,0.15523967578667108,0.20627577179898815,llama-2-7b,qwen2-7b,0.00313238843940809,0.01171875
decoders,linear,without_resistance,9,0.32297848749823665,0.31038126423085116,9,0,0.21935962855175503,0.484115745664778,0.30283633022741896,0.3359308448665469,llama-2-7b,qwen2-7b,1.5984665520881167e-06,0.00390625
decoders,quadratic,without_resistance,9,0.17928218683100355,0.21373907831330252,8,1,-0.03632778981448816,0.37196293922333545,0.1551970927819621,0.20623343391169002,llama-2-7b,qwen2-7b,0.0031368121363435602,0.01171875
decoders,linear,without_resources,9,0.322984385714,0.31036924518606557,9,0,0.21920605043564453,0.48411090576644455,0.3028435707074444,0.33595667762379444,llama-2-7b,qwen2-7b,1.598384755025205e-06,0.00390625
decoders,quadratic,without_resources,9,0.17928904156785344,0.2137583510588131,8,1,-0.036370067260606403,0.37192672754293904,0.15520933082096772,0.20624643017141092,llama-2-7b,qwen2-7b,0.0031386074320486636,0.01171875
decoders,linear,without_resume,9,0.3231587363847358,0.3104952089044092,9,0,0.21927061782985402,0.4850928398566621,0.302916973450745,0.33614475120409604,llama-2-7b,qwen2-7b,1.6394175720412077e-06,0.00390625
decoders,quadratic,without_resume,9,0.17927831055134583,0.2137343069084133,8,1,-0.03663014831596797,0.37201371347502143,0.15518638518588634,0.20626686790976004,llama-2-7b,qwen2-7b,0.0031445050527182483,0.01171875
decoders,linear,without_revolution,9,0.32303711681961356,0.3105697754499009,9,0,0.21918489007924,0.4840725611757955,0.3029076862750908,0.33601864516216023,llama-2-7b,qwen2-7b,1.5998985626634786e-06,0.00390625
decoders,quadratic,without_revolution,9,0.179456726210882,0.2137232169647081,8,1,-0.03663882032422775,0.37183601719126375,0.15540931483833426,0.2064686695277707,llama-2-7b,qwen2-7b,0.0031254057107550385,0.01171875
decoders,linear,without_rhythm,9,0.3230324426557434,0.31035787897255174,9,0,0.21921709432326517,0.4841730875607444,0.3028898620426183,0.3360093611973032,llama-2-7b,qwen2-7b,1.596953710138707e-06,0.00390625
decoders,quadratic,without_rhythm,9,0.17926094727906938,0.213725840707963,8,1,-0.036656485718586325,0.3718184152681148,0.15519126378043874,0.20625062640377637,llama-2-7b,qwen2-7b,0.0031439384209767255,0.01171875
decoders,linear,without_rice,9,0.3232338267302915,0.31099005318170597,9,0,0.2192879345682478,0.4845113796752401,0.303074132612173,0.33622706325054696,llama-2-7b,qwen2-7b,1.6052804478185144e-06,0.00390625
decoders,quadratic,without_rice,9,0.1796574130376992,0.2141194535359558,8,1,-0.036704477800875455,0.37263903642673485,0.15553471011406972,0.206702649392521,llama-2-7b,qwen2-7b,0.0031286570499453885,0.01171875
decoders,linear,without_rushed,9,0.3231356515415296,0.3104967200883012,9,0,0.21940876965357425,0.4840727567948972,0.30301851338485875,0.3361015117775241,llama-2-7b,qwen2-7b,1.575105207276577e-06,0.00390625
decoders,quadratic,without_rushed,9,0.17922402345876245,0.21373393877132338,8,1,-0.03653179678993198,0.3717355244071683,0.15516008584021174,0.2061935009898493,llama-2-7b,qwen2-7b,0.0031338193385319867,0.01171875
decoders,linear,without_scholarship,9,0.32325751739637626,0.31057539487990005,9,0,0.21998295966621637,0.4845237580849248,0.3030992373103077,0.3361668371126463,llama-2-7b,qwen2-7b,1.593458297744468e-06,0.00390625
decoders,quadratic,without_scholarship,9,0.1795371338352756,0.2136358814294351,8,1,-0.03599865451286924,0.3726193481108308,0.15540185705083118,0.20647910737879369,llama-2-7b,qwen2-7b,0.0031206598696801257,0.01171875
decoders,linear,without_scream,9,0.3233292649208721,0.3109217150316016,9,0,0.2194515767042548,0.48448749954308223,0.3031844855930959,0.3363139759479493,llama-2-7b,qwen2-7b,1.5876387371530953e-06,0.00390625
decoders,quadratic,without_scream,9,0.1793937911081134,0.21396050816724793,8,1,-0.03678496313730303,0.37230823854764067,0.15527948517817247,0.20641613538879044,llama-2-7b,qwen2-7b,0.003157587718772721,0.01171875
decoders,linear,without_seat,9,0.3230995336188955,0.3107559992593416,9,0,0.21963181474184815,0.48416578428412743,0.3029662522857415,0.3360329984785264,llama-2-7b,qwen2-7b,1.5905639383627585e-06,0.00390625
decoders,quadratic,without_seat,9,0.17942301501041272,0.21383239075451804,8,1,-0.03629448060690161,0.37208118754113656,0.15534074344407223,0.206387701962577,llama-2-7b,qwen2-7b,0.0031251878416081466,0.01171875
decoders,linear,without_security,9,0.3229087820782194,0.31030873978696083,9,0,0.2191163851106648,0.4840648259326976,0.3027642765964096,0.33588283169916366,llama-2-7b,qwen2-7b,1.6035511652698575e-06,0.00390625
decoders,quadratic,without_security,9,0.17907060461290247,0.21359470625732419,8,1,-0.03687997977404115,0.37182138153162103,0.15497675749806267,0.20606442766127042,llama-2-7b,qwen2-7b,0.0031695209600834475,0.01171875
decoders,linear,without_seem,9,0.3232756631727192,0.3107271058858463,9,0,0.21987971205832318,0.48422216108831273,0.30315735093327,0.3362001570620188,llama-2-7b,qwen2-7b,1.5693685411546973e-06,0.00390625
decoders,quadratic,without_seem,9,0.17928659324252383,0.2136985253660936,8,1,-0.03634167906733698,0.37190138002513223,0.15520974489469777,0.20624012728125643,llama-2-7b,qwen2-7b,0.0031283210515359533,0.01171875
decoders,linear,without_seized,9,0.32326650775832805,0.31083172622097194,9,0,0.21973532032774595,0.4845294546574503,0.30310863939593785,0.3362079061871509,llama-2-7b,qwen2-7b,1.5904805340273534e-06,0.00390625
decoders,quadratic,without_seized,9,0.1798054834378077,0.21400899562147063,8,1,-0.036265429027670354,0.3732069062859829,0.15563030558178578,0.20681434749599245,llama-2-7b,qwen2-7b,0.0031261860329186864,0.01171875
decoders,linear,without_sell,9,0.32327802984902126,0.31098197970691766,9,0,0.21999207472276278,0.4843372581398069,0.30314562631267306,0.3361887742398036,llama-2-7b,qwen2-7b,1.5819651225164175e-06,0.00390625
decoders,quadratic,without_sell,9,0.17953458238123438,0.21401312326804225,8,1,-0.036321273635539164,0.37255319696742034,0.15540725555796114,0.2065165643833311,llama-2-7b,qwen2-7b,0.0031398938850524527,0.01171875
decoders,linear,without_sensitivity,9,0.32293315198066863,0.3102916891705236,9,0,0.21913648294524357,0.48409666561699327,0.3027877127761281,0.3359077356100968,llama-2-7b,qwen2-7b,1.6027274924397292e-06,0.00390625
decoders,quadratic,without_sensitivity,9,0.17909538921643448,0.21362037036845516,8,1,-0.03680167243753455,0.37178381680190675,0.15500933576825043,0.2060825219231806,llama-2-7b,qwen2-7b,0.0031657843236460705,0.01171875
decoders,linear,without_serve,9,0.3231147839614599,0.3112333618603543,9,0,0.21944891012276607,0.48417893783844324,0.3029817647268369,0.3360730181912966,llama-2-7b,qwen2-7b,1.5939470119321384e-06,0.00390625
decoders,quadratic,without_serve,9,0.17947050370902684,0.21350756327593978,8,1,-0.036122788370845677,0.372079668900068,0.15539435806014668,0.2064196652190109,llama-2-7b,qwen2-7b,0.003108229557925652,0.01171875
decoders,linear,without_settled,9,0.323124333181086,0.3109752593416861,9,0,0.21926686457969466,0.4842218630890075,0.3029871419425958,0.3361065167562599,llama-2-7b,qwen2-7b,1.598458561685477e-06,0.00390625
decoders,quadratic,without_settled,9,0.179411343779333,0.2140301761011087,8,1,-0.03684818627351664,0.3721323520981599,0.15532121773947963,0.2064437850359392,llama-2-7b,qwen2-7b,0.0031478058961710055,0.01171875
decoders,linear,without_shape,9,0.3232112338342795,0.31045472831807464,9,0,0.21991367683958474,0.48407913471842307,0.30310274622376154,0.33612342845861637,llama-2-7b,qwen2-7b,1.5673472517772647e-06,0.00390625
decoders,quadratic,without_shape,9,0.17926901430617392,0.21376688034569213,8,1,-0.036456521198138594,0.3718172378638769,0.15520048636146105,0.206234706244213,llama-2-7b,qwen2-7b,0.0031351010733923004,0.01171875
decoders,linear,without_shifted,9,0.3230748213424976,0.31049870991327144,9,0,0.21957180132732362,0.4843524996687983,0.30291511155171,0.33601269884439433,llama-2-7b,qwen2-7b,1.598068930573583e-06,0.00390625
decoders,quadratic,without_shifted,9,0.17941504193109806,0.21355288731114724,8,1,-0.03614279524119788,0.3726788498697358,0.15525706593876834,0.20635977157763505,llama-2-7b,qwen2-7b,0.0031293429628160836,0.01171875
decoders,linear,without_shooting,9,0.32322083787326106,0.3107082432833717,9,0,0.219895343138505,0.48440236981099555,0.3030731463810442,0.3361365247151056,llama-2-7b,qwen2-7b,1.5939372008715223e-06,0.00390625
decoders,quadratic,without_shooting,9,0.17952578344388245,0.21374197771499573,8,1,-0.03608685205237841,0.3721923197954303,0.15544246639993897,0.20647736288091506,llama-2-7b,qwen2-7b,0.0031085703880642922,0.01171875
decoders,linear,without_show,9,0.323418298034466,0.3110954940049628,9,0,0.21939057792863603,0.48459313751186717,0.30327144309979076,0.33642176304769467,llama-2-7b,qwen2-7b,1.592693985457366e-06,0.00390625
decoders,quadratic,without_show,9,0.17953277058896894,0.21399560890963845,8,1,-0.03703757958227602,0.3724121913114116,0.1554228429986636,0.20660406436037454,llama-2-7b,qwen2-7b,0.0031610962579028848,0.01171875
decoders,linear,without_sight,9,0.3242024402502599,0.31171051430016,9,0,0.22050007951002182,0.48575943870956345,0.304007815442847,0.3371652353427897,llama-2-7b,qwen2-7b,1.577813895604404e-06,0.00390625
decoders,quadratic,without_sight,9,0.1800066690421065,0.21466148932821402,8,1,-0.03635479891816798,0.37324615375696557,0.1558517334527491,0.20705185253714078,llama-2-7b,qwen2-7b,0.0031362583184035447,0.01171875
decoders,linear,without_sin,9,0.3230546379653203,0.3104355827963922,9,0,0.2191793235242941,0.48418103000930784,0.3029138389598218,0.3360390522704486,llama-2-7b,qwen2-7b,1.6007412195490183e-06,0.00390625
decoders,quadratic,without_sin,9,0.17933989662172284,0.2138613088684447,8,1,-0.03669148530894466,0.3719973090135145,0.15525772007274888,0.2063438193630563,llama-2-7b,qwen2-7b,0.003148369616600273,0.01171875
decoders,linear,without_slipped,9,0.3236046886273823,0.31169480387846965,9,0,0.2204109806188055,0.48423651695680087,0.303525710086205,0.3365039021284544,llama-2-7b,qwen2-7b,1.5388405663864715e-06,0.00390625
decoders,quadratic,without_slipped,9,0.17947633026427626,0.21425856057905873,8,1,-0.036721767936057366,0.37184364313200324,0.15543041615581038,0.20650109253931795,llama-2-7b,qwen2-7b,0.0031233100404154004,0.01171875
decoders,linear,without_slope,9,0.3230618004393559,0.3104532247221926,9,0,0.2193947177697236,0.4841252888671387,0.302928864385883,0.3360201857730599,llama-2-7b,qwen2-7b,1.593962887398289e-06,0.00390625
decoders,quadratic,without_slope,9,0.17948308271204555,0.21376429865209035,8,1,-0.03607695838547109,0.37197379099186834,0.15542174417706772,0.20642808784923516,llama-2-7b,qwen2-7b,0.003106273071250202,0.01171875
decoders,linear,without_smoke,9,0.3231650934621286,0.31086424267657614,9,0,0.21923716627538786,0.4842700948026312,0.30302696829456577,0.3361560843604712,llama-2-7b,qwen2-7b,1.5979042797262987e-06,0.00390625
decoders,quadratic,without_smoke,9,0.17945474767453815,0.21401676543885936,8,1,-0.03690688700470499,0.3723058134920578,0.15534836444734818,0.20649995200944354,llama-2-7b,qwen2-7b,0.0031583026444032786,0.01171875
decoders,linear,without_souls,9,0.32412735984045604,0.3117386140299383,9,0,0.2203764575136729,0.48558584035953006,0.3039450497755718,0.33709622263130395,llama-2-7b,qwen2-7b,1.581788238818552e-06,0.00390625
decoders,quadratic,without_souls,9,0.17995500523904007,0.21457158726522899,8,1,-0.03640508578794715,0.37310943768367627,0.15581070118346055,0.20700001661741346,llama-2-7b,qwen2-7b,0.0031113629811677884,0.01171875
decoders,linear,without_span,9,0.32338276278999967,0.31093849368810655,9,0,0.21940165905774964,0.48471266093906357,0.30321652552136663,0.33638040075653086,llama-2-7b,qwen2-7b,1.5970891730177607e-06,0.00390625
decoders,quadratic,without_span,9,0.17961392262252435,0.21410007488950333,8,1,-0.03643518672366105,0.37258949562230576,0.15549197599755166,0.20662006129079752,llama-2-7b,qwen2-7b,0.0031263369535069266,0.01171875
decoders,linear,without_stomach,9,0.32321453932756955,0.31030177211266907,9,0,0.21951486897436565,0.4847803434358984,0.3030188138140284,0.33617699812172,llama-2-7b,qwen2-7b,1.6101924346201737e-06,0.00390625
decoders,quadratic,without_stomach,9,0.17943683738410887,0.2138502643063591,8,1,-0.036495007271437674,0.3726613421250063,0.1552837742914967,0.2064283179660522,llama-2-7b,qwen2-7b,0.003157058084334143,0.01171875
decoders,linear,without_stone,9,0.3230812221262934,0.31081877542014286,9,0,0.2191174417182841,0.4842004913410706,0.3029413134744463,0.3360766946772946,llama-2-7b,qwen2-7b,1.608830891523805e-06,0.00390625
decoders,quadratic,without_stone,9,0.17953405069669148,0.21358280288421866,8,1,-0.03690786495825486,0.372190220949071,0.15545202941514408,0.2065892901535598,llama-2-7b,qwen2-7b,0.0031290249105891464,0.01171875
decoders,linear,without_store,9,0.32301296545421,0.3105077634755572,9,0,0.21927167703453188,0.4840625968741637,0.3028817615267158,0.33598062650666977,llama-2-7b,qwen2-7b,1.5904806280306637e-06,0.00390625
decoders,quadratic,without_store,9,0.17918345518464612,0.21384207736571706,8,1,-0.036830499337675,0.37181001104051675,0.1551051357026623,0.20618519949993624,llama-2-7b,qwen2-7b,0.0031612665911535,0.01171875
