word,jaccard,length,n_sentences,sep_max,peak_depth,combined,context,target
all,0.11867704280155641,23.8,40,0.06436798307630746,0.2822420634920635,0.8,0.6875,0.825
alone,0.14699792960662525,24.125,40,0.09146603279643585,0.22431657848324515,0.8125,0.625,0.8875
back,0.15151515151515152,21.875,40,0.1595539053281148,0.1909722222222222,1.0,0.8,0.9875
basis,0.10200364298724955,28.35,40,0.014539281527201289,0.38249559082892415,0.725,0.75,0.6125
better,0.16339869281045752,24.0,40,0.008432490958107799,0.2755180776014109,0.5,0.4625,0.5625
death,0.16707021791767554,22.95,40,0.037242048316531655,0.23544973544973546,0.725,0.625,0.775
down,0.13347022587268995,25.025,40,0.04446081982718569,0.9783950617283951,0.775,0.6625000000000001,0.7875000000000001
evidence,0.15065913370998116,26.775,40,0.0005976094139946444,0.3654100529100529,0.525,0.6125,0.5375000000000001
first,0.13465346534653466,25.375,40,0.1435864799552493,0.10190696649029982,0.8875,0.5,0.95
heart,0.10978520286396182,21.175,40,0.0712731579939524,0.3594576719576719,0.9125000000000001,0.925,0.8375
here,0.12362637362637363,17.9,40,0.062060475349426235,0.3701499118165785,0.8625,0.825,0.8125
information,0.10666666666666667,26.075,40,0.08386245038774275,0.9197530864197532,0.7625,0.775,0.6875
just,0.16666666666666666,23.225,40,0.03679639432165353,0.6291335978835978,0.6875,0.5375,0.6875
less,0.1282051282051282,24.15,40,0.010505080223083444,0.5876873897707231,0.6125,0.4375,0.5874999999999999
little,0.10805084745762712,22.65,40,0.1862532231542799,0.2962411816578483,0.9375,0.775,0.9375
major,0.13131313131313133,29.7,40,0.012250294287999433,0.7981150793650794,0.6,0.3875,0.675
more,0.1350844277673546,24.525,40,0.045767919884787595,0.9020061728395061,0.6375,0.45,0.7625
most,0.12251655629139073,29.1,40,0.23589386542638138,0.0814594356261023,0.9624999999999999,0.6875,0.9624999999999999
much,0.13655462184873948,23.725,40,0.0868297351731194,0.8191688712522046,0.8125,0.575,0.875
no,0.11451942740286299,22.925,40,0.016256759564081787,0.8672839506172839,0.7125,0.7250000000000001,0.6125
now,0.10815939278937381,24.175,40,0.014677806033028477,0.31112213403880074,0.675,0.725,0.5874999999999999
only,0.11561866125760649,22.325,40,0.05313895808325869,0.8284832451499118,0.75,0.7125,0.725
past,0.11650485436893204,25.95,40,0.038491696119308444,0.4584435626102292,0.7,0.6375,0.775
present,0.12453531598513011,25.475,40,0.31269536746872795,0.8037918871252204,0.975,0.7875000000000001,0.975
public,0.16765285996055226,27.675,40,0.03355528248680957,0.7535824514991182,0.6875,0.6875,0.6375
quite,0.1656686626746507,26.0,40,0.05032653278774681,0.16258818342151674,0.65,0.5874999999999999,0.6875
rather,0.12450592885375494,24.575,40,0.12478590673870509,0.4574514991181658,0.9,0.6875,0.8875
really,0.14870689655172414,24.125,40,0.020215657022264223,0.16567460317460317,0.5875,0.4875,0.6125
same,0.12750455373406194,28.725,40,0.010822643836339256,0.7862654320987654,0.7125,0.575,0.6375
so,0.14111498257839722,28.85,40,0.10611112581359011,0.8753858024691358,0.9,0.6625,0.9
suddenly,0.1276595744680851,21.55,40,0.0028533869319491444,0.4738205467372134,0.5,0.5,0.55
then,0.1127659574468085,25.45,40,0.13034899367226493,0.9197530864197532,0.9,0.8125,0.9125000000000001
too,0.14536340852130325,18.85,40,0.18886389334996537,0.4816468253968254,0.925,0.75,0.925
well,0.13904761904761906,25.15,40,0.0671870840920342,0.9029982363315696,0.6875,0.525,0.7124999999999999
world,0.13840155945419103,27.0,40,0.05333433217472497,0.15773809523809523,0.8374999999999999,0.825,0.7875000000000001
business,0.16374269005847952,27.263157894736842,38,0.01864304145177201,0.27502204585537915,0.7583333333333333,0.4875,0.7458333333333333
designed,0.10509031198686371,30.473684210526315,38,0.016878787014219434,0.39010141093474426,0.7083333333333333,0.6375,0.7375
development,0.12595419847328243,29.94736842105263,38,0.035152034627066654,0.7170965608465608,0.8416666666666666,0.7875,0.8458333333333332
door,0.13784461152882205,20.92105263157895,38,0.029380136066012877,0.2978395061728395,0.6916666666666667,0.575,0.7166666666666667
home,0.16624040920716113,20.789473684210527,38,0.044386512703365716,0.3070436507936508,0.7583333333333333,0.7041666666666666,0.7083333333333333
paper,0.1127348643006263,25.710526315789473,38,0.14685730801688296,0.4559634038800706,0.9708333333333332,0.9375,0.9583333333333334
still,0.125,25.42105263157895,38,0.09186415870984391,0.5080467372134039,0.9166666666666667,0.6708333333333334,0.8833333333333334
age,0.09922178988326848,29.61111111111111,36,0.13335409429338238,0.31729497354497355,1.0,0.9208333333333333,1.0
away,0.12903225806451613,22.22222222222222,36,0.006249530447853878,0.4013999118165785,0.44166666666666665,0.36666666666666664,0.5166666666666666
experience,0.16289592760180996,25.11111111111111,36,0.008997854259279,0.6329365079365079,0.5666666666666667,0.5625,0.475
history,0.1336206896551724,26.444444444444443,36,0.021592355436748853,0.5848765432098766,0.8333333333333334,0.7916666666666667,0.6916666666666667
life,0.12608695652173912,25.333333333333332,36,0.06885071926646756,0.1532738095238095,0.7916666666666667,0.575,0.8625
long,0.11646586345381527,25.666666666666668,36,0.032284736633300753,0.5464616402116402,0.7333333333333334,0.6458333333333334,0.775
people,0.13303769401330376,23.833333333333332,36,0.10110772980584033,0.12422839506172839,0.8541666666666667,0.7416666666666667,0.9000000000000001
possible,0.10217391304347827,24.833333333333332,36,0.1409503188398149,0.9197530864197532,0.75,0.6000000000000001,0.825
war,0.152,29.083333333333332,36,0.0044859713978237115,0.8056657848324514,0.5708333333333333,0.5583333333333333,0.5249999999999999
way,0.1416490486257928,26.72222222222222,36,0.022457467185126367,0.429673721340388,0.575,0.5125,0.6125
figure,0.09041095890410959,20.676470588235293,34,0.4604186448785994,0.9197530864197532,1.0,0.9666666666666666,0.975
high,0.09282700421940929,25.323529411764707,34,0.09585575593842395,0.5122354497354498,0.9416666666666668,0.7250000000000001,0.9083333333333334
however,0.12694300518134716,20.38235294117647,34,0.01430116759406189,0.6821538800705468,0.6333333333333333,0.5625,0.5833333333333333
human,0.1282565130260521,29.176470588235293,34,0.006362921661800767,0.839891975308642,0.5625,0.4583333333333333,0.5625
labor,0.14705882352941177,22.647058823529413,34,0.04188811779022211,0.5891203703703703,0.8083333333333333,0.7791666666666666,0.8291666666666668
moment,0.1585081585081585,26.529411764705884,34,0.07223603460523813,0.1187720458553792,0.625,0.48749999999999993,0.7
surface,0.125,27.323529411764707,34,0.0261749492751227,0.28891093474426804,0.6166666666666667,0.6041666666666666,0.6416666666666666
today,0.14216867469879518,23.558823529411764,34,0.006543331676059255,0.39186507936507936,0.6375,0.7,0.5916666666666667
voice,0.10559006211180125,17.058823529411764,34,0.008571114805009578,0.7574955908289241,0.5416666666666667,0.6166666666666667,0.5166666666666666
water,0.15119363395225463,20.970588235294116,34,0.008045047521591133,0.31646825396825395,0.4916666666666667,0.5291666666666667,0.5458333333333334
earth,0.09624413145539906,24.5,32,0.25228286451763576,0.041666666666666664,1.0,0.9208333333333334,0.9833333333333334
finally,0.12935323383084577,22.625,32,0.0099747346507178,0.6642416225749559,0.5916666666666666,0.49166666666666664,0.6541666666666668
growth,0.13810741687979539,25.90625,32,0.06712720460361898,0.8386243386243386,0.9624999999999999,0.9458333333333334,0.8833333333333334
hit,0.12090680100755667,23.90625,32,0.08928598629103762,0.7115299823633157,0.8958333333333335,0.8708333333333333,0.9416666666666668
interest,0.10672853828306264,28.0625,32,0.13965069254239393,0.19885361552028216,0.9583333333333334,0.8625,0.9708333333333334
later,0.1352549889135255,27.53125,32,0.013087424967024024,0.18193342151675485,0.4708333333333333,0.6083333333333333,0.42500000000000004
meaning,0.14558472553699284,26.8125,32,0.0365052289432949,0.8999118165784833,0.6125,0.625,0.55
number,0.12206572769953052,27.21875,32,0.06546516550911793,0.20844356261022928,0.8500000000000001,0.7291666666666667,0.7833333333333334
old,0.09956709956709957,24.46875,32,0.03755348589685223,0.5764991181657848,0.6458333333333333,0.5416666666666667,0.6625
once,0.12393162393162394,27.40625,32,0.08662488063176468,0.5299823633156966,0.9833333333333334,0.7041666666666666,0.9666666666666668
pressure,0.11004784688995216,26.5,32,0.18560198280546394,0.6858465608465608,0.9833333333333334,0.9041666666666666,1.0
set,0.1341991341991342,31.875,32,0.04849154088232248,0.699129188712522,0.8125,0.7541666666666667,0.8791666666666667
spirit,0.14726840855106887,28.71875,32,0.06214925315645,0.4013999118165785,0.8750000000000001,0.7124999999999999,0.875
together,0.10067114093959731,26.0625,32,0.027519577079349045,0.2585427689594357,0.6666666666666667,0.625,0.6291666666666667
treatment,0.10714285714285714,24.125,32,0.08585326539145571,0.2761243386243386,0.8666666666666668,0.8625,0.8666666666666668
amount,0.11731843575418995,27.3,30,0.061997499730851856,0.7868165784832452,0.8333333333333334,0.8666666666666666,0.8833333333333334
cut,0.09840425531914894,21.233333333333334,30,0.07511158784230547,0.703207671957672,0.8333333333333334,0.8999999999999999,0.9
dark,0.11813186813186813,22.9,30,0.06135350465774531,0.7900132275132274,0.8666666666666666,0.8,0.8666666666666667
degree,0.1300639658848614,30.3,30,0.0007456938425699222,0.09187610229276896,0.5,0.6,0.35
discussion,0.1172069825436409,27.533333333333335,30,0.003956655661265011,0.4885361552028219,0.6,0.5333333333333333,0.4666666666666666
early,0.1118421052631579,27.766666666666666,30,0.014457235733667957,0.8309082892416225,0.5166666666666666,0.3999999999999999,0.5499999999999999
family,0.14325842696629212,22.2,30,0.0019383298026190343,0.5105268959435626,0.4333333333333333,0.29999999999999993,0.5666666666666667
job,0.11609498680738786,23.133333333333333,30,0.043406830893622454,0.3688822751322751,0.9666666666666666,0.8500000000000001,0.8999999999999999
land,0.1411764705882353,26.766666666666666,30,0.010028441747029578,0.7239307760141094,0.5833333333333333,0.7,0.55
late,0.13157894736842105,25.033333333333335,30,0.11169588896963327,0.9629629629629629,0.7333333333333334,0.6833333333333333,0.8
like,0.15615615615615616,21.833333333333332,30,0.21331502331627739,0.09705687830687831,0.9166666666666666,0.6833333333333333,0.9333333333333333
manager,0.08959537572254335,21.1,30,0.056413604153527114,0.9166666666666666,0.8666666666666668,0.8666666666666668,0.75
material,0.11617312072892938,26.933333333333334,30,0.0778497523731655,0.8227513227513228,0.8166666666666667,0.8333333333333333,0.8333333333333333
national,0.13895216400911162,27.933333333333334,30,0.020260343949,0.8800154320987654,0.6333333333333333,0.6333333333333333,0.5833333333333334
natural,0.10933940774487472,27.666666666666668,30,0.029634717437956024,0.765707671957672,0.7,0.6833333333333333,0.6
phase,0.10161662817551963,28.833333333333332,30,0.2231652074389987,0.19692460317460317,0.9666666666666668,0.9333333333333332,0.9666666666666668
reason,0.12318840579710146,27.433333333333334,30,0.045695099565717864,0.6138117283950617,0.6833333333333333,0.44999999999999996,0.6666666666666666
suppose,0.15359477124183007,20.766666666666666,30,0.10697193278206715,0.291005291005291,0.6666666666666667,0.6666666666666667,0.6500000000000001
table,0.0639386189258312,25.133333333333333,30,0.2895657618840535,0.8020833333333334,1.0,1.0,1.0
thus,0.1162280701754386,27.066666666666666,30,0.026631421513027567,0.7253086419753086,0.5,0.41666666666666663,0.55
white,0.09919571045576407,22.433333333333334,30,0.06625718209478586,0.34408068783068785,0.8333333333333335,0.7833333333333334,0.7833333333333333
asked,0.13978494623655913,19.857142857142858,28,0.03605651855468746,0.6559744268077601,0.8333333333333334,0.7916666666666667,0.7333333333333333
cost,0.14015151515151514,17.714285714285715,28,0.15699998868836296,0.9814814814814815,0.9666666666666666,0.8833333333333334,1.0
english,0.14786967418546365,27.892857142857142,28,0.07743072840902537,0.8923611111111112,0.8666666666666667,0.7666666666666666,0.7833333333333334
far,0.12705882352941175,28.428571428571427,28,0.04820058080885141,0.4920083774250441,0.675,0.625,0.6499999999999999
feeling,0.15542521994134897,25.428571428571427,28,0.04454134901364639,0.44576719576719576,0.7166666666666666,0.5416666666666667,0.6666666666666666
law,0.14507772020725387,27.571428571428573,28,0.024686634540557813,0.2649911816578483,0.7333333333333334,0.6166666666666667,0.7
level,0.10941475826972011,27.035714285714285,28,0.0649651553895738,0.7420634920634921,0.8333333333333335,0.7166666666666667,0.8166666666666668
performance,0.11781609195402298,22.607142857142858,28,0.021840049160851322,0.8391203703703703,0.5916666666666667,0.75,0.5
policy,0.15736040609137056,27.035714285714285,28,0.0055777827898660665,0.42151675485008816,0.4666666666666667,0.5,0.5083333333333333
program,0.140625,26.571428571428573,28,0.009087353944778389,0.8796296296296297,0.4833333333333334,0.44999999999999996,0.5166666666666666
rate,0.08978328173374613,28.285714285714285,28,0.21636066502994958,0.20287698412698413,0.9666666666666668,0.9666666666666668,0.9333333333333332
requirements,0.13395638629283488,22.178571428571427,28,0.013394514719645123,0.21676587301587302,0.5333333333333334,0.3583333333333333,0.55
stage,0.12219451371571072,26.357142857142858,28,0.21351833475960624,0.1943893298059965,0.9833333333333334,0.9166666666666667,0.9666666666666668
system,0.12857142857142856,23.714285714285715,28,0.06126824352476328,0.7540784832451499,0.7333333333333334,0.6833333333333333,0.8499999999999999
time,0.13695090439276486,26.607142857142858,28,0.06996365057097537,0.41512345679012347,0.85,0.6166666666666666,0.8333333333333334
below,0.07590759075907591,20.5,26,0.21098956631289587,0.384755291005291,0.9833333333333334,0.825,0.975
best,0.12530120481927712,29.807692307692307,26,0.18011726107862255,0.48655202821869487,0.8916666666666666,0.5666666666666667,0.9083333333333333
common,0.11142857142857143,25.307692307692307,26,0.02552931507428481,0.38740079365079366,0.725,0.7833333333333334,0.6166666666666666
day,0.11271676300578035,23.0,26,0.049654232131110254,0.5855379188712522,0.8166666666666667,0.7000000000000001,0.7833333333333333
developed,0.0997624703087886,29.73076923076923,26,0.036949078241984,0.9198082010582012,0.7416666666666667,0.6166666666666667,0.8
dust,0.09939759036144578,26.153846153846153,26,0.19057140416569174,0.6958774250440917,1.0,1.0,0.9583333333333335
fact,0.14216867469879518,32.26923076923077,26,0.0020095043712191557,0.2567791005291005,0.31666666666666665,0.2583333333333333,0.425
film,0.12876712328767123,27.5,26,0.055021067460377965,0.8685515873015873,0.8916666666666666,0.7666666666666667,0.7166666666666667
floor,0.128125,23.923076923076923,26,0.2859355178144243,0.2142857142857143,1.0,0.8416666666666668,1.0
game,0.13428571428571429,24.692307692307693,26,0.009398400783538766,0.5888447971781305,0.5833333333333333,0.7749999999999999,0.5416666666666666
half,0.13119533527696792,23.384615384615383,26,0.09878222147623694,0.8990299823633158,0.7166666666666666,0.6666666666666666,0.6499999999999999
heard,0.12152777777777778,20.26923076923077,26,0.02594402101304792,0.8267195767195767,0.55,0.6416666666666666,0.3583333333333333
help,0.15357142857142858,19.615384615384617,26,0.014619012673695832,0.42024911816578486,0.6416666666666666,0.575,0.6666666666666666
individual,0.13810741687979539,30.076923076923077,26,0.07550751169522599,0.9197530864197532,0.8333333333333333,0.6583333333333332,0.9000000000000001
low,0.08951406649616368,28.5,26,0.13032512863477067,0.957175925925926,0.9166666666666669,0.9666666666666668,0.8833333333333332
man,0.1242603550295858,25.307692307692307,26,0.032520883613162535,0.8293650793650794,0.7,0.7666666666666667,0.725
mind,0.14335664335664336,21.653846153846153,26,0.3671860761112637,0.5217151675485009,1.0,0.8916666666666668,1.0
money,0.18487394957983194,26.576923076923077,26,0.021441390117009445,0.6823743386243386,0.4916666666666667,0.3833333333333333,0.55
months,0.11602209944751381,23.692307692307693,26,0.02316863669289479,0.2260251322751323,0.4916666666666667,0.3333333333333333,0.6583333333333334
news,0.12166172106824925,22.384615384615383,26,0.010748260551028723,0.5199514991181657,0.6499999999999999,0.7666666666666667,0.5
obtained,0.0931899641577061,23.96153846153846,26,0.11957613958252795,0.4941578483245149,0.95,0.95,0.9166666666666669
proposed,0.11869436201780416,22.576923076923077,26,0.0425434741708967,0.9197530864197532,0.7166666666666667,0.5416666666666667,0.8
quickly,0.14336917562724014,19.115384615384617,26,0.027734564410315576,0.84375,0.5833333333333333,0.675,0.5833333333333333
reality,0.11458333333333333,28.076923076923077,26,0.0002826915846930499,0.1111111111111111,0.3833333333333333,0.49166666666666664,0.3666666666666667
reported,0.13838120104438642,26.46153846153846,26,0.005670987897449011,0.7752425044091711,0.5416666666666666,0.6416666666666666,0.4416666666666666
right,0.09345794392523364,24.423076923076923,26,0.2132090114884906,0.5573743386243386,0.95,0.8833333333333333,0.9666666666666668
side,0.12096774193548387,27.576923076923077,26,0.06208140651384984,0.3741181657848325,0.8666666666666667,0.875,0.875
south,0.10512820512820513,29.153846153846153,26,0.4785246749718984,0.0,0.9583333333333334,1.0,0.9166666666666669
stopped,0.14285714285714285,19.346153846153847,26,0.008622805277506466,0.6651234567901234,0.675,0.6166666666666667,0.6333333333333333
structure,0.11849710982658959,24.615384615384617,26,0.04122987720701426,0.578152557319224,0.75,0.675,0.6916666666666667
top,0.11714285714285715,26.346153846153847,26,0.023109512196646743,0.9135802469135802,0.5416666666666666,0.4833333333333333,0.6499999999999999
trouble,0.1650943396226415,15.461538461538462,26,0.04675464497672182,0.3272156084656085,0.7333333333333334,0.4666666666666667,0.8333333333333334
understand,0.19090909090909092,24.115384615384617,26,0.042288621266682896,1.0,0.6166666666666667,0.5166666666666666,0.5499999999999999
word,0.15501519756838905,25.692307692307693,26,0.0124580793910556,0.7100418871252204,0.6666666666666665,0.625,0.6083333333333334
yet,0.10619469026548672,24.076923076923077,26,0.1964323454433017,0.6498015873015873,0.8333333333333334,0.8,0.9166666666666666
act,0.09424083769633508,31.541666666666668,24,0.42137119505140513,0.020833333333333332,0.95,0.75,1.0
action,0.13810741687979539,30.541666666666668,24,0.03464388185077239,0.22889109347442682,0.775,0.7,0.8916666666666666
air,0.09848484848484848,29.0,24,0.0741685893800523,0.47519841269841273,0.6916666666666667,0.675,0.6916666666666667
art,0.15030674846625766,26.666666666666668,24,0.007519761721293088,0.6219686948853616,0.5166666666666666,0.5249999999999999,0.6833333333333333
case,0.11705685618729098,23.333333333333332,24,0.03130062090026002,0.2961309523809524,0.6083333333333334,0.48333333333333334,0.6666666666666667
church,0.11076923076923077,24.625,24,0.08494718207253345,0.8112323633156966,0.8250000000000002,0.7,0.8833333333333334
conducted,0.11294765840220386,28.333333333333332,24,0.0449864566326141,0.39693562610229277,0.8,0.75,0.7333333333333333
distribution,0.12424242424242424,27.458333333333332,24,0.023252126243379332,0.298721340388007,0.6833333333333333,0.7166666666666666,0.6166666666666667
dropped,0.1575091575091575,21.25,24,0.017715669340557468,0.7759038800705468,0.5416666666666666,0.5083333333333333,0.5333333333333333
enough,0.13147410358565736,18.583333333333332,24,0.07119950652122495,0.509700176366843,0.675,0.475,0.7250000000000001
extent,0.1282051282051282,28.75,24,0.0009647409121195335,0.017361111111111112,0.44166666666666665,0.5333333333333333,0.4
field,0.11904761904761904,21.541666666666668,24,0.12736948000060183,0.9554673721340389,0.9166666666666667,0.6333333333333333,0.925
found,0.15309446254071662,23.958333333333332,24,0.013248297903272812,0.44901895943562603,0.5416666666666666,0.4916666666666667,0.4833333333333333
feet,0.11877394636015326,18.625,24,0.2540638016329871,0.22718253968253968,1.0,0.6583333333333332,1.0
form,0.11827956989247312,28.833333333333332,24,0.12916882501708135,0.9197530864197532,0.875,0.9583333333333334,0.8583333333333334
hard,0.13229571984435798,18.875,24,0.0861867997381422,0.7740299823633158,0.85,0.85,0.65
industry,0.14511041009463724,26.125,24,0.04423816336525807,0.15873015873015872,0.625,0.4083333333333333,0.7
instead,0.1225,30.333333333333332,24,0.0018342336018879668,0.049217372134038796,0.42499999999999993,0.49166666666666664,0.4083333333333333
intensity,0.11267605633802817,29.333333333333332,24,0.11701506376266474,0.6786816578483246,0.925,0.8333333333333334,0.925
matter,0.12014134275618374,21.0,24,0.0036019815338981975,0.5184634038800705,0.3916666666666666,0.49166666666666664,0.3333333333333333
mentioned,0.12834224598930483,29.916666666666668,24,0.09599602884716453,0.95679012345679,0.7583333333333333,0.6416666666666666,0.75
office,0.13043478260869565,27.25,24,0.030599262979295487,0.3014219576719577,0.525,0.3666666666666666,0.575
part,0.12401055408970976,31.125,24,0.0031626224517821862,0.7393628747795415,0.43333333333333335,0.4583333333333333,0.4666666666666667
party,0.0958904109589041,27.083333333333332,24,0.15282243159082198,0.6359678130511464,0.95,0.9166666666666666,0.95
passed,0.08387096774193549,22.083333333333332,24,0.27842712402343744,0.9060846560846562,0.9666666666666666,0.9083333333333332,1.0
prevent,0.13370473537604458,26.833333333333332,24,0.0037997894816928,0.6147486772486772,0.35,0.35,0.42500000000000004
quality,0.11147540983606558,23.458333333333332,24,0.03017438451449072,0.3408840388007055,0.6416666666666666,0.5916666666666666,0.7083333333333334
remember,0.13937282229965156,21.625,24,0.03456297847959725,0.5236441798941799,0.7333333333333333,0.5083333333333333,0.6583333333333333
sample,0.13099041533546327,25.458333333333332,24,0.025769405894809243,0.5062830687830687,0.75,0.7333333333333333,0.7083333333333334
sent,0.1111111111111111,23.291666666666668,24,0.03891213734944657,0.4387125220458554,0.7333333333333333,0.6166666666666667,0.7333333333333334
space,0.134185303514377,22.958333333333332,24,0.03607987364133194,0.2783840388007055,0.5083333333333333,0.5166666666666666,0.6833333333333333
success,0.11782477341389729,27.375,24,0.06014955374929636,0.7470238095238095,0.7166666666666666,0.75,0.6333333333333333
treated,0.09615384615384616,28.041666666666668,24,0.10280502173635692,0.8227513227513228,0.8833333333333332,0.7916666666666667,0.9333333333333332
work,0.14201183431952663,25.458333333333332,24,0.10754430956310693,0.6155753968253967,0.7916666666666667,0.42500000000000004,0.8583333333333334
avoid,0.11634349030470914,29.40909090909091,22,0.014745728837119165,0.5279431216931216,0.4916666666666667,0.55,0.5916666666666668
captain,0.17647058823529413,14.181818181818182,22,0.15034370289908514,0.0,0.6666666666666667,0.5833333333333333,0.5166666666666666
caused,0.10802469135802469,24.863636363636363,22,0.001670691702100922,0.46913580246913583,0.3583333333333333,0.45,0.3916666666666666
character,0.1144578313253012,27.227272727272727,22,0.026686578989028865,0.4955908289241623,0.6833333333333333,0.625,0.7583333333333333
company,0.08681672025723473,23.772727272727273,22,0.060421788030200485,0.33658509700176364,0.8666666666666668,0.8666666666666668,0.9166666666666669
covered,0.11382113821138211,29.272727272727273,22,0.006989621453814989,0.35736331569664903,0.5249999999999999,0.4333333333333333,0.6083333333333334
declared,0.12609970674486803,28.318181818181817,22,0.06119730075200396,0.8000992063492064,0.8083333333333333,0.8666666666666668,0.7166666666666667
deny,0.14330218068535824,27.818181818181817,22,0.0064379009935590335,0.4288470017636684,0.4,0.4916666666666667,0.4833333333333333
discussed,0.1284722222222222,22.363636363636363,22,0.014978491597705356,0.8638117283950617,0.44999999999999996,0.55,0.3999999999999999
example,0.11217948717948718,26.545454545454547,22,,,0.475,0.65,0.3166666666666666
feed,0.25748502994011974,19.454545454545453,22,0.11123729083273143,0.9419091710758377,0.875,0.825,0.8583333333333334
followed,0.09727626459143969,19.727272727272727,22,0.13622209760877818,0.9197530864197532,0.8166666666666668,0.7583333333333333,0.8
gas,0.12745098039215685,27.863636363636363,22,0.03469847308264832,0.384755291005291,0.7666666666666666,0.7833333333333333,0.7416666666666666
god,0.10077519379844961,20.363636363636363,22,0.04774339993794755,0.33382936507936506,0.6916666666666667,0.5416666666666666,0.8416666666666668
hour,0.14855072463768115,22.636363636363637,22,0.09103903836674157,0.28273809523809523,0.8916666666666668,0.6000000000000001,0.9166666666666669
military,0.11560693641618497,27.40909090909091,22,0.0010363393359713667,0.5451388888888888,0.5833333333333333,0.6833333333333333,0.41666666666666663
particles,0.10932475884244373,29.40909090909091,22,0.07275958193673022,0.44317680776014107,1.0,0.9416666666666669,0.9166666666666669
pattern,0.13745704467353953,23.681818181818183,22,0.005594816472795222,0.49079585537918874,0.45,0.4083333333333333,0.525
political,0.15160349854227406,28.90909090909091,22,0.0025632513893974443,0.7986111111111112,0.37499999999999994,0.4166666666666667,0.41666666666666663
power,0.10625,25.09090909090909,22,0.0774876839584774,0.6650132275132274,0.8666666666666667,0.8250000000000001,0.8666666666666667
problem,0.12698412698412698,20.545454545454547,22,0.010015669796201889,0.8177910052910052,0.6000000000000001,0.7333333333333334,0.5916666666666667
products,0.09968847352024922,24.727272727272727,22,0.05431137813462149,0.4569003527336861,0.6916666666666667,0.6083333333333333,0.7666666666666667
question,0.17647058823529413,23.045454545454547,22,0.004942960209316633,0.6041666666666666,0.6833333333333333,0.6416666666666666,0.5166666666666666
radiation,0.14642857142857144,28.40909090909091,22,0.05782439311345412,0.5419973544973545,0.825,0.8,0.7166666666666668
reached,0.1267605633802817,23.772727272727273,22,0.015284332964155354,0.7143959435626103,0.675,0.6083333333333334,0.75
real,0.12312312312312312,26.818181818181817,22,0.02358658446205981,0.8381834215167548,0.5333333333333332,0.525,0.5833333333333333
sales,0.14950166112956811,26.227272727272727,22,0.059111316998799596,0.7691798941798942,0.8166666666666668,0.8666666666666668,0.8500000000000001
scientific,0.119533527696793,27.40909090909091,22,0.028948373264736555,0.9058641975308643,0.8500000000000001,0.7583333333333333,0.7583333333333333
short,0.11988304093567251,28.227272727272727,22,0.03610304329130379,0.9623567019400353,0.7083333333333333,0.6333333333333333,0.6666666666666666
supply,0.10089020771513353,26.727272727272727,22,0.1443853080272674,0.3508046737213404,0.8333333333333334,0.4916666666666666,0.95
sure,0.14814814814814814,17.818181818181817,22,0.2662839028570387,0.04662698412698413,0.9,0.8166666666666668,0.8999999999999999
task,0.11470588235294117,28.09090909090909,22,0.011645277341206822,0.2334656084656085,0.6916666666666667,0.7416666666666667,0.6666666666666667
theory,0.12949640287769784,22.90909090909091,22,0.009294188684887301,0.5430996472663139,0.4333333333333333,0.4916666666666666,0.3999999999999999
thin,0.09926470588235294,20.863636363636363,22,0.042991118298636485,0.5365410052910052,0.8666666666666668,0.925,0.875
trade,0.09567901234567901,26.136363636363637,22,0.06313508749008173,0.46064814814814814,0.8833333333333332,0.7833333333333333,0.8333333333333333
very,0.12225705329153605,26.045454545454547,22,0.005607293711768223,0.4689153439153439,0.4083333333333333,0.45833333333333326,0.3833333333333333
appreciate,0.1391304347826087,20.4,20,0.07311816016832984,0.3396164021164021,0.925,0.775,0.9
argument,0.12121212121212122,19.4,20,0.06145396828651422,0.3505291005291005,1.0,0.8999999999999999,0.925
believe,0.1407942238267148,23.8,20,0.031436946656968806,0.8386243386243386,0.6,0.575,0.55
brought,0.08843537414965986,24.05,20,0.03654823369450033,0.8941798941798942,0.6000000000000001,0.725,0.65
cells,0.1349206349206349,26.65,20,0.0665432280964321,0.5983245149911816,0.8,0.775,0.8500000000000001
children,0.11945392491467577,26.55,20,0.09171924326154916,0.30935846560846564,0.975,0.925,1.0
contrast,0.10461538461538461,29.45,20,-6.622738308376737e-09,0.0,0.6,0.55,0.55
country,0.10714285714285714,25.4,20,0.034567521678076786,0.65625,0.6,0.55,0.625
directly,0.0989399293286219,24.7,20,0.0469495190514458,0.6499118165784832,0.875,0.8,0.875
downtown,0.17352941176470588,32.7,20,0.023858504162894312,0.8090277777777778,0.65,0.525,0.625
even,0.12631578947368421,25.9,20,0.12195048729578649,0.8294753086419753,0.875,0.75,0.825
failed,0.14222222222222222,19.5,20,0.020234604676564502,0.687555114638448,0.575,0.4,0.6
female,0.11191335740072202,23.8,20,0.07225137286716032,0.9060846560846562,0.8,0.775,0.825
function,0.12941176470588237,25.3,20,0.10541972849104135,0.5385251322751323,1.0,0.925,0.95
future,0.09900990099009901,26.0,20,0.11136863960160144,0.9197530864197532,0.9,0.7,0.875
generally,0.09538461538461539,27.9,20,0.0330940683682759,0.8607253086419753,0.75,0.65,0.65
glass,0.12781954887218044,22.6,20,0.06475677424006988,0.3583553791887125,0.75,0.525,0.825
involved,0.14329268292682926,28.85,20,0.03274118238025238,0.2044753086419753,0.7,0.675,0.75
kept,0.10108303249097472,22.35,20,0.04238259792327877,0.6823743386243386,0.575,0.675,0.625
manner,0.10810810810810811,26.35,20,0.05458352963129676,0.21875,0.65,0.725,0.75
maturity,0.13427561837455831,30.2,20,0.16936832500828636,0.925925925925926,0.95,0.95,0.95
mouth,0.11764705882352941,19.75,20,0.020532766977945913,0.35697751322751325,0.625,0.7,0.65
music,0.13526570048309178,17.6,20,0.02020266983244151,0.6469356261022927,0.625,0.47500000000000003,0.75
operate,0.12080536912751678,26.25,20,0.04742928345998122,0.9197530864197532,0.65,0.525,0.7250000000000001
pay,0.09473684210526316,24.85,20,0.11350653237766685,0.875055114638448,0.8500000000000001,0.7,0.925
permit,0.1111111111111111,27.15,20,0.07783733142746814,0.2585427689594357,0.9,0.85,0.875
picture,0.1141732283464567,25.5,20,0.058862017260657366,0.4750330687830687,0.9,0.8500000000000001,0.925
production,0.07739938080495357,25.65,20,0.12164325184292259,0.28505291005291006,0.9,0.875,0.9
purpose,0.11384615384615385,29.7,20,0.011411084069145977,0.2501102292768959,0.7,0.65,0.6000000000000001
realize,0.1522491349480969,27.8,20,0.016747593879699665,0.4797729276895944,0.575,0.475,0.625
recognize,0.13975155279503104,29.3,20,0.0244614250130123,0.4715608465608465,0.75,0.6499999999999999,0.775
said,0.13178294573643412,23.05,20,0.008942729896969233,0.13756613756613756,0.6000000000000001,0.7,0.425
snow,0.14847161572052403,22.55,20,0.03049746486875741,0.3247354497354497,0.825,0.575,0.8
suggested,0.1347517730496454,24.95,20,0.05330366558498802,0.9907407407407407,0.55,0.45,0.6499999999999999
sun,0.09935897435897435,25.55,20,0.044457736942503136,0.6079695767195767,0.8,0.7,0.8
technical,0.11387900355871886,23.5,20,0.0051557620366414,0.4854497354497355,0.525,0.625,0.625
told,0.1465798045602606,25.8,20,0.0087291863229539,0.5635471781305115,0.55,0.625,0.65
university,0.11526479750778816,30.4,20,0.03826004266738887,0.8133818342151675,0.9,0.925,0.725
west,0.09259259259259259,24.75,20,0.5501432551278008,0.0,0.975,0.925,0.975
accepted,0.1048951048951049,26.666666666666668,18,0.2065339518917931,0.925925925925926,0.75,0.47500000000000003,0.8500000000000001
actually,0.1291390728476821,27.72222222222222,18,0.012243476178910945,0.9577821869488535,0.5,0.4,0.425
added,0.11811023622047244,23.555555555555557,18,0.093721416261461,0.34160052910052907,0.75,0.45,0.725
aid,0.10504201680672269,25.77777777777778,18,0.22197380661964408,0.6215277777777778,0.85,0.85,0.85
announced,0.15693430656934307,25.88888888888889,18,0.0332934525277879,0.9522156084656085,0.5,0.55,0.6000000000000001
areas,0.08943089430894309,22.11111111111111,18,0.07061917914284595,0.543154761904762,0.725,0.45,0.7250000000000001
aspects,0.12142857142857143,26.72222222222222,18,0.055889500512017104,0.7575507054673722,0.55,0.32499999999999996,0.55
called,0.0984251968503937,23.944444444444443,18,0.023436165518230814,0.20596340388007053,0.6499999999999999,0.5,0.65
clearly,0.1482889733840304,25.666666666666668,18,0.025087482399410624,0.3175705467372134,0.375,0.3,0.6000000000000001
cold,0.1111111111111111,19.22222222222222,18,0.046360436413023176,0.8665123456790123,0.6000000000000001,0.525,0.7
completely,0.12454212454212454,25.88888888888889,18,0.0007714894082811027,0.11419753086419752,0.3,0.4,0.35
continued,0.12096774193548387,23.22222222222222,18,0.027511335081524268,0.7197420634920635,0.6499999999999999,0.6,0.6000000000000001
corner,0.10699588477366255,28.88888888888889,18,0.19238616029421485,0.8959435626102292,1.0,1.0,1.0
culture,0.13167259786476868,27.38888888888889,18,0.012302514579560978,0.43606701940035275,0.4,0.45,0.42500000000000004
demonstrated,0.09811320754716982,26.666666666666668,18,0.012978573640187544,0.6801146384479718,0.55,0.7250000000000001,0.5
described,0.11764705882352941,25.38888888888889,18,0.005709889862272433,0.4905202821869488,0.325,0.475,0.3
destroy,0.15087719298245614,29.88888888888889,18,0.003136810329225289,0.39632936507936506,0.4,0.25,0.45
direction,0.1067193675889328,28.666666666666668,18,0.1221056977907816,0.8324514991181657,0.8,0.875,0.75
dirt,0.08455882352941177,25.666666666666668,18,0.08351048496034406,0.49884259259259256,0.725,0.625,0.8
education,0.10882352941176471,33.0,18,0.08362383974923025,0.17686287477954143,0.8999999999999999,0.85,0.725
effort,0.12781954887218044,26.333333333333332,18,0.02851462695333688,0.6652336860670194,0.45,0.32499999999999996,0.575
established,0.10810810810810811,27.38888888888889,18,0.018556045161353178,0.6365189594356261,0.42500000000000004,0.4,0.525
ever,0.1449814126394052,25.11111111111111,18,0.09275467197100316,0.43860229276895946,0.75,0.525,0.85
expected,0.13553113553113552,26.055555555555557,18,0.06201208631197605,0.4232253086419753,0.8,0.7,0.775
face,0.1187214611872146,20.11111111111111,18,0.22332951757642952,0.19890873015873015,0.925,0.825,0.975
fell,0.13617021276595745,22.27777777777778,18,0.02068589131037389,0.7280092592592592,0.675,0.575,0.6000000000000001
fear,0.12162162162162163,21.944444444444443,18,0.10188138153817913,0.6886022927689593,0.925,0.7,1.0
felt,0.1411764705882353,24.38888888888889,18,0.007106191582149877,0.19637345679012347,0.42500000000000004,0.32499999999999996,0.375
finished,0.15609756097560976,18.88888888888889,18,6.622738308376735e-09,0.0,0.125,0.125,0.22499999999999998
foreign,0.13793103448275862,31.166666666666668,18,0.005561444494459323,0.5301477072310405,0.32499999999999996,0.325,0.35
girl,0.13553113553113552,27.555555555555557,18,0.004925866921742711,0.4672619047619048,0.55,0.6000000000000001,0.475
good,0.11811023622047244,24.72222222222222,18,0.1676350500848558,0.8355379188712522,0.75,0.375,0.8
hall,0.13901345291479822,22.88888888888889,18,0.06042255295647511,0.6786816578483246,0.55,0.45,0.7
hero,0.14225941422594143,23.27777777777778,18,0.12088866035143532,0.781360229276896,0.85,0.625,0.875
held,0.11029411764705882,25.5,18,0.14940036336580909,0.6847442680776015,0.8500000000000001,0.675,0.825
influence,0.1267605633802817,26.77777777777778,18,0.19376834068033427,0.9135802469135802,0.8,0.225,1.0
inside,0.1650943396226415,20.333333333333332,18,0.020419475105073668,0.43601190476190477,0.65,0.55,0.6000000000000001
introduced,0.14655172413793102,21.77777777777778,18,0.05021064811282682,0.8043981481481481,0.475,0.32499999999999996,0.475
know,0.18716577540106952,19.72222222222222,18,0.0063277681668599,0.4905753968253968,0.575,0.375,0.575
last,0.12903225806451613,20.944444444444443,18,0.38479528824488324,0.7980599647266314,0.825,0.525,0.85
learned,0.14181818181818182,27.38888888888889,18,0.023162861665089875,0.6572971781305115,0.6000000000000001,0.5,0.6499999999999999
lay,0.11065573770491803,22.666666666666668,18,0.04004426466094119,0.7708884479717812,0.35,0.375,0.42500000000000004
light,0.08424908424908426,27.055555555555557,18,0.07350224256515497,0.6787918871252204,0.8,0.6,0.825
line,0.10877192982456141,28.333333333333332,18,0.05762083331743874,0.6302910052910052,0.65,0.6,0.675
mass,0.08041958041958042,29.27777777777778,18,0.2788932555251651,0.3948412698412699,0.9,1.0,0.825
memory,0.10852713178294573,26.0,18,0.04592105415132305,0.36326058201058203,0.7,0.45,0.875
north,0.12110726643598616,27.444444444444443,18,0.42964766422907513,0.0,0.9,0.7,0.9
noted,0.10847457627118644,26.61111111111111,18,0.0164903236760033,0.35615079365079366,0.575,0.6499999999999999,0.6
noticed,0.11659192825112108,21.38888888888889,18,1.3245476616753471e-08,0.0,0.35,0.375,0.3
observed,0.12142857142857143,27.5,18,0.10631847381591791,0.595568783068783,0.7,0.725,0.7
paused,0.11538461538461539,14.11111111111111,18,0.00091879897647432,0.2724316578483245,0.75,0.675,0.5
piece,0.12313432835820895,26.444444444444443,18,0.0058326787418788995,0.4861111111111111,0.35,0.45,0.25
plane,0.1059322033898305,26.0,18,0.1004302104314168,0.32859347442680775,0.925,0.95,0.775
position,0.12371134020618557,28.61111111111111,18,0.10118307669957474,0.4566798941798942,0.775,0.625,0.8999999999999999
prepared,0.08088235294117647,24.72222222222222,18,0.015297075112660688,0.4252094356261023,0.6,0.55,0.6
professional,0.1103448275862069,27.555555555555557,18,0.0560039381186167,0.8001543209876544,0.725,0.6499999999999999,0.7
published,0.0945945945945946,27.333333333333332,18,0.012383666303422667,0.08068783068783068,0.375,0.35,0.5
raised,0.1,27.555555555555557,18,0.11892228325208024,0.925925925925926,0.7250000000000001,0.6499999999999999,0.825
received,0.1232876712328767,26.833333333333332,18,0.018395523230234724,0.8229166666666666,0.6,0.475,0.45
religion,0.12749003984063745,25.77777777777778,18,0.009252193901273888,0.8634259259259259,0.32499999999999996,0.47500000000000003,0.375
result,0.10384615384615385,24.72222222222222,18,0.16538992855283946,0.1943893298059965,0.825,0.55,0.875
room,0.11894273127753303,22.333333333333332,18,0.1693427330917782,0.26537698412698413,0.925,0.725,0.9
scale,0.11688311688311688,31.11111111111111,18,0.13661968873606783,0.32671957671957674,0.875,0.675,0.95
secretary,0.1111111111111111,19.72222222222222,18,0.2659874127970801,0.0,0.825,0.625,0.875
seek,0.11877394636015326,23.27777777777778,18,0.013771673043568878,0.4177689594356261,0.375,0.45,0.4
shot,0.1222707423580786,21.88888888888889,18,0.0521704753239949,0.8364197530864197,0.775,0.525,0.85
simply,0.08108108108108109,25.444444444444443,18,0.01591221491495763,0.28521825396825395,0.475,0.45,0.425
sat,0.09743589743589744,17.11111111111111,18,0.004374384880065866,0.6123236331569665,0.475,0.4,0.475
soil,0.08527131782945736,23.77777777777778,18,0.1411642432212829,0.9109347442680775,0.95,0.925,0.95
staining,0.30097087378640774,31.77777777777778,18,0.00393881400426225,0.351521164021164,0.44999999999999996,0.475,0.45
started,0.12264150943396226,18.666666666666668,18,0.07882532808515758,0.9264219576719577,0.625,0.2,0.7
stay,0.14673913043478262,18.27777777777778,18,0.0366237064202626,0.4530423280423281,0.675,0.425,0.8500000000000001
struck,0.1043956043956044,16.333333333333332,18,0.06277588009834285,0.5803571428571428,0.95,0.95,0.925
things,0.17903930131004367,23.166666666666668,18,0.03883839646975196,0.17113095238095238,0.525,0.575,0.65
tomorrow,0.135,19.27777777777778,18,0.0014571944872538221,0.3870701058201058,0.5,0.475,0.35
volume,0.11,30.666666666666668,18,0.05143046047952435,0.3192791005291005,0.75,0.6499999999999999,0.775
win,0.08664259927797834,26.055555555555557,18,0.0756048096550835,0.8935736331569664,0.65,0.575,0.7
wish,0.17410714285714285,22.055555555555557,18,0.007339921262529099,0.4749779541446208,0.47500000000000003,0.47500000000000003,0.525
wondered,0.16216216216216217,21.5,18,0.013516174422370011,0.20871913580246915,0.525,0.675,0.4
wrong,0.13963963963963963,22.11111111111111,18,0.0400471621089511,0.2845568783068783,0.575,0.55,0.575
above,0.11392405063291139,24.4375,16,0.2127635644541846,0.26945546737213405,0.925,0.7749999999999999,0.975
appeal,0.10869565217391304,27.0,16,0.25797631012068856,0.5386353615520282,1.0,0.975,1.0
appeared,0.099601593625498,24.8125,16,0.08635486827956301,0.9616402116402116,0.775,0.775,0.75
around,0.11304347826086956,22.4375,16,0.06786819630199005,0.16892636684303353,0.7749999999999999,0.6,0.75
assigned,0.13333333333333333,26.8125,16,0.08267802000045771,0.925925925925926,0.8,0.8500000000000001,0.8500000000000001
attention,0.10887096774193548,26.375,16,0.0061601599057515,0.3759920634920635,0.5,0.55,0.55
beginning,0.13692946058091288,27.0,16,0.008945922056833845,0.25496031746031744,0.32499999999999996,0.22499999999999998,0.55
blame,0.21374045801526717,12.5625,16,3.667672475178889e-05,0.012345679012345678,0.175,0.35,0.15000000000000002
box,0.1164021164021164,20.4375,16,0.12981830040613807,0.31531084656084657,0.925,0.625,0.95
boy,0.14736842105263157,19.8125,16,0.038054767582151566,0.3878968253968254,0.6000000000000001,0.525,0.65
briefly,0.08424908424908426,28.125,16,0.08056211802694528,0.5122354497354498,0.9,0.875,0.875
carried,0.12299465240641712,20.9375,16,0.0403621031178368,0.8459545855379189,0.85,0.775,0.775
changed,0.12980769230769232,20.8125,16,0.04209300544526837,0.2838403880070547,0.725,0.45,0.75
check,0.14285714285714285,21.9375,16,0.2438323332203759,0.32423941798941797,1.0,0.675,1.0
choice,0.09782608695652174,29.375,16,0.008842325872845079,0.2136794532627866,0.375,0.35,0.425
city,0.1461187214611872,24.0,16,0.10514648093117604,0.9814814814814815,0.8,0.75,0.825
concrete,0.13559322033898305,24.5,16,0.1796350048647986,0.515707671957672,0.95,0.85,0.95
considered,0.13636363636363635,22.875,16,0.07031313578287754,0.683641975308642,0.6,0.325,0.7250000000000001
contributed,0.09871244635193133,23.375,16,0.05636302961243519,0.5990410052910052,0.7,0.75,0.7
control,0.09027777777777778,28.875,16,0.07007097866800091,0.9290123456790123,0.625,0.475,0.8
course,0.10526315789473684,22.5,16,0.12141509519682986,0.2615189594356261,0.95,0.875,0.9
created,0.11073825503355705,33.1875,16,0.018555647797054667,0.3564814814814815,0.55,0.575,0.75
current,0.0942622950819672,26.3125,16,0.18670339716805348,0.6480379188712522,0.9,0.95,0.95
deep,0.09836065573770492,25.5625,16,0.08933078911569378,0.8510251322751323,0.75,0.75,0.725
democratic,0.11851851851851852,30.125,16,0.38199743297364974,0.0,0.825,0.55,0.825
difference,0.1341991341991342,26.0625,16,0.017541891998714833,0.11970899470899471,0.42500000000000004,0.6,0.25
discovered,0.0954356846473029,24.75,16,0.029847797420289732,0.47106481481481477,0.55,0.45,0.6499999999999999
domestic,0.06224066390041494,25.625,16,0.1448794371551937,0.7691798941798942,1.0,1.0,1.0
drink,0.15920398009950248,23.25,16,0.2501421140299903,0.826278659611993,0.925,0.375,1.0
duty,0.11155378486055777,27.25,16,0.057950695355733176,0.4601521164021164,0.675,0.425,0.7250000000000001
efficiency,0.07853403141361257,19.9375,16,0.09232093228234181,0.26521164021164023,0.725,0.625,0.7749999999999999
employed,0.14864864864864866,23.125,16,0.09645571642451811,0.28604497354497355,0.95,0.75,0.975
employment,0.11406844106463879,29.25,16,0.010649634732140378,0.5979938271604939,0.625,0.7,0.525
entered,0.09053497942386832,26.375,16,0.08869347307417122,0.755787037037037,0.9,0.8500000000000001,0.925
exception,0.1323529411764706,21.9375,16,0.07755469282468153,0.7222222222222222,0.7,0.65,0.7
expressed,0.14084507042253522,24.125,16,0.0061777532100677,0.3644179894179894,0.475,0.5,0.45
expression,0.09844559585492228,19.375,16,0.14001217484474177,0.2899029982363316,0.875,0.8500000000000001,0.8999999999999999
extension,0.11009174311926606,27.4375,16,0.2069107161627875,0.8606701940035273,1.0,0.875,1.0
fast,0.12272727272727273,22.4375,16,0.11814474397235442,0.9197530864197532,0.6,0.575,0.7
fight,0.16097560975609757,22.25,16,0.00019343694051106666,0.1111111111111111,0.125,0.07500000000000001,0.1
file,0.13744075829383887,26.1875,16,0.20260899265607193,0.5669091710758377,0.9,0.775,0.95
filled,0.09045226130653267,19.9375,16,0.04077332549624968,0.9907407407407407,0.5,0.275,0.5
front,0.10121457489878542,26.6875,16,0.022384911775588948,0.4546957671957672,0.6000000000000001,0.625,0.7
increase,0.13392857142857142,22.875,16,0.007536735799577467,0.6944444444444444,0.175,0.325,0.275
led,0.07547169811320754,21.875,16,0.179909113380644,0.26251102292768963,0.925,0.8,0.975
left,0.09187279151943463,30.1875,16,0.07161437802844572,0.5994268077601411,0.625,0.4,0.75
live,0.12648221343873517,27.25,16,0.08390971355968047,0.9197530864197532,0.775,0.6,0.85
looked,0.1,17.0,16,0.03913926415973236,0.8227513227513228,0.8,0.75,0.575
lost,0.09174311926605505,20.8125,16,0.03881378968556717,0.27733686067019403,0.7,0.7,0.75
loss,0.10909090909090909,24.4375,16,0.08558160066604609,0.7425595238095238,0.725,0.825,0.65
made,0.13580246913580246,26.1875,16,0.0831088887320624,0.9691358024691357,0.425,0.32499999999999996,0.525
management,0.13513513513513514,27.0,16,0.08261008395089038,0.7800925925925926,0.975,0.725,0.925
mean,0.12440191387559808,24.3125,16,0.1694141262107425,0.15388007054673722,0.8500000000000001,0.625,0.925
means,0.14227642276422764,28.0,16,0.058244781361685795,0.13266093474426807,0.45,0.375,0.475
minimum,0.11392405063291139,27.125,16,0.08127845989333253,0.8954475308641976,0.75,0.8,0.75
model,0.08527131782945736,29.8125,16,0.2883975638283623,0.7381503527336861,0.95,0.925,0.95
nation,0.12121212121212122,28.0,16,0.005633966790305189,0.7037037037037037,0.225,0.325,0.275
needed,0.14414414414414414,22.625,16,0.009794314702351866,0.6666666666666666,0.4,0.47500000000000003,0.275
nodded,0.1375,7.6875,16,0.013784673478868211,0.49862213403880074,0.6,0.575,0.675
notion,0.12875536480686695,26.3125,16,0.0628022882673475,0.415895061728395,0.625,0.675,0.725
objective,0.1111111111111111,26.9375,16,0.09494397044181818,0.839891975308642,0.8,0.575,0.925
offer,0.1169811320754717,27.6875,16,0.044543170266681226,0.615189594356261,0.625,0.6,0.675
officer,0.16393442622950818,21.6875,16,0.13668475548426307,0.19345238095238096,0.8999999999999999,0.825,0.925
ordered,0.10266159695817491,27.6875,16,0.06958725717332624,0.558862433862434,0.775,0.675,0.75
organization,0.15476190476190477,28.625,16,0.05505078368716764,0.2932649911816579,0.7,0.625,0.75
pain,0.1220472440944882,28.75,16,0.018953680992126423,0.39974647266313934,0.6,0.625,0.625
point,0.14594594594594595,20.9375,16,0.14071102605925662,0.4661044973544974,0.95,0.8500000000000001,1.0
possibility,0.10236220472440945,26.0,16,0.010608481036292111,0.9206349206349205,0.2,0.2,0.5
procedure,0.10465116279069768,27.25,16,0.022191094027625157,0.693287037037037,0.65,0.575,0.6499999999999999
promised,0.14691943127962084,23.5625,16,0.009866588645511156,0.23980379188712522,0.4,0.22499999999999998,0.425
read,0.11304347826086956,24.125,16,0.15424754884507919,0.4642857142857143,0.9,0.65,1.0
rejected,0.1111111111111111,22.875,16,0.0271781186262766,0.4464285714285714,0.65,0.6000000000000001,0.625
relationship,0.1,26.3125,16,0.0407978925440046,0.40261243386243384,0.9,0.85,0.75
replaced,0.1072961373390558,22.375,16,0.012705720133251556,0.46737213403880074,0.55,0.475,0.6000000000000001
represents,0.14222222222222222,27.0,16,0.0055907468001047365,0.439373897707231,0.55,0.375,0.625
response,0.11627906976744186,29.6875,16,0.10146686103608869,0.4800485008818342,0.825,0.575,0.8500000000000001
saved,0.107981220657277,26.0625,16,0.10638680060704546,0.32622354497354494,0.7250000000000001,0.775,0.75
school,0.0860655737704918,24.0625,16,0.06411328911781305,0.9050925925925927,0.95,0.825,0.975
season,0.09056603773584905,27.125,16,0.11747409900029498,0.3830467372134039,0.975,0.975,1.0
see,0.09545454545454546,22.75,16,0.12275516324573088,0.9691358024691357,0.75,0.7,0.6000000000000001
shook,0.12244897959183673,10.3125,16,0.23716511991288922,0.925925925925926,0.9,0.9,0.925
silence,0.14482758620689656,14.75,16,0.04874531759156117,0.38921957671957674,0.725,0.675,0.825
sleep,0.11261261261261261,24.125,16,0.14244067006640962,0.892416225749559,0.825,0.6499999999999999,0.875
sound,0.15025906735751296,20.1875,16,0.20177481902970204,0.6432980599647267,0.8500000000000001,0.525,0.925
stood,0.11650485436893204,21.4375,16,0.07794213626119822,0.7045855379188712,0.95,0.7,0.95
statement,0.11158798283261803,25.625,16,0.017316626177893688,0.33983686067019403,0.42500000000000004,0.42500000000000004,0.42500000000000004
stems,0.10357142857142858,32.6875,16,0.3027441269821591,0.7094356261022927,1.0,0.925,1.0
support,0.1386861313868613,27.9375,16,0.05951992339558068,0.23721340388007053,0.85,0.8,0.8
thought,0.11904761904761904,24.1875,16,0.04428882731331713,0.33134920634920634,0.7,0.6499999999999999,0.675
tone,0.12195121951219512,22.0625,16,0.22645881772041315,0.7632275132275131,0.925,0.925,0.95
town,0.12857142857142856,20.875,16,0.03216646777258973,0.13244047619047616,0.6000000000000001,0.5,0.675
turned,0.09923664122137404,27.0625,16,0.012041562133365167,0.4383267195767196,0.525,0.45,0.575
visit,0.1111111111111111,23.5625,16,0.013020939297146233,0.8560956790123456,0.25,0.32499999999999996,0.3
watching,0.12440191387559808,21.3125,16,0.00039641062418617777,0.011022927689594356,0.275,0.375,0.32499999999999996
admitted,0.15151515151515152,22.5,14,0.2462120453516642,0.9228395061728395,0.975,0.625,1.0
agreed,0.13636363636363635,17.571428571428573,14,0.012476868099636456,0.7829585537918872,0.32499999999999996,0.275,0.275
allow,0.13122171945701358,24.857142857142858,14,2.2454394234549915e-05,0.1111111111111111,0.15,0.125,0.275
along,0.09815950920245399,18.071428571428573,14,0.09645631909370417,0.38740079365079366,0.75,0.6499999999999999,0.75
american,0.1349206349206349,29.857142857142858,14,0.0014178918467627386,0.2445436507936508,0.3,0.25,0.275
apply,0.1297071129707113,29.785714285714285,14,0.0922596156597137,0.5819554673721341,0.6000000000000001,0.22499999999999998,0.875
assembled,0.09787234042553192,27.642857142857142,14,0.07049562202559571,0.2845568783068783,0.6,0.35,0.7250000000000001
audience,0.1072961373390558,28.714285714285715,14,0.08170737491713627,0.8941798941798942,0.8,0.4,0.8
became,0.12077294685990338,23.428571428571427,14,0.04898831910557214,0.8225308641975309,0.55,0.325,0.6
behavior,0.11274509803921569,23.714285714285715,14,0.04299799601236974,0.7166005291005291,0.775,0.8,0.725
breath,0.12195121951219512,19.785714285714285,14,0.021148701508839865,0.09435626102292768,0.47500000000000003,0.6000000000000001,0.45
capacity,0.10185185185185185,28.357142857142858,14,0.19147762656211847,0.27728174603174605,0.825,0.75,0.95
career,0.14361702127659576,23.214285714285715,14,0.055718458361095805,0.9060846560846562,0.55,0.6499999999999999,0.55
collected,0.08962264150943396,21.428571428571427,14,0.024706198109520756,0.3629298941798942,0.44999999999999996,0.5,0.6499999999999999
confronted,0.18875502008032127,32.0,14,0.01911783549520699,0.41280864197530864,0.42500000000000004,0.25,0.575
connection,0.13983050847457626,28.928571428571427,14,0.03989685244030418,0.2873126102292769,0.4,0.175,0.525
cure,0.11261261261261261,25.642857142857142,14,0.2057619392871856,0.9610339506172839,0.8,0.45,0.925
dance,0.14124293785310735,21.142857142857142,14,0.009217653009626556,0.3282076719576719,0.6,0.5,0.675
dead,0.10476190476190476,23.142857142857142,14,0.026323851611879088,0.2605268959435626,0.55,0.525,0.625
defined,0.09090909090909091,29.642857142857142,14,0.03435831268628436,0.6731701940035273,0.6,0.575,0.7
definition,0.1388888888888889,33.285714285714285,14,0.08822720249493914,0.4487433862433863,0.8,0.9,0.675
desire,0.10222222222222223,27.785714285714285,14,0.13218797246615088,0.373126102292769,0.775,0.3,0.9
difficulty,0.11219512195121951,23.571428571428573,14,0.05314451456069943,0.15735229276895943,0.25,0.125,0.6499999999999999
earlier,0.13740458015267176,31.785714285714285,14,0.17249384191301131,0.25903880070546736,0.9,0.525,0.925
effect,0.11739130434782609,27.214285714285715,14,0.29471373226907516,0.40933641975308643,1.0,0.525,1.0
emotional,0.12149532710280374,26.071428571428573,14,0.02016799317465883,0.45519179894179895,0.675,0.675,0.725
encountered,0.13247863247863248,27.857142857142858,14,0.014093988471560978,0.29723324514991184,0.15,0.42500000000000004,0.325
failure,0.11162790697674418,27.428571428571427,14,0.06230440735816949,0.7326940035273368,0.7,0.7,0.6499999999999999
flow,0.1,25.0,14,0.23072237769762674,0.9197530864197532,0.925,0.8,0.975
forget,0.1411042944785276,18.642857142857142,14,0.05688531531227955,0.41363536155202824,0.45,0.47500000000000003,0.45
hung,0.12077294685990338,25.714285714285715,14,0.003572907712724422,0.40906084656084657,0.225,0.2,0.2
happened,0.14482758620689656,17.285714285714285,14,0.013293464978535912,0.15994268077601412,0.07500000000000001,0.15000000000000002,0.2
interpreted,0.125,30.642857142857142,14,0.0046573877334594,0.23969356261022925,0.325,0.3,0.3
join,0.09795918367346938,30.142857142857142,14,0.20042079687118527,0.6768077601410936,0.75,0.85,0.75
lack,0.12608695652173912,29.714285714285715,14,0.26445238126648796,0.9197530864197532,1.0,0.625,1.0
length,0.10600706713780919,36.5,14,0.020757036076651622,0.45100308641975306,0.475,0.475,0.475
likely,0.11885245901639344,29.0,14,0.08418454726537065,0.6174492945326278,0.75,0.525,0.825
liquor,0.09146341463414634,19.928571428571427,14,0.4101057185067071,0.3386243386243386,1.0,1.0,1.0
marked,0.13756613756613756,22.071428571428573,14,0.06195788251029114,0.513723544973545,0.8,0.8,0.8
met,0.12121212121212122,28.214285714285715,14,0.016538702779346,0.6851851851851852,0.4,0.275,0.475
membership,0.22857142857142856,35.5,14,0.0254885289404127,0.48743386243386244,0.475,0.225,0.5
missed,0.12637362637362637,21.857142857142858,14,0.04617187380790707,0.544973544973545,0.7,0.5,0.775
movement,0.14885496183206107,32.42857142857143,14,0.004317161109712347,0.6666666666666666,0.175,0.15,0.175
naturally,0.12,24.642857142857142,14,0.11631798081927824,0.5434854497354498,0.75,0.2,0.875
neighborhood,0.11016949152542373,28.357142857142858,14,0.012956493430667411,0.6125992063492063,0.575,0.4,0.575
occurred,0.14,24.857142857142858,14,0.15571204821268714,0.794973544973545,0.875,0.525,0.8999999999999999
official,0.10599078341013825,26.428571428571427,14,0.11100589566760588,0.7921626984126984,0.675,0.35,0.7
outside,0.1288888888888889,26.785714285714285,14,0.11528380049599539,0.14192019400352734,0.8500000000000001,0.675,0.675
pair,0.09743589743589744,23.571428571428573,14,0.006511860423617833,0.6432980599647267,0.3,0.25,0.4
persuaded,0.1329479768786127,21.0,14,0.0022153192096286147,0.1490299823633157,0.825,0.8,0.45
philosophy,0.0970873786407767,25.214285714285715,14,0.09384727146890426,0.9290123456790123,0.75,0.55,0.825
potential,0.1141552511415525,26.142857142857142,14,0.05559565292464357,0.6628086419753086,0.725,0.55,0.8999999999999999
prefer,0.17467248908296942,28.785714285714285,14,0.007167014810773999,0.2689594356261023,0.15,0.2,0.2
price,0.12244897959183673,23.428571428571427,14,0.021428200933668286,0.5361000881834215,0.8,0.8,0.55
proof,0.07734806629834254,24.285714285714285,14,0.13281189070807561,0.34099426807760147,0.85,0.8,0.8999999999999999
proved,0.1350210970464135,27.785714285714285,14,0.008962803416781922,0.4099426807760141,0.32499999999999996,0.3,0.275
refused,0.14432989690721648,21.857142857142858,14,0.042470037937164244,0.5218805114638447,0.55,0.42500000000000004,0.45
remained,0.10344827586206896,26.571428571428573,14,0.041059537066353624,0.8186728395061729,0.42500000000000004,0.35,0.6499999999999999
ran,0.10365853658536585,18.5,14,0.17181776298416984,0.6292989417989419,1.0,0.8,0.975
rural,0.0847457627118644,27.071428571428573,14,0.03658860259585907,0.8217592592592593,0.475,0.55,0.7
sense,0.11711711711711711,28.071428571428573,14,0.29671093159251744,0.8324514991181657,1.0,0.475,1.0
series,0.08713692946058091,27.785714285714285,14,0.10712448093626231,0.5482253086419753,0.8,0.825,0.775
shouting,0.12886597938144329,21.142857142857142,14,0.0035189456409877775,0.37174823633156967,0.42500000000000004,0.4,0.5
shut,0.15492957746478872,18.428571428571427,14,0.1539998054504394,0.7351190476190477,0.6,0.375,0.7250000000000001
situation,0.14163090128755365,27.785714285714285,14,0.013997117678324332,0.37312610229276894,0.275,0.30000000000000004,0.4
social,0.12448132780082988,28.5,14,0.0026846792962815554,0.65625,0.35,0.5,0.275
source,0.12727272727272726,27.571428571428573,14,0.03576382332377959,0.34375,0.8,0.625,0.775
spent,0.08695652173913043,27.142857142857142,14,0.058938768174913135,0.3445767195767196,0.775,0.65,0.775
step,0.07881773399014778,23.071428571428573,14,0.33674883511331344,0.5961750440917108,0.95,0.525,0.95
straight,0.12972972972972974,21.357142857142858,14,0.008306218518151122,0.6285273368606702,0.25,0.15,0.275
stress,0.12209302325581395,21.785714285714285,14,0.2727320194244385,0.4477513227513228,0.975,0.975,0.975
suffered,0.08235294117647059,29.571428571428573,14,0.09627967079480484,0.7531966490299824,0.8,0.8,0.6499999999999999
swung,0.12574850299401197,20.0,14,0.02554080221388069,0.5372023809523809,0.3,0.1,0.6
talk,0.13548387096774195,18.357142857142858,14,0.02416729264789152,0.9797178130511465,0.375,0.175,0.35
think,0.16568047337278108,19.428571428571427,14,0.0040951503647698026,0.8757716049382717,0.35,0.42500000000000004,0.325
threatened,0.1124031007751938,28.0,14,0.12465826670328774,0.6342592592592592,0.875,0.35,0.925
title,0.09243697478991597,35.785714285714285,14,0.36336262027422583,0.46875,1.0,1.0,1.0
touch,0.10964912280701754,28.428571428571427,14,0.21701052453782818,0.9135802469135802,0.8,0.30000000000000004,0.875
tradition,0.0979020979020979,32.142857142857146,14,0.013310008578830234,0.31470458553791886,0.325,0.35,0.22499999999999998
truth,0.1,20.642857142857142,14,0.00824855433570009,0.36502425044091713,0.375,0.375,0.4
value,0.1256544502617801,23.714285714285715,14,0.1487909654776255,0.7487323633156966,0.9,0.775,0.95
variety,0.09322033898305085,26.714285714285715,14,0.09461822774675155,0.6748236331569665,0.5249999999999999,0.2,0.7
vary,0.11,22.714285714285715,14,0.0177987416585286,0.6061507936507936,0.4,0.475,0.35
view,0.12,28.214285714285715,14,0.31740451852480567,0.9197530864197532,0.9,0.3,0.95
warm,0.12041884816753927,23.071428571428573,14,0.012127988868289478,0.7777777777777778,0.475,0.35,0.575
wrote,0.12371134020618557,22.428571428571427,14,0.050187180439631114,0.6598324514991182,0.675,0.42500000000000004,0.8500000000000001
ability,0.09137055837563451,25.833333333333332,12,0.04176380568080473,0.5437610229276896,0.47500000000000003,0.375,0.45
absence,0.20454545454545456,34.25,12,0.07347538736131452,0.7763999118165785,0.6,0.3,0.6
accomplished,0.13068181818181818,23.583333333333332,12,0.010319242874781255,0.6652888007054674,0.42500000000000004,0.42500000000000004,0.32499999999999996
activity,0.12322274881516587,30.25,12,0.16093504760000438,0.27463624338624343,0.9,0.95,0.9
advertising,0.07784431137724551,20.5,12,0.015626698732376043,0.7276234567901234,0.47500000000000003,0.425,0.5
advised,0.13218390804597702,23.333333333333332,12,0.017610523435804545,0.3610559964726632,0.4,0.15000000000000002,0.525
affect,0.09389671361502347,27.75,12,0.04299186004532704,0.8822751322751323,0.4,0.575,0.375
answer,0.18840579710144928,19.333333333333332,12,0.14329312907324893,0.15569885361552027,0.8,0.5,0.85
appointed,0.12422360248447205,20.5,12,0.0234744747479756,0.5408399470899471,0.375,0.6000000000000001,0.45
arc,0.10416666666666667,21.5,12,0.12891183959113225,0.7795965608465608,0.825,0.925,0.825
assumed,0.1050228310502283,30.0,12,0.18943961792522002,0.9722222222222222,0.825,0.65,0.9
atmosphere,0.10599078341013825,28.833333333333332,12,0.20504956775241426,0.5265101410934744,0.9,0.775,1.0
attempt,0.11290322580645161,24.666666666666668,12,0.13503874010509911,0.3552689594356261,0.7,0.35,0.825
author,0.12666666666666668,20.666666666666668,12,0.04259160492155283,0.0,0.45,0.25,0.575
battle,0.08653846153846154,26.333333333333332,12,0.0014579958385891056,0.1552579365079365,0.2,0.15000000000000002,0.22499999999999998
bill,0.09836065573770492,23.416666666666668,12,0.07888042926788325,0.5181878306878307,0.625,0.5,0.675
body,0.08695652173913043,26.583333333333332,12,0.10554896791776018,0.26251102292768963,0.85,0.75,0.9
cast,0.08441558441558442,20.416666666666668,12,0.3455195393827226,0.8602292768959435,0.9,0.8500000000000001,0.875
certain,0.16455696202531644,20.583333333333332,12,0.039367043309741515,0.17857142857142858,0.3,0.175,0.375
closed,0.12903225806451613,21.916666666666668,12,0.22427685889932839,0.27562830687830686,0.95,1.0,0.95
comparison,0.11515151515151516,22.25,12,0.06379743748240994,0.30787037037037035,0.65,0.45,0.75
concluded,0.08673469387755102,26.666666666666668,12,0.04647656612926056,0.7908399470899471,0.6,0.5,0.7
conditions,0.11210762331838565,32.0,12,0.09491196937031213,0.20904982363315697,1.0,0.875,0.7
confidence,0.08426966292134831,21.916666666666668,12,0.009748465485042955,0.7737544091710759,0.1,0.15,0.07500000000000001
confusion,0.10396039603960396,26.25,12,0.012435876660876744,0.24079585537918874,0.6000000000000001,0.6000000000000001,0.525
contained,0.09826589595375723,21.416666666666668,12,0.09447906745804678,0.8649140211640212,0.8,0.8,0.7250000000000001
demand,0.15,26.666666666666668,12,0.06029259827401899,0.6861221340388007,0.525,0.35,0.7
depth,0.10747663551401869,31.083333333333332,12,0.09517579939630294,0.4349647266313933,0.95,0.75,0.9
determined,0.09302325581395349,24.583333333333332,12,0.04979854159884978,0.6964285714285714,0.575,0.325,0.625
die,0.14193548387096774,23.166666666666668,12,0.2987646228737301,0.23781966490299825,1.0,0.8,1.0
director,0.08,28.0,12,0.03614751829041371,0.19130291005291006,0.5,0.6,0.2
dollars,0.14917127071823205,24.0,12,0.008304241630766089,0.5570987654320988,0.075,0.175,0.15000000000000002
doubt,0.12290502793296089,23.666666666666668,12,0.26767908864551115,0.18165784832451498,0.9,0.35,1.0
dress,0.11731843575418995,24.833333333333332,12,0.21645817822880212,0.19642857142857142,0.8999999999999999,0.5,0.95
dry,0.1,15.083333333333334,12,0.2936319609483083,0.6399911816578483,1.0,0.95,1.0
east,0.1152073732718894,30.166666666666668,12,0.03879419631428185,0.2361111111111111,0.6000000000000001,0.5,0.575
enforced,0.12149532710280374,27.833333333333332,12,0.0018018285433451223,0.3055555555555556,0.375,0.525,0.225
enjoyed,0.12365591397849462,24.916666666666668,12,0.17072920997937516,0.8462852733686067,0.825,0.5,0.975
entitled,0.12217194570135746,30.833333333333332,12,0.594154824813207,0.9228395061728395,1.0,0.75,1.0
equal,0.11013215859030837,32.916666666666664,12,0.08662986093097258,0.2227733686067019,0.525,0.2,0.6000000000000001
estimate,0.1031390134529148,31.75,12,0.20466704832182986,0.9197530864197532,0.6,0.225,0.8500000000000001
exercise,0.078125,25.25,12,0.19442766242557097,0.7076719576719577,0.7,0.55,0.85
experiment,0.0898876404494382,26.083333333333332,12,0.25672111246320933,0.7106481481481481,0.95,1.0,0.95
explanation,0.0972972972972973,25.083333333333332,12,0.025520364443461053,0.2945326278659612,0.3,0.425,0.30000000000000004
extremely,0.09340659340659341,24.5,12,0.038447982735103976,0.949074074074074,0.4,0.55,0.32499999999999996
favor,0.1323529411764706,18.75,12,0.37092023094495136,0.7005070546737213,1.0,0.6,1.0
fire,0.12408759124087591,16.416666666666668,12,0.1505674918492635,0.4635141093474427,0.625,0.25,0.875
fit,0.0855614973262032,24.333333333333332,12,0.1136058469613393,0.7267416225749559,0.8500000000000001,0.75,0.8
fool,0.18556701030927836,13.333333333333334,12,0.026152564419640388,0.503858024691358,0.4,0.15000000000000002,0.45
forward,0.0625,16.583333333333332,12,0.15977849562962845,0.9166666666666666,0.65,0.55,0.65
french,0.100418410041841,29.916666666666668,12,0.13316716750462845,0.9351851851851851,0.725,0.725,0.7
gained,0.11063829787234042,33.416666666666664,12,0.004742837614483266,0.6752094356261024,0.07500000000000001,0.15,0.125
gathered,0.0871559633027523,28.416666666666668,12,0.10209548804495062,0.3413800705467372,0.8500000000000001,0.775,0.875
glance,0.13725490196078433,19.5,12,0.12208844555748828,0.7878086419753086,0.7,0.4,0.9
handled,0.16981132075471697,21.916666666666668,12,0.047502477963765416,0.9965277777777778,0.375,0.175,0.475
heavy,0.1597222222222222,19.166666666666668,12,0.011686729060278955,0.8368055555555556,0.07500000000000001,0.22499999999999998,0.1
hesitated,0.15151515151515152,18.083333333333332,12,0.0015113751093546418,0.16666666666666666,0.425,0.4,0.42500000000000004
hope,0.1368421052631579,27.0,12,0.0409331917762756,0.14484126984126985,0.325,0.175,0.45
humor,0.125,26.083333333333332,12,0.024330198764800987,0.5403439153439153,0.475,0.35,0.6
ignored,0.10416666666666667,24.25,12,0.008149090740415746,0.29635141093474426,0.375,0.15000000000000002,0.4
imagination,0.15920398009950248,28.666666666666668,12,0.025118662251366466,0.7804783950617283,0.35,0.175,0.45
impact,0.08673469387755102,30.75,12,0.13474017050531173,0.8702601410934744,0.725,0.95,0.7
incident,0.10191082802547771,21.333333333333332,12,0.25014416707886583,0.8544973544973545,0.975,0.8500000000000001,0.95
included,0.1301775147928994,21.833333333333332,12,0.26371547083059943,0.9197530864197532,0.4,0.05,0.675
indicated,0.12154696132596685,24.333333333333332,12,0.026803248458438414,0.42046957671957674,0.525,0.45,0.55
instant,0.0967741935483871,25.25,12,0.16813010308477608,0.255952380952381,0.75,0.525,0.8
instructed,0.14184397163120568,19.75,12,0.01044637627071799,0.5126212522045855,0.425,0.275,0.4
justify,0.13270142180094788,28.083333333333332,12,0.0451586180263095,0.5494378306878307,0.625,0.55,0.6499999999999999
laid,0.1016949152542373,23.916666666666668,12,0.0261889000733693,0.6434634038800706,0.35,0.5,0.47500000000000003
leadership,0.10227272727272728,23.166666666666668,12,0.06949593292342288,0.8364197530864197,0.4,0.2,0.375
lifted,0.15151515151515152,22.833333333333332,12,0.0014073451360066501,0.010912698412698412,0.05,0.25,0.025
limit,0.13020833333333334,28.166666666666668,12,0.18871184852388168,0.4181547619047619,0.75,0.75,0.8
listen,0.0915032679738562,19.916666666666668,12,0.004821512434217611,0.7872023809523809,0.575,0.7,0.275
literature,0.16091954022988506,23.166666666666668,12,0.011324259969923178,0.7698963844797179,0.525,0.6000000000000001,0.525
love,0.19083969465648856,18.416666666666668,12,0.12138229939672678,0.7603064373897708,0.75,0.275,0.8500000000000001
maintain,0.13615023474178403,30.166666666666668,12,0.02273114522298172,0.15415564373897708,0.325,0.44999999999999996,0.375
market,0.1111111111111111,26.416666666666668,12,0.013074901368882867,0.5735229276895943,0.32499999999999996,0.4,0.5
measured,0.1360544217687075,19.166666666666668,12,0.035432133409712,0.2560626102292769,0.575,0.5,0.42500000000000004
message,0.13297872340425532,25.583333333333332,12,1.9868214925130214e-08,0.0,0.2,0.2,0.15000000000000002
moved,0.140625,16.916666666666668,12,0.0062865283754136555,0.6827601410934744,0.55,0.4,0.45
opened,0.15625,22.25,12,0.10162368747923105,0.6565806878306879,0.7,0.75,0.775
painting,0.14746543778801843,29.166666666666668,12,0.04309986366166007,0.9205246913580246,0.45,0.15,0.675
percentage,0.09895833333333333,25.75,12,0.031162768602371153,0.36337081128747795,0.375,0.425,0.35
perform,0.14479638009049775,32.5,12,0.04250332050853301,0.7278439153439153,0.75,0.75,0.55
play,0.08173076923076923,28.25,12,0.31423019038306343,0.9228395061728395,0.8,0.75,0.95
please,0.1569767441860465,24.083333333333332,12,0.3015183044804467,0.6449514991181657,0.75,0.475,0.8
produced,0.10648148148148148,28.25,12,0.0123619370990329,0.08079805996472662,0.05,0.225,0.075
quiet,0.15384615384615385,16.75,12,0.0708402891953786,0.9197530864197532,0.3,0.22499999999999998,0.45
radio,0.09090909090909091,26.083333333333332,12,0.08822375535964959,0.9907407407407407,0.775,0.2,0.8999999999999999
reflected,0.091324200913242,30.083333333333332,12,0.12860630287064442,0.9120370370370371,0.75,0.65,0.85
relief,0.15469613259668508,26.0,12,0.0026621686087714056,0.3290895061728395,0.525,0.6499999999999999,0.525
reminded,0.14285714285714285,25.166666666666668,12,0.0954903231726752,0.4782848324514991,0.6000000000000001,0.32499999999999996,0.65
rendered,0.09239130434782608,22.833333333333332,12,0.0843099157015482,0.8153108465608465,0.45,0.35,0.8
require,0.09941520467836257,21.666666666666668,12,0.0895425180594126,0.42223324514991184,0.65,0.4,0.9
return,0.14534883720930233,26.166666666666668,12,0.24746253755357525,0.3247354497354497,0.9,0.6499999999999999,1.0
revealed,0.07623318385650224,27.75,12,0.03403835495313004,0.9151234567901234,0.35,0.35,0.42500000000000004
rose,0.08421052631578947,24.666666666666668,12,0.07811794016096324,0.7843364197530864,0.4,0.4,0.475
role,0.08717948717948718,24.833333333333332,12,0.10532731480068624,0.47624559082892415,0.85,0.8,0.875
rolled,0.07627118644067797,13.333333333333334,12,0.025052977932823968,0.8822751322751323,0.25,0.4,0.475
satisfy,0.08875739644970414,21.916666666666668,12,0.007969574795828866,0.7550154320987654,0.225,0.2,0.175
sensitive,0.10194174757281553,27.333333333333332,12,0.10980577270189916,0.8491512345679012,0.775,0.9,0.75
service,0.13186813186813187,24.75,12,0.09666612082057527,0.17124118165784832,0.6,0.5,0.675
share,0.10152284263959391,26.416666666666668,12,0.31233804093466866,0.8324514991181657,0.7,0.55,0.8
significance,0.12195121951219512,29.75,12,0.06410257683859927,0.7886353615520282,0.47500000000000003,0.05,0.75
skill,0.08955223880597014,26.583333333333332,12,0.03613471984863278,0.6332671957671958,0.325,0.275,0.4
speak,0.1503267973856209,20.25,12,0.011744979355070278,0.36414241622574955,0.275,0.05,0.525
speech,0.11290322580645161,24.25,12,0.12484822339481773,0.7175925925925926,0.75,0.475,0.75
sponsored,0.12041884816753927,25.833333333333332,12,0.005023790730370378,0.23462301587301587,0.25,0.45,0.225
square,0.0847457627118644,24.833333333333332,12,0.06148053208986913,0.5663029100529101,0.875,0.8,0.75
stories,0.12048192771084337,23.333333333333332,12,0.10625985927051965,0.4854497354497354,0.9,0.6499999999999999,0.95
strength,0.11976047904191617,20.833333333333332,12,0.08141731222470597,0.7101521164021164,0.75,0.6,0.8
student,0.11442786069651742,27.25,12,0.028398768769370135,0.7404100529100529,0.675,0.8,0.625
subject,0.14285714285714285,22.916666666666668,12,0.07138879100481664,0.23374118165784832,0.7,0.65,0.7
succeeded,0.11235955056179775,23.25,12,0.14038479990429342,0.4966380070546737,0.9,0.6000000000000001,0.9
tossed,0.06896551724137931,17.25,12,0.2774716350767347,0.7800925925925926,0.825,0.75,0.85
travel,0.109375,15.916666666666666,12,0.14001670148637554,0.7151675485008818,0.575,0.42500000000000004,0.775
tried,0.13157894736842105,19.583333333333332,12,0.04406091901991097,0.7379298941798942,0.55,0.4,0.3
units,0.08108108108108109,29.0,12,0.1723102033138275,0.2551807760141094,0.9,0.8500000000000001,0.9
up,0.08029197080291971,16.833333333333332,12,0.10258602764871382,0.25733024691358025,0.8,0.575,0.9
variation,0.11797752808988764,25.833333333333332,12,0.12224369247754407,0.5196759259259259,0.8,0.85,0.7
vote,0.13777777777777778,30.916666666666668,12,0.07318289081255593,0.5459656084656085,0.55,0.35,0.675
want,0.09243697478991597,14.75,12,0.0522583127021789,0.2150022045855379,0.675,0.575,0.725
young,0.11353711790393013,32.333333333333336,12,0.05931448936462399,0.7718805114638447,0.75,0.7,0.675
about,0.08163265306122448,22.8,10,0.4881287150912815,0.4991181657848325,1.0,0.55,1.0
accompanied,0.11702127659574468,28.6,10,0.04590816630257496,0.4018959435626102,0.45,0.5,0.4
active,0.09740259740259741,25.3,10,0.12668150994512764,0.7588734567901234,0.8500000000000001,0.7,0.9
aegean,0.11235955056179775,30.2,10,0.00014711088604396703,0.04861111111111111,0.25,0.6,0.1
agreement,0.10614525139664804,29.3,10,0.07357698678970334,0.5380291005291006,0.7,0.5,0.55
ahead,0.06285714285714286,26.1,10,0.08913942509227324,0.3931878306878307,0.7,0.5,0.6499999999999999
apart,0.08982035928143713,24.4,10,0.18017171488867864,0.5423831569664903,0.65,0.30000000000000004,0.8
application,0.08860759493670886,24.6,10,0.11936087078518333,0.48048941798941797,0.7,0.6499999999999999,0.65
argued,0.13953488372093023,19.6,10,0.047101047303941476,0.6575727513227513,0.30000000000000004,0.2,0.45
asserted,0.12371134020618557,31.6,10,0.0012491544087727638,0.20287698412698413,0.1,0.2,0.1
assumption,0.12626262626262627,35.4,10,0.06148959530724415,0.1752094356261023,0.5,0.25,0.6499999999999999
assured,0.12021857923497267,29.2,10,0.0004300607575310499,0.00744047619047619,0.15000000000000002,0.2,0.15
attack,0.09722222222222222,21.8,10,0.3623226251867082,0.9783950617283951,0.7,0.15000000000000002,0.95
background,0.11794871794871795,31.0,10,0.11741816666391158,0.35548941798941797,0.6,0.35,0.8
band,0.1232876712328767,24.5,10,0.14468038744396627,0.7779982363315696,0.55,0.30000000000000004,0.8
begin,0.07792207792207792,22.5,10,0.11449046598540409,0.964726631393298,0.35,0.15000000000000002,0.6
bent,0.112,20.4,10,0.04233193397521969,0.6618165784832452,0.5,0.4,0.45
benefit,0.08875739644970414,25.8,10,0.25640069776111174,0.8150903880070547,0.9,0.75,0.9
board,0.13157894736842105,21.3,10,0.278280602561103,0.4103284832451499,1.0,0.95,1.0
books,0.12574850299401197,26.2,10,0.028997563653522025,0.6665013227513228,0.45,0.5,0.4
bother,0.1652892561983471,20.0,10,0.2645288109779358,0.7131283068783069,1.0,0.3,1.0
bottom,0.11382113821138211,21.2,10,0.04123621185620621,0.37274029982363316,0.6499999999999999,0.45,0.6
branch,0.08917197452229299,24.5,10,0.20380780431959358,0.6475418871252204,0.95,0.9,0.95
care,0.1125,24.2,10,0.1612421638435787,0.5381393298059964,0.75,0.5,0.9
caught,0.1125,24.1,10,0.09083194202846949,0.5616181657848325,0.55,0.30000000000000004,0.7
chance,0.16923076923076924,19.4,10,0.07210934162139887,0.7658730158730158,0.35,0.4,0.45
characteristic,0.11242603550295859,26.3,10,0.04453550444708927,0.46577380952380953,0.45,0.5,0.55
characterized,0.10365853658536585,23.7,10,0.01708354552586869,0.43865740740740744,0.35,0.15000000000000002,0.5
chemical,0.12886597938144329,32.1,10,0.004340132077534956,0.2875330687830688,0.15,0.1,0.1
chose,0.0821917808219178,21.2,10,0.03471593393219837,0.4930555555555556,0.45,0.45,0.35
circles,0.11764705882352941,16.9,10,0.22990661528375414,0.34755291005291,0.8500000000000001,0.6499999999999999,0.95
class,0.10666666666666667,22.9,10,0.076496680577596,0.4652226631393298,0.5,0.35,0.7
classification,0.11320754716981132,25.8,10,0.038636770513322566,0.2560626102292769,0.5,0.44999999999999996,0.4
close,0.12025316455696203,25.4,10,0.22516595986154345,0.49702380952380953,0.85,0.25,1.0
communicate,0.11688311688311688,23.9,10,0.009422530730565344,0.23980379188712522,0.1,0.15000000000000002,0.35
communications,0.16,29.3,10,0.008810162544250455,0.5408950617283951,0.05,0.1,0.2
compared,0.0966183574879227,32.3,10,-1.3245476616753475e-08,0.0,0.0,0.1,0.0
complex,0.09411764705882353,29.2,10,0.10279369685384958,0.45199514991181655,0.6499999999999999,0.6,0.6499999999999999
components,0.1,34.0,10,0.004231390025880571,0.14836860670194005,0.4,0.6,0.35
concerned,0.10270270270270271,27.7,10,0.14495757884449426,0.2034832451499118,0.4,0.15000000000000002,0.7
cool,0.09923664122137404,18.6,10,0.13499835133552548,0.32192460317460314,0.8,0.7,0.9
couple,0.14393939393939395,20.4,10,-1.9868214925130207e-08,0.0,0.0,0.05,0.1
credit,0.112,19.9,10,0.1342554489771525,0.6958774250440917,0.75,0.8,0.75
crisis,0.11842105263157894,24.9,10,0.01707461145189069,0.6469907407407407,0.1,0.1,0.15000000000000002
critical,0.07975460122699386,24.8,10,0.12925673524538672,0.6164021164021164,0.95,0.6499999999999999,0.75
cup,0.15789473684210525,21.2,10,0.03469763199488316,0.369157848324515,0.4,0.25,0.35
curve,0.13636363636363635,31.7,10,0.14698590503798586,0.45023148148148145,1.0,0.8500000000000001,1.0
dealing,0.10989010989010989,28.9,10,0.05089077684614389,0.26278659611992944,0.6499999999999999,0.6499999999999999,0.6499999999999999
debate,0.11864406779661017,19.0,10,0.07712881432639224,0.6603284832451499,0.75,0.75,0.8500000000000001
decision,0.10967741935483871,25.5,10,0.00015781985388861383,0.07936507936507936,0.15000000000000002,0.15000000000000002,0.15000000000000002
defend,0.10429447852760736,25.7,10,0.06898126668400231,0.4392085537918871,0.8,0.7,0.8500000000000001
destruction,0.10638297872340426,21.6,10,0.020987580219904534,0.902391975308642,0.3,0.25,0.25
detail,0.1,27.4,10,0.03809192776679989,0.6017967372134039,0.3,0.4,0.1
disaster,0.08536585365853659,23.7,10,0.012565453847249311,0.2953593474426808,0.25,0.30000000000000004,0.4
discrimination,0.1111111111111111,27.3,10,0.15458055999543927,0.49090608465608465,0.75,0.4,0.8500000000000001
distinction,0.11801242236024845,27.0,10,0.15967588292227847,0.6439594356261024,0.8500000000000001,0.7,0.95
drinking,0.12631578947368421,13.9,10,0.030485239293840134,0.5891203703703703,0.6,0.6,0.55
drove,0.15126050420168066,18.1,10,-6.622738308376741e-09,0.0,0.15000000000000002,0.0,0.25
earn,0.1568627450980392,26.5,10,0.02583899431758452,0.5153218694885361,0.6499999999999999,0.7,0.55
eat,0.15976331360946747,26.9,10,0.022626029120551165,0.4625771604938272,0.2,0.35,0.4
emerged,0.1111111111111111,24.7,10,0.021901521417829688,0.8581349206349206,0.25,0.4,0.4
evil,0.13989637305699482,31.2,10,0.06316879391670221,1.0,0.1,0.05,0.25
examined,0.08759124087591241,19.9,10,0.0433492263158162,0.19146825396825395,0.5,0.4,0.7
extended,0.0718954248366013,23.3,10,0.06903272536065838,0.24316578483245146,0.55,0.45,0.6
factor,0.13768115942028986,22.5,10,0.004196412033504855,0.6226300705467372,0.25,0.15000000000000002,0.35
faith,0.1111111111111111,26.9,10,0.00027299589580958905,0.027777777777777776,0.30000000000000004,0.45,0.2
features,0.09036144578313253,23.9,10,0.40022143059306675,0.9197530864197532,0.95,0.55,0.95
feeding,0.06666666666666667,19.6,10,0.04637786083751248,0.8635361552028219,0.55,0.6499999999999999,0.45
flesh,0.08695652173913043,21.0,10,0.06963344083891967,0.8333333333333334,0.5,0.2,0.35
fraction,0.12021857923497267,31.0,10,0.18191228310267127,0.5271164021164021,1.0,0.75,0.95
frequencies,0.10752688172043011,31.5,10,0.09934505489137432,0.5597993827160495,0.8500000000000001,0.8,0.8
generation,0.07738095238095238,25.3,10,0.059400945901870665,0.7558972663139331,0.3,0.0,0.45
government,0.11864406779661017,33.7,10,0.03226034839948014,0.3855268959435626,0.55,0.6,0.45
granted,0.17006802721088435,23.4,10,0.03334027197625896,0.7267967372134039,0.15000000000000002,0.2,0.25
greek,0.11734693877551021,29.6,10,0.03889510697788659,0.6246141975308642,0.2,0.0,0.4
head,0.09271523178807947,23.0,10,0.26623143752415973,0.3269951499118166,0.8,0.55,0.9
honor,0.12432432432432433,28.6,10,0.10062476661470197,0.42063492063492064,0.15000000000000002,0.2,0.45
horizon,0.1079136690647482,21.0,10,0.11432936456468368,0.3338844797178131,0.8500000000000001,0.6499999999999999,0.75
host,0.08035714285714286,34.5,10,0.15188320477803546,0.5352733686067019,0.8,0.6499999999999999,0.8500000000000001
hurry,0.10752688172043011,14.0,10,0.0010739564895629644,0.15283289241622575,0.6499999999999999,0.8500000000000001,0.05
identified,0.10948905109489052,20.3,10,0.039046631919013086,0.3419863315696649,0.35,0.3,0.5
illusion,0.14130434782608695,28.9,10,0.022872765858968035,0.5717592592592592,0.4,0.45,0.5
illustrated,0.12371134020618557,15.3,10,0.12133967545297408,0.43733465608465605,0.6499999999999999,0.45,0.8
image,0.11731843575418995,28.9,10,0.0691299239794413,0.947530864197531,0.2,0.2,0.2
imagine,0.1032258064516129,22.1,10,0.0019021630287170113,0.09115961199294532,0.15000000000000002,0.0,0.2
immediately,0.07446808510638298,29.9,10,0.06875527567333642,0.7918320105820106,0.7,0.7,0.6499999999999999
impressed,0.17880794701986755,23.5,10,0.02002260751194418,0.6795634920634921,0.25,0.2,0.30000000000000004
injury,0.13170731707317074,33.1,10,0.05076334211561411,0.49360670194003525,0.55,0.5,0.7
inspired,0.12432432432432433,30.4,10,6.622738308376735e-09,0.0,0.0,0.1,0.0
issue,0.09883720930232558,25.6,10,0.26156821184688145,0.6638007054673722,0.7,0.4,0.8
jumped,0.1282051282051282,18.6,10,7.33070903354111e-05,0.2222222222222222,0.25,0.45,0.25
killing,0.1509433962264151,26.2,10,0.08646364344490894,0.7128527336860669,0.3,0.1,0.6
knife,0.18421052631578946,19.5,10,0.006534179051717078,0.31453924162257496,0.2,0.4,0.30000000000000004
legs,0.12096774193548387,20.4,10,0.14582680993609956,0.2829585537918871,0.6499999999999999,0.55,0.75
located,0.10526315789473684,19.6,10,0.09774180584483672,0.21588403880070547,0.75,0.6499999999999999,0.8
maximum,0.1588235294117647,26.8,10,0.009765992561976081,0.26003086419753085,0.05,0.1,0.05
metal,0.07692307692307693,22.9,10,0.019725011454688135,0.7043650793650794,0.4,0.25,0.4
nature,0.13966480446927373,30.4,10,0.11187927259339221,0.22817460317460314,0.55,0.3,0.9
newspapers,0.07142857142857142,26.9,10,0.0065483583344352995,0.7018298059964727,0.1,0.1,0.25
nuclear,0.09917355371900827,19.4,10,0.26386042767100865,0.5300925925925926,0.9,0.8500000000000001,0.8500000000000001
off,0.12213740458015267,18.9,10,0.07092504700024921,0.40928130511463845,0.6499999999999999,0.4,0.8
on,0.08461538461538462,19.0,10,0.23003431823518536,0.28869047619047616,0.75,0.35,0.95
operation,0.08496732026143791,25.0,10,0.08255630400445724,0.39991181657848324,0.6499999999999999,0.5,0.65
oppose,0.12222222222222222,29.3,10,0.00023883581161498614,0.1111111111111111,0.1,0.2,0.15000000000000002
otherwise,0.12735849056603774,34.5,10,0.032663044002320986,0.31983024691358025,0.45,0.4,0.4
outlook,0.10714285714285714,27.3,10,0.07875501116116836,0.42245370370370366,0.7,0.55,0.8
path,0.12,23.8,10,0.023282157050238665,0.4380511463844797,0.55,0.30000000000000004,0.6
peace,0.08641975308641975,24.9,10,0.0004900230301750834,0.20188492063492064,0.0,0.0,0.2
physical,0.0945945945945946,23.7,10,0.05688893132739592,0.4834656084656085,0.4,0.4,0.7
place,0.13194444444444445,23.3,10,0.24476096530755356,0.427689594356261,0.9,0.44999999999999996,0.95
plans,0.10179640718562874,24.5,10,0.15265922413931948,0.7172619047619047,0.8,0.25,0.85
plenty,0.10576923076923077,15.7,10,0.016654815938737622,0.2879188712522046,0.5,0.4,0.55
preserve,0.12371134020618557,32.5,10,0.0026443401972452334,0.080081569664903,0.1,0.15000000000000002,0.1
president,0.11042944785276074,25.9,10,0.4554848008685642,0.0,0.8500000000000001,0.25,0.95
pretending,0.12686567164179105,20.4,10,0.005178703202141628,0.3298611111111111,0.25,0.45,0.15000000000000002
principles,0.08411214953271028,36.5,10,0.080337471432156,0.3688822751322751,0.8,0.55,1.0
proceed,0.13861386138613863,31.5,10,0.08099160922898181,0.9444444444444444,0.2,0.3,0.55
profession,0.14356435643564355,34.2,10,0.07214641571044916,0.3775903880070547,0.45,0.1,0.8500000000000001
project,0.1165644171779141,25.2,10,0.33340684241718715,0.29673721340388004,0.95,0.30000000000000004,1.0
provided,0.1130952380952381,27.0,10,0.008463369475470599,0.579916225749559,0.30000000000000004,0.4,0.3
quantity,0.0989010989010989,30.3,10,0.03427532646391122,0.35438712522045857,0.7,0.5,0.9
quietly,0.11650485436893204,14.2,10,0.04559944735632999,0.3801807760141094,0.35,0.25,0.35
range,0.1005586592178771,29.0,10,0.20686017142401797,0.4781746031746032,0.75,0.45,0.8500000000000001
reaction,0.0821917808219178,22.8,10,0.22902745670742458,0.8725749559082892,0.7,0.55,0.8
recognition,0.11320754716981132,27.4,10,0.04993893702824906,0.2248126102292769,0.44999999999999996,0.55,0.3
record,0.12060301507537688,31.4,10,0.1755192875862121,0.8249559082892417,0.30000000000000004,0.1,0.55
recording,0.11333333333333333,24.5,10,0.025828878084818468,0.5973324514991182,0.45,0.35,0.6
research,0.09230769230769231,30.6,10,0.05628413624233665,0.7594797178130511,0.4,0.25,0.5
resist,0.12280701754385964,25.2,10,-2.941086622410765e-24,0.0,0.0,0.0,0.0
rest,0.09090909090909091,24.0,10,0.31496384077601963,0.14632936507936506,0.7,0.2,0.9
reviewed,0.1069182389937107,23.7,10,0.01958608958456247,0.8490410052910052,0.1,0.2,0.25
rode,0.11333333333333333,22.9,10,0.09588579336802162,0.6141424162257496,0.75,0.7,0.8500000000000001
rock,0.11392405063291139,25.9,10,0.0404640932877858,0.9545855379188714,0.4,0.35,0.45
safe,0.08947368421052632,28.3,10,0.16307167543305287,0.4496252204585538,0.6,0.2,0.7
salt,0.10666666666666667,23.1,10,0.011087185806698211,0.6809413580246914,0.1,0.05,0.2
scene,0.13636363636363635,24.5,10,0.0645522773265838,0.20028659611992947,0.25,0.1,0.4
score,0.10852713178294573,24.4,10,0.2951183550887638,0.9197530864197532,0.9,0.9,0.95
self,0.08888888888888889,29.0,10,0.0330361723899841,0.18342151675485008,0.4,0.4,0.3
separate,0.136,19.7,10,0.20520854989687598,0.19554673721340388,0.7,0.4,0.95
session,0.09405940594059406,31.6,10,0.02803262074788408,0.6692570546737213,0.2,0.3,0.2
shoot,0.12857142857142856,24.7,10,0.0005334019660949556,0.007054673721340388,0.35,0.45,0.1
shop,0.07734806629834254,27.5,10,0.21259516477584833,0.3269951499118166,0.95,0.45,1.0
sign,0.0759493670886076,23.7,10,0.26491006215413404,0.3929673721340388,0.9,0.8500000000000001,1.0
similar,0.10628019323671498,35.6,10,0.20651743809382117,0.8420965608465608,0.75,0.7,0.9
sing,0.13836477987421383,24.6,10,0.008065601189931179,0.18639770723104057,0.25,0.25,0.25
slammed,0.15254237288135594,17.6,10,0.06153145763609139,0.4860559964726632,0.5,0.55,0.6499999999999999
slid,0.11538461538461539,25.3,10,0.023972842428419287,0.43783068783068785,0.2,0.25,0.2
smelled,0.1044776119402985,20.4,10,0.13758340809080333,0.839891975308642,0.75,0.25,0.9
solution,0.07317073170731707,32.1,10,0.26601019832823014,0.20171957671957672,0.9,0.8,1.0
somehow,0.1411042944785276,26.2,10,0.05504116415977473,0.8478284832451499,0.8,0.75,0.6499999999999999
species,0.1732283464566929,21.4,10,0.03761885894669423,0.6053240740740741,0.55,0.6499999999999999,0.4
state,0.12745098039215685,30.4,10,0.227323141362932,0.271439594356261,0.75,0.05,0.9
stretched,0.13414634146341464,24.5,10,0.10884165101581146,0.48495370370370366,0.7,0.6499999999999999,0.7
suffering,0.13924050632911392,27.8,10,0.05504361788431799,0.47018298059964725,0.7,0.75,0.6499999999999999
survive,0.14666666666666667,24.2,10,0.014814953009287488,0.38602292768959434,0.3,0.2,0.30000000000000004
sympathetic,0.0898876404494382,26.8,10,0.2688498099644978,0.828207671957672,1.0,0.9,1.0
sympathy,0.08860759493670886,23.2,10,0.042670932081010554,0.6232914462081128,0.3,0.3,0.25
test,0.0851063829787234,30.8,10,0.18891415331098763,0.6711309523809523,0.8,0.7,1.0
theme,0.13043478260869565,25.2,10,0.02773382266362502,0.5080467372134039,0.15000000000000002,0.25,0.44999999999999996
thoroughly,0.18471337579617833,25.2,10,0.17007492648230654,0.9629629629629629,0.35,0.15000000000000002,0.6
tube,0.12413793103448276,22.4,10,3.516674041747248e-05,0.1111111111111111,0.2,0.45,0.1
urged,0.10429447852760736,23.7,10,0.013299266497294078,0.4636243386243386,0.3,0.30000000000000004,0.35
use,0.13253012048192772,24.2,10,0.3110639502604802,0.925925925925926,0.75,0.5,0.8500000000000001
wall,0.096,18.0,10,0.030250827471415147,0.47431657848324515,0.55,0.45,0.6499999999999999
warning,0.08130081300813008,18.1,10,0.19589972164895797,0.9228395061728395,0.55,0.5,0.5
wealth,0.0962566844919786,30.0,10,0.07109851969612967,0.45866402116402116,0.35,0.1,0.55
wore,0.12101910828025478,25.5,10,0.009089423550499754,0.32253086419753085,0.4,0.25,0.55
wild,0.10897435897435898,24.5,10,0.04003517826398208,0.45866402116402116,0.4,0.4,0.55
wire,0.10119047619047619,26.6,10,0.07238270839055377,0.345568783068783,0.6,0.55,0.6
worry,0.16535433070866143,18.9,10,0.042196028762393464,0.8774801587301587,0.5,0.4,0.45
writer,0.12849162011173185,29.5,10,0.037162323792775426,0.3839836860670194,0.15000000000000002,0.0,0.35
yard,0.07246376811594203,19.6,10,0.29776850673887467,0.32324735449735453,0.85,0.7,1.0
years,0.12258064516129032,23.1,10,0.12673856152428517,0.13988095238095238,0.8,0.75,0.75
youth,0.13609467455621302,27.4,10,0.0132152140140533,0.944940476190476,0.35,0.35,0.45
administered,0.10714285714285714,24.75,8,0.1276605625947316,0.6605489417989419,0.875,0.5625,0.875
affair,0.15894039735099338,28.625,8,0.18466813365618384,0.2845568783068783,0.375,0.25,0.8125
agents,0.09352517985611511,24.75,8,0.2106408145692613,0.5011022927689595,0.625,0.4375,0.75
alert,0.12403100775193798,23.75,8,0.43398819035953945,0.925925925925926,0.4375,0.0625,0.8125
ambiguous,0.12,30.625,8,0.040214031934738124,0.5111331569664903,0.125,0.125,0.1875
analysis,0.07801418439716312,27.125,8,0.05991063846482166,0.4029431216931217,0.4375,0.375,0.4375
anxiety,0.104,23.875,8,0.05703552563985185,0.5363756613756614,0.0,0.0,0.375
appearance,0.0962962962962963,25.75,8,0.008179744084676055,0.46318342151675485,0.125,0.3125,0.0
approved,0.10778443113772455,31.625,8,0.11370115147696594,0.3240189594356261,0.5625,0.3125,0.4375
arise,0.08196721311475409,21.25,8,0.055150634712643046,0.37632275132275134,0.0625,0.1875,0.0625
articles,0.09285714285714286,26.875,8,0.12872451212671066,0.4115410052910053,0.25,0.1875,0.875
association,0.09375,30.5,8,0.1733458538850148,0.9722222222222222,0.1875,0.25,0.0625
badly,0.12837837837837837,26.375,8,0.04010971718364288,0.44317680776014107,0.0,0.0,0.125
balance,0.11666666666666667,24.375,8,0.19660217232174337,0.2404100529100529,0.4375,0.25,0.5
beat,0.13836477987421383,28.875,8,0.10695892903539866,0.6170634920634921,0.25,0.125,0.5625
black,0.12727272727272726,20.0,8,0.10993153187963695,0.5187940917107583,0.8125,0.75,1.0
blanket,0.10144927536231885,27.25,8,0.12663599517610333,0.4322641093474427,0.75,0.625,0.875
bond,0.1103448275862069,31.25,8,0.27618672450383497,0.3402777777777778,0.875,0.8125,0.875
boss,0.10344827586206896,15.5,8,0.08011720246738853,0.2907848324514991,0.375,0.25,0.4375
bounced,0.15172413793103448,28.25,8,0.058400034904479946,0.8919201940035273,0.1875,0.0625,0.3125
break,0.1320754716981132,28.5,8,0.11112247573004824,0.9215167548500882,0.0,0.0,0.25
burst,0.10204081632653061,16.75,8,0.03550161255730517,0.920083774250441,0.0,0.0,0.0625
campaign,0.10317460317460317,23.625,8,0.1866359114646911,0.6448412698412699,0.5,0.0,0.9375
catholic,0.1,23.875,8,0.14959004521369929,1.0,0.125,0.0,0.3125
centers,0.08974358974358974,31.25,8,0.23071449663903973,0.6806657848324514,0.75,0.3125,0.9375
challenge,0.10344827586206896,27.125,8,0.0011541181140475529,0.2837301587301588,0.0,0.0,0.0625
chicken,0.11538461538461539,19.0,8,0.14619976613256663,0.7113095238095238,0.9375,0.75,0.9375
china,0.1092436974789916,24.0,8,0.7212216258049011,0.0,0.9375,0.375,1.0
circumstances,0.1223021582733813,25.75,8,0.0006474985016716666,0.006944444444444444,0.0,0.0,0.0
claim,0.08024691358024691,37.125,8,0.27863747874895733,0.7022156084656085,1.0,1.0,1.0
clear,0.12666666666666668,29.5,8,0.2594997849729326,0.13166887125220458,0.6875,0.0625,0.875
collapsed,0.10256410256410256,21.75,8,0.008096509509616379,0.28158068783068785,0.0625,0.25,0.0
combat,0.06923076923076923,24.125,8,0.26333681742350257,0.5071649029982362,0.625,0.0,0.875
combined,0.10650887573964497,31.375,8,0.03773714436425097,0.19736552028218696,0.0,0.0,0.0
comfort,0.09154929577464789,27.5,8,0.10439578692118322,0.7939814814814814,0.125,0.0,0.4375
communism,0.11594202898550725,27.75,8,0.06537648704316876,0.4113205467372134,0.25,0.0625,0.4375
community,0.1056338028169014,27.75,8,0.042225076092614014,0.39544753086419754,0.375,0.3125,0.3125
competition,0.10218978102189781,27.625,8,0.14921354254086808,0.3175154320987654,0.3125,0.25,0.8125
composition,0.07926829268292683,33.0,8,0.21808017955885992,0.28769841269841273,0.5625,0.25,0.8125
concentration,0.11290322580645161,22.625,8,0.010745419396294444,0.34308862433862436,0.25,0.25,0.25
conscience,0.14912280701754385,26.25,8,0.03783745235866968,0.7253086419753086,0.4375,0.5625,0.3125
consideration,0.11009174311926606,20.25,8,0.12232863240771821,0.15128968253968253,0.5,0.625,0.0625
context,0.12280701754385964,26.875,8,0.09191733598709101,0.7895171957671958,0.4375,0.4375,0.4375
continuous,0.12962962962962962,22.5,8,0.0967686772346496,0.2855489417989418,0.5,0.5,0.5
continuously,0.06976744186046512,22.25,8,0.0021395716402265335,0.3542768959435626,0.0625,0.0625,0.0
contract,0.11971830985915492,28.125,8,0.1980382535192701,0.8364197530864197,0.5,0.0625,0.75
converted,0.09345794392523364,20.125,8,0.014292909039391356,0.3428130511463845,0.375,0.3125,0.3125
convey,0.0916030534351145,23.625,8,0.0107039544317457,0.2472442680776014,0.125,0.4375,0.0
cook,0.13533834586466165,24.25,8,0.13688232832484773,0.6122134038800705,0.4375,0.0625,0.8125
crew,0.16161616161616163,19.625,8,0.05499386456277631,0.8199955908289241,0.125,0.3125,0.0625
cursed,0.125,11.75,8,0.028895861572689443,0.20238095238095238,0.125,0.25,0.125
damage,0.1015625,22.75,8,0.1610053976376851,0.8266093474426808,0.25,0.125,0.625
danger,0.10227272727272728,32.75,8,0.03706064489152692,0.8336640211640212,0.375,0.4375,0.5
decided,0.10135135135135136,28.25,8,6.622738308376737e-09,0.0,0.0,0.0,0.0
decrease,0.08,24.125,8,0.10150238209300567,0.839891975308642,0.125,0.375,0.125
defense,0.09154929577464789,25.0,8,0.10625976986355247,0.11458333333333333,0.1875,0.25,0.3125
derived,0.12096774193548387,22.875,8,0.00541196597947011,0.6207561728395061,0.0,0.0,0.0625
devote,0.1476510067114094,28.75,8,0.0017319586541917418,0.3854717813051146,0.0,0.0,0.0
discovery,0.13815789473684212,30.25,8,0.05701052811410687,0.7513227513227513,0.25,0.25,0.0625
dislike,0.13008130081300814,23.0,8,0.28193210230933297,0.9837962962962963,0.3125,0.25,0.4375
distance,0.125,32.0,8,0.017302450206544612,0.37488977072310403,0.0,0.0,0.0
dragged,0.10784313725490197,19.375,8,0.0,0.0,0.125,0.1875,0.0625
ear,0.09523809523809523,27.75,8,0.14620685908529488,0.3133267195767196,0.75,0.6875,0.625
economic,0.11764705882352941,29.125,8,-6.622738308376737e-09,0.0,0.0,0.0,0.0
edge,0.10891089108910891,19.375,8,0.0028399361504448553,0.2638888888888889,0.0,0.0,0.0
electricity,0.12244897959183673,26.5,8,0.10251424047682016,0.4854497354497354,0.9375,0.9375,0.8125
emphasis,0.15315315315315314,20.5,8,0.010727392302619045,0.8765432098765432,0.0,0.0,0.0
encourage,0.0945945945945946,28.0,8,0.04254608021842103,0.5447530864197531,0.125,0.0625,0.1875
end,0.11764705882352941,24.125,8,0.25216400623321533,0.1919642857142857,0.75,0.375,0.8125
energy,0.1037037037037037,28.625,8,0.0993188553386264,0.7163249559082892,0.5625,0.625,0.5
engaged,0.11042944785276074,29.625,8,0.0344517628351847,0.9375,0.0625,0.0,0.0625
entry,0.06976744186046512,26.5,8,0.12704694271087644,0.5160934744268078,0.8125,0.875,0.625
exclaimed,0.12195121951219512,14.25,8,0.048514412509070466,0.8587962962962963,0.1875,0.0,0.375
expense,0.10909090909090909,20.375,8,0.06015213330586747,0.3542217813051146,0.1875,0.25,0.5
explained,0.09352517985611511,26.0,8,0.005562206109364789,0.3855268959435626,0.0,0.0,0.125
firmly,0.10303030303030303,31.5,8,0.003025213877360011,0.2222222222222222,0.0,0.0625,0.0
flight,0.0990990990990991,20.0,8,0.11329859164026043,0.9691358024691357,0.125,0.125,0.3125
flew,0.1111111111111111,18.0,8,0.07044978274239432,0.5665784832451499,0.3125,0.0,0.5625
formation,0.12837837837837837,28.5,8,0.056157310803731236,0.5675154320987654,0.0625,0.1875,0.125
formula,0.09352517985611511,27.25,8,0.0009219116634792609,0.32936507936507936,0.0,0.0,0.0
garden,0.13709677419354838,23.125,8,0.003607021437750889,0.10119047619047619,0.125,0.25,0.0
gaze,0.12056737588652482,24.375,8,0.14040702581405634,0.46318342151675485,0.0625,0.0,0.75
general,0.15126050420168066,23.5,8,0.11535853478643626,0.46478174603174605,0.75,0.375,0.8125
gesture,0.17346938775510204,18.75,8,0.049190898736317906,0.23958333333333334,0.0,0.0,0.1875
gold,0.1568627450980392,31.125,8,0.09477481577131479,0.6674933862433863,0.125,0.0625,0.3125
governing,0.08333333333333333,27.375,8,0.006798426310221311,0.5534060846560847,0.0,0.0,0.0625
grounds,0.07746478873239436,27.125,8,0.28906509280204773,0.24950396825396826,0.8125,0.125,1.0
growing,0.11650485436893204,20.0,8,0.09609684016969466,0.5476741622574957,0.125,0.0,0.5
house,0.08029197080291971,24.5,8,0.30966228246688837,0.310515873015873,0.9375,0.625,0.875
identity,0.11594202898550725,28.0,8,0.006394280327690947,0.3506393298059965,0.0,0.0,0.0625
implications,0.11965811965811966,21.625,8,0.09946871134969919,0.9027777777777778,0.375,0.4375,0.25
imply,0.13194444444444445,28.375,8,0.00906146897210011,0.5708223104056437,0.0,0.125,0.0
importance,0.112,22.375,8,0.06372956434885656,0.4842372134038801,0.25,0.0625,0.25
important,0.12087912087912088,16.125,8,0.07134687569406292,0.5493827160493827,0.0625,0.0,0.4375
impression,0.136,21.25,8,0.0054244928889804,0.2430004409171076,0.0,0.125,0.0
improved,0.10606060606060606,24.0,8,0.056449787484274906,0.5250220458553793,0.3125,0.1875,0.4375
initiative,0.11538461538461539,24.625,8,0.04211466511090592,0.44736552028218696,0.4375,0.5,0.375
instituted,0.12716763005780346,36.25,8,0.0005904833475748556,0.22530864197530864,0.0,0.0625,0.0
insure,0.09239130434782608,35.25,8,0.007150398360358307,0.42868165784832457,0.0,0.0,0.0
interrupted,0.16129032258064516,17.5,8,1.3245476616753475e-08,0.0,0.0625,0.25,0.0
interval,0.10948905109489052,29.375,8,0.15772231751018095,0.4884259259259259,0.8125,0.6875,0.8125
investment,0.2733812949640288,30.875,8,0.0006548696094089,0.25,0.0,0.0,0.0
item,0.06451612903225806,24.125,8,0.45959947175449795,0.9629629629629629,0.875,0.5625,0.8125
judgment,0.10126582278481013,30.5,8,0.06414838963084746,0.7322530864197531,0.0,0.0,0.0
justice,0.11173184357541899,35.75,8,0.012682351801130467,0.634865520282187,0.0,0.0625,0.0
key,0.08974358974358974,14.875,8,0.20343222220738724,0.7964616402116402,0.6875,0.25,0.875
kiss,0.15,19.0,8,0.2771760324637095,0.9783950617283951,0.5625,0.625,0.4375
laugh,0.1650485436893204,19.375,8,0.13596537378099224,0.6908619929453264,0.25,0.0,0.6875
legal,0.13380281690140844,27.25,8,0.025385654634899522,0.328097442680776,0.1875,0.0,0.25
literally,0.1111111111111111,28.125,8,0.0421746538745032,0.4114858906525573,0.125,0.0625,0.3125
luck,0.16417910447761194,11.75,8,0.022836228211720745,0.6165674603174602,0.0,0.0,0.0
m,0.1417910447761194,28.625,8,0.5906112657652961,0.0,0.9375,0.375,1.0
manufacturer,0.064,23.0,8,0.15757074952125547,0.7127976190476191,0.5,0.25,0.6875
marriage,0.1206896551724138,23.375,8,0.06294703483581537,0.30092592592592593,0.3125,0.25,0.375
mate,0.13274336283185842,22.25,8,0.3664866553412543,0.8483245149911816,0.875,0.8125,0.9375
mature,0.1328125,23.875,8,0.2130000491937001,0.925925925925926,0.0625,0.0,0.625
medical,0.10606060606060606,23.875,8,0.031822827127244685,0.8245149911816578,0.125,0.25,0.1875
mexican,0.13533834586466165,24.5,8,0.036800020270877365,0.9938271604938271,0.0,0.0,0.0625
mississippi,0.0915032679738562,28.625,8,0.18477994534704414,0.48991402116402116,0.9375,0.4375,1.0
mood,0.1320754716981132,20.75,8,0.0727257993486192,0.21786816578483245,0.0625,0.0,0.5
morality,0.11475409836065574,22.125,8,0.014996310075124043,0.35725308641975306,0.0,0.0,0.0625
mounted,0.12056737588652482,27.625,8,0.22315094206068245,0.6040013227513228,0.6875,0.1875,0.6875
net,0.13043478260869565,23.875,8,0.25933206412527293,0.658068783068783,1.0,0.8125,1.0
observation,0.10909090909090909,32.875,8,0.06286347574657862,0.7176477072310407,0.0,0.0,0.0625
observers,0.08917197452229299,30.0,8,0.018758048613866134,0.7614638447971781,0.0625,0.3125,0.0
oil,0.10526315789473684,28.75,8,0.1100829508569505,0.4437830687830688,0.1875,0.0625,0.625
opening,0.12408759124087591,26.75,8,0.1270478102895948,0.6121582892416225,0.375,0.125,0.9375
operator,0.0859375,26.75,8,0.26064050859875143,0.36491402116402116,0.8125,0.6875,0.875
overcome,0.1527777777777778,26.875,8,0.003966288434134558,0.09722222222222222,0.0,0.0,0.0625
owners,0.11042944785276074,32.5,8,0.04045699040095006,0.39803791887125217,0.0625,0.125,0.1875
paint,0.1391304347826087,23.5,8,0.004262520207299089,0.4097222222222222,0.125,0.1875,0.0625
passage,0.1297709923664122,27.25,8,0.15341397788789532,0.7394179894179894,0.75,0.625,0.8125
perception,0.10666666666666667,32.875,8,0.13384666376643706,0.8386243386243386,0.5625,0.3125,0.625
phenomenon,0.14285714285714285,33.25,8,0.012606110837724421,0.8159722222222222,0.0,0.0,0.0
planning,0.1485148514851485,19.125,8,0.0161529249615139,0.5282738095238095,0.0625,0.375,0.0
plunged,0.11805555555555555,26.875,8,0.049068921142154207,0.49079585537918874,0.1875,0.125,0.25
population,0.10625,30.625,8,0.025254537661870278,0.5234788359788359,0.0,0.0,0.0625
portion,0.09090909090909091,25.5,8,0.0837302870220608,0.7638888888888888,0.4375,0.125,0.4375
possess,0.1310344827586207,26.0,8,0.0821539594067467,0.7892416225749559,0.125,0.0625,0.25
pot,0.13636363636363635,10.75,8,0.03812170690960351,0.5686728395061729,0.0625,0.25,0.0625
poured,0.12121212121212122,19.125,8,0.025516231854756623,0.470568783068783,0.3125,0.125,0.4375
precipitated,0.0821917808219178,28.125,8,0.23440155055787823,0.32275132275132273,0.9375,0.4375,1.0
presentation,0.1349206349206349,25.0,8,0.049450235234366466,0.5618386243386243,0.375,0.375,0.5
press,0.11038961038961038,27.625,8,0.12096042434374489,0.8148148148148148,0.625,0.5625,0.5
priest,0.09923664122137404,23.75,8,0.1199160582489437,0.5403990299823633,0.625,0.3125,0.6875
property,0.10743801652892562,23.25,8,0.12861823373370698,0.4105489417989418,0.4375,0.3125,0.5
queen,0.1048951048951049,26.375,8,0.05795728498035001,0.29150132275132273,0.3125,0.3125,0.3125
recommend,0.136,21.375,8,0.06881858905156446,0.4749228395061728,0.375,0.1875,0.5
reduced,0.08955223880597014,25.0,8,0.12143556608094104,0.3439704585537919,0.25,0.0625,0.625
registered,0.13114754098360656,22.0,8,0.050805826981862354,0.8712522045855379,0.0,0.0,0.125
relating,0.11764705882352941,25.0,8,0.12424826290872357,0.4053681657848325,0.5,0.25,0.75
related,0.17757009345794392,21.375,8,0.0,0.0,0.125,0.1875,0.0
reply,0.13793103448275862,16.25,8,0.06776414646042712,0.513833774250441,0.25,0.375,0.25
representation,0.1503267973856209,36.25,8,0.03230507506264576,0.365354938271605,0.0625,0.125,0.125
residential,0.09523809523809523,29.75,8,0.08804740508397416,0.7686838624338624,0.5625,0.3125,0.625
resistance,0.0958904109589041,30.375,8,0.1398892568217383,0.3269400352733686,0.5625,0.5625,0.5625
resources,0.12254901960784313,39.25,8,0.07066323028670413,0.39021164021164023,0.25,0.125,0.3125
resume,0.12422360248447205,30.5,8,0.2754006021552616,0.5067791005291006,0.75,0.0625,1.0
revolution,0.12396694214876033,23.0,8,0.07296327749888099,0.61304012345679,0.6875,0.8125,0.5625
rhythm,0.1258741258741259,25.75,8,0.047014190091027114,0.2849426807760141,0.3125,0.25,0.3125
rice,0.09734513274336283,19.75,8,0.0178893605868021,0.5597442680776015,0.0,0.0,0.25
rushed,0.09473684210526316,17.375,8,0.15039400259653724,0.2957451499118166,0.625,0.625,0.6875
scholarship,0.09302325581395349,31.375,8,0.16428261995315546,0.7772266313932981,0.6875,0.3125,0.8125
scream,0.18018018018018017,22.875,8,0.11630410949389135,0.6646825396825397,0.5,0.125,0.6875
seat,0.0962962962962963,26.0,8,0.1363373630576663,0.8444664902998237,0.875,0.9375,0.625
security,0.08982035928143713,30.25,8,0.1330395506487952,0.31459435626102294,0.5,0.25,0.5
seem,0.12658227848101267,33.25,8,0.13184901740815902,0.1439594356261023,0.3125,0.0,0.375
seized,0.140625,24.375,8,0.025086217456393722,0.4115410052910053,0.25,0.1875,0.25
sell,0.12751677852348994,27.625,8,0.19038182497024533,0.9307760141093474,0.125,0.0625,0.625
sensitivity,0.0962962962962963,26.625,8,0.17356481817033553,0.2664792768959436,0.5625,0.3125,0.75
serve,0.1111111111111111,30.5,8,0.07359541124767724,0.6464947089947091,0.25,0.375,0.0625
settled,0.0962962962962963,24.75,8,0.0940374632676442,0.3609457671957672,0.1875,0.0,0.625
shape,0.09815950920245399,32.375,8,0.2457105550501081,0.2906194885361552,0.875,0.1875,1.0
shifted,0.12162162162162163,28.25,8,0.06930499937799237,0.636739417989418,0.25,0.25,0.25
shooting,0.08620689655172414,22.0,8,0.24576997425821093,0.968694885361552,0.6875,0.3125,0.6875
show,0.10852713178294573,25.0,8,0.0027058621247609193,0.08184523809523808,0.0,0.0,0.0625
sight,0.1391304347826087,21.125,8,0.0016643206278483026,0.2222222222222222,0.0,0.0625,0.0
sin,0.07766990291262135,19.875,8,0.04073157575395367,0.4129188712522046,0.4375,0.4375,0.3125
slipped,0.11320754716981132,20.0,8,0.03675368759367195,0.8095789241622575,0.0,0.0,0.125
slope,0.0859375,23.5,8,0.10441952281528045,0.41721781305114636,0.3125,0.25,0.625
smoke,0.11627906976744186,24.0,8,0.15452019373575843,0.4809854497354497,0.25,0.125,0.875
souls,0.1348314606741573,15.5,8,0.020409146944681753,0.8908179012345678,0.0625,0.1875,0.0
span,0.11023622047244094,29.25,8,0.32089272803730434,0.0,0.5625,0.5,0.625
stomach,0.08571428571428572,20.25,8,0.0964280698034498,0.5534060846560847,0.375,0.4375,0.4375
stone,0.1,16.5,8,0.03410959243774409,0.4235559964726632,0.1875,0.125,0.5
store,0.0851063829787234,27.125,8,0.20809816983011029,0.24465388007054673,0.625,0.3125,0.8125
